ISO-10303-21;
HEADER;
/* Generated by software containing ST-Developer
 * from STEP Tools, Inc. (www.steptools.com) 
 */

FILE_DESCRIPTION(
/* description */ (''),
/* implementation_level */ '2;1');

FILE_NAME(
/* name */ 'Non Nemo Chimera Shell - Left Bottom.step',
/* time_stamp */ '2025-06-15T18:17:56+08:00',
/* author */ (''),
/* organization */ (''),
/* preprocessor_version */ 'ST-DEVELOPER v20.1',
/* originating_system */ 'Autodesk Translation Framework v14.10.0.0',
/* authorisation */ '');

FILE_SCHEMA (('AUTOMOTIVE_DESIGN { 1 0 10303 214 3 1 1 }'));
ENDSEC;

DATA;
#10=MECHANICAL_DESIGN_GEOMETRIC_PRESENTATION_REPRESENTATION('',(#24,#25),
#8632);
#11=CONTEXT_DEPENDENT_OVER_RIDING_STYLED_ITEM('',(#8666),#8647,#25,(#17,
#16));
#12=MAPPED_ITEM('',#13,#5046);
#13=REPRESENTATION_MAP(#5046,#8645);
#14=ITEM_DEFINED_TRANSFORMATION($,$,#4788,#5044);
#15=ITEM_DEFINED_TRANSFORMATION($,$,#4787,#5045);
#16=(
REPRESENTATION_RELATIONSHIP($,$,#8647,#8646)
REPRESENTATION_RELATIONSHIP_WITH_TRANSFORMATION(#14)
SHAPE_REPRESENTATION_RELATIONSHIP()
);
#17=(
REPRESENTATION_RELATIONSHIP($,$,#8646,#8645)
REPRESENTATION_RELATIONSHIP_WITH_TRANSFORMATION(#15)
SHAPE_REPRESENTATION_RELATIONSHIP()
);
#18=CONTEXT_DEPENDENT_SHAPE_REPRESENTATION(#16,#8643);
#19=CONTEXT_DEPENDENT_SHAPE_REPRESENTATION(#17,#8644);
#20=NEXT_ASSEMBLY_USAGE_OCCURRENCE('Left Bottom:1','Left Bottom:1',
'Left Bottom:1',#8650,#8651,'Left Bottom:1');
#21=NEXT_ASSEMBLY_USAGE_OCCURRENCE('Non Nemo Chimera Shell v12:1',
'Non Nemo Chimera Shell v12:1','Non Nemo Chimera Shell v12:1',#8649,#8650,
'Non Nemo Chimera Shell v12:1');
#22=SHAPE_REPRESENTATION_RELATIONSHIP('SRR','None',#8647,#23);
#23=ADVANCED_BREP_SHAPE_REPRESENTATION('',(#26),#8631);
#24=STYLED_ITEM('',(#8666),#26);
#25=STYLED_ITEM('',(#8667),#12);
#26=MANIFOLD_SOLID_BREP('Left Bottom',#4773);
#27=CYLINDRICAL_SURFACE('',#4918,1.99999999999999);
#28=CYLINDRICAL_SURFACE('',#4921,1.99999999999999);
#29=CYLINDRICAL_SURFACE('',#4924,1.99999999999999);
#30=CYLINDRICAL_SURFACE('',#4927,1.99999999999999);
#31=CYLINDRICAL_SURFACE('',#4973,1.99999999999999);
#32=CYLINDRICAL_SURFACE('',#4975,2.00000000000001);
#33=CYLINDRICAL_SURFACE('',#4977,1.99999999999999);
#34=CYLINDRICAL_SURFACE('',#4982,3.05);
#35=CYLINDRICAL_SURFACE('',#4986,3.05);
#36=CYLINDRICAL_SURFACE('',#4990,3.05);
#37=CYLINDRICAL_SURFACE('',#4994,3.05);
#38=CYLINDRICAL_SURFACE('',#4998,3.05);
#39=CYLINDRICAL_SURFACE('',#5010,1.7);
#40=CYLINDRICAL_SURFACE('',#5012,1.7);
#41=CYLINDRICAL_SURFACE('',#5014,1.7);
#42=CYLINDRICAL_SURFACE('',#5016,1.7);
#43=CYLINDRICAL_SURFACE('',#5018,1.7);
#44=CYLINDRICAL_SURFACE('',#5022,0.499999999999994);
#45=CYLINDRICAL_SURFACE('',#5024,0.500000000000012);
#46=CYLINDRICAL_SURFACE('',#5027,3.49999999999999);
#47=CYLINDRICAL_SURFACE('',#5030,0.50000000000001);
#48=CYLINDRICAL_SURFACE('',#5033,0.499999999999989);
#49=CYLINDRICAL_SURFACE('',#5040,1.99999999999999);
#50=CYLINDRICAL_SURFACE('',#5041,1.99999999999999);
#51=CYLINDRICAL_SURFACE('',#5043,2.00000000000001);
#52=CONICAL_SURFACE('',#4901,1.74999999999999,0.785398163397447);
#53=CONICAL_SURFACE('',#4905,1.74999999999999,0.785398163397448);
#54=CONICAL_SURFACE('',#4909,1.74999999999999,0.785398163397448);
#55=CONICAL_SURFACE('',#4913,1.74999999999999,0.785398163397448);
#56=CONICAL_SURFACE('',#4956,1.84999999999999,0.785398163397455);
#57=CONICAL_SURFACE('',#4959,1.85000000000001,0.785398163397454);
#58=CONICAL_SURFACE('',#4962,2.14999999999999,0.785398163397445);
#59=CONICAL_SURFACE('',#4965,1.85000000000001,0.785398163397445);
#60=CONICAL_SURFACE('',#4968,1.84999999999999,0.785398163397445);
#61=CONICAL_SURFACE('',#4971,1.84999999999999,0.78539816339745);
#62=CONICAL_SURFACE('',#4980,3.19999999999999,0.785398163397437);
#63=CONICAL_SURFACE('',#4984,3.2,0.785398163397452);
#64=CONICAL_SURFACE('',#4988,3.2,0.785398163397448);
#65=CONICAL_SURFACE('',#4992,3.2,0.785398163397452);
#66=CONICAL_SURFACE('',#4996,3.2,0.785398163397448);
#67=CIRCLE('',#4886,1.69999999999999);
#68=CIRCLE('',#4887,1.70000000000001);
#69=CIRCLE('',#4888,2.29999999999999);
#70=CIRCLE('',#4889,1.70000000000001);
#71=CIRCLE('',#4890,1.69999999999999);
#72=CIRCLE('',#4891,1.69999999999999);
#73=CIRCLE('',#4892,3.35);
#74=CIRCLE('',#4893,3.35);
#75=CIRCLE('',#4894,3.35);
#76=CIRCLE('',#4895,3.35);
#77=CIRCLE('',#4896,3.34999999999999);
#78=CIRCLE('',#4902,1.49999999999999);
#79=CIRCLE('',#4903,1.99999999999999);
#80=CIRCLE('',#4906,1.49999999999999);
#81=CIRCLE('',#4907,1.99999999999999);
#82=CIRCLE('',#4910,1.49999999999999);
#83=CIRCLE('',#4911,1.99999999999999);
#84=CIRCLE('',#4914,1.49999999999999);
#85=CIRCLE('',#4915,1.99999999999999);
#86=CIRCLE('',#4919,1.99999999999999);
#87=CIRCLE('',#4922,1.99999999999999);
#88=CIRCLE('',#4925,1.99999999999999);
#89=CIRCLE('',#4928,1.99999999999999);
#90=CIRCLE('',#4935,0.500000000000012);
#91=CIRCLE('',#4936,2.00000000000001);
#92=CIRCLE('',#4944,0.499999999999994);
#93=CIRCLE('',#4945,1.99999999999999);
#94=CIRCLE('',#4947,1.99999999999999);
#95=CIRCLE('',#4948,2.00000000000001);
#96=CIRCLE('',#4949,1.99999999999999);
#97=CIRCLE('',#4950,0.499999999999989);
#98=CIRCLE('',#4951,0.50000000000001);
#99=CIRCLE('',#4952,3.49999999999999);
#100=CIRCLE('',#4957,1.99999999999999);
#101=CIRCLE('',#4960,2.00000000000001);
#102=CIRCLE('',#4963,1.99999999999999);
#103=CIRCLE('',#4966,2.00000000000001);
#104=CIRCLE('',#4969,1.99999999999999);
#105=CIRCLE('',#4972,1.99999999999999);
#106=CIRCLE('',#4981,3.05);
#107=CIRCLE('',#4983,3.05);
#108=CIRCLE('',#4985,3.05);
#109=CIRCLE('',#4987,3.05);
#110=CIRCLE('',#4989,3.05);
#111=CIRCLE('',#4991,3.05);
#112=CIRCLE('',#4993,3.05);
#113=CIRCLE('',#4995,3.05);
#114=CIRCLE('',#4997,3.05);
#115=CIRCLE('',#4999,3.05);
#116=CIRCLE('',#5001,1.7);
#117=CIRCLE('',#5003,1.7);
#118=CIRCLE('',#5005,1.7);
#119=CIRCLE('',#5007,1.7);
#120=CIRCLE('',#5009,1.7);
#121=CIRCLE('',#5011,1.7);
#122=CIRCLE('',#5013,1.7);
#123=CIRCLE('',#5015,1.7);
#124=CIRCLE('',#5017,1.7);
#125=CIRCLE('',#5019,1.7);
#126=CIRCLE('',#5023,0.499999999999994);
#127=CIRCLE('',#5025,0.500000000000012);
#128=CIRCLE('',#5028,3.49999999999999);
#129=CIRCLE('',#5031,0.50000000000001);
#130=CIRCLE('',#5034,0.499999999999989);
#131=CIRCLE('',#5038,1.99999999999999);
#132=FACE_BOUND('',#652,.T.);
#133=FACE_BOUND('',#705,.T.);
#134=FACE_BOUND('',#747,.T.);
#135=FACE_BOUND('',#760,.T.);
#136=FACE_BOUND('',#781,.T.);
#137=FACE_BOUND('',#807,.T.);
#138=FACE_BOUND('',#808,.T.);
#139=FACE_BOUND('',#809,.T.);
#140=FACE_BOUND('',#810,.T.);
#141=FACE_BOUND('',#811,.T.);
#142=FACE_BOUND('',#812,.T.);
#143=FACE_BOUND('',#813,.T.);
#144=FACE_BOUND('',#814,.T.);
#145=FACE_BOUND('',#815,.T.);
#146=FACE_BOUND('',#816,.T.);
#147=FACE_BOUND('',#817,.T.);
#148=FACE_BOUND('',#818,.T.);
#149=FACE_BOUND('',#819,.T.);
#150=FACE_BOUND('',#820,.T.);
#151=FACE_BOUND('',#821,.T.);
#152=FACE_BOUND('',#822,.T.);
#153=FACE_BOUND('',#823,.T.);
#154=FACE_BOUND('',#890,.T.);
#155=FACE_BOUND('',#892,.T.);
#156=FACE_BOUND('',#894,.T.);
#157=FACE_BOUND('',#896,.T.);
#158=FACE_BOUND('',#898,.T.);
#159=FACE_BOUND('',#917,.T.);
#160=FACE_BOUND('',#918,.T.);
#161=FACE_BOUND('',#919,.T.);
#162=FACE_BOUND('',#920,.T.);
#163=FACE_BOUND('',#921,.T.);
#164=FACE_BOUND('',#922,.T.);
#165=B_SPLINE_CURVE_WITH_KNOTS('',3,(#6067,#6068,#6069,#6070,#6071),
 .UNSPECIFIED.,.F.,.F.,(4,1,4),(0.,0.0102864127423774,0.0249415798198105),
 .UNSPECIFIED.);
#166=B_SPLINE_CURVE_WITH_KNOTS('',3,(#6074,#6075,#6076,#6077,#6078),
 .UNSPECIFIED.,.F.,.F.,(4,1,4),(0.,0.0102864127423774,0.0249415798198105),
 .UNSPECIFIED.);
#167=B_SPLINE_CURVE_WITH_KNOTS('',3,(#6090,#6091,#6092,#6093,#6094),
 .UNSPECIFIED.,.F.,.F.,(4,1,4),(0.,0.00883751051160907,0.0174936255770233),
 .UNSPECIFIED.);
#168=B_SPLINE_CURVE_WITH_KNOTS('',3,(#6097,#6098,#6099,#6100,#6101),
 .UNSPECIFIED.,.F.,.F.,(4,1,4),(0.,0.00883751051160907,0.0174936255770233),
 .UNSPECIFIED.);
#169=B_SPLINE_CURVE_WITH_KNOTS('',3,(#6113,#6114,#6115,#6116,#6117),
 .UNSPECIFIED.,.F.,.F.,(4,1,4),(0.,0.00895655334675876,0.0179731636967317),
 .UNSPECIFIED.);
#170=B_SPLINE_CURVE_WITH_KNOTS('',3,(#6120,#6121,#6122,#6123,#6124),
 .UNSPECIFIED.,.F.,.F.,(4,1,4),(0.,0.00895655334675876,0.0179731636967317),
 .UNSPECIFIED.);
#171=B_SPLINE_CURVE_WITH_KNOTS('',3,(#6136,#6137,#6138,#6139,#6140),
 .UNSPECIFIED.,.F.,.F.,(4,1,4),(0.,0.0152886946976586,0.0261987459135755),
 .UNSPECIFIED.);
#172=B_SPLINE_CURVE_WITH_KNOTS('',3,(#6143,#6144,#6145,#6146,#6147),
 .UNSPECIFIED.,.F.,.F.,(4,1,4),(0.,0.0152886946976586,0.0261987459135755),
 .UNSPECIFIED.);
#173=B_SPLINE_CURVE_WITH_KNOTS('',3,(#6189,#6190,#6191,#6192,#6193),
 .UNSPECIFIED.,.F.,.F.,(4,1,4),(0.,0.0262764155913552,0.0591258282098979),
 .UNSPECIFIED.);
#174=B_SPLINE_CURVE_WITH_KNOTS('',3,(#6196,#6197,#6198,#6199,#6200),
 .UNSPECIFIED.,.F.,.F.,(4,1,4),(0.,0.0262764155913552,0.0591258282098979),
 .UNSPECIFIED.);
#175=B_SPLINE_CURVE_WITH_KNOTS('',3,(#6212,#6213,#6214,#6215,#6216),
 .UNSPECIFIED.,.F.,.F.,(4,1,4),(0.,0.0273625387734627,0.0519100105575563),
 .UNSPECIFIED.);
#176=B_SPLINE_CURVE_WITH_KNOTS('',3,(#6219,#6220,#6221,#6222,#6223),
 .UNSPECIFIED.,.F.,.F.,(4,1,4),(0.,0.0273625387734627,0.0519100105575563),
 .UNSPECIFIED.);
#177=B_SPLINE_CURVE_WITH_KNOTS('',3,(#6235,#6236,#6237,#6238,#6239),
 .UNSPECIFIED.,.F.,.F.,(4,1,4),(0.,0.0230729269555043,0.0494994250588275),
 .UNSPECIFIED.);
#178=B_SPLINE_CURVE_WITH_KNOTS('',3,(#6242,#6243,#6244,#6245,#6246),
 .UNSPECIFIED.,.F.,.F.,(4,1,4),(0.,0.0230729269555043,0.0494994250588275),
 .UNSPECIFIED.);
#179=B_SPLINE_CURVE_WITH_KNOTS('',3,(#6258,#6259,#6260,#6261,#6262),
 .UNSPECIFIED.,.F.,.F.,(4,1,4),(0.,0.0296017051173918,0.0536641417729146),
 .UNSPECIFIED.);
#180=B_SPLINE_CURVE_WITH_KNOTS('',3,(#6265,#6266,#6267,#6268,#6269),
 .UNSPECIFIED.,.F.,.F.,(4,1,4),(0.,0.0296017051173918,0.0536641417729146),
 .UNSPECIFIED.);
#181=B_SPLINE_CURVE_WITH_KNOTS('',3,(#6475,#6476,#6477,#6478,#6479),
 .UNSPECIFIED.,.F.,.F.,(4,1,4),(0.,0.0171703037830318,0.0336573567851714),
 .UNSPECIFIED.);
#182=B_SPLINE_CURVE_WITH_KNOTS('',3,(#6483,#6484,#6485,#6486,#6487),
 .UNSPECIFIED.,.F.,.F.,(4,1,4),(0.,0.0171703037830318,0.0336573567851714),
 .UNSPECIFIED.);
#183=B_SPLINE_CURVE_WITH_KNOTS('',3,(#6500,#6501,#6502,#6503,#6504),
 .UNSPECIFIED.,.F.,.F.,(4,1,4),(0.,0.0165901509529591,0.0343569465976001),
 .UNSPECIFIED.);
#184=B_SPLINE_CURVE_WITH_KNOTS('',3,(#6507,#6508,#6509,#6510,#6511),
 .UNSPECIFIED.,.F.,.F.,(4,1,4),(0.,0.0165901509529591,0.0343569465976001),
 .UNSPECIFIED.);
#185=B_SPLINE_CURVE_WITH_KNOTS('',3,(#6523,#6524,#6525,#6526,#6527),
 .UNSPECIFIED.,.F.,.F.,(4,1,4),(0.,0.024587625374819,0.0434410550034527),
 .UNSPECIFIED.);
#186=B_SPLINE_CURVE_WITH_KNOTS('',3,(#6530,#6531,#6532,#6533,#6534),
 .UNSPECIFIED.,.F.,.F.,(4,1,4),(0.,0.024587625374819,0.0434410550034527),
 .UNSPECIFIED.);
#187=B_SPLINE_CURVE_WITH_KNOTS('',3,(#6546,#6547,#6548,#6549,#6550),
 .UNSPECIFIED.,.F.,.F.,(4,1,4),(0.,0.0198744484251936,0.0484158425694079),
 .UNSPECIFIED.);
#188=B_SPLINE_CURVE_WITH_KNOTS('',3,(#6553,#6554,#6555,#6556,#6557),
 .UNSPECIFIED.,.F.,.F.,(4,1,4),(0.,0.0198744484251936,0.0484158425694079),
 .UNSPECIFIED.);
#189=B_SPLINE_CURVE_WITH_KNOTS('',3,(#6569,#6570,#6571,#6572,#6573),
 .UNSPECIFIED.,.F.,.F.,(4,1,4),(0.,0.0179617717966291,0.0343264969699996),
 .UNSPECIFIED.);
#190=B_SPLINE_CURVE_WITH_KNOTS('',3,(#6576,#6577,#6578,#6579,#6580),
 .UNSPECIFIED.,.F.,.F.,(4,1,4),(0.,0.0179617717966291,0.0343264969699996),
 .UNSPECIFIED.);
#191=B_SPLINE_CURVE_WITH_KNOTS('',3,(#6592,#6593,#6594,#6595,#6596),
 .UNSPECIFIED.,.F.,.F.,(4,1,4),(0.,0.0166236102647105,0.0342961782744148),
 .UNSPECIFIED.);
#192=B_SPLINE_CURVE_WITH_KNOTS('',3,(#6599,#6600,#6601,#6602,#6603),
 .UNSPECIFIED.,.F.,.F.,(4,1,4),(0.,0.0166236102647105,0.0342961782744148),
 .UNSPECIFIED.);
#193=B_SPLINE_CURVE_WITH_KNOTS('',3,(#6615,#6616,#6617,#6618,#6619),
 .UNSPECIFIED.,.F.,.F.,(4,1,4),(0.,0.0261731178511685,0.0455773899216179),
 .UNSPECIFIED.);
#194=B_SPLINE_CURVE_WITH_KNOTS('',3,(#6622,#6623,#6624,#6625,#6626),
 .UNSPECIFIED.,.F.,.F.,(4,1,4),(0.,0.0261731178511685,0.0455773899216179),
 .UNSPECIFIED.);
#195=B_SPLINE_CURVE_WITH_KNOTS('',3,(#6637,#6638,#6639,#6640,#6641),
 .UNSPECIFIED.,.F.,.F.,(4,1,4),(0.,0.0195100953222626,0.0458902541474391),
 .UNSPECIFIED.);
#196=B_SPLINE_CURVE_WITH_KNOTS('',3,(#6642,#6643,#6644,#6645,#6646),
 .UNSPECIFIED.,.F.,.F.,(4,1,4),(0.,0.0195100953222626,0.0458902541474391),
 .UNSPECIFIED.);
#197=B_SPLINE_CURVE_WITH_KNOTS('',3,(#6659,#6660,#6661,#6662,#6663),
 .UNSPECIFIED.,.F.,.F.,(4,1,4),(0.,0.0243814996531988,0.0500563489404563),
 .UNSPECIFIED.);
#198=B_SPLINE_CURVE_WITH_KNOTS('',3,(#6667,#6668,#6669,#6670,#6671),
 .UNSPECIFIED.,.F.,.F.,(4,1,4),(0.,0.0243814996531988,0.0500563489404563),
 .UNSPECIFIED.);
#199=B_SPLINE_CURVE_WITH_KNOTS('',3,(#6684,#6685,#6686,#6687,#6688),
 .UNSPECIFIED.,.F.,.F.,(4,1,4),(0.,0.0310516397959003,0.0574557906209282),
 .UNSPECIFIED.);
#200=B_SPLINE_CURVE_WITH_KNOTS('',3,(#6691,#6692,#6693,#6694,#6695),
 .UNSPECIFIED.,.F.,.F.,(4,1,4),(0.,0.0310516397959003,0.0574557906209282),
 .UNSPECIFIED.);
#201=B_SPLINE_CURVE_WITH_KNOTS('',3,(#6707,#6708,#6709,#6710,#6711),
 .UNSPECIFIED.,.F.,.F.,(4,1,4),(0.,0.0266776126795848,0.0573602639979939),
 .UNSPECIFIED.);
#202=B_SPLINE_CURVE_WITH_KNOTS('',3,(#6714,#6715,#6716,#6717,#6718),
 .UNSPECIFIED.,.F.,.F.,(4,1,4),(0.,0.0266776126795848,0.0573602639979939),
 .UNSPECIFIED.);
#203=B_SPLINE_CURVE_WITH_KNOTS('',3,(#6730,#6731,#6732,#6733,#6734),
 .UNSPECIFIED.,.F.,.F.,(4,1,4),(0.,0.0245741538223709,0.0493496734954835),
 .UNSPECIFIED.);
#204=B_SPLINE_CURVE_WITH_KNOTS('',3,(#6737,#6738,#6739,#6740,#6741),
 .UNSPECIFIED.,.F.,.F.,(4,1,4),(0.,0.0245741538223709,0.0493496734954835),
 .UNSPECIFIED.);
#205=B_SPLINE_CURVE_WITH_KNOTS('',3,(#6753,#6754,#6755,#6756,#6757),
 .UNSPECIFIED.,.F.,.F.,(4,1,4),(0.,0.0320611358229903,0.059210029930832),
 .UNSPECIFIED.);
#206=B_SPLINE_CURVE_WITH_KNOTS('',3,(#6760,#6761,#6762,#6763,#6764),
 .UNSPECIFIED.,.F.,.F.,(4,1,4),(0.,0.0320611358229903,0.059210029930832),
 .UNSPECIFIED.);
#207=B_SPLINE_CURVE_WITH_KNOTS('',3,(#6776,#6777,#6778,#6779,#6780),
 .UNSPECIFIED.,.F.,.F.,(4,1,4),(0.,0.0379823305637372,0.0814164499974791),
 .UNSPECIFIED.);
#208=B_SPLINE_CURVE_WITH_KNOTS('',3,(#6783,#6784,#6785,#6786,#6787),
 .UNSPECIFIED.,.F.,.F.,(4,1,4),(0.,0.0379823305637372,0.0814164499974791),
 .UNSPECIFIED.);
#209=B_SPLINE_CURVE_WITH_KNOTS('',3,(#6799,#6800,#6801,#6802,#6803),
 .UNSPECIFIED.,.F.,.F.,(4,1,4),(0.,0.0447096901751886,0.0831589674939306),
 .UNSPECIFIED.);
#210=B_SPLINE_CURVE_WITH_KNOTS('',3,(#6806,#6807,#6808,#6809,#6810),
 .UNSPECIFIED.,.F.,.F.,(4,1,4),(0.,0.0447096901751886,0.0831589674939306),
 .UNSPECIFIED.);
#211=B_SPLINE_CURVE_WITH_KNOTS('',3,(#6822,#6823,#6824,#6825,#6826),
 .UNSPECIFIED.,.F.,.F.,(4,1,4),(0.,0.0385243649062663,0.0824070046715248),
 .UNSPECIFIED.);
#212=B_SPLINE_CURVE_WITH_KNOTS('',3,(#6829,#6830,#6831,#6832,#6833),
 .UNSPECIFIED.,.F.,.F.,(4,1,4),(0.,0.0385243649062663,0.0824070046715248),
 .UNSPECIFIED.);
#213=B_SPLINE_CURVE_WITH_KNOTS('',3,(#6845,#6846,#6847,#6848,#6849),
 .UNSPECIFIED.,.F.,.F.,(4,1,4),(0.,0.0440848750792727,0.0826670702115544),
 .UNSPECIFIED.);
#214=B_SPLINE_CURVE_WITH_KNOTS('',3,(#6852,#6853,#6854,#6855,#6856),
 .UNSPECIFIED.,.F.,.F.,(4,1,4),(0.,0.0440848750792727,0.0826670702115544),
 .UNSPECIFIED.);
#215=B_SPLINE_CURVE_WITH_KNOTS('',3,(#6867,#6868,#6869,#6870,#6871),
 .UNSPECIFIED.,.F.,.F.,(4,1,4),(0.,0.0282220752750585,0.0605344314540929),
 .UNSPECIFIED.);
#216=B_SPLINE_CURVE_WITH_KNOTS('',3,(#6872,#6873,#6874,#6875,#6876),
 .UNSPECIFIED.,.F.,.F.,(4,1,4),(0.,0.0282220752750585,0.0605344314540929),
 .UNSPECIFIED.);
#217=B_SPLINE_CURVE_WITH_KNOTS('',3,(#7012,#7013,#7014,#7015,#7016),
 .UNSPECIFIED.,.F.,.F.,(4,1,4),(0.,0.0171702659257724,0.0336573727493402),
 .UNSPECIFIED.);
#218=B_SPLINE_CURVE_WITH_KNOTS('',3,(#7020,#7021,#7022,#7023,#7024),
 .UNSPECIFIED.,.F.,.F.,(4,1,4),(0.,0.0171702659257724,0.0336573727493402),
 .UNSPECIFIED.);
#219=B_SPLINE_CURVE_WITH_KNOTS('',3,(#7037,#7038,#7039,#7040,#7041),
 .UNSPECIFIED.,.F.,.F.,(4,1,4),(0.,0.0165901901645959,0.034356988555344),
 .UNSPECIFIED.);
#220=B_SPLINE_CURVE_WITH_KNOTS('',3,(#7044,#7045,#7046,#7047,#7048),
 .UNSPECIFIED.,.F.,.F.,(4,1,4),(0.,0.0165901901645959,0.034356988555344),
 .UNSPECIFIED.);
#221=B_SPLINE_CURVE_WITH_KNOTS('',3,(#7060,#7061,#7062,#7063,#7064),
 .UNSPECIFIED.,.F.,.F.,(4,1,4),(0.,0.0245876549741376,0.043441044167864),
 .UNSPECIFIED.);
#222=B_SPLINE_CURVE_WITH_KNOTS('',3,(#7067,#7068,#7069,#7070,#7071),
 .UNSPECIFIED.,.F.,.F.,(4,1,4),(0.,0.0245876549741376,0.043441044167864),
 .UNSPECIFIED.);
#223=B_SPLINE_CURVE_WITH_KNOTS('',3,(#7083,#7084,#7085,#7086,#7087),
 .UNSPECIFIED.,.F.,.F.,(4,1,4),(0.,0.0198744361507597,0.0484158006291479),
 .UNSPECIFIED.);
#224=B_SPLINE_CURVE_WITH_KNOTS('',3,(#7090,#7091,#7092,#7093,#7094),
 .UNSPECIFIED.,.F.,.F.,(4,1,4),(0.,0.0198744361507597,0.0484158006291479),
 .UNSPECIFIED.);
#225=B_SPLINE_CURVE_WITH_KNOTS('',3,(#7106,#7107,#7108,#7109,#7110),
 .UNSPECIFIED.,.F.,.F.,(4,1,4),(0.,0.0179618011100549,0.0343265023080765),
 .UNSPECIFIED.);
#226=B_SPLINE_CURVE_WITH_KNOTS('',3,(#7113,#7114,#7115,#7116,#7117),
 .UNSPECIFIED.,.F.,.F.,(4,1,4),(0.,0.0179618011100549,0.0343265023080765),
 .UNSPECIFIED.);
#227=B_SPLINE_CURVE_WITH_KNOTS('',3,(#7129,#7130,#7131,#7132,#7133),
 .UNSPECIFIED.,.F.,.F.,(4,1,4),(0.,0.0166235746782516,0.0342961482669606),
 .UNSPECIFIED.);
#228=B_SPLINE_CURVE_WITH_KNOTS('',3,(#7136,#7137,#7138,#7139,#7140),
 .UNSPECIFIED.,.F.,.F.,(4,1,4),(0.,0.0166235746782516,0.0342961482669606),
 .UNSPECIFIED.);
#229=B_SPLINE_CURVE_WITH_KNOTS('',3,(#7152,#7153,#7154,#7155,#7156),
 .UNSPECIFIED.,.F.,.F.,(4,1,4),(0.,0.0261730585877794,0.0455773306582288),
 .UNSPECIFIED.);
#230=B_SPLINE_CURVE_WITH_KNOTS('',3,(#7159,#7160,#7161,#7162,#7163),
 .UNSPECIFIED.,.F.,.F.,(4,1,4),(0.,0.0261730585877794,0.0455773306582288),
 .UNSPECIFIED.);
#231=B_SPLINE_CURVE_WITH_KNOTS('',3,(#7174,#7175,#7176,#7177,#7178),
 .UNSPECIFIED.,.F.,.F.,(4,1,4),(0.,0.0195101221530453,0.0458902809782218),
 .UNSPECIFIED.);
#232=B_SPLINE_CURVE_WITH_KNOTS('',3,(#7179,#7180,#7181,#7182,#7183),
 .UNSPECIFIED.,.F.,.F.,(4,1,4),(0.,0.0195101221530453,0.0458902809782218),
 .UNSPECIFIED.);
#233=B_SPLINE_CURVE_WITH_KNOTS('',3,(#7196,#7197,#7198,#7199,#7200),
 .UNSPECIFIED.,.F.,.F.,(4,1,4),(0.,0.0243814996531988,0.0500563723773026),
 .UNSPECIFIED.);
#234=B_SPLINE_CURVE_WITH_KNOTS('',3,(#7204,#7205,#7206,#7207,#7208),
 .UNSPECIFIED.,.F.,.F.,(4,1,4),(0.,0.0243814996531988,0.0500563723773026),
 .UNSPECIFIED.);
#235=B_SPLINE_CURVE_WITH_KNOTS('',3,(#7221,#7222,#7223,#7224,#7225),
 .UNSPECIFIED.,.F.,.F.,(4,1,4),(0.,0.0310516643137122,0.0574557776437645),
 .UNSPECIFIED.);
#236=B_SPLINE_CURVE_WITH_KNOTS('',3,(#7228,#7229,#7230,#7231,#7232),
 .UNSPECIFIED.,.F.,.F.,(4,1,4),(0.,0.0310516643137122,0.0574557776437645),
 .UNSPECIFIED.);
#237=B_SPLINE_CURVE_WITH_KNOTS('',3,(#7244,#7245,#7246,#7247,#7248),
 .UNSPECIFIED.,.F.,.F.,(4,1,4),(0.,0.0266776022779263,0.0573602179175682),
 .UNSPECIFIED.);
#238=B_SPLINE_CURVE_WITH_KNOTS('',3,(#7251,#7252,#7253,#7254,#7255),
 .UNSPECIFIED.,.F.,.F.,(4,1,4),(0.,0.0266776022779263,0.0573602179175682),
 .UNSPECIFIED.);
#239=B_SPLINE_CURVE_WITH_KNOTS('',3,(#7267,#7268,#7269,#7270,#7271),
 .UNSPECIFIED.,.F.,.F.,(4,1,4),(0.,0.0245741404207662,0.0493496961970551),
 .UNSPECIFIED.);
#240=B_SPLINE_CURVE_WITH_KNOTS('',3,(#7274,#7275,#7276,#7277,#7278),
 .UNSPECIFIED.,.F.,.F.,(4,1,4),(0.,0.0245741404207662,0.0493496961970551),
 .UNSPECIFIED.);
#241=B_SPLINE_CURVE_WITH_KNOTS('',3,(#7290,#7291,#7292,#7293,#7294),
 .UNSPECIFIED.,.F.,.F.,(4,1,4),(0.,0.0320612248462324,0.0592100994104015),
 .UNSPECIFIED.);
#242=B_SPLINE_CURVE_WITH_KNOTS('',3,(#7297,#7298,#7299,#7300,#7301),
 .UNSPECIFIED.,.F.,.F.,(4,1,4),(0.,0.0320612248462324,0.0592100994104015),
 .UNSPECIFIED.);
#243=B_SPLINE_CURVE_WITH_KNOTS('',3,(#7313,#7314,#7315,#7316,#7317),
 .UNSPECIFIED.,.F.,.F.,(4,1,4),(0.,0.0379823557727102,0.0814164016066962),
 .UNSPECIFIED.);
#244=B_SPLINE_CURVE_WITH_KNOTS('',3,(#7320,#7321,#7322,#7323,#7324),
 .UNSPECIFIED.,.F.,.F.,(4,1,4),(0.,0.0379823557727102,0.0814164016066962),
 .UNSPECIFIED.);
#245=B_SPLINE_CURVE_WITH_KNOTS('',3,(#7336,#7337,#7338,#7339,#7340),
 .UNSPECIFIED.,.F.,.F.,(4,1,4),(0.,0.0447096562326192,0.0831589491751027),
 .UNSPECIFIED.);
#246=B_SPLINE_CURVE_WITH_KNOTS('',3,(#7343,#7344,#7345,#7346,#7347),
 .UNSPECIFIED.,.F.,.F.,(4,1,4),(0.,0.0447096562326192,0.0831589491751027),
 .UNSPECIFIED.);
#247=B_SPLINE_CURVE_WITH_KNOTS('',3,(#7359,#7360,#7361,#7362,#7363),
 .UNSPECIFIED.,.F.,.F.,(4,1,4),(0.,0.0385243728216421,0.0824070149031929),
 .UNSPECIFIED.);
#248=B_SPLINE_CURVE_WITH_KNOTS('',3,(#7366,#7367,#7368,#7369,#7370),
 .UNSPECIFIED.,.F.,.F.,(4,1,4),(0.,0.0385243728216421,0.0824070149031929),
 .UNSPECIFIED.);
#249=B_SPLINE_CURVE_WITH_KNOTS('',3,(#7382,#7383,#7384,#7385,#7386),
 .UNSPECIFIED.,.F.,.F.,(4,1,4),(0.,0.0440848208038088,0.0826670001290568),
 .UNSPECIFIED.);
#250=B_SPLINE_CURVE_WITH_KNOTS('',3,(#7389,#7390,#7391,#7392,#7393),
 .UNSPECIFIED.,.F.,.F.,(4,1,4),(0.,0.0440848208038088,0.0826670001290568),
 .UNSPECIFIED.);
#251=B_SPLINE_CURVE_WITH_KNOTS('',3,(#7404,#7405,#7406,#7407,#7408),
 .UNSPECIFIED.,.F.,.F.,(4,1,4),(0.,0.0282220752750585,0.060534475902821),
 .UNSPECIFIED.);
#252=B_SPLINE_CURVE_WITH_KNOTS('',3,(#7409,#7410,#7411,#7412,#7413),
 .UNSPECIFIED.,.F.,.F.,(4,1,4),(0.,0.0282220752750585,0.060534475902821),
 .UNSPECIFIED.);
#253=B_SPLINE_CURVE_WITH_KNOTS('',3,(#7494,#7495,#7496,#7497,#7498),
 .UNSPECIFIED.,.F.,.F.,(4,1,4),(0.,0.0163490358495536,0.0371570636383408),
 .UNSPECIFIED.);
#254=B_SPLINE_CURVE_WITH_KNOTS('',3,(#7502,#7503,#7504,#7505,#7506),
 .UNSPECIFIED.,.F.,.F.,(4,1,4),(0.,0.0163490358495536,0.0371570636383408),
 .UNSPECIFIED.);
#255=B_SPLINE_CURVE_WITH_KNOTS('',3,(#7519,#7520,#7521,#7522,#7523),
 .UNSPECIFIED.,.F.,.F.,(4,1,4),(0.,0.0268987114212788,0.0453623840636763),
 .UNSPECIFIED.);
#256=B_SPLINE_CURVE_WITH_KNOTS('',3,(#7526,#7527,#7528,#7529,#7530),
 .UNSPECIFIED.,.F.,.F.,(4,1,4),(0.,0.0268987114212788,0.0453623840636763),
 .UNSPECIFIED.);
#257=B_SPLINE_CURVE_WITH_KNOTS('',3,(#7542,#7543,#7544,#7545,#7546),
 .UNSPECIFIED.,.F.,.F.,(4,1,4),(0.,0.0145091753123697,0.0352442152064886),
 .UNSPECIFIED.);
#258=B_SPLINE_CURVE_WITH_KNOTS('',3,(#7549,#7550,#7551,#7552,#7553),
 .UNSPECIFIED.,.F.,.F.,(4,1,4),(0.,0.0145091753123697,0.0352442152064886),
 .UNSPECIFIED.);
#259=B_SPLINE_CURVE_WITH_KNOTS('',3,(#7565,#7566,#7567,#7568,#7569),
 .UNSPECIFIED.,.F.,.F.,(4,1,4),(0.,0.00940693240262622,0.0200293341122284),
 .UNSPECIFIED.);
#260=B_SPLINE_CURVE_WITH_KNOTS('',3,(#7572,#7573,#7574,#7575,#7576),
 .UNSPECIFIED.,.F.,.F.,(4,1,4),(0.,0.00940693240262622,0.0200293341122284),
 .UNSPECIFIED.);
#261=B_SPLINE_CURVE_WITH_KNOTS('',3,(#7588,#7589,#7590,#7591,#7592),
 .UNSPECIFIED.,.F.,.F.,(4,1,4),(0.,0.0166093802202195,0.0280405331248019),
 .UNSPECIFIED.);
#262=B_SPLINE_CURVE_WITH_KNOTS('',3,(#7595,#7596,#7597,#7598,#7599),
 .UNSPECIFIED.,.F.,.F.,(4,1,4),(0.,0.0166093802202195,0.0280405331248019),
 .UNSPECIFIED.);
#263=B_SPLINE_CURVE_WITH_KNOTS('',3,(#7635,#7636,#7637,#7638,#7639),
 .UNSPECIFIED.,.F.,.F.,(4,1,4),(0.,0.0198000225404845,0.0373157227260633),
 .UNSPECIFIED.);
#264=B_SPLINE_CURVE_WITH_KNOTS('',3,(#7642,#7643,#7644,#7645,#7646),
 .UNSPECIFIED.,.F.,.F.,(4,1,4),(0.,0.0198000225404845,0.0373157227260633),
 .UNSPECIFIED.);
#265=B_SPLINE_CURVE_WITH_KNOTS('',3,(#7658,#7659,#7660,#7661,#7662),
 .UNSPECIFIED.,.F.,.F.,(4,1,4),(0.,0.0166855466000408,0.0322539214747479),
 .UNSPECIFIED.);
#266=B_SPLINE_CURVE_WITH_KNOTS('',3,(#7665,#7666,#7667,#7668,#7669),
 .UNSPECIFIED.,.F.,.F.,(4,1,4),(0.,0.0166855466000408,0.0322539214747479),
 .UNSPECIFIED.);
#267=B_SPLINE_CURVE_WITH_KNOTS('',3,(#7681,#7682,#7683,#7684,#7685),
 .UNSPECIFIED.,.F.,.F.,(4,1,4),(0.,0.0183713405730697,0.0360505853692823),
 .UNSPECIFIED.);
#268=B_SPLINE_CURVE_WITH_KNOTS('',3,(#7688,#7689,#7690,#7691,#7692),
 .UNSPECIFIED.,.F.,.F.,(4,1,4),(0.,0.0183713405730697,0.0360505853692823),
 .UNSPECIFIED.);
#269=B_SPLINE_CURVE_WITH_KNOTS('',3,(#7704,#7705,#7706,#7707,#7708),
 .UNSPECIFIED.,.F.,.F.,(4,1,4),(0.,0.0285383358635682,0.0505592931821673),
 .UNSPECIFIED.);
#270=B_SPLINE_CURVE_WITH_KNOTS('',3,(#7711,#7712,#7713,#7714,#7715),
 .UNSPECIFIED.,.F.,.F.,(4,1,4),(0.,0.0285383358635682,0.0505592931821673),
 .UNSPECIFIED.);
#271=B_SPLINE_CURVE_WITH_KNOTS('',3,(#7727,#7728,#7729,#7730,#7731),
 .UNSPECIFIED.,.F.,.F.,(4,1,4),(0.,0.0191836871245205,0.039139640621961),
 .UNSPECIFIED.);
#272=B_SPLINE_CURVE_WITH_KNOTS('',3,(#7734,#7735,#7736,#7737,#7738),
 .UNSPECIFIED.,.F.,.F.,(4,1,4),(0.,0.0191836871245205,0.039139640621961),
 .UNSPECIFIED.);
#273=B_SPLINE_CURVE_WITH_KNOTS('',3,(#7750,#7751,#7752,#7753,#7754),
 .UNSPECIFIED.,.F.,.F.,(4,1,4),(0.,0.0176282894766435,0.0359429147322493),
 .UNSPECIFIED.);
#274=B_SPLINE_CURVE_WITH_KNOTS('',3,(#7757,#7758,#7759,#7760,#7761),
 .UNSPECIFIED.,.F.,.F.,(4,1,4),(0.,0.0176282894766435,0.0359429147322493),
 .UNSPECIFIED.);
#275=B_SPLINE_CURVE_WITH_KNOTS('',3,(#7773,#7774,#7775,#7776,#7777),
 .UNSPECIFIED.,.F.,.F.,(4,1,4),(0.,0.0177474888695596,0.0351122244026834),
 .UNSPECIFIED.);
#276=B_SPLINE_CURVE_WITH_KNOTS('',3,(#7780,#7781,#7782,#7783,#7784),
 .UNSPECIFIED.,.F.,.F.,(4,1,4),(0.,0.0177474888695596,0.0351122244026834),
 .UNSPECIFIED.);
#277=B_SPLINE_CURVE_WITH_KNOTS('',3,(#7796,#7797,#7798,#7799,#7800),
 .UNSPECIFIED.,.F.,.F.,(4,1,4),(0.,0.0245916065922338,0.0446381437734396),
 .UNSPECIFIED.);
#278=B_SPLINE_CURVE_WITH_KNOTS('',3,(#7803,#7804,#7805,#7806,#7807),
 .UNSPECIFIED.,.F.,.F.,(4,1,4),(0.,0.0245916065922338,0.0446381437734396),
 .UNSPECIFIED.);
#279=B_SPLINE_CURVE_WITH_KNOTS('',3,(#7830,#7831,#7832,#7833,#7834),
 .UNSPECIFIED.,.F.,.F.,(4,1,4),(0.,0.0129752327968975,0.0279190465537458),
 .UNSPECIFIED.);
#280=B_SPLINE_CURVE_WITH_KNOTS('',3,(#7838,#7839,#7840,#7841,#7842),
 .UNSPECIFIED.,.F.,.F.,(4,1,4),(0.,0.0129752327968975,0.0279190465537458),
 .UNSPECIFIED.);
#281=B_SPLINE_CURVE_WITH_KNOTS('',3,(#7855,#7856,#7857,#7858,#7859),
 .UNSPECIFIED.,.F.,.F.,(4,1,4),(0.,0.0143994062433645,0.0270890709945113),
 .UNSPECIFIED.);
#282=B_SPLINE_CURVE_WITH_KNOTS('',3,(#7862,#7863,#7864,#7865,#7866),
 .UNSPECIFIED.,.F.,.F.,(4,1,4),(0.,0.0143994062433645,0.0270890709945113),
 .UNSPECIFIED.);
#283=B_SPLINE_CURVE_WITH_KNOTS('',3,(#7878,#7879,#7880,#7881,#7882),
 .UNSPECIFIED.,.F.,.F.,(4,1,4),(0.,0.012859617876539,0.0273991094170268),
 .UNSPECIFIED.);
#284=B_SPLINE_CURVE_WITH_KNOTS('',3,(#7885,#7886,#7887,#7888,#7889),
 .UNSPECIFIED.,.F.,.F.,(4,1,4),(0.,0.012859617876539,0.0273991094170268),
 .UNSPECIFIED.);
#285=B_SPLINE_CURVE_WITH_KNOTS('',3,(#7901,#7902,#7903,#7904,#7905),
 .UNSPECIFIED.,.F.,.F.,(4,1,4),(0.,0.0147700754924055,0.0277206495495846),
 .UNSPECIFIED.);
#286=B_SPLINE_CURVE_WITH_KNOTS('',3,(#7908,#7909,#7910,#7911,#7912),
 .UNSPECIFIED.,.F.,.F.,(4,1,4),(0.,0.0147700754924055,0.0277206495495846),
 .UNSPECIFIED.);
#287=B_SPLINE_CURVE_WITH_KNOTS('',3,(#7942,#7943,#7944,#7945,#7946),
 .UNSPECIFIED.,.F.,.F.,(4,1,4),(0.,0.0185138323181355,0.0344039223819206),
 .UNSPECIFIED.);
#288=B_SPLINE_CURVE_WITH_KNOTS('',3,(#7949,#7950,#7951,#7952,#7953),
 .UNSPECIFIED.,.F.,.F.,(4,1,4),(0.,0.0185138323181355,0.0344039223819206),
 .UNSPECIFIED.);
#289=B_SPLINE_CURVE_WITH_KNOTS('',3,(#7965,#7966,#7967,#7968,#7969),
 .UNSPECIFIED.,.F.,.F.,(4,1,4),(0.,0.0139204904863497,0.0266615387304398),
 .UNSPECIFIED.);
#290=B_SPLINE_CURVE_WITH_KNOTS('',3,(#7972,#7973,#7974,#7975,#7976),
 .UNSPECIFIED.,.F.,.F.,(4,1,4),(0.,0.0139204904863497,0.0266615387304398),
 .UNSPECIFIED.);
#291=B_SPLINE_CURVE_WITH_KNOTS('',3,(#7988,#7989,#7990,#7991,#7992),
 .UNSPECIFIED.,.F.,.F.,(4,1,4),(0.,0.0133566937615853,0.027562543960964),
 .UNSPECIFIED.);
#292=B_SPLINE_CURVE_WITH_KNOTS('',3,(#7995,#7996,#7997,#7998,#7999),
 .UNSPECIFIED.,.F.,.F.,(4,1,4),(0.,0.0133566937615853,0.027562543960964),
 .UNSPECIFIED.);
#293=B_SPLINE_CURVE_WITH_KNOTS('',3,(#8011,#8012,#8013,#8014,#8015),
 .UNSPECIFIED.,.F.,.F.,(4,1,4),(0.,0.0160803734337914,0.0300085740921224),
 .UNSPECIFIED.);
#294=B_SPLINE_CURVE_WITH_KNOTS('',3,(#8018,#8019,#8020,#8021,#8022),
 .UNSPECIFIED.,.F.,.F.,(4,1,4),(0.,0.0160803734337914,0.0300085740921224),
 .UNSPECIFIED.);
#295=B_SPLINE_CURVE_WITH_KNOTS('',3,(#8034,#8035,#8036,#8037,#8038),
 .UNSPECIFIED.,.F.,.F.,(4,1,4),(0.,0.0152882359877593,0.0320027739003748),
 .UNSPECIFIED.);
#296=B_SPLINE_CURVE_WITH_KNOTS('',3,(#8041,#8042,#8043,#8044,#8045),
 .UNSPECIFIED.,.F.,.F.,(4,1,4),(0.,0.0152882359877593,0.0320027739003748),
 .UNSPECIFIED.);
#297=B_SPLINE_CURVE_WITH_KNOTS('',3,(#8057,#8058,#8059,#8060,#8061),
 .UNSPECIFIED.,.F.,.F.,(4,1,4),(0.,0.0204402507191528,0.0439308804873378),
 .UNSPECIFIED.);
#298=B_SPLINE_CURVE_WITH_KNOTS('',3,(#8064,#8065,#8066,#8067,#8068),
 .UNSPECIFIED.,.F.,.F.,(4,1,4),(0.,0.0204402507191528,0.0439308804873378),
 .UNSPECIFIED.);
#299=B_SPLINE_CURVE_WITH_KNOTS('',3,(#8080,#8081,#8082,#8083,#8084),
 .UNSPECIFIED.,.F.,.F.,(4,1,4),(0.,0.0156465731369881,0.0298784581040444),
 .UNSPECIFIED.);
#300=B_SPLINE_CURVE_WITH_KNOTS('',3,(#8087,#8088,#8089,#8090,#8091),
 .UNSPECIFIED.,.F.,.F.,(4,1,4),(0.,0.0156465731369881,0.0298784581040444),
 .UNSPECIFIED.);
#301=B_SPLINE_CURVE_WITH_KNOTS('',3,(#8103,#8104,#8105,#8106,#8107),
 .UNSPECIFIED.,.F.,.F.,(4,1,4),(0.,0.0163381080801576,0.0327651114421744),
 .UNSPECIFIED.);
#302=B_SPLINE_CURVE_WITH_KNOTS('',3,(#8110,#8111,#8112,#8113,#8114),
 .UNSPECIFIED.,.F.,.F.,(4,1,4),(0.,0.0163381080801576,0.0327651114421744),
 .UNSPECIFIED.);
#303=B_SPLINE_CURVE_WITH_KNOTS('',3,(#8126,#8127,#8128,#8129,#8130),
 .UNSPECIFIED.,.F.,.F.,(4,1,4),(0.,0.0173144288640787,0.0341483784108858),
 .UNSPECIFIED.);
#304=B_SPLINE_CURVE_WITH_KNOTS('',3,(#8133,#8134,#8135,#8136,#8137),
 .UNSPECIFIED.,.F.,.F.,(4,1,4),(0.,0.0173144288640787,0.0341483784108858),
 .UNSPECIFIED.);
#305=B_SPLINE_SURFACE_WITH_KNOTS('',3,1,((#6056,#6057),(#6058,#6059),(#6060,
#6061),(#6062,#6063),(#6064,#6065)),.UNSPECIFIED.,.F.,.F.,.F.,(4,1,4),(2,
2),(0.,0.0102864127423774,0.0249415798198105),(0.,0.02),.UNSPECIFIED.);
#306=B_SPLINE_SURFACE_WITH_KNOTS('',3,1,((#6079,#6080),(#6081,#6082),(#6083,
#6084),(#6085,#6086),(#6087,#6088)),.UNSPECIFIED.,.F.,.F.,.F.,(4,1,4),(2,
2),(0.,0.00883751051160907,0.0174936255770233),(0.,0.02),.UNSPECIFIED.);
#307=B_SPLINE_SURFACE_WITH_KNOTS('',3,1,((#6102,#6103),(#6104,#6105),(#6106,
#6107),(#6108,#6109),(#6110,#6111)),.UNSPECIFIED.,.F.,.F.,.F.,(4,1,4),(2,
2),(0.,0.00895655334675876,0.0179731636967317),(0.,0.02),.UNSPECIFIED.);
#308=B_SPLINE_SURFACE_WITH_KNOTS('',3,1,((#6125,#6126),(#6127,#6128),(#6129,
#6130),(#6131,#6132),(#6133,#6134)),.UNSPECIFIED.,.F.,.F.,.F.,(4,1,4),(2,
2),(0.,0.0152886946976586,0.0261987459135755),(0.,0.02),.UNSPECIFIED.);
#309=B_SPLINE_SURFACE_WITH_KNOTS('',3,1,((#6178,#6179),(#6180,#6181),(#6182,
#6183),(#6184,#6185),(#6186,#6187)),.UNSPECIFIED.,.F.,.F.,.F.,(4,1,4),(2,
2),(0.,0.0262764155913552,0.0591258282098979),(0.,0.02),.UNSPECIFIED.);
#310=B_SPLINE_SURFACE_WITH_KNOTS('',3,1,((#6201,#6202),(#6203,#6204),(#6205,
#6206),(#6207,#6208),(#6209,#6210)),.UNSPECIFIED.,.F.,.F.,.F.,(4,1,4),(2,
2),(0.,0.0273625387734627,0.0519100105575563),(0.,0.02),.UNSPECIFIED.);
#311=B_SPLINE_SURFACE_WITH_KNOTS('',3,1,((#6224,#6225),(#6226,#6227),(#6228,
#6229),(#6230,#6231),(#6232,#6233)),.UNSPECIFIED.,.F.,.F.,.F.,(4,1,4),(2,
2),(0.,0.0230729269555043,0.0494994250588275),(0.,0.02),.UNSPECIFIED.);
#312=B_SPLINE_SURFACE_WITH_KNOTS('',3,1,((#6247,#6248),(#6249,#6250),(#6251,
#6252),(#6253,#6254),(#6255,#6256)),.UNSPECIFIED.,.F.,.F.,.F.,(4,1,4),(2,
2),(0.,0.0296017051173918,0.0536641417729146),(0.,0.02),.UNSPECIFIED.);
#313=B_SPLINE_SURFACE_WITH_KNOTS('',3,1,((#6463,#6464),(#6465,#6466),(#6467,
#6468),(#6469,#6470),(#6471,#6472)),.UNSPECIFIED.,.F.,.F.,.F.,(4,1,4),(2,
2),(0.,0.0171703037830318,0.0336573567851714),(0.,0.02),.UNSPECIFIED.);
#314=B_SPLINE_SURFACE_WITH_KNOTS('',3,1,((#6489,#6490),(#6491,#6492),(#6493,
#6494),(#6495,#6496),(#6497,#6498)),.UNSPECIFIED.,.F.,.F.,.F.,(4,1,4),(2,
2),(0.,0.0165901509529591,0.0343569465976001),(0.,0.02),.UNSPECIFIED.);
#315=B_SPLINE_SURFACE_WITH_KNOTS('',3,1,((#6512,#6513),(#6514,#6515),(#6516,
#6517),(#6518,#6519),(#6520,#6521)),.UNSPECIFIED.,.F.,.F.,.F.,(4,1,4),(2,
2),(0.,0.024587625374819,0.0434410550034527),(0.,0.02),.UNSPECIFIED.);
#316=B_SPLINE_SURFACE_WITH_KNOTS('',3,1,((#6535,#6536),(#6537,#6538),(#6539,
#6540),(#6541,#6542),(#6543,#6544)),.UNSPECIFIED.,.F.,.F.,.F.,(4,1,4),(2,
2),(0.,0.0198744484251936,0.0484158425694079),(0.,0.02),.UNSPECIFIED.);
#317=B_SPLINE_SURFACE_WITH_KNOTS('',3,1,((#6558,#6559),(#6560,#6561),(#6562,
#6563),(#6564,#6565),(#6566,#6567)),.UNSPECIFIED.,.F.,.F.,.F.,(4,1,4),(2,
2),(0.,0.0179617717966291,0.0343264969699996),(0.,0.02),.UNSPECIFIED.);
#318=B_SPLINE_SURFACE_WITH_KNOTS('',3,1,((#6581,#6582),(#6583,#6584),(#6585,
#6586),(#6587,#6588),(#6589,#6590)),.UNSPECIFIED.,.F.,.F.,.F.,(4,1,4),(2,
2),(0.,0.0166236102647105,0.0342961782744148),(0.,0.02),.UNSPECIFIED.);
#319=B_SPLINE_SURFACE_WITH_KNOTS('',3,1,((#6604,#6605),(#6606,#6607),(#6608,
#6609),(#6610,#6611),(#6612,#6613)),.UNSPECIFIED.,.F.,.F.,.F.,(4,1,4),(2,
2),(0.,0.0261731178511685,0.0455773899216179),(0.,0.02),.UNSPECIFIED.);
#320=B_SPLINE_SURFACE_WITH_KNOTS('',3,1,((#6627,#6628),(#6629,#6630),(#6631,
#6632),(#6633,#6634),(#6635,#6636)),.UNSPECIFIED.,.F.,.F.,.F.,(4,1,4),(2,
2),(0.,0.0195100953222626,0.0458902541474391),(0.,0.02),.UNSPECIFIED.);
#321=B_SPLINE_SURFACE_WITH_KNOTS('',3,1,((#6647,#6648),(#6649,#6650),(#6651,
#6652),(#6653,#6654),(#6655,#6656)),.UNSPECIFIED.,.F.,.F.,.F.,(4,1,4),(2,
2),(0.,0.0243814996531988,0.0500563489404563),(0.,0.02),.UNSPECIFIED.);
#322=B_SPLINE_SURFACE_WITH_KNOTS('',3,1,((#6673,#6674),(#6675,#6676),(#6677,
#6678),(#6679,#6680),(#6681,#6682)),.UNSPECIFIED.,.F.,.F.,.F.,(4,1,4),(2,
2),(0.,0.0310516397959003,0.0574557906209282),(0.,0.02),.UNSPECIFIED.);
#323=B_SPLINE_SURFACE_WITH_KNOTS('',3,1,((#6696,#6697),(#6698,#6699),(#6700,
#6701),(#6702,#6703),(#6704,#6705)),.UNSPECIFIED.,.F.,.F.,.F.,(4,1,4),(2,
2),(0.,0.0266776126795848,0.0573602639979939),(0.,0.02),.UNSPECIFIED.);
#324=B_SPLINE_SURFACE_WITH_KNOTS('',3,1,((#6719,#6720),(#6721,#6722),(#6723,
#6724),(#6725,#6726),(#6727,#6728)),.UNSPECIFIED.,.F.,.F.,.F.,(4,1,4),(2,
2),(0.,0.0245741538223709,0.0493496734954835),(0.,0.02),.UNSPECIFIED.);
#325=B_SPLINE_SURFACE_WITH_KNOTS('',3,1,((#6742,#6743),(#6744,#6745),(#6746,
#6747),(#6748,#6749),(#6750,#6751)),.UNSPECIFIED.,.F.,.F.,.F.,(4,1,4),(2,
2),(0.,0.0320611358229903,0.059210029930832),(0.,0.02),.UNSPECIFIED.);
#326=B_SPLINE_SURFACE_WITH_KNOTS('',3,1,((#6765,#6766),(#6767,#6768),(#6769,
#6770),(#6771,#6772),(#6773,#6774)),.UNSPECIFIED.,.F.,.F.,.F.,(4,1,4),(2,
2),(0.,0.0379823305637372,0.0814164499974791),(0.,0.02),.UNSPECIFIED.);
#327=B_SPLINE_SURFACE_WITH_KNOTS('',3,1,((#6788,#6789),(#6790,#6791),(#6792,
#6793),(#6794,#6795),(#6796,#6797)),.UNSPECIFIED.,.F.,.F.,.F.,(4,1,4),(2,
2),(0.,0.0447096901751886,0.0831589674939306),(0.,0.02),.UNSPECIFIED.);
#328=B_SPLINE_SURFACE_WITH_KNOTS('',3,1,((#6811,#6812),(#6813,#6814),(#6815,
#6816),(#6817,#6818),(#6819,#6820)),.UNSPECIFIED.,.F.,.F.,.F.,(4,1,4),(2,
2),(0.,0.0385243649062663,0.0824070046715248),(0.,0.02),.UNSPECIFIED.);
#329=B_SPLINE_SURFACE_WITH_KNOTS('',3,1,((#6834,#6835),(#6836,#6837),(#6838,
#6839),(#6840,#6841),(#6842,#6843)),.UNSPECIFIED.,.F.,.F.,.F.,(4,1,4),(2,
2),(0.,0.0440848750792727,0.0826670702115544),(0.,0.02),.UNSPECIFIED.);
#330=B_SPLINE_SURFACE_WITH_KNOTS('',3,1,((#6857,#6858),(#6859,#6860),(#6861,
#6862),(#6863,#6864),(#6865,#6866)),.UNSPECIFIED.,.F.,.F.,.F.,(4,1,4),(2,
2),(0.,0.0282220752750585,0.0605344314540929),(0.,0.02),.UNSPECIFIED.);
#331=B_SPLINE_SURFACE_WITH_KNOTS('',3,1,((#7000,#7001),(#7002,#7003),(#7004,
#7005),(#7006,#7007),(#7008,#7009)),.UNSPECIFIED.,.F.,.F.,.F.,(4,1,4),(2,
2),(0.,0.0171702659257724,0.0336573727493402),(0.,0.02),.UNSPECIFIED.);
#332=B_SPLINE_SURFACE_WITH_KNOTS('',3,1,((#7026,#7027),(#7028,#7029),(#7030,
#7031),(#7032,#7033),(#7034,#7035)),.UNSPECIFIED.,.F.,.F.,.F.,(4,1,4),(2,
2),(0.,0.0165901901645959,0.034356988555344),(0.,0.02),.UNSPECIFIED.);
#333=B_SPLINE_SURFACE_WITH_KNOTS('',3,1,((#7049,#7050),(#7051,#7052),(#7053,
#7054),(#7055,#7056),(#7057,#7058)),.UNSPECIFIED.,.F.,.F.,.F.,(4,1,4),(2,
2),(0.,0.0245876549741376,0.043441044167864),(0.,0.02),.UNSPECIFIED.);
#334=B_SPLINE_SURFACE_WITH_KNOTS('',3,1,((#7072,#7073),(#7074,#7075),(#7076,
#7077),(#7078,#7079),(#7080,#7081)),.UNSPECIFIED.,.F.,.F.,.F.,(4,1,4),(2,
2),(0.,0.0198744361507597,0.0484158006291479),(0.,0.02),.UNSPECIFIED.);
#335=B_SPLINE_SURFACE_WITH_KNOTS('',3,1,((#7095,#7096),(#7097,#7098),(#7099,
#7100),(#7101,#7102),(#7103,#7104)),.UNSPECIFIED.,.F.,.F.,.F.,(4,1,4),(2,
2),(0.,0.0179618011100549,0.0343265023080765),(0.,0.02),.UNSPECIFIED.);
#336=B_SPLINE_SURFACE_WITH_KNOTS('',3,1,((#7118,#7119),(#7120,#7121),(#7122,
#7123),(#7124,#7125),(#7126,#7127)),.UNSPECIFIED.,.F.,.F.,.F.,(4,1,4),(2,
2),(0.,0.0166235746782516,0.0342961482669606),(0.,0.02),.UNSPECIFIED.);
#337=B_SPLINE_SURFACE_WITH_KNOTS('',3,1,((#7141,#7142),(#7143,#7144),(#7145,
#7146),(#7147,#7148),(#7149,#7150)),.UNSPECIFIED.,.F.,.F.,.F.,(4,1,4),(2,
2),(0.,0.0261730585877794,0.0455773306582288),(0.,0.02),.UNSPECIFIED.);
#338=B_SPLINE_SURFACE_WITH_KNOTS('',3,1,((#7164,#7165),(#7166,#7167),(#7168,
#7169),(#7170,#7171),(#7172,#7173)),.UNSPECIFIED.,.F.,.F.,.F.,(4,1,4),(2,
2),(0.,0.0195101221530453,0.0458902809782218),(0.,0.02),.UNSPECIFIED.);
#339=B_SPLINE_SURFACE_WITH_KNOTS('',3,1,((#7184,#7185),(#7186,#7187),(#7188,
#7189),(#7190,#7191),(#7192,#7193)),.UNSPECIFIED.,.F.,.F.,.F.,(4,1,4),(2,
2),(0.,0.0243814996531988,0.0500563723773026),(0.,0.02),.UNSPECIFIED.);
#340=B_SPLINE_SURFACE_WITH_KNOTS('',3,1,((#7210,#7211),(#7212,#7213),(#7214,
#7215),(#7216,#7217),(#7218,#7219)),.UNSPECIFIED.,.F.,.F.,.F.,(4,1,4),(2,
2),(0.,0.0310516643137122,0.0574557776437645),(0.,0.02),.UNSPECIFIED.);
#341=B_SPLINE_SURFACE_WITH_KNOTS('',3,1,((#7233,#7234),(#7235,#7236),(#7237,
#7238),(#7239,#7240),(#7241,#7242)),.UNSPECIFIED.,.F.,.F.,.F.,(4,1,4),(2,
2),(0.,0.0266776022779263,0.0573602179175682),(0.,0.02),.UNSPECIFIED.);
#342=B_SPLINE_SURFACE_WITH_KNOTS('',3,1,((#7256,#7257),(#7258,#7259),(#7260,
#7261),(#7262,#7263),(#7264,#7265)),.UNSPECIFIED.,.F.,.F.,.F.,(4,1,4),(2,
2),(0.,0.0245741404207662,0.0493496961970551),(0.,0.02),.UNSPECIFIED.);
#343=B_SPLINE_SURFACE_WITH_KNOTS('',3,1,((#7279,#7280),(#7281,#7282),(#7283,
#7284),(#7285,#7286),(#7287,#7288)),.UNSPECIFIED.,.F.,.F.,.F.,(4,1,4),(2,
2),(0.,0.0320612248462324,0.0592100994104015),(0.,0.02),.UNSPECIFIED.);
#344=B_SPLINE_SURFACE_WITH_KNOTS('',3,1,((#7302,#7303),(#7304,#7305),(#7306,
#7307),(#7308,#7309),(#7310,#7311)),.UNSPECIFIED.,.F.,.F.,.F.,(4,1,4),(2,
2),(0.,0.0379823557727102,0.0814164016066962),(0.,0.02),.UNSPECIFIED.);
#345=B_SPLINE_SURFACE_WITH_KNOTS('',3,1,((#7325,#7326),(#7327,#7328),(#7329,
#7330),(#7331,#7332),(#7333,#7334)),.UNSPECIFIED.,.F.,.F.,.F.,(4,1,4),(2,
2),(0.,0.0447096562326192,0.0831589491751027),(0.,0.02),.UNSPECIFIED.);
#346=B_SPLINE_SURFACE_WITH_KNOTS('',3,1,((#7348,#7349),(#7350,#7351),(#7352,
#7353),(#7354,#7355),(#7356,#7357)),.UNSPECIFIED.,.F.,.F.,.F.,(4,1,4),(2,
2),(0.,0.0385243728216421,0.0824070149031929),(0.,0.02),.UNSPECIFIED.);
#347=B_SPLINE_SURFACE_WITH_KNOTS('',3,1,((#7371,#7372),(#7373,#7374),(#7375,
#7376),(#7377,#7378),(#7379,#7380)),.UNSPECIFIED.,.F.,.F.,.F.,(4,1,4),(2,
2),(0.,0.0440848208038088,0.0826670001290568),(0.,0.02),.UNSPECIFIED.);
#348=B_SPLINE_SURFACE_WITH_KNOTS('',3,1,((#7394,#7395),(#7396,#7397),(#7398,
#7399),(#7400,#7401),(#7402,#7403)),.UNSPECIFIED.,.F.,.F.,.F.,(4,1,4),(2,
2),(0.,0.0282220752750585,0.060534475902821),(0.,0.02),.UNSPECIFIED.);
#349=B_SPLINE_SURFACE_WITH_KNOTS('',3,1,((#7482,#7483),(#7484,#7485),(#7486,
#7487),(#7488,#7489),(#7490,#7491)),.UNSPECIFIED.,.F.,.F.,.F.,(4,1,4),(2,
2),(0.,0.0163490358495536,0.0371570636383408),(0.,0.02),.UNSPECIFIED.);
#350=B_SPLINE_SURFACE_WITH_KNOTS('',3,1,((#7508,#7509),(#7510,#7511),(#7512,
#7513),(#7514,#7515),(#7516,#7517)),.UNSPECIFIED.,.F.,.F.,.F.,(4,1,4),(2,
2),(0.,0.0268987114212788,0.0453623840636763),(0.,0.02),.UNSPECIFIED.);
#351=B_SPLINE_SURFACE_WITH_KNOTS('',3,1,((#7531,#7532),(#7533,#7534),(#7535,
#7536),(#7537,#7538),(#7539,#7540)),.UNSPECIFIED.,.F.,.F.,.F.,(4,1,4),(2,
2),(0.,0.0145091753123697,0.0352442152064886),(0.,0.02),.UNSPECIFIED.);
#352=B_SPLINE_SURFACE_WITH_KNOTS('',3,1,((#7554,#7555),(#7556,#7557),(#7558,
#7559),(#7560,#7561),(#7562,#7563)),.UNSPECIFIED.,.F.,.F.,.F.,(4,1,4),(2,
2),(0.,0.00940693240262622,0.0200293341122284),(0.,0.02),.UNSPECIFIED.);
#353=B_SPLINE_SURFACE_WITH_KNOTS('',3,1,((#7577,#7578),(#7579,#7580),(#7581,
#7582),(#7583,#7584),(#7585,#7586)),.UNSPECIFIED.,.F.,.F.,.F.,(4,1,4),(2,
2),(0.,0.0166093802202195,0.0280405331248019),(0.,0.02),.UNSPECIFIED.);
#354=B_SPLINE_SURFACE_WITH_KNOTS('',3,1,((#7624,#7625),(#7626,#7627),(#7628,
#7629),(#7630,#7631),(#7632,#7633)),.UNSPECIFIED.,.F.,.F.,.F.,(4,1,4),(2,
2),(0.,0.0198000225404845,0.0373157227260633),(0.,0.02),.UNSPECIFIED.);
#355=B_SPLINE_SURFACE_WITH_KNOTS('',3,1,((#7647,#7648),(#7649,#7650),(#7651,
#7652),(#7653,#7654),(#7655,#7656)),.UNSPECIFIED.,.F.,.F.,.F.,(4,1,4),(2,
2),(0.,0.0166855466000408,0.0322539214747479),(0.,0.02),.UNSPECIFIED.);
#356=B_SPLINE_SURFACE_WITH_KNOTS('',3,1,((#7670,#7671),(#7672,#7673),(#7674,
#7675),(#7676,#7677),(#7678,#7679)),.UNSPECIFIED.,.F.,.F.,.F.,(4,1,4),(2,
2),(0.,0.0183713405730697,0.0360505853692823),(0.,0.02),.UNSPECIFIED.);
#357=B_SPLINE_SURFACE_WITH_KNOTS('',3,1,((#7693,#7694),(#7695,#7696),(#7697,
#7698),(#7699,#7700),(#7701,#7702)),.UNSPECIFIED.,.F.,.F.,.F.,(4,1,4),(2,
2),(0.,0.0285383358635682,0.0505592931821673),(0.,0.02),.UNSPECIFIED.);
#358=B_SPLINE_SURFACE_WITH_KNOTS('',3,1,((#7716,#7717),(#7718,#7719),(#7720,
#7721),(#7722,#7723),(#7724,#7725)),.UNSPECIFIED.,.F.,.F.,.F.,(4,1,4),(2,
2),(0.,0.0191836871245205,0.039139640621961),(0.,0.02),.UNSPECIFIED.);
#359=B_SPLINE_SURFACE_WITH_KNOTS('',3,1,((#7739,#7740),(#7741,#7742),(#7743,
#7744),(#7745,#7746),(#7747,#7748)),.UNSPECIFIED.,.F.,.F.,.F.,(4,1,4),(2,
2),(0.,0.0176282894766435,0.0359429147322493),(0.,0.02),.UNSPECIFIED.);
#360=B_SPLINE_SURFACE_WITH_KNOTS('',3,1,((#7762,#7763),(#7764,#7765),(#7766,
#7767),(#7768,#7769),(#7770,#7771)),.UNSPECIFIED.,.F.,.F.,.F.,(4,1,4),(2,
2),(0.,0.0177474888695596,0.0351122244026834),(0.,0.02),.UNSPECIFIED.);
#361=B_SPLINE_SURFACE_WITH_KNOTS('',3,1,((#7785,#7786),(#7787,#7788),(#7789,
#7790),(#7791,#7792),(#7793,#7794)),.UNSPECIFIED.,.F.,.F.,.F.,(4,1,4),(2,
2),(0.,0.0245916065922338,0.0446381437734396),(0.,0.02),.UNSPECIFIED.);
#362=B_SPLINE_SURFACE_WITH_KNOTS('',3,1,((#7818,#7819),(#7820,#7821),(#7822,
#7823),(#7824,#7825),(#7826,#7827)),.UNSPECIFIED.,.F.,.F.,.F.,(4,1,4),(2,
2),(0.,0.0129752327968975,0.0279190465537458),(0.,0.02),.UNSPECIFIED.);
#363=B_SPLINE_SURFACE_WITH_KNOTS('',3,1,((#7844,#7845),(#7846,#7847),(#7848,
#7849),(#7850,#7851),(#7852,#7853)),.UNSPECIFIED.,.F.,.F.,.F.,(4,1,4),(2,
2),(0.,0.0143994062433645,0.0270890709945113),(0.,0.02),.UNSPECIFIED.);
#364=B_SPLINE_SURFACE_WITH_KNOTS('',3,1,((#7867,#7868),(#7869,#7870),(#7871,
#7872),(#7873,#7874),(#7875,#7876)),.UNSPECIFIED.,.F.,.F.,.F.,(4,1,4),(2,
2),(0.,0.012859617876539,0.0273991094170268),(0.,0.02),.UNSPECIFIED.);
#365=B_SPLINE_SURFACE_WITH_KNOTS('',3,1,((#7890,#7891),(#7892,#7893),(#7894,
#7895),(#7896,#7897),(#7898,#7899)),.UNSPECIFIED.,.F.,.F.,.F.,(4,1,4),(2,
2),(0.,0.0147700754924055,0.0277206495495846),(0.,0.02),.UNSPECIFIED.);
#366=B_SPLINE_SURFACE_WITH_KNOTS('',3,1,((#7931,#7932),(#7933,#7934),(#7935,
#7936),(#7937,#7938),(#7939,#7940)),.UNSPECIFIED.,.F.,.F.,.F.,(4,1,4),(2,
2),(0.,0.0185138323181355,0.0344039223819206),(0.,0.02),.UNSPECIFIED.);
#367=B_SPLINE_SURFACE_WITH_KNOTS('',3,1,((#7954,#7955),(#7956,#7957),(#7958,
#7959),(#7960,#7961),(#7962,#7963)),.UNSPECIFIED.,.F.,.F.,.F.,(4,1,4),(2,
2),(0.,0.0139204904863497,0.0266615387304398),(0.,0.02),.UNSPECIFIED.);
#368=B_SPLINE_SURFACE_WITH_KNOTS('',3,1,((#7977,#7978),(#7979,#7980),(#7981,
#7982),(#7983,#7984),(#7985,#7986)),.UNSPECIFIED.,.F.,.F.,.F.,(4,1,4),(2,
2),(0.,0.0133566937615853,0.027562543960964),(0.,0.02),.UNSPECIFIED.);
#369=B_SPLINE_SURFACE_WITH_KNOTS('',3,1,((#8000,#8001),(#8002,#8003),(#8004,
#8005),(#8006,#8007),(#8008,#8009)),.UNSPECIFIED.,.F.,.F.,.F.,(4,1,4),(2,
2),(0.,0.0160803734337914,0.0300085740921224),(0.,0.02),.UNSPECIFIED.);
#370=B_SPLINE_SURFACE_WITH_KNOTS('',3,1,((#8023,#8024),(#8025,#8026),(#8027,
#8028),(#8029,#8030),(#8031,#8032)),.UNSPECIFIED.,.F.,.F.,.F.,(4,1,4),(2,
2),(0.,0.0152882359877593,0.0320027739003748),(0.,0.02),.UNSPECIFIED.);
#371=B_SPLINE_SURFACE_WITH_KNOTS('',3,1,((#8046,#8047),(#8048,#8049),(#8050,
#8051),(#8052,#8053),(#8054,#8055)),.UNSPECIFIED.,.F.,.F.,.F.,(4,1,4),(2,
2),(0.,0.0204402507191528,0.0439308804873378),(0.,0.02),.UNSPECIFIED.);
#372=B_SPLINE_SURFACE_WITH_KNOTS('',3,1,((#8069,#8070),(#8071,#8072),(#8073,
#8074),(#8075,#8076),(#8077,#8078)),.UNSPECIFIED.,.F.,.F.,.F.,(4,1,4),(2,
2),(0.,0.0156465731369881,0.0298784581040444),(0.,0.02),.UNSPECIFIED.);
#373=B_SPLINE_SURFACE_WITH_KNOTS('',3,1,((#8092,#8093),(#8094,#8095),(#8096,
#8097),(#8098,#8099),(#8100,#8101)),.UNSPECIFIED.,.F.,.F.,.F.,(4,1,4),(2,
2),(0.,0.0163381080801576,0.0327651114421744),(0.,0.02),.UNSPECIFIED.);
#374=B_SPLINE_SURFACE_WITH_KNOTS('',3,1,((#8115,#8116),(#8117,#8118),(#8119,
#8120),(#8121,#8122),(#8123,#8124)),.UNSPECIFIED.,.F.,.F.,.F.,(4,1,4),(2,
2),(0.,0.0173144288640787,0.0341483784108858),(0.,0.02),.UNSPECIFIED.);
#375=FACE_OUTER_BOUND('',#635,.T.);
#376=FACE_OUTER_BOUND('',#636,.T.);
#377=FACE_OUTER_BOUND('',#637,.T.);
#378=FACE_OUTER_BOUND('',#638,.T.);
#379=FACE_OUTER_BOUND('',#639,.T.);
#380=FACE_OUTER_BOUND('',#640,.T.);
#381=FACE_OUTER_BOUND('',#641,.T.);
#382=FACE_OUTER_BOUND('',#642,.T.);
#383=FACE_OUTER_BOUND('',#643,.T.);
#384=FACE_OUTER_BOUND('',#644,.T.);
#385=FACE_OUTER_BOUND('',#645,.T.);
#386=FACE_OUTER_BOUND('',#646,.T.);
#387=FACE_OUTER_BOUND('',#647,.T.);
#388=FACE_OUTER_BOUND('',#648,.T.);
#389=FACE_OUTER_BOUND('',#649,.T.);
#390=FACE_OUTER_BOUND('',#650,.T.);
#391=FACE_OUTER_BOUND('',#651,.T.);
#392=FACE_OUTER_BOUND('',#653,.T.);
#393=FACE_OUTER_BOUND('',#654,.T.);
#394=FACE_OUTER_BOUND('',#655,.T.);
#395=FACE_OUTER_BOUND('',#656,.T.);
#396=FACE_OUTER_BOUND('',#657,.T.);
#397=FACE_OUTER_BOUND('',#658,.T.);
#398=FACE_OUTER_BOUND('',#659,.T.);
#399=FACE_OUTER_BOUND('',#660,.T.);
#400=FACE_OUTER_BOUND('',#661,.T.);
#401=FACE_OUTER_BOUND('',#662,.T.);
#402=FACE_OUTER_BOUND('',#663,.T.);
#403=FACE_OUTER_BOUND('',#664,.T.);
#404=FACE_OUTER_BOUND('',#665,.T.);
#405=FACE_OUTER_BOUND('',#666,.T.);
#406=FACE_OUTER_BOUND('',#667,.T.);
#407=FACE_OUTER_BOUND('',#668,.T.);
#408=FACE_OUTER_BOUND('',#669,.T.);
#409=FACE_OUTER_BOUND('',#670,.T.);
#410=FACE_OUTER_BOUND('',#671,.T.);
#411=FACE_OUTER_BOUND('',#672,.T.);
#412=FACE_OUTER_BOUND('',#673,.T.);
#413=FACE_OUTER_BOUND('',#674,.T.);
#414=FACE_OUTER_BOUND('',#675,.T.);
#415=FACE_OUTER_BOUND('',#676,.T.);
#416=FACE_OUTER_BOUND('',#677,.T.);
#417=FACE_OUTER_BOUND('',#678,.T.);
#418=FACE_OUTER_BOUND('',#679,.T.);
#419=FACE_OUTER_BOUND('',#680,.T.);
#420=FACE_OUTER_BOUND('',#681,.T.);
#421=FACE_OUTER_BOUND('',#682,.T.);
#422=FACE_OUTER_BOUND('',#683,.T.);
#423=FACE_OUTER_BOUND('',#684,.T.);
#424=FACE_OUTER_BOUND('',#685,.T.);
#425=FACE_OUTER_BOUND('',#686,.T.);
#426=FACE_OUTER_BOUND('',#687,.T.);
#427=FACE_OUTER_BOUND('',#688,.T.);
#428=FACE_OUTER_BOUND('',#689,.T.);
#429=FACE_OUTER_BOUND('',#690,.T.);
#430=FACE_OUTER_BOUND('',#691,.T.);
#431=FACE_OUTER_BOUND('',#692,.T.);
#432=FACE_OUTER_BOUND('',#693,.T.);
#433=FACE_OUTER_BOUND('',#694,.T.);
#434=FACE_OUTER_BOUND('',#695,.T.);
#435=FACE_OUTER_BOUND('',#696,.T.);
#436=FACE_OUTER_BOUND('',#697,.T.);
#437=FACE_OUTER_BOUND('',#698,.T.);
#438=FACE_OUTER_BOUND('',#699,.T.);
#439=FACE_OUTER_BOUND('',#700,.T.);
#440=FACE_OUTER_BOUND('',#701,.T.);
#441=FACE_OUTER_BOUND('',#702,.T.);
#442=FACE_OUTER_BOUND('',#703,.T.);
#443=FACE_OUTER_BOUND('',#704,.T.);
#444=FACE_OUTER_BOUND('',#706,.T.);
#445=FACE_OUTER_BOUND('',#707,.T.);
#446=FACE_OUTER_BOUND('',#708,.T.);
#447=FACE_OUTER_BOUND('',#709,.T.);
#448=FACE_OUTER_BOUND('',#710,.T.);
#449=FACE_OUTER_BOUND('',#711,.T.);
#450=FACE_OUTER_BOUND('',#712,.T.);
#451=FACE_OUTER_BOUND('',#713,.T.);
#452=FACE_OUTER_BOUND('',#714,.T.);
#453=FACE_OUTER_BOUND('',#715,.T.);
#454=FACE_OUTER_BOUND('',#716,.T.);
#455=FACE_OUTER_BOUND('',#717,.T.);
#456=FACE_OUTER_BOUND('',#718,.T.);
#457=FACE_OUTER_BOUND('',#719,.T.);
#458=FACE_OUTER_BOUND('',#720,.T.);
#459=FACE_OUTER_BOUND('',#721,.T.);
#460=FACE_OUTER_BOUND('',#722,.T.);
#461=FACE_OUTER_BOUND('',#723,.T.);
#462=FACE_OUTER_BOUND('',#724,.T.);
#463=FACE_OUTER_BOUND('',#725,.T.);
#464=FACE_OUTER_BOUND('',#726,.T.);
#465=FACE_OUTER_BOUND('',#727,.T.);
#466=FACE_OUTER_BOUND('',#728,.T.);
#467=FACE_OUTER_BOUND('',#729,.T.);
#468=FACE_OUTER_BOUND('',#730,.T.);
#469=FACE_OUTER_BOUND('',#731,.T.);
#470=FACE_OUTER_BOUND('',#732,.T.);
#471=FACE_OUTER_BOUND('',#733,.T.);
#472=FACE_OUTER_BOUND('',#734,.T.);
#473=FACE_OUTER_BOUND('',#735,.T.);
#474=FACE_OUTER_BOUND('',#736,.T.);
#475=FACE_OUTER_BOUND('',#737,.T.);
#476=FACE_OUTER_BOUND('',#738,.T.);
#477=FACE_OUTER_BOUND('',#739,.T.);
#478=FACE_OUTER_BOUND('',#740,.T.);
#479=FACE_OUTER_BOUND('',#741,.T.);
#480=FACE_OUTER_BOUND('',#742,.T.);
#481=FACE_OUTER_BOUND('',#743,.T.);
#482=FACE_OUTER_BOUND('',#744,.T.);
#483=FACE_OUTER_BOUND('',#745,.T.);
#484=FACE_OUTER_BOUND('',#746,.T.);
#485=FACE_OUTER_BOUND('',#748,.T.);
#486=FACE_OUTER_BOUND('',#749,.T.);
#487=FACE_OUTER_BOUND('',#750,.T.);
#488=FACE_OUTER_BOUND('',#751,.T.);
#489=FACE_OUTER_BOUND('',#752,.T.);
#490=FACE_OUTER_BOUND('',#753,.T.);
#491=FACE_OUTER_BOUND('',#754,.T.);
#492=FACE_OUTER_BOUND('',#755,.T.);
#493=FACE_OUTER_BOUND('',#756,.T.);
#494=FACE_OUTER_BOUND('',#757,.T.);
#495=FACE_OUTER_BOUND('',#758,.T.);
#496=FACE_OUTER_BOUND('',#759,.T.);
#497=FACE_OUTER_BOUND('',#761,.T.);
#498=FACE_OUTER_BOUND('',#762,.T.);
#499=FACE_OUTER_BOUND('',#763,.T.);
#500=FACE_OUTER_BOUND('',#764,.T.);
#501=FACE_OUTER_BOUND('',#765,.T.);
#502=FACE_OUTER_BOUND('',#766,.T.);
#503=FACE_OUTER_BOUND('',#767,.T.);
#504=FACE_OUTER_BOUND('',#768,.T.);
#505=FACE_OUTER_BOUND('',#769,.T.);
#506=FACE_OUTER_BOUND('',#770,.T.);
#507=FACE_OUTER_BOUND('',#771,.T.);
#508=FACE_OUTER_BOUND('',#772,.T.);
#509=FACE_OUTER_BOUND('',#773,.T.);
#510=FACE_OUTER_BOUND('',#774,.T.);
#511=FACE_OUTER_BOUND('',#775,.T.);
#512=FACE_OUTER_BOUND('',#776,.T.);
#513=FACE_OUTER_BOUND('',#777,.T.);
#514=FACE_OUTER_BOUND('',#778,.T.);
#515=FACE_OUTER_BOUND('',#779,.T.);
#516=FACE_OUTER_BOUND('',#780,.T.);
#517=FACE_OUTER_BOUND('',#782,.T.);
#518=FACE_OUTER_BOUND('',#783,.T.);
#519=FACE_OUTER_BOUND('',#784,.T.);
#520=FACE_OUTER_BOUND('',#785,.T.);
#521=FACE_OUTER_BOUND('',#786,.T.);
#522=FACE_OUTER_BOUND('',#787,.T.);
#523=FACE_OUTER_BOUND('',#788,.T.);
#524=FACE_OUTER_BOUND('',#789,.T.);
#525=FACE_OUTER_BOUND('',#790,.T.);
#526=FACE_OUTER_BOUND('',#791,.T.);
#527=FACE_OUTER_BOUND('',#792,.T.);
#528=FACE_OUTER_BOUND('',#793,.T.);
#529=FACE_OUTER_BOUND('',#794,.T.);
#530=FACE_OUTER_BOUND('',#795,.T.);
#531=FACE_OUTER_BOUND('',#796,.T.);
#532=FACE_OUTER_BOUND('',#797,.T.);
#533=FACE_OUTER_BOUND('',#798,.T.);
#534=FACE_OUTER_BOUND('',#799,.T.);
#535=FACE_OUTER_BOUND('',#800,.T.);
#536=FACE_OUTER_BOUND('',#801,.T.);
#537=FACE_OUTER_BOUND('',#802,.T.);
#538=FACE_OUTER_BOUND('',#803,.T.);
#539=FACE_OUTER_BOUND('',#804,.T.);
#540=FACE_OUTER_BOUND('',#805,.T.);
#541=FACE_OUTER_BOUND('',#806,.T.);
#542=FACE_OUTER_BOUND('',#824,.T.);
#543=FACE_OUTER_BOUND('',#825,.T.);
#544=FACE_OUTER_BOUND('',#826,.T.);
#545=FACE_OUTER_BOUND('',#827,.T.);
#546=FACE_OUTER_BOUND('',#828,.T.);
#547=FACE_OUTER_BOUND('',#829,.T.);
#548=FACE_OUTER_BOUND('',#830,.T.);
#549=FACE_OUTER_BOUND('',#831,.T.);
#550=FACE_OUTER_BOUND('',#832,.T.);
#551=FACE_OUTER_BOUND('',#833,.T.);
#552=FACE_OUTER_BOUND('',#834,.T.);
#553=FACE_OUTER_BOUND('',#835,.T.);
#554=FACE_OUTER_BOUND('',#836,.T.);
#555=FACE_OUTER_BOUND('',#837,.T.);
#556=FACE_OUTER_BOUND('',#838,.T.);
#557=FACE_OUTER_BOUND('',#839,.T.);
#558=FACE_OUTER_BOUND('',#840,.T.);
#559=FACE_OUTER_BOUND('',#841,.T.);
#560=FACE_OUTER_BOUND('',#842,.T.);
#561=FACE_OUTER_BOUND('',#843,.T.);
#562=FACE_OUTER_BOUND('',#844,.T.);
#563=FACE_OUTER_BOUND('',#845,.T.);
#564=FACE_OUTER_BOUND('',#846,.T.);
#565=FACE_OUTER_BOUND('',#847,.T.);
#566=FACE_OUTER_BOUND('',#848,.T.);
#567=FACE_OUTER_BOUND('',#849,.T.);
#568=FACE_OUTER_BOUND('',#850,.T.);
#569=FACE_OUTER_BOUND('',#851,.T.);
#570=FACE_OUTER_BOUND('',#852,.T.);
#571=FACE_OUTER_BOUND('',#853,.T.);
#572=FACE_OUTER_BOUND('',#854,.T.);
#573=FACE_OUTER_BOUND('',#855,.T.);
#574=FACE_OUTER_BOUND('',#856,.T.);
#575=FACE_OUTER_BOUND('',#857,.T.);
#576=FACE_OUTER_BOUND('',#858,.T.);
#577=FACE_OUTER_BOUND('',#859,.T.);
#578=FACE_OUTER_BOUND('',#860,.T.);
#579=FACE_OUTER_BOUND('',#861,.T.);
#580=FACE_OUTER_BOUND('',#862,.T.);
#581=FACE_OUTER_BOUND('',#863,.T.);
#582=FACE_OUTER_BOUND('',#864,.T.);
#583=FACE_OUTER_BOUND('',#865,.T.);
#584=FACE_OUTER_BOUND('',#866,.T.);
#585=FACE_OUTER_BOUND('',#867,.T.);
#586=FACE_OUTER_BOUND('',#868,.T.);
#587=FACE_OUTER_BOUND('',#869,.T.);
#588=FACE_OUTER_BOUND('',#870,.T.);
#589=FACE_OUTER_BOUND('',#871,.T.);
#590=FACE_OUTER_BOUND('',#872,.T.);
#591=FACE_OUTER_BOUND('',#873,.T.);
#592=FACE_OUTER_BOUND('',#874,.T.);
#593=FACE_OUTER_BOUND('',#875,.T.);
#594=FACE_OUTER_BOUND('',#876,.T.);
#595=FACE_OUTER_BOUND('',#877,.T.);
#596=FACE_OUTER_BOUND('',#878,.T.);
#597=FACE_OUTER_BOUND('',#879,.T.);
#598=FACE_OUTER_BOUND('',#880,.T.);
#599=FACE_OUTER_BOUND('',#881,.T.);
#600=FACE_OUTER_BOUND('',#882,.T.);
#601=FACE_OUTER_BOUND('',#883,.T.);
#602=FACE_OUTER_BOUND('',#884,.T.);
#603=FACE_OUTER_BOUND('',#885,.T.);
#604=FACE_OUTER_BOUND('',#886,.T.);
#605=FACE_OUTER_BOUND('',#887,.T.);
#606=FACE_OUTER_BOUND('',#888,.T.);
#607=FACE_OUTER_BOUND('',#889,.T.);
#608=FACE_OUTER_BOUND('',#891,.T.);
#609=FACE_OUTER_BOUND('',#893,.T.);
#610=FACE_OUTER_BOUND('',#895,.T.);
#611=FACE_OUTER_BOUND('',#897,.T.);
#612=FACE_OUTER_BOUND('',#899,.T.);
#613=FACE_OUTER_BOUND('',#900,.T.);
#614=FACE_OUTER_BOUND('',#901,.T.);
#615=FACE_OUTER_BOUND('',#902,.T.);
#616=FACE_OUTER_BOUND('',#903,.T.);
#617=FACE_OUTER_BOUND('',#904,.T.);
#618=FACE_OUTER_BOUND('',#905,.T.);
#619=FACE_OUTER_BOUND('',#906,.T.);
#620=FACE_OUTER_BOUND('',#907,.T.);
#621=FACE_OUTER_BOUND('',#908,.T.);
#622=FACE_OUTER_BOUND('',#909,.T.);
#623=FACE_OUTER_BOUND('',#910,.T.);
#624=FACE_OUTER_BOUND('',#911,.T.);
#625=FACE_OUTER_BOUND('',#912,.T.);
#626=FACE_OUTER_BOUND('',#913,.T.);
#627=FACE_OUTER_BOUND('',#914,.T.);
#628=FACE_OUTER_BOUND('',#915,.T.);
#629=FACE_OUTER_BOUND('',#916,.T.);
#630=FACE_OUTER_BOUND('',#923,.T.);
#631=FACE_OUTER_BOUND('',#924,.T.);
#632=FACE_OUTER_BOUND('',#925,.T.);
#633=FACE_OUTER_BOUND('',#926,.T.);
#634=FACE_OUTER_BOUND('',#927,.T.);
#635=EDGE_LOOP('',(#3003,#3004,#3005,#3006));
#636=EDGE_LOOP('',(#3007,#3008,#3009,#3010));
#637=EDGE_LOOP('',(#3011,#3012,#3013,#3014));
#638=EDGE_LOOP('',(#3015,#3016,#3017,#3018));
#639=EDGE_LOOP('',(#3019,#3020,#3021,#3022));
#640=EDGE_LOOP('',(#3023,#3024,#3025,#3026));
#641=EDGE_LOOP('',(#3027,#3028,#3029,#3030));
#642=EDGE_LOOP('',(#3031,#3032,#3033,#3034));
#643=EDGE_LOOP('',(#3035,#3036,#3037,#3038));
#644=EDGE_LOOP('',(#3039,#3040,#3041,#3042));
#645=EDGE_LOOP('',(#3043,#3044,#3045,#3046));
#646=EDGE_LOOP('',(#3047,#3048,#3049,#3050));
#647=EDGE_LOOP('',(#3051,#3052,#3053,#3054));
#648=EDGE_LOOP('',(#3055,#3056,#3057,#3058));
#649=EDGE_LOOP('',(#3059,#3060,#3061,#3062));
#650=EDGE_LOOP('',(#3063,#3064,#3065,#3066));
#651=EDGE_LOOP('',(#3067,#3068,#3069,#3070,#3071,#3072,#3073,#3074,#3075));
#652=EDGE_LOOP('',(#3076,#3077,#3078,#3079,#3080,#3081,#3082));
#653=EDGE_LOOP('',(#3083,#3084,#3085,#3086));
#654=EDGE_LOOP('',(#3087,#3088,#3089,#3090));
#655=EDGE_LOOP('',(#3091,#3092,#3093,#3094));
#656=EDGE_LOOP('',(#3095,#3096,#3097,#3098));
#657=EDGE_LOOP('',(#3099,#3100,#3101,#3102));
#658=EDGE_LOOP('',(#3103,#3104,#3105,#3106));
#659=EDGE_LOOP('',(#3107,#3108,#3109,#3110));
#660=EDGE_LOOP('',(#3111,#3112,#3113,#3114));
#661=EDGE_LOOP('',(#3115,#3116,#3117,#3118));
#662=EDGE_LOOP('',(#3119,#3120,#3121,#3122));
#663=EDGE_LOOP('',(#3123,#3124,#3125,#3126));
#664=EDGE_LOOP('',(#3127,#3128,#3129,#3130));
#665=EDGE_LOOP('',(#3131,#3132,#3133,#3134,#3135,#3136,#3137,#3138,#3139,
#3140,#3141,#3142));
#666=EDGE_LOOP('',(#3143,#3144,#3145,#3146));
#667=EDGE_LOOP('',(#3147,#3148,#3149,#3150));
#668=EDGE_LOOP('',(#3151,#3152,#3153,#3154));
#669=EDGE_LOOP('',(#3155,#3156,#3157,#3158));
#670=EDGE_LOOP('',(#3159,#3160,#3161,#3162));
#671=EDGE_LOOP('',(#3163,#3164,#3165,#3166));
#672=EDGE_LOOP('',(#3167,#3168,#3169,#3170));
#673=EDGE_LOOP('',(#3171,#3172,#3173,#3174));
#674=EDGE_LOOP('',(#3175,#3176,#3177,#3178,#3179,#3180,#3181,#3182));
#675=EDGE_LOOP('',(#3183,#3184,#3185,#3186));
#676=EDGE_LOOP('',(#3187,#3188,#3189,#3190));
#677=EDGE_LOOP('',(#3191,#3192,#3193,#3194));
#678=EDGE_LOOP('',(#3195,#3196,#3197,#3198));
#679=EDGE_LOOP('',(#3199,#3200,#3201,#3202));
#680=EDGE_LOOP('',(#3203,#3204,#3205,#3206));
#681=EDGE_LOOP('',(#3207,#3208,#3209,#3210));
#682=EDGE_LOOP('',(#3211,#3212,#3213,#3214));
#683=EDGE_LOOP('',(#3215,#3216,#3217,#3218));
#684=EDGE_LOOP('',(#3219,#3220,#3221,#3222));
#685=EDGE_LOOP('',(#3223,#3224,#3225,#3226,#3227,#3228,#3229,#3230,#3231,
#3232));
#686=EDGE_LOOP('',(#3233,#3234,#3235,#3236));
#687=EDGE_LOOP('',(#3237,#3238,#3239,#3240));
#688=EDGE_LOOP('',(#3241,#3242,#3243,#3244));
#689=EDGE_LOOP('',(#3245,#3246,#3247,#3248));
#690=EDGE_LOOP('',(#3249,#3250,#3251,#3252));
#691=EDGE_LOOP('',(#3253,#3254,#3255,#3256));
#692=EDGE_LOOP('',(#3257,#3258,#3259,#3260));
#693=EDGE_LOOP('',(#3261,#3262,#3263,#3264));
#694=EDGE_LOOP('',(#3265,#3266,#3267,#3268));
#695=EDGE_LOOP('',(#3269,#3270,#3271,#3272));
#696=EDGE_LOOP('',(#3273,#3274,#3275,#3276));
#697=EDGE_LOOP('',(#3277,#3278,#3279,#3280));
#698=EDGE_LOOP('',(#3281,#3282,#3283,#3284));
#699=EDGE_LOOP('',(#3285,#3286,#3287,#3288));
#700=EDGE_LOOP('',(#3289,#3290,#3291,#3292));
#701=EDGE_LOOP('',(#3293,#3294,#3295,#3296));
#702=EDGE_LOOP('',(#3297,#3298,#3299,#3300));
#703=EDGE_LOOP('',(#3301,#3302,#3303,#3304));
#704=EDGE_LOOP('',(#3305,#3306,#3307,#3308,#3309,#3310,#3311,#3312,#3313,
#3314));
#705=EDGE_LOOP('',(#3315,#3316,#3317,#3318,#3319,#3320,#3321,#3322));
#706=EDGE_LOOP('',(#3323,#3324,#3325,#3326));
#707=EDGE_LOOP('',(#3327,#3328,#3329,#3330));
#708=EDGE_LOOP('',(#3331,#3332,#3333,#3334));
#709=EDGE_LOOP('',(#3335,#3336,#3337,#3338));
#710=EDGE_LOOP('',(#3339,#3340,#3341,#3342));
#711=EDGE_LOOP('',(#3343,#3344,#3345,#3346));
#712=EDGE_LOOP('',(#3347,#3348,#3349,#3350));
#713=EDGE_LOOP('',(#3351,#3352,#3353,#3354));
#714=EDGE_LOOP('',(#3355,#3356,#3357,#3358));
#715=EDGE_LOOP('',(#3359,#3360,#3361,#3362));
#716=EDGE_LOOP('',(#3363,#3364,#3365,#3366,#3367,#3368,#3369,#3370,#3371,
#3372));
#717=EDGE_LOOP('',(#3373,#3374,#3375,#3376));
#718=EDGE_LOOP('',(#3377,#3378,#3379,#3380));
#719=EDGE_LOOP('',(#3381,#3382,#3383,#3384));
#720=EDGE_LOOP('',(#3385,#3386,#3387,#3388));
#721=EDGE_LOOP('',(#3389,#3390,#3391,#3392));
#722=EDGE_LOOP('',(#3393,#3394,#3395,#3396));
#723=EDGE_LOOP('',(#3397,#3398,#3399,#3400));
#724=EDGE_LOOP('',(#3401,#3402,#3403,#3404));
#725=EDGE_LOOP('',(#3405,#3406,#3407,#3408));
#726=EDGE_LOOP('',(#3409,#3410,#3411,#3412));
#727=EDGE_LOOP('',(#3413,#3414,#3415,#3416,#3417,#3418,#3419,#3420,#3421,
#3422));
#728=EDGE_LOOP('',(#3423,#3424,#3425,#3426));
#729=EDGE_LOOP('',(#3427,#3428,#3429,#3430));
#730=EDGE_LOOP('',(#3431,#3432,#3433,#3434));
#731=EDGE_LOOP('',(#3435,#3436,#3437,#3438));
#732=EDGE_LOOP('',(#3439,#3440,#3441,#3442));
#733=EDGE_LOOP('',(#3443,#3444,#3445,#3446));
#734=EDGE_LOOP('',(#3447,#3448,#3449,#3450));
#735=EDGE_LOOP('',(#3451,#3452,#3453,#3454));
#736=EDGE_LOOP('',(#3455,#3456,#3457,#3458));
#737=EDGE_LOOP('',(#3459,#3460,#3461,#3462));
#738=EDGE_LOOP('',(#3463,#3464,#3465,#3466));
#739=EDGE_LOOP('',(#3467,#3468,#3469,#3470));
#740=EDGE_LOOP('',(#3471,#3472,#3473,#3474));
#741=EDGE_LOOP('',(#3475,#3476,#3477,#3478));
#742=EDGE_LOOP('',(#3479,#3480,#3481,#3482));
#743=EDGE_LOOP('',(#3483,#3484,#3485,#3486));
#744=EDGE_LOOP('',(#3487,#3488,#3489,#3490));
#745=EDGE_LOOP('',(#3491,#3492,#3493,#3494));
#746=EDGE_LOOP('',(#3495,#3496,#3497,#3498,#3499,#3500,#3501,#3502,#3503,
#3504));
#747=EDGE_LOOP('',(#3505,#3506,#3507,#3508,#3509,#3510,#3511,#3512));
#748=EDGE_LOOP('',(#3513,#3514,#3515,#3516));
#749=EDGE_LOOP('',(#3517,#3518,#3519,#3520));
#750=EDGE_LOOP('',(#3521,#3522,#3523,#3524));
#751=EDGE_LOOP('',(#3525,#3526,#3527,#3528));
#752=EDGE_LOOP('',(#3529,#3530,#3531,#3532));
#753=EDGE_LOOP('',(#3533,#3534,#3535,#3536));
#754=EDGE_LOOP('',(#3537,#3538,#3539,#3540));
#755=EDGE_LOOP('',(#3541,#3542,#3543,#3544));
#756=EDGE_LOOP('',(#3545,#3546,#3547,#3548));
#757=EDGE_LOOP('',(#3549,#3550,#3551,#3552));
#758=EDGE_LOOP('',(#3553,#3554,#3555,#3556));
#759=EDGE_LOOP('',(#3557,#3558,#3559,#3560,#3561,#3562,#3563,#3564));
#760=EDGE_LOOP('',(#3565,#3566,#3567));
#761=EDGE_LOOP('',(#3568,#3569,#3570,#3571));
#762=EDGE_LOOP('',(#3572,#3573,#3574,#3575));
#763=EDGE_LOOP('',(#3576,#3577,#3578,#3579));
#764=EDGE_LOOP('',(#3580,#3581,#3582,#3583));
#765=EDGE_LOOP('',(#3584,#3585,#3586,#3587));
#766=EDGE_LOOP('',(#3588,#3589,#3590,#3591));
#767=EDGE_LOOP('',(#3592,#3593,#3594,#3595));
#768=EDGE_LOOP('',(#3596,#3597,#3598,#3599));
#769=EDGE_LOOP('',(#3600,#3601,#3602,#3603));
#770=EDGE_LOOP('',(#3604,#3605,#3606,#3607));
#771=EDGE_LOOP('',(#3608,#3609,#3610,#3611));
#772=EDGE_LOOP('',(#3612,#3613,#3614,#3615));
#773=EDGE_LOOP('',(#3616,#3617,#3618,#3619));
#774=EDGE_LOOP('',(#3620,#3621,#3622,#3623));
#775=EDGE_LOOP('',(#3624,#3625,#3626,#3627));
#776=EDGE_LOOP('',(#3628,#3629,#3630,#3631));
#777=EDGE_LOOP('',(#3632,#3633,#3634,#3635));
#778=EDGE_LOOP('',(#3636,#3637,#3638,#3639));
#779=EDGE_LOOP('',(#3640,#3641,#3642,#3643));
#780=EDGE_LOOP('',(#3644,#3645,#3646,#3647,#3648,#3649,#3650,#3651,#3652,
#3653,#3654));
#781=EDGE_LOOP('',(#3655,#3656,#3657,#3658,#3659,#3660,#3661,#3662));
#782=EDGE_LOOP('',(#3663,#3664,#3665,#3666));
#783=EDGE_LOOP('',(#3667,#3668,#3669,#3670));
#784=EDGE_LOOP('',(#3671,#3672,#3673,#3674));
#785=EDGE_LOOP('',(#3675,#3676,#3677,#3678));
#786=EDGE_LOOP('',(#3679,#3680,#3681,#3682));
#787=EDGE_LOOP('',(#3683,#3684,#3685,#3686));
#788=EDGE_LOOP('',(#3687,#3688,#3689,#3690));
#789=EDGE_LOOP('',(#3691,#3692,#3693,#3694));
#790=EDGE_LOOP('',(#3695,#3696,#3697,#3698));
#791=EDGE_LOOP('',(#3699,#3700,#3701,#3702));
#792=EDGE_LOOP('',(#3703,#3704,#3705,#3706));
#793=EDGE_LOOP('',(#3707,#3708,#3709,#3710));
#794=EDGE_LOOP('',(#3711,#3712,#3713,#3714));
#795=EDGE_LOOP('',(#3715,#3716,#3717,#3718));
#796=EDGE_LOOP('',(#3719,#3720,#3721,#3722));
#797=EDGE_LOOP('',(#3723,#3724,#3725,#3726));
#798=EDGE_LOOP('',(#3727,#3728,#3729,#3730));
#799=EDGE_LOOP('',(#3731,#3732,#3733,#3734));
#800=EDGE_LOOP('',(#3735,#3736,#3737,#3738));
#801=EDGE_LOOP('',(#3739,#3740,#3741,#3742,#3743,#3744,#3745,#3746,#3747,
#3748,#3749,#3750,#3751,#3752,#3753,#3754,#3755,#3756,#3757));
#802=EDGE_LOOP('',(#3758,#3759,#3760,#3761));
#803=EDGE_LOOP('',(#3762,#3763,#3764,#3765));
#804=EDGE_LOOP('',(#3766,#3767,#3768,#3769));
#805=EDGE_LOOP('',(#3770,#3771,#3772));
#806=EDGE_LOOP('',(#3773,#3774,#3775,#3776,#3777,#3778,#3779,#3780,#3781,
#3782,#3783,#3784));
#807=EDGE_LOOP('',(#3785));
#808=EDGE_LOOP('',(#3786));
#809=EDGE_LOOP('',(#3787));
#810=EDGE_LOOP('',(#3788));
#811=EDGE_LOOP('',(#3789));
#812=EDGE_LOOP('',(#3790,#3791,#3792));
#813=EDGE_LOOP('',(#3793,#3794,#3795,#3796,#3797,#3798,#3799,#3800,#3801,
#3802,#3803,#3804,#3805,#3806,#3807,#3808,#3809,#3810,#3811));
#814=EDGE_LOOP('',(#3812,#3813,#3814,#3815,#3816,#3817,#3818,#3819,#3820,
#3821,#3822));
#815=EDGE_LOOP('',(#3823,#3824,#3825,#3826,#3827,#3828,#3829,#3830));
#816=EDGE_LOOP('',(#3831,#3832,#3833,#3834,#3835,#3836,#3837,#3838,#3839,
#3840));
#817=EDGE_LOOP('',(#3841,#3842,#3843,#3844,#3845,#3846,#3847,#3848,#3849,
#3850));
#818=EDGE_LOOP('',(#3851,#3852,#3853,#3854,#3855,#3856,#3857,#3858,#3859,
#3860));
#819=EDGE_LOOP('',(#3861,#3862,#3863,#3864,#3865,#3866,#3867,#3868,#3869,
#3870));
#820=EDGE_LOOP('',(#3871,#3872,#3873,#3874,#3875,#3876,#3877,#3878,#3879,
#3880));
#821=EDGE_LOOP('',(#3881,#3882,#3883,#3884,#3885,#3886,#3887,#3888));
#822=EDGE_LOOP('',(#3889,#3890,#3891,#3892,#3893,#3894,#3895,#3896,#3897,
#3898,#3899,#3900));
#823=EDGE_LOOP('',(#3901,#3902,#3903,#3904,#3905,#3906,#3907,#3908,#3909));
#824=EDGE_LOOP('',(#3910,#3911,#3912,#3913,#3914,#3915,#3916,#3917));
#825=EDGE_LOOP('',(#3918,#3919,#3920));
#826=EDGE_LOOP('',(#3921,#3922,#3923,#3924,#3925,#3926,#3927,#3928));
#827=EDGE_LOOP('',(#3929,#3930,#3931,#3932,#3933,#3934,#3935,#3936));
#828=EDGE_LOOP('',(#3937,#3938,#3939,#3940));
#829=EDGE_LOOP('',(#3941,#3942,#3943,#3944));
#830=EDGE_LOOP('',(#3945,#3946,#3947,#3948));
#831=EDGE_LOOP('',(#3949,#3950,#3951,#3952));
#832=EDGE_LOOP('',(#3953,#3954,#3955,#3956));
#833=EDGE_LOOP('',(#3957,#3958,#3959,#3960));
#834=EDGE_LOOP('',(#3961,#3962,#3963,#3964));
#835=EDGE_LOOP('',(#3965,#3966,#3967,#3968));
#836=EDGE_LOOP('',(#3969,#3970,#3971,#3972));
#837=EDGE_LOOP('',(#3973,#3974,#3975,#3976));
#838=EDGE_LOOP('',(#3977,#3978,#3979,#3980));
#839=EDGE_LOOP('',(#3981,#3982,#3983,#3984));
#840=EDGE_LOOP('',(#3985,#3986,#3987,#3988,#3989,#3990,#3991,#3992));
#841=EDGE_LOOP('',(#3993,#3994,#3995,#3996));
#842=EDGE_LOOP('',(#3997,#3998,#3999,#4000));
#843=EDGE_LOOP('',(#4001,#4002,#4003,#4004));
#844=EDGE_LOOP('',(#4005,#4006,#4007,#4008));
#845=EDGE_LOOP('',(#4009,#4010,#4011,#4012));
#846=EDGE_LOOP('',(#4013,#4014,#4015,#4016));
#847=EDGE_LOOP('',(#4017,#4018,#4019,#4020));
#848=EDGE_LOOP('',(#4021,#4022,#4023,#4024,#4025,#4026,#4027,#4028));
#849=EDGE_LOOP('',(#4029,#4030,#4031,#4032,#4033,#4034,#4035,#4036));
#850=EDGE_LOOP('',(#4037,#4038,#4039,#4040));
#851=EDGE_LOOP('',(#4041,#4042,#4043,#4044));
#852=EDGE_LOOP('',(#4045,#4046,#4047,#4048));
#853=EDGE_LOOP('',(#4049,#4050,#4051,#4052));
#854=EDGE_LOOP('',(#4053,#4054,#4055,#4056));
#855=EDGE_LOOP('',(#4057,#4058,#4059,#4060));
#856=EDGE_LOOP('',(#4061,#4062,#4063,#4064,#4065,#4066,#4067,#4068));
#857=EDGE_LOOP('',(#4069,#4070,#4071,#4072,#4073,#4074,#4075,#4076,#4077,
#4078,#4079,#4080,#4081,#4082,#4083,#4084));
#858=EDGE_LOOP('',(#4085,#4086,#4087,#4088));
#859=EDGE_LOOP('',(#4089,#4090,#4091,#4092,#4093,#4094,#4095,#4096,#4097,
#4098,#4099,#4100));
#860=EDGE_LOOP('',(#4101,#4102,#4103,#4104));
#861=EDGE_LOOP('',(#4105,#4106,#4107,#4108));
#862=EDGE_LOOP('',(#4109,#4110,#4111,#4112));
#863=EDGE_LOOP('',(#4113,#4114,#4115,#4116));
#864=EDGE_LOOP('',(#4117,#4118,#4119,#4120));
#865=EDGE_LOOP('',(#4121,#4122,#4123,#4124));
#866=EDGE_LOOP('',(#4125,#4126,#4127,#4128));
#867=EDGE_LOOP('',(#4129,#4130,#4131,#4132));
#868=EDGE_LOOP('',(#4133,#4134,#4135,#4136));
#869=EDGE_LOOP('',(#4137,#4138,#4139,#4140));
#870=EDGE_LOOP('',(#4141,#4142,#4143,#4144));
#871=EDGE_LOOP('',(#4145,#4146,#4147,#4148));
#872=EDGE_LOOP('',(#4149,#4150,#4151,#4152));
#873=EDGE_LOOP('',(#4153,#4154,#4155,#4156));
#874=EDGE_LOOP('',(#4157,#4158,#4159,#4160));
#875=EDGE_LOOP('',(#4161,#4162,#4163,#4164));
#876=EDGE_LOOP('',(#4165,#4166,#4167,#4168));
#877=EDGE_LOOP('',(#4169,#4170,#4171,#4172,#4173,#4174));
#878=EDGE_LOOP('',(#4175,#4176,#4177,#4178,#4179,#4180,#4181));
#879=EDGE_LOOP('',(#4182,#4183,#4184,#4185));
#880=EDGE_LOOP('',(#4186,#4187,#4188,#4189));
#881=EDGE_LOOP('',(#4190,#4191,#4192,#4193));
#882=EDGE_LOOP('',(#4194,#4195,#4196,#4197));
#883=EDGE_LOOP('',(#4198,#4199,#4200,#4201));
#884=EDGE_LOOP('',(#4202,#4203,#4204,#4205));
#885=EDGE_LOOP('',(#4206,#4207,#4208,#4209));
#886=EDGE_LOOP('',(#4210,#4211,#4212,#4213));
#887=EDGE_LOOP('',(#4214,#4215,#4216,#4217));
#888=EDGE_LOOP('',(#4218,#4219,#4220,#4221));
#889=EDGE_LOOP('',(#4222));
#890=EDGE_LOOP('',(#4223));
#891=EDGE_LOOP('',(#4224));
#892=EDGE_LOOP('',(#4225));
#893=EDGE_LOOP('',(#4226));
#894=EDGE_LOOP('',(#4227));
#895=EDGE_LOOP('',(#4228));
#896=EDGE_LOOP('',(#4229));
#897=EDGE_LOOP('',(#4230));
#898=EDGE_LOOP('',(#4231));
#899=EDGE_LOOP('',(#4232,#4233,#4234,#4235));
#900=EDGE_LOOP('',(#4236,#4237,#4238,#4239));
#901=EDGE_LOOP('',(#4240,#4241,#4242,#4243));
#902=EDGE_LOOP('',(#4244,#4245,#4246,#4247));
#903=EDGE_LOOP('',(#4248,#4249,#4250,#4251));
#904=EDGE_LOOP('',(#4252,#4253,#4254,#4255));
#905=EDGE_LOOP('',(#4256,#4257,#4258,#4259));
#906=EDGE_LOOP('',(#4260,#4261,#4262,#4263));
#907=EDGE_LOOP('',(#4264,#4265,#4266,#4267));
#908=EDGE_LOOP('',(#4268,#4269,#4270,#4271,#4272,#4273,#4274,#4275));
#909=EDGE_LOOP('',(#4276,#4277,#4278,#4279));
#910=EDGE_LOOP('',(#4280,#4281,#4282,#4283));
#911=EDGE_LOOP('',(#4284,#4285,#4286,#4287));
#912=EDGE_LOOP('',(#4288,#4289,#4290,#4291));
#913=EDGE_LOOP('',(#4292,#4293,#4294,#4295));
#914=EDGE_LOOP('',(#4296,#4297,#4298,#4299));
#915=EDGE_LOOP('',(#4300,#4301,#4302,#4303));
#916=EDGE_LOOP('',(#4304,#4305,#4306,#4307,#4308,#4309,#4310,#4311,#4312,
#4313,#4314,#4315,#4316,#4317,#4318,#4319));
#917=EDGE_LOOP('',(#4320,#4321,#4322,#4323,#4324,#4325,#4326,#4327));
#918=EDGE_LOOP('',(#4328));
#919=EDGE_LOOP('',(#4329));
#920=EDGE_LOOP('',(#4330));
#921=EDGE_LOOP('',(#4331));
#922=EDGE_LOOP('',(#4332));
#923=EDGE_LOOP('',(#4333,#4334,#4335,#4336,#4337,#4338));
#924=EDGE_LOOP('',(#4339,#4340,#4341,#4342));
#925=EDGE_LOOP('',(#4343,#4344,#4345,#4346));
#926=EDGE_LOOP('',(#4347,#4348,#4349,#4350,#4351,#4352,#4353,#4354,#4355,
#4356,#4357,#4358));
#927=EDGE_LOOP('',(#4359,#4360,#4361,#4362));
#928=LINE('',#6050,#1403);
#929=LINE('',#6052,#1404);
#930=LINE('',#6054,#1405);
#931=LINE('',#6055,#1406);
#932=LINE('',#6073,#1407);
#933=LINE('',#6096,#1408);
#934=LINE('',#6119,#1409);
#935=LINE('',#6142,#1410);
#936=LINE('',#6150,#1411);
#937=LINE('',#6152,#1412);
#938=LINE('',#6153,#1413);
#939=LINE('',#6155,#1414);
#940=LINE('',#6156,#1415);
#941=LINE('',#6160,#1416);
#942=LINE('',#6162,#1417);
#943=LINE('',#6164,#1418);
#944=LINE('',#6165,#1419);
#945=LINE('',#6168,#1420);
#946=LINE('',#6170,#1421);
#947=LINE('',#6171,#1422);
#948=LINE('',#6174,#1423);
#949=LINE('',#6176,#1424);
#950=LINE('',#6177,#1425);
#951=LINE('',#6195,#1426);
#952=LINE('',#6218,#1427);
#953=LINE('',#6241,#1428);
#954=LINE('',#6264,#1429);
#955=LINE('',#6272,#1430);
#956=LINE('',#6274,#1431);
#957=LINE('',#6275,#1432);
#958=LINE('',#6277,#1433);
#959=LINE('',#6278,#1434);
#960=LINE('',#6283,#1435);
#961=LINE('',#6285,#1436);
#962=LINE('',#6287,#1437);
#963=LINE('',#6288,#1438);
#964=LINE('',#6291,#1439);
#965=LINE('',#6293,#1440);
#966=LINE('',#6294,#1441);
#967=LINE('',#6297,#1442);
#968=LINE('',#6299,#1443);
#969=LINE('',#6300,#1444);
#970=LINE('',#6303,#1445);
#971=LINE('',#6305,#1446);
#972=LINE('',#6306,#1447);
#973=LINE('',#6309,#1448);
#974=LINE('',#6311,#1449);
#975=LINE('',#6312,#1450);
#976=LINE('',#6315,#1451);
#977=LINE('',#6317,#1452);
#978=LINE('',#6318,#1453);
#979=LINE('',#6321,#1454);
#980=LINE('',#6323,#1455);
#981=LINE('',#6324,#1456);
#982=LINE('',#6327,#1457);
#983=LINE('',#6329,#1458);
#984=LINE('',#6330,#1459);
#985=LINE('',#6333,#1460);
#986=LINE('',#6335,#1461);
#987=LINE('',#6336,#1462);
#988=LINE('',#6339,#1463);
#989=LINE('',#6341,#1464);
#990=LINE('',#6342,#1465);
#991=LINE('',#6345,#1466);
#992=LINE('',#6347,#1467);
#993=LINE('',#6348,#1468);
#994=LINE('',#6350,#1469);
#995=LINE('',#6351,#1470);
#996=LINE('',#6356,#1471);
#997=LINE('',#6358,#1472);
#998=LINE('',#6360,#1473);
#999=LINE('',#6361,#1474);
#1000=LINE('',#6364,#1475);
#1001=LINE('',#6366,#1476);
#1002=LINE('',#6367,#1477);
#1003=LINE('',#6370,#1478);
#1004=LINE('',#6372,#1479);
#1005=LINE('',#6373,#1480);
#1006=LINE('',#6376,#1481);
#1007=LINE('',#6378,#1482);
#1008=LINE('',#6379,#1483);
#1009=LINE('',#6382,#1484);
#1010=LINE('',#6384,#1485);
#1011=LINE('',#6385,#1486);
#1012=LINE('',#6388,#1487);
#1013=LINE('',#6390,#1488);
#1014=LINE('',#6391,#1489);
#1015=LINE('',#6394,#1490);
#1016=LINE('',#6396,#1491);
#1017=LINE('',#6397,#1492);
#1018=LINE('',#6399,#1493);
#1019=LINE('',#6400,#1494);
#1020=LINE('',#6405,#1495);
#1021=LINE('',#6407,#1496);
#1022=LINE('',#6409,#1497);
#1023=LINE('',#6410,#1498);
#1024=LINE('',#6413,#1499);
#1025=LINE('',#6415,#1500);
#1026=LINE('',#6416,#1501);
#1027=LINE('',#6419,#1502);
#1028=LINE('',#6421,#1503);
#1029=LINE('',#6422,#1504);
#1030=LINE('',#6425,#1505);
#1031=LINE('',#6427,#1506);
#1032=LINE('',#6428,#1507);
#1033=LINE('',#6431,#1508);
#1034=LINE('',#6433,#1509);
#1035=LINE('',#6434,#1510);
#1036=LINE('',#6437,#1511);
#1037=LINE('',#6439,#1512);
#1038=LINE('',#6440,#1513);
#1039=LINE('',#6443,#1514);
#1040=LINE('',#6445,#1515);
#1041=LINE('',#6446,#1516);
#1042=LINE('',#6449,#1517);
#1043=LINE('',#6451,#1518);
#1044=LINE('',#6452,#1519);
#1045=LINE('',#6455,#1520);
#1046=LINE('',#6457,#1521);
#1047=LINE('',#6458,#1522);
#1048=LINE('',#6460,#1523);
#1049=LINE('',#6461,#1524);
#1050=LINE('',#6481,#1525);
#1051=LINE('',#6488,#1526);
#1052=LINE('',#6506,#1527);
#1053=LINE('',#6529,#1528);
#1054=LINE('',#6552,#1529);
#1055=LINE('',#6575,#1530);
#1056=LINE('',#6598,#1531);
#1057=LINE('',#6621,#1532);
#1058=LINE('',#6665,#1533);
#1059=LINE('',#6672,#1534);
#1060=LINE('',#6690,#1535);
#1061=LINE('',#6713,#1536);
#1062=LINE('',#6736,#1537);
#1063=LINE('',#6759,#1538);
#1064=LINE('',#6782,#1539);
#1065=LINE('',#6805,#1540);
#1066=LINE('',#6828,#1541);
#1067=LINE('',#6851,#1542);
#1068=LINE('',#6881,#1543);
#1069=LINE('',#6883,#1544);
#1070=LINE('',#6885,#1545);
#1071=LINE('',#6886,#1546);
#1072=LINE('',#6889,#1547);
#1073=LINE('',#6891,#1548);
#1074=LINE('',#6892,#1549);
#1075=LINE('',#6895,#1550);
#1076=LINE('',#6897,#1551);
#1077=LINE('',#6898,#1552);
#1078=LINE('',#6901,#1553);
#1079=LINE('',#6903,#1554);
#1080=LINE('',#6904,#1555);
#1081=LINE('',#6907,#1556);
#1082=LINE('',#6909,#1557);
#1083=LINE('',#6910,#1558);
#1084=LINE('',#6913,#1559);
#1085=LINE('',#6915,#1560);
#1086=LINE('',#6916,#1561);
#1087=LINE('',#6919,#1562);
#1088=LINE('',#6921,#1563);
#1089=LINE('',#6922,#1564);
#1090=LINE('',#6925,#1565);
#1091=LINE('',#6927,#1566);
#1092=LINE('',#6928,#1567);
#1093=LINE('',#6931,#1568);
#1094=LINE('',#6933,#1569);
#1095=LINE('',#6934,#1570);
#1096=LINE('',#6936,#1571);
#1097=LINE('',#6937,#1572);
#1098=LINE('',#6942,#1573);
#1099=LINE('',#6944,#1574);
#1100=LINE('',#6946,#1575);
#1101=LINE('',#6947,#1576);
#1102=LINE('',#6950,#1577);
#1103=LINE('',#6952,#1578);
#1104=LINE('',#6953,#1579);
#1105=LINE('',#6956,#1580);
#1106=LINE('',#6958,#1581);
#1107=LINE('',#6959,#1582);
#1108=LINE('',#6962,#1583);
#1109=LINE('',#6964,#1584);
#1110=LINE('',#6965,#1585);
#1111=LINE('',#6968,#1586);
#1112=LINE('',#6970,#1587);
#1113=LINE('',#6971,#1588);
#1114=LINE('',#6974,#1589);
#1115=LINE('',#6976,#1590);
#1116=LINE('',#6977,#1591);
#1117=LINE('',#6980,#1592);
#1118=LINE('',#6982,#1593);
#1119=LINE('',#6983,#1594);
#1120=LINE('',#6986,#1595);
#1121=LINE('',#6988,#1596);
#1122=LINE('',#6989,#1597);
#1123=LINE('',#6992,#1598);
#1124=LINE('',#6994,#1599);
#1125=LINE('',#6995,#1600);
#1126=LINE('',#6997,#1601);
#1127=LINE('',#6998,#1602);
#1128=LINE('',#7018,#1603);
#1129=LINE('',#7025,#1604);
#1130=LINE('',#7043,#1605);
#1131=LINE('',#7066,#1606);
#1132=LINE('',#7089,#1607);
#1133=LINE('',#7112,#1608);
#1134=LINE('',#7135,#1609);
#1135=LINE('',#7158,#1610);
#1136=LINE('',#7202,#1611);
#1137=LINE('',#7209,#1612);
#1138=LINE('',#7227,#1613);
#1139=LINE('',#7250,#1614);
#1140=LINE('',#7273,#1615);
#1141=LINE('',#7296,#1616);
#1142=LINE('',#7319,#1617);
#1143=LINE('',#7342,#1618);
#1144=LINE('',#7365,#1619);
#1145=LINE('',#7388,#1620);
#1146=LINE('',#7418,#1621);
#1147=LINE('',#7420,#1622);
#1148=LINE('',#7422,#1623);
#1149=LINE('',#7423,#1624);
#1150=LINE('',#7426,#1625);
#1151=LINE('',#7428,#1626);
#1152=LINE('',#7429,#1627);
#1153=LINE('',#7431,#1628);
#1154=LINE('',#7432,#1629);
#1155=LINE('',#7436,#1630);
#1156=LINE('',#7438,#1631);
#1157=LINE('',#7440,#1632);
#1158=LINE('',#7441,#1633);
#1159=LINE('',#7444,#1634);
#1160=LINE('',#7446,#1635);
#1161=LINE('',#7447,#1636);
#1162=LINE('',#7450,#1637);
#1163=LINE('',#7452,#1638);
#1164=LINE('',#7453,#1639);
#1165=LINE('',#7456,#1640);
#1166=LINE('',#7458,#1641);
#1167=LINE('',#7459,#1642);
#1168=LINE('',#7462,#1643);
#1169=LINE('',#7464,#1644);
#1170=LINE('',#7465,#1645);
#1171=LINE('',#7468,#1646);
#1172=LINE('',#7470,#1647);
#1173=LINE('',#7471,#1648);
#1174=LINE('',#7474,#1649);
#1175=LINE('',#7476,#1650);
#1176=LINE('',#7477,#1651);
#1177=LINE('',#7479,#1652);
#1178=LINE('',#7480,#1653);
#1179=LINE('',#7500,#1654);
#1180=LINE('',#7507,#1655);
#1181=LINE('',#7525,#1656);
#1182=LINE('',#7548,#1657);
#1183=LINE('',#7571,#1658);
#1184=LINE('',#7594,#1659);
#1185=LINE('',#7602,#1660);
#1186=LINE('',#7604,#1661);
#1187=LINE('',#7605,#1662);
#1188=LINE('',#7608,#1663);
#1189=LINE('',#7610,#1664);
#1190=LINE('',#7611,#1665);
#1191=LINE('',#7613,#1666);
#1192=LINE('',#7614,#1667);
#1193=LINE('',#7618,#1668);
#1194=LINE('',#7620,#1669);
#1195=LINE('',#7622,#1670);
#1196=LINE('',#7623,#1671);
#1197=LINE('',#7641,#1672);
#1198=LINE('',#7664,#1673);
#1199=LINE('',#7687,#1674);
#1200=LINE('',#7710,#1675);
#1201=LINE('',#7733,#1676);
#1202=LINE('',#7756,#1677);
#1203=LINE('',#7779,#1678);
#1204=LINE('',#7802,#1679);
#1205=LINE('',#7810,#1680);
#1206=LINE('',#7812,#1681);
#1207=LINE('',#7813,#1682);
#1208=LINE('',#7815,#1683);
#1209=LINE('',#7816,#1684);
#1210=LINE('',#7836,#1685);
#1211=LINE('',#7843,#1686);
#1212=LINE('',#7861,#1687);
#1213=LINE('',#7884,#1688);
#1214=LINE('',#7907,#1689);
#1215=LINE('',#7915,#1690);
#1216=LINE('',#7917,#1691);
#1217=LINE('',#7918,#1692);
#1218=LINE('',#7921,#1693);
#1219=LINE('',#7923,#1694);
#1220=LINE('',#7924,#1695);
#1221=LINE('',#7927,#1696);
#1222=LINE('',#7929,#1697);
#1223=LINE('',#7930,#1698);
#1224=LINE('',#7948,#1699);
#1225=LINE('',#7971,#1700);
#1226=LINE('',#7994,#1701);
#1227=LINE('',#8017,#1702);
#1228=LINE('',#8040,#1703);
#1229=LINE('',#8063,#1704);
#1230=LINE('',#8086,#1705);
#1231=LINE('',#8109,#1706);
#1232=LINE('',#8132,#1707);
#1233=LINE('',#8140,#1708);
#1234=LINE('',#8142,#1709);
#1235=LINE('',#8143,#1710);
#1236=LINE('',#8146,#1711);
#1237=LINE('',#8148,#1712);
#1238=LINE('',#8149,#1713);
#1239=LINE('',#8151,#1714);
#1240=LINE('',#8152,#1715);
#1241=LINE('',#8157,#1716);
#1242=LINE('',#8159,#1717);
#1243=LINE('',#8161,#1718);
#1244=LINE('',#8162,#1719);
#1245=LINE('',#8165,#1720);
#1246=LINE('',#8167,#1721);
#1247=LINE('',#8168,#1722);
#1248=LINE('',#8170,#1723);
#1249=LINE('',#8171,#1724);
#1250=LINE('',#8176,#1725);
#1251=LINE('',#8180,#1726);
#1252=LINE('',#8184,#1727);
#1253=LINE('',#8188,#1728);
#1254=LINE('',#8192,#1729);
#1255=LINE('',#8196,#1730);
#1256=LINE('',#8215,#1731);
#1257=LINE('',#8219,#1732);
#1258=LINE('',#8223,#1733);
#1259=LINE('',#8225,#1734);
#1260=LINE('',#8226,#1735);
#1261=LINE('',#8230,#1736);
#1262=LINE('',#8235,#1737);
#1263=LINE('',#8237,#1738);
#1264=LINE('',#8238,#1739);
#1265=LINE('',#8242,#1740);
#1266=LINE('',#8247,#1741);
#1267=LINE('',#8249,#1742);
#1268=LINE('',#8250,#1743);
#1269=LINE('',#8254,#1744);
#1270=LINE('',#8258,#1745);
#1271=LINE('',#8259,#1746);
#1272=LINE('',#8262,#1747);
#1273=LINE('',#8264,#1748);
#1274=LINE('',#8265,#1749);
#1275=LINE('',#8268,#1750);
#1276=LINE('',#8272,#1751);
#1277=LINE('',#8273,#1752);
#1278=LINE('',#8276,#1753);
#1279=LINE('',#8281,#1754);
#1280=LINE('',#8284,#1755);
#1281=LINE('',#8286,#1756);
#1282=LINE('',#8290,#1757);
#1283=LINE('',#8292,#1758);
#1284=LINE('',#8296,#1759);
#1285=LINE('',#8298,#1760);
#1286=LINE('',#8300,#1761);
#1287=LINE('',#8301,#1762);
#1288=LINE('',#8305,#1763);
#1289=LINE('',#8307,#1764);
#1290=LINE('',#8309,#1765);
#1291=LINE('',#8310,#1766);
#1292=LINE('',#8312,#1767);
#1293=LINE('',#8313,#1768);
#1294=LINE('',#8316,#1769);
#1295=LINE('',#8318,#1770);
#1296=LINE('',#8320,#1771);
#1297=LINE('',#8322,#1772);
#1298=LINE('',#8323,#1773);
#1299=LINE('',#8326,#1774);
#1300=LINE('',#8330,#1775);
#1301=LINE('',#8332,#1776);
#1302=LINE('',#8334,#1777);
#1303=LINE('',#8338,#1778);
#1304=LINE('',#8340,#1779);
#1305=LINE('',#8341,#1780);
#1306=LINE('',#8345,#1781);
#1307=LINE('',#8347,#1782);
#1308=LINE('',#8349,#1783);
#1309=LINE('',#8350,#1784);
#1310=LINE('',#8352,#1785);
#1311=LINE('',#8353,#1786);
#1312=LINE('',#8357,#1787);
#1313=LINE('',#8359,#1788);
#1314=LINE('',#8361,#1789);
#1315=LINE('',#8362,#1790);
#1316=LINE('',#8366,#1791);
#1317=LINE('',#8368,#1792);
#1318=LINE('',#8370,#1793);
#1319=LINE('',#8371,#1794);
#1320=LINE('',#8373,#1795);
#1321=LINE('',#8374,#1796);
#1322=LINE('',#8377,#1797);
#1323=LINE('',#8381,#1798);
#1324=LINE('',#8383,#1799);
#1325=LINE('',#8385,#1800);
#1326=LINE('',#8388,#1801);
#1327=LINE('',#8393,#1802);
#1328=LINE('',#8397,#1803);
#1329=LINE('',#8401,#1804);
#1330=LINE('',#8403,#1805);
#1331=LINE('',#8405,#1806);
#1332=LINE('',#8409,#1807);
#1333=LINE('',#8413,#1808);
#1334=LINE('',#8416,#1809);
#1335=LINE('',#8418,#1810);
#1336=LINE('',#8419,#1811);
#1337=LINE('',#8422,#1812);
#1338=LINE('',#8424,#1813);
#1339=LINE('',#8425,#1814);
#1340=LINE('',#8428,#1815);
#1341=LINE('',#8430,#1816);
#1342=LINE('',#8431,#1817);
#1343=LINE('',#8434,#1818);
#1344=LINE('',#8438,#1819);
#1345=LINE('',#8439,#1820);
#1346=LINE('',#8442,#1821);
#1347=LINE('',#8446,#1822);
#1348=LINE('',#8447,#1823);
#1349=LINE('',#8449,#1824);
#1350=LINE('',#8452,#1825);
#1351=LINE('',#8455,#1826);
#1352=LINE('',#8459,#1827);
#1353=LINE('',#8460,#1828);
#1354=LINE('',#8463,#1829);
#1355=LINE('',#8467,#1830);
#1356=LINE('',#8468,#1831);
#1357=LINE('',#8472,#1832);
#1358=LINE('',#8474,#1833);
#1359=LINE('',#8476,#1834);
#1360=LINE('',#8478,#1835);
#1361=LINE('',#8480,#1836);
#1362=LINE('',#8483,#1837);
#1363=LINE('',#8485,#1838);
#1364=LINE('',#8486,#1839);
#1365=LINE('',#8490,#1840);
#1366=LINE('',#8494,#1841);
#1367=LINE('',#8498,#1842);
#1368=LINE('',#8502,#1843);
#1369=LINE('',#8506,#1844);
#1370=LINE('',#8510,#1845);
#1371=LINE('',#8514,#1846);
#1372=LINE('',#8518,#1847);
#1373=LINE('',#8522,#1848);
#1374=LINE('',#8526,#1849);
#1375=LINE('',#8546,#1850);
#1376=LINE('',#8550,#1851);
#1377=LINE('',#8554,#1852);
#1378=LINE('',#8558,#1853);
#1379=LINE('',#8562,#1854);
#1380=LINE('',#8565,#1855);
#1381=LINE('',#8567,#1856);
#1382=LINE('',#8568,#1857);
#1383=LINE('',#8571,#1858);
#1384=LINE('',#8572,#1859);
#1385=LINE('',#8577,#1860);
#1386=LINE('',#8581,#1861);
#1387=LINE('',#8582,#1862);
#1388=LINE('',#8585,#1863);
#1389=LINE('',#8589,#1864);
#1390=LINE('',#8590,#1865);
#1391=LINE('',#8593,#1866);
#1392=LINE('',#8597,#1867);
#1393=LINE('',#8598,#1868);
#1394=LINE('',#8601,#1869);
#1395=LINE('',#8605,#1870);
#1396=LINE('',#8606,#1871);
#1397=LINE('',#8608,#1872);
#1398=LINE('',#8612,#1873);
#1399=LINE('',#8614,#1874);
#1400=LINE('',#8615,#1875);
#1401=LINE('',#8618,#1876);
#1402=LINE('',#8620,#1877);
#1403=VECTOR('',#5055,10.);
#1404=VECTOR('',#5056,10.);
#1405=VECTOR('',#5057,10.);
#1406=VECTOR('',#5058,10.);
#1407=VECTOR('',#5059,10.);
#1408=VECTOR('',#5060,10.);
#1409=VECTOR('',#5061,10.);
#1410=VECTOR('',#5062,10.);
#1411=VECTOR('',#5065,10.);
#1412=VECTOR('',#5066,10.);
#1413=VECTOR('',#5067,10.);
#1414=VECTOR('',#5070,10.);
#1415=VECTOR('',#5071,10.);
#1416=VECTOR('',#5074,10.);
#1417=VECTOR('',#5075,10.);
#1418=VECTOR('',#5076,10.);
#1419=VECTOR('',#5077,10.);
#1420=VECTOR('',#5080,10.);
#1421=VECTOR('',#5081,10.);
#1422=VECTOR('',#5082,10.);
#1423=VECTOR('',#5085,10.);
#1424=VECTOR('',#5086,10.);
#1425=VECTOR('',#5087,10.);
#1426=VECTOR('',#5088,10.);
#1427=VECTOR('',#5089,10.);
#1428=VECTOR('',#5090,10.);
#1429=VECTOR('',#5091,10.);
#1430=VECTOR('',#5094,10.);
#1431=VECTOR('',#5095,10.);
#1432=VECTOR('',#5096,10.);
#1433=VECTOR('',#5099,10.);
#1434=VECTOR('',#5100,10.);
#1435=VECTOR('',#5105,10.);
#1436=VECTOR('',#5106,10.);
#1437=VECTOR('',#5107,10.);
#1438=VECTOR('',#5108,10.);
#1439=VECTOR('',#5111,10.);
#1440=VECTOR('',#5112,10.);
#1441=VECTOR('',#5113,10.);
#1442=VECTOR('',#5116,10.);
#1443=VECTOR('',#5117,10.);
#1444=VECTOR('',#5118,10.);
#1445=VECTOR('',#5121,10.);
#1446=VECTOR('',#5122,10.);
#1447=VECTOR('',#5123,10.);
#1448=VECTOR('',#5126,10.);
#1449=VECTOR('',#5127,10.);
#1450=VECTOR('',#5128,10.);
#1451=VECTOR('',#5131,10.);
#1452=VECTOR('',#5132,10.);
#1453=VECTOR('',#5133,10.);
#1454=VECTOR('',#5136,10.);
#1455=VECTOR('',#5137,10.);
#1456=VECTOR('',#5138,10.);
#1457=VECTOR('',#5141,10.);
#1458=VECTOR('',#5142,10.);
#1459=VECTOR('',#5143,10.);
#1460=VECTOR('',#5146,10.);
#1461=VECTOR('',#5147,10.);
#1462=VECTOR('',#5148,10.);
#1463=VECTOR('',#5151,10.);
#1464=VECTOR('',#5152,10.);
#1465=VECTOR('',#5153,10.);
#1466=VECTOR('',#5156,10.);
#1467=VECTOR('',#5157,10.);
#1468=VECTOR('',#5158,10.);
#1469=VECTOR('',#5161,10.);
#1470=VECTOR('',#5162,10.);
#1471=VECTOR('',#5167,10.);
#1472=VECTOR('',#5168,10.);
#1473=VECTOR('',#5169,10.);
#1474=VECTOR('',#5170,10.);
#1475=VECTOR('',#5173,10.);
#1476=VECTOR('',#5174,10.);
#1477=VECTOR('',#5175,10.);
#1478=VECTOR('',#5178,10.);
#1479=VECTOR('',#5179,10.);
#1480=VECTOR('',#5180,10.);
#1481=VECTOR('',#5183,10.);
#1482=VECTOR('',#5184,10.);
#1483=VECTOR('',#5185,10.);
#1484=VECTOR('',#5188,10.);
#1485=VECTOR('',#5189,10.);
#1486=VECTOR('',#5190,10.);
#1487=VECTOR('',#5193,10.);
#1488=VECTOR('',#5194,10.);
#1489=VECTOR('',#5195,10.);
#1490=VECTOR('',#5198,10.);
#1491=VECTOR('',#5199,10.);
#1492=VECTOR('',#5200,10.);
#1493=VECTOR('',#5203,10.);
#1494=VECTOR('',#5204,10.);
#1495=VECTOR('',#5209,10.);
#1496=VECTOR('',#5210,10.);
#1497=VECTOR('',#5211,10.);
#1498=VECTOR('',#5212,10.);
#1499=VECTOR('',#5215,10.);
#1500=VECTOR('',#5216,10.);
#1501=VECTOR('',#5217,10.);
#1502=VECTOR('',#5220,10.);
#1503=VECTOR('',#5221,10.);
#1504=VECTOR('',#5222,10.);
#1505=VECTOR('',#5225,10.);
#1506=VECTOR('',#5226,10.);
#1507=VECTOR('',#5227,10.);
#1508=VECTOR('',#5230,10.);
#1509=VECTOR('',#5231,10.);
#1510=VECTOR('',#5232,10.);
#1511=VECTOR('',#5235,10.);
#1512=VECTOR('',#5236,10.);
#1513=VECTOR('',#5237,10.);
#1514=VECTOR('',#5240,10.);
#1515=VECTOR('',#5241,10.);
#1516=VECTOR('',#5242,10.);
#1517=VECTOR('',#5245,10.);
#1518=VECTOR('',#5246,10.);
#1519=VECTOR('',#5247,10.);
#1520=VECTOR('',#5250,10.);
#1521=VECTOR('',#5251,10.);
#1522=VECTOR('',#5252,10.);
#1523=VECTOR('',#5255,10.);
#1524=VECTOR('',#5256,10.);
#1525=VECTOR('',#5259,10.);
#1526=VECTOR('',#5260,10.);
#1527=VECTOR('',#5261,10.);
#1528=VECTOR('',#5262,10.);
#1529=VECTOR('',#5263,10.);
#1530=VECTOR('',#5264,10.);
#1531=VECTOR('',#5265,10.);
#1532=VECTOR('',#5266,10.);
#1533=VECTOR('',#5267,10.);
#1534=VECTOR('',#5268,10.);
#1535=VECTOR('',#5269,10.);
#1536=VECTOR('',#5270,10.);
#1537=VECTOR('',#5271,10.);
#1538=VECTOR('',#5272,10.);
#1539=VECTOR('',#5273,10.);
#1540=VECTOR('',#5274,10.);
#1541=VECTOR('',#5275,10.);
#1542=VECTOR('',#5276,10.);
#1543=VECTOR('',#5281,10.);
#1544=VECTOR('',#5282,10.);
#1545=VECTOR('',#5283,10.);
#1546=VECTOR('',#5284,10.);
#1547=VECTOR('',#5287,10.);
#1548=VECTOR('',#5288,10.);
#1549=VECTOR('',#5289,10.);
#1550=VECTOR('',#5292,10.);
#1551=VECTOR('',#5293,10.);
#1552=VECTOR('',#5294,10.);
#1553=VECTOR('',#5297,10.);
#1554=VECTOR('',#5298,10.);
#1555=VECTOR('',#5299,10.);
#1556=VECTOR('',#5302,10.);
#1557=VECTOR('',#5303,10.);
#1558=VECTOR('',#5304,10.);
#1559=VECTOR('',#5307,10.);
#1560=VECTOR('',#5308,10.);
#1561=VECTOR('',#5309,10.);
#1562=VECTOR('',#5312,10.);
#1563=VECTOR('',#5313,10.);
#1564=VECTOR('',#5314,10.);
#1565=VECTOR('',#5317,10.);
#1566=VECTOR('',#5318,10.);
#1567=VECTOR('',#5319,10.);
#1568=VECTOR('',#5322,10.);
#1569=VECTOR('',#5323,10.);
#1570=VECTOR('',#5324,10.);
#1571=VECTOR('',#5327,10.);
#1572=VECTOR('',#5328,10.);
#1573=VECTOR('',#5333,10.);
#1574=VECTOR('',#5334,10.);
#1575=VECTOR('',#5335,10.);
#1576=VECTOR('',#5336,10.);
#1577=VECTOR('',#5339,10.);
#1578=VECTOR('',#5340,10.);
#1579=VECTOR('',#5341,10.);
#1580=VECTOR('',#5344,10.);
#1581=VECTOR('',#5345,10.);
#1582=VECTOR('',#5346,10.);
#1583=VECTOR('',#5349,10.);
#1584=VECTOR('',#5350,10.);
#1585=VECTOR('',#5351,10.);
#1586=VECTOR('',#5354,10.);
#1587=VECTOR('',#5355,10.);
#1588=VECTOR('',#5356,10.);
#1589=VECTOR('',#5359,10.);
#1590=VECTOR('',#5360,10.);
#1591=VECTOR('',#5361,10.);
#1592=VECTOR('',#5364,10.);
#1593=VECTOR('',#5365,10.);
#1594=VECTOR('',#5366,10.);
#1595=VECTOR('',#5369,10.);
#1596=VECTOR('',#5370,10.);
#1597=VECTOR('',#5371,10.);
#1598=VECTOR('',#5374,10.);
#1599=VECTOR('',#5375,10.);
#1600=VECTOR('',#5376,10.);
#1601=VECTOR('',#5379,10.);
#1602=VECTOR('',#5380,10.);
#1603=VECTOR('',#5383,10.);
#1604=VECTOR('',#5384,10.);
#1605=VECTOR('',#5385,10.);
#1606=VECTOR('',#5386,10.);
#1607=VECTOR('',#5387,10.);
#1608=VECTOR('',#5388,10.);
#1609=VECTOR('',#5389,10.);
#1610=VECTOR('',#5390,10.);
#1611=VECTOR('',#5391,10.);
#1612=VECTOR('',#5392,10.);
#1613=VECTOR('',#5393,10.);
#1614=VECTOR('',#5394,10.);
#1615=VECTOR('',#5395,10.);
#1616=VECTOR('',#5396,10.);
#1617=VECTOR('',#5397,10.);
#1618=VECTOR('',#5398,10.);
#1619=VECTOR('',#5399,10.);
#1620=VECTOR('',#5400,10.);
#1621=VECTOR('',#5405,10.);
#1622=VECTOR('',#5406,10.);
#1623=VECTOR('',#5407,10.);
#1624=VECTOR('',#5408,10.);
#1625=VECTOR('',#5411,10.);
#1626=VECTOR('',#5412,10.);
#1627=VECTOR('',#5413,10.);
#1628=VECTOR('',#5416,10.);
#1629=VECTOR('',#5417,10.);
#1630=VECTOR('',#5420,10.);
#1631=VECTOR('',#5421,10.);
#1632=VECTOR('',#5422,10.);
#1633=VECTOR('',#5423,10.);
#1634=VECTOR('',#5426,10.);
#1635=VECTOR('',#5427,10.);
#1636=VECTOR('',#5428,10.);
#1637=VECTOR('',#5431,10.);
#1638=VECTOR('',#5432,10.);
#1639=VECTOR('',#5433,10.);
#1640=VECTOR('',#5436,10.);
#1641=VECTOR('',#5437,10.);
#1642=VECTOR('',#5438,10.);
#1643=VECTOR('',#5441,10.);
#1644=VECTOR('',#5442,10.);
#1645=VECTOR('',#5443,10.);
#1646=VECTOR('',#5446,10.);
#1647=VECTOR('',#5447,10.);
#1648=VECTOR('',#5448,10.);
#1649=VECTOR('',#5451,10.);
#1650=VECTOR('',#5452,10.);
#1651=VECTOR('',#5453,10.);
#1652=VECTOR('',#5456,10.);
#1653=VECTOR('',#5457,10.);
#1654=VECTOR('',#5460,10.);
#1655=VECTOR('',#5461,10.);
#1656=VECTOR('',#5462,10.);
#1657=VECTOR('',#5463,10.);
#1658=VECTOR('',#5464,10.);
#1659=VECTOR('',#5465,10.);
#1660=VECTOR('',#5468,10.);
#1661=VECTOR('',#5469,10.);
#1662=VECTOR('',#5470,10.);
#1663=VECTOR('',#5473,10.);
#1664=VECTOR('',#5474,10.);
#1665=VECTOR('',#5475,10.);
#1666=VECTOR('',#5478,10.);
#1667=VECTOR('',#5479,10.);
#1668=VECTOR('',#5482,10.);
#1669=VECTOR('',#5483,10.);
#1670=VECTOR('',#5484,10.);
#1671=VECTOR('',#5485,10.);
#1672=VECTOR('',#5486,10.);
#1673=VECTOR('',#5487,10.);
#1674=VECTOR('',#5488,10.);
#1675=VECTOR('',#5489,10.);
#1676=VECTOR('',#5490,10.);
#1677=VECTOR('',#5491,10.);
#1678=VECTOR('',#5492,10.);
#1679=VECTOR('',#5493,10.);
#1680=VECTOR('',#5496,10.);
#1681=VECTOR('',#5497,10.);
#1682=VECTOR('',#5498,10.);
#1683=VECTOR('',#5501,10.);
#1684=VECTOR('',#5502,10.);
#1685=VECTOR('',#5505,10.);
#1686=VECTOR('',#5506,10.);
#1687=VECTOR('',#5507,10.);
#1688=VECTOR('',#5508,10.);
#1689=VECTOR('',#5509,10.);
#1690=VECTOR('',#5512,10.);
#1691=VECTOR('',#5513,10.);
#1692=VECTOR('',#5514,10.);
#1693=VECTOR('',#5517,10.);
#1694=VECTOR('',#5518,10.);
#1695=VECTOR('',#5519,10.);
#1696=VECTOR('',#5522,10.);
#1697=VECTOR('',#5523,10.);
#1698=VECTOR('',#5524,10.);
#1699=VECTOR('',#5525,10.);
#1700=VECTOR('',#5526,10.);
#1701=VECTOR('',#5527,10.);
#1702=VECTOR('',#5528,10.);
#1703=VECTOR('',#5529,10.);
#1704=VECTOR('',#5530,10.);
#1705=VECTOR('',#5531,10.);
#1706=VECTOR('',#5532,10.);
#1707=VECTOR('',#5533,10.);
#1708=VECTOR('',#5536,10.);
#1709=VECTOR('',#5537,10.);
#1710=VECTOR('',#5538,10.);
#1711=VECTOR('',#5541,10.);
#1712=VECTOR('',#5542,10.);
#1713=VECTOR('',#5543,10.);
#1714=VECTOR('',#5546,10.);
#1715=VECTOR('',#5547,10.);
#1716=VECTOR('',#5552,10.);
#1717=VECTOR('',#5553,10.);
#1718=VECTOR('',#5554,10.);
#1719=VECTOR('',#5555,10.);
#1720=VECTOR('',#5558,10.);
#1721=VECTOR('',#5559,10.);
#1722=VECTOR('',#5560,10.);
#1723=VECTOR('',#5563,10.);
#1724=VECTOR('',#5564,10.);
#1725=VECTOR('',#5569,10.);
#1726=VECTOR('',#5572,10.);
#1727=VECTOR('',#5575,10.);
#1728=VECTOR('',#5578,10.);
#1729=VECTOR('',#5581,10.);
#1730=VECTOR('',#5584,10.);
#1731=VECTOR('',#5607,10.);
#1732=VECTOR('',#5610,10.);
#1733=VECTOR('',#5615,10.);
#1734=VECTOR('',#5616,10.);
#1735=VECTOR('',#5617,10.);
#1736=VECTOR('',#5620,10.);
#1737=VECTOR('',#5627,10.);
#1738=VECTOR('',#5628,10.);
#1739=VECTOR('',#5629,10.);
#1740=VECTOR('',#5632,10.);
#1741=VECTOR('',#5639,10.);
#1742=VECTOR('',#5640,10.);
#1743=VECTOR('',#5641,10.);
#1744=VECTOR('',#5644,10.);
#1745=VECTOR('',#5651,10.);
#1746=VECTOR('',#5652,10.);
#1747=VECTOR('',#5655,10.);
#1748=VECTOR('',#5656,10.);
#1749=VECTOR('',#5657,10.);
#1750=VECTOR('',#5660,10.);
#1751=VECTOR('',#5665,10.);
#1752=VECTOR('',#5666,10.);
#1753=VECTOR('',#5669,10.);
#1754=VECTOR('',#5676,10.);
#1755=VECTOR('',#5679,10.);
#1756=VECTOR('',#5682,10.);
#1757=VECTOR('',#5687,10.);
#1758=VECTOR('',#5690,10.);
#1759=VECTOR('',#5693,10.);
#1760=VECTOR('',#5694,10.);
#1761=VECTOR('',#5695,10.);
#1762=VECTOR('',#5696,10.);
#1763=VECTOR('',#5699,10.);
#1764=VECTOR('',#5700,10.);
#1765=VECTOR('',#5701,10.);
#1766=VECTOR('',#5702,10.);
#1767=VECTOR('',#5705,10.);
#1768=VECTOR('',#5706,10.);
#1769=VECTOR('',#5709,10.);
#1770=VECTOR('',#5710,10.);
#1771=VECTOR('',#5711,10.);
#1772=VECTOR('',#5712,10.);
#1773=VECTOR('',#5713,10.);
#1774=VECTOR('',#5716,10.);
#1775=VECTOR('',#5719,10.);
#1776=VECTOR('',#5720,10.);
#1777=VECTOR('',#5721,10.);
#1778=VECTOR('',#5726,10.);
#1779=VECTOR('',#5727,10.);
#1780=VECTOR('',#5728,10.);
#1781=VECTOR('',#5731,10.);
#1782=VECTOR('',#5732,10.);
#1783=VECTOR('',#5733,10.);
#1784=VECTOR('',#5734,10.);
#1785=VECTOR('',#5737,10.);
#1786=VECTOR('',#5738,10.);
#1787=VECTOR('',#5741,10.);
#1788=VECTOR('',#5742,10.);
#1789=VECTOR('',#5743,10.);
#1790=VECTOR('',#5744,10.);
#1791=VECTOR('',#5747,10.);
#1792=VECTOR('',#5748,10.);
#1793=VECTOR('',#5749,10.);
#1794=VECTOR('',#5750,10.);
#1795=VECTOR('',#5753,10.);
#1796=VECTOR('',#5754,10.);
#1797=VECTOR('',#5757,10.);
#1798=VECTOR('',#5760,10.);
#1799=VECTOR('',#5761,10.);
#1800=VECTOR('',#5762,10.);
#1801=VECTOR('',#5765,10.);
#1802=VECTOR('',#5770,10.);
#1803=VECTOR('',#5773,10.);
#1804=VECTOR('',#5776,10.);
#1805=VECTOR('',#5777,10.);
#1806=VECTOR('',#5778,10.);
#1807=VECTOR('',#5781,10.);
#1808=VECTOR('',#5784,10.);
#1809=VECTOR('',#5787,10.);
#1810=VECTOR('',#5790,10.);
#1811=VECTOR('',#5791,10.);
#1812=VECTOR('',#5794,10.);
#1813=VECTOR('',#5795,10.);
#1814=VECTOR('',#5796,10.);
#1815=VECTOR('',#5799,10.);
#1816=VECTOR('',#5800,10.);
#1817=VECTOR('',#5801,10.);
#1818=VECTOR('',#5804,10.);
#1819=VECTOR('',#5809,10.);
#1820=VECTOR('',#5810,10.);
#1821=VECTOR('',#5813,10.);
#1822=VECTOR('',#5818,10.);
#1823=VECTOR('',#5819,10.);
#1824=VECTOR('',#5822,10.);
#1825=VECTOR('',#5827,10.);
#1826=VECTOR('',#5830,10.);
#1827=VECTOR('',#5835,10.);
#1828=VECTOR('',#5836,10.);
#1829=VECTOR('',#5839,10.);
#1830=VECTOR('',#5844,10.);
#1831=VECTOR('',#5845,10.);
#1832=VECTOR('',#5852,10.);
#1833=VECTOR('',#5855,10.);
#1834=VECTOR('',#5858,10.);
#1835=VECTOR('',#5861,10.);
#1836=VECTOR('',#5864,10.);
#1837=VECTOR('',#5867,10.);
#1838=VECTOR('',#5868,10.);
#1839=VECTOR('',#5869,10.);
#1840=VECTOR('',#5874,3.19999999999999);
#1841=VECTOR('',#5879,3.05);
#1842=VECTOR('',#5884,3.2);
#1843=VECTOR('',#5889,3.05);
#1844=VECTOR('',#5894,3.2);
#1845=VECTOR('',#5899,3.05);
#1846=VECTOR('',#5904,3.2);
#1847=VECTOR('',#5909,3.05);
#1848=VECTOR('',#5914,3.2);
#1849=VECTOR('',#5919,3.05);
#1850=VECTOR('',#5946,1.7);
#1851=VECTOR('',#5951,1.7);
#1852=VECTOR('',#5956,1.7);
#1853=VECTOR('',#5961,1.7);
#1854=VECTOR('',#5966,1.7);
#1855=VECTOR('',#5969,10.);
#1856=VECTOR('',#5970,10.);
#1857=VECTOR('',#5971,10.);
#1858=VECTOR('',#5974,10.);
#1859=VECTOR('',#5975,10.);
#1860=VECTOR('',#5982,10.);
#1861=VECTOR('',#5987,10.);
#1862=VECTOR('',#5988,10.);
#1863=VECTOR('',#5991,10.);
#1864=VECTOR('',#5996,10.);
#1865=VECTOR('',#5997,10.);
#1866=VECTOR('',#6000,10.);
#1867=VECTOR('',#6005,10.);
#1868=VECTOR('',#6006,10.);
#1869=VECTOR('',#6009,10.);
#1870=VECTOR('',#6014,10.);
#1871=VECTOR('',#6015,10.);
#1872=VECTOR('',#6018,10.);
#1873=VECTOR('',#6023,10.);
#1874=VECTOR('',#6026,10.);
#1875=VECTOR('',#6027,10.);
#1876=VECTOR('',#6032,10.);
#1877=VECTOR('',#6035,10.);
#1878=VERTEX_POINT('',#6048);
#1879=VERTEX_POINT('',#6049);
#1880=VERTEX_POINT('',#6051);
#1881=VERTEX_POINT('',#6053);
#1882=VERTEX_POINT('',#6066);
#1883=VERTEX_POINT('',#6072);
#1884=VERTEX_POINT('',#6089);
#1885=VERTEX_POINT('',#6095);
#1886=VERTEX_POINT('',#6112);
#1887=VERTEX_POINT('',#6118);
#1888=VERTEX_POINT('',#6135);
#1889=VERTEX_POINT('',#6141);
#1890=VERTEX_POINT('',#6149);
#1891=VERTEX_POINT('',#6151);
#1892=VERTEX_POINT('',#6158);
#1893=VERTEX_POINT('',#6159);
#1894=VERTEX_POINT('',#6161);
#1895=VERTEX_POINT('',#6163);
#1896=VERTEX_POINT('',#6167);
#1897=VERTEX_POINT('',#6169);
#1898=VERTEX_POINT('',#6173);
#1899=VERTEX_POINT('',#6175);
#1900=VERTEX_POINT('',#6188);
#1901=VERTEX_POINT('',#6194);
#1902=VERTEX_POINT('',#6211);
#1903=VERTEX_POINT('',#6217);
#1904=VERTEX_POINT('',#6234);
#1905=VERTEX_POINT('',#6240);
#1906=VERTEX_POINT('',#6257);
#1907=VERTEX_POINT('',#6263);
#1908=VERTEX_POINT('',#6271);
#1909=VERTEX_POINT('',#6273);
#1910=VERTEX_POINT('',#6281);
#1911=VERTEX_POINT('',#6282);
#1912=VERTEX_POINT('',#6284);
#1913=VERTEX_POINT('',#6286);
#1914=VERTEX_POINT('',#6290);
#1915=VERTEX_POINT('',#6292);
#1916=VERTEX_POINT('',#6296);
#1917=VERTEX_POINT('',#6298);
#1918=VERTEX_POINT('',#6302);
#1919=VERTEX_POINT('',#6304);
#1920=VERTEX_POINT('',#6308);
#1921=VERTEX_POINT('',#6310);
#1922=VERTEX_POINT('',#6314);
#1923=VERTEX_POINT('',#6316);
#1924=VERTEX_POINT('',#6320);
#1925=VERTEX_POINT('',#6322);
#1926=VERTEX_POINT('',#6326);
#1927=VERTEX_POINT('',#6328);
#1928=VERTEX_POINT('',#6332);
#1929=VERTEX_POINT('',#6334);
#1930=VERTEX_POINT('',#6338);
#1931=VERTEX_POINT('',#6340);
#1932=VERTEX_POINT('',#6344);
#1933=VERTEX_POINT('',#6346);
#1934=VERTEX_POINT('',#6354);
#1935=VERTEX_POINT('',#6355);
#1936=VERTEX_POINT('',#6357);
#1937=VERTEX_POINT('',#6359);
#1938=VERTEX_POINT('',#6363);
#1939=VERTEX_POINT('',#6365);
#1940=VERTEX_POINT('',#6369);
#1941=VERTEX_POINT('',#6371);
#1942=VERTEX_POINT('',#6375);
#1943=VERTEX_POINT('',#6377);
#1944=VERTEX_POINT('',#6381);
#1945=VERTEX_POINT('',#6383);
#1946=VERTEX_POINT('',#6387);
#1947=VERTEX_POINT('',#6389);
#1948=VERTEX_POINT('',#6393);
#1949=VERTEX_POINT('',#6395);
#1950=VERTEX_POINT('',#6403);
#1951=VERTEX_POINT('',#6404);
#1952=VERTEX_POINT('',#6406);
#1953=VERTEX_POINT('',#6408);
#1954=VERTEX_POINT('',#6412);
#1955=VERTEX_POINT('',#6414);
#1956=VERTEX_POINT('',#6418);
#1957=VERTEX_POINT('',#6420);
#1958=VERTEX_POINT('',#6424);
#1959=VERTEX_POINT('',#6426);
#1960=VERTEX_POINT('',#6430);
#1961=VERTEX_POINT('',#6432);
#1962=VERTEX_POINT('',#6436);
#1963=VERTEX_POINT('',#6438);
#1964=VERTEX_POINT('',#6442);
#1965=VERTEX_POINT('',#6444);
#1966=VERTEX_POINT('',#6448);
#1967=VERTEX_POINT('',#6450);
#1968=VERTEX_POINT('',#6454);
#1969=VERTEX_POINT('',#6456);
#1970=VERTEX_POINT('',#6473);
#1971=VERTEX_POINT('',#6474);
#1972=VERTEX_POINT('',#6480);
#1973=VERTEX_POINT('',#6482);
#1974=VERTEX_POINT('',#6499);
#1975=VERTEX_POINT('',#6505);
#1976=VERTEX_POINT('',#6522);
#1977=VERTEX_POINT('',#6528);
#1978=VERTEX_POINT('',#6545);
#1979=VERTEX_POINT('',#6551);
#1980=VERTEX_POINT('',#6568);
#1981=VERTEX_POINT('',#6574);
#1982=VERTEX_POINT('',#6591);
#1983=VERTEX_POINT('',#6597);
#1984=VERTEX_POINT('',#6614);
#1985=VERTEX_POINT('',#6620);
#1986=VERTEX_POINT('',#6657);
#1987=VERTEX_POINT('',#6658);
#1988=VERTEX_POINT('',#6664);
#1989=VERTEX_POINT('',#6666);
#1990=VERTEX_POINT('',#6683);
#1991=VERTEX_POINT('',#6689);
#1992=VERTEX_POINT('',#6706);
#1993=VERTEX_POINT('',#6712);
#1994=VERTEX_POINT('',#6729);
#1995=VERTEX_POINT('',#6735);
#1996=VERTEX_POINT('',#6752);
#1997=VERTEX_POINT('',#6758);
#1998=VERTEX_POINT('',#6775);
#1999=VERTEX_POINT('',#6781);
#2000=VERTEX_POINT('',#6798);
#2001=VERTEX_POINT('',#6804);
#2002=VERTEX_POINT('',#6821);
#2003=VERTEX_POINT('',#6827);
#2004=VERTEX_POINT('',#6844);
#2005=VERTEX_POINT('',#6850);
#2006=VERTEX_POINT('',#6879);
#2007=VERTEX_POINT('',#6880);
#2008=VERTEX_POINT('',#6882);
#2009=VERTEX_POINT('',#6884);
#2010=VERTEX_POINT('',#6888);
#2011=VERTEX_POINT('',#6890);
#2012=VERTEX_POINT('',#6894);
#2013=VERTEX_POINT('',#6896);
#2014=VERTEX_POINT('',#6900);
#2015=VERTEX_POINT('',#6902);
#2016=VERTEX_POINT('',#6906);
#2017=VERTEX_POINT('',#6908);
#2018=VERTEX_POINT('',#6912);
#2019=VERTEX_POINT('',#6914);
#2020=VERTEX_POINT('',#6918);
#2021=VERTEX_POINT('',#6920);
#2022=VERTEX_POINT('',#6924);
#2023=VERTEX_POINT('',#6926);
#2024=VERTEX_POINT('',#6930);
#2025=VERTEX_POINT('',#6932);
#2026=VERTEX_POINT('',#6940);
#2027=VERTEX_POINT('',#6941);
#2028=VERTEX_POINT('',#6943);
#2029=VERTEX_POINT('',#6945);
#2030=VERTEX_POINT('',#6949);
#2031=VERTEX_POINT('',#6951);
#2032=VERTEX_POINT('',#6955);
#2033=VERTEX_POINT('',#6957);
#2034=VERTEX_POINT('',#6961);
#2035=VERTEX_POINT('',#6963);
#2036=VERTEX_POINT('',#6967);
#2037=VERTEX_POINT('',#6969);
#2038=VERTEX_POINT('',#6973);
#2039=VERTEX_POINT('',#6975);
#2040=VERTEX_POINT('',#6979);
#2041=VERTEX_POINT('',#6981);
#2042=VERTEX_POINT('',#6985);
#2043=VERTEX_POINT('',#6987);
#2044=VERTEX_POINT('',#6991);
#2045=VERTEX_POINT('',#6993);
#2046=VERTEX_POINT('',#7010);
#2047=VERTEX_POINT('',#7011);
#2048=VERTEX_POINT('',#7017);
#2049=VERTEX_POINT('',#7019);
#2050=VERTEX_POINT('',#7036);
#2051=VERTEX_POINT('',#7042);
#2052=VERTEX_POINT('',#7059);
#2053=VERTEX_POINT('',#7065);
#2054=VERTEX_POINT('',#7082);
#2055=VERTEX_POINT('',#7088);
#2056=VERTEX_POINT('',#7105);
#2057=VERTEX_POINT('',#7111);
#2058=VERTEX_POINT('',#7128);
#2059=VERTEX_POINT('',#7134);
#2060=VERTEX_POINT('',#7151);
#2061=VERTEX_POINT('',#7157);
#2062=VERTEX_POINT('',#7194);
#2063=VERTEX_POINT('',#7195);
#2064=VERTEX_POINT('',#7201);
#2065=VERTEX_POINT('',#7203);
#2066=VERTEX_POINT('',#7220);
#2067=VERTEX_POINT('',#7226);
#2068=VERTEX_POINT('',#7243);
#2069=VERTEX_POINT('',#7249);
#2070=VERTEX_POINT('',#7266);
#2071=VERTEX_POINT('',#7272);
#2072=VERTEX_POINT('',#7289);
#2073=VERTEX_POINT('',#7295);
#2074=VERTEX_POINT('',#7312);
#2075=VERTEX_POINT('',#7318);
#2076=VERTEX_POINT('',#7335);
#2077=VERTEX_POINT('',#7341);
#2078=VERTEX_POINT('',#7358);
#2079=VERTEX_POINT('',#7364);
#2080=VERTEX_POINT('',#7381);
#2081=VERTEX_POINT('',#7387);
#2082=VERTEX_POINT('',#7416);
#2083=VERTEX_POINT('',#7417);
#2084=VERTEX_POINT('',#7419);
#2085=VERTEX_POINT('',#7421);
#2086=VERTEX_POINT('',#7425);
#2087=VERTEX_POINT('',#7427);
#2088=VERTEX_POINT('',#7434);
#2089=VERTEX_POINT('',#7435);
#2090=VERTEX_POINT('',#7437);
#2091=VERTEX_POINT('',#7439);
#2092=VERTEX_POINT('',#7443);
#2093=VERTEX_POINT('',#7445);
#2094=VERTEX_POINT('',#7449);
#2095=VERTEX_POINT('',#7451);
#2096=VERTEX_POINT('',#7455);
#2097=VERTEX_POINT('',#7457);
#2098=VERTEX_POINT('',#7461);
#2099=VERTEX_POINT('',#7463);
#2100=VERTEX_POINT('',#7467);
#2101=VERTEX_POINT('',#7469);
#2102=VERTEX_POINT('',#7473);
#2103=VERTEX_POINT('',#7475);
#2104=VERTEX_POINT('',#7492);
#2105=VERTEX_POINT('',#7493);
#2106=VERTEX_POINT('',#7499);
#2107=VERTEX_POINT('',#7501);
#2108=VERTEX_POINT('',#7518);
#2109=VERTEX_POINT('',#7524);
#2110=VERTEX_POINT('',#7541);
#2111=VERTEX_POINT('',#7547);
#2112=VERTEX_POINT('',#7564);
#2113=VERTEX_POINT('',#7570);
#2114=VERTEX_POINT('',#7587);
#2115=VERTEX_POINT('',#7593);
#2116=VERTEX_POINT('',#7601);
#2117=VERTEX_POINT('',#7603);
#2118=VERTEX_POINT('',#7607);
#2119=VERTEX_POINT('',#7609);
#2120=VERTEX_POINT('',#7616);
#2121=VERTEX_POINT('',#7617);
#2122=VERTEX_POINT('',#7619);
#2123=VERTEX_POINT('',#7621);
#2124=VERTEX_POINT('',#7634);
#2125=VERTEX_POINT('',#7640);
#2126=VERTEX_POINT('',#7657);
#2127=VERTEX_POINT('',#7663);
#2128=VERTEX_POINT('',#7680);
#2129=VERTEX_POINT('',#7686);
#2130=VERTEX_POINT('',#7703);
#2131=VERTEX_POINT('',#7709);
#2132=VERTEX_POINT('',#7726);
#2133=VERTEX_POINT('',#7732);
#2134=VERTEX_POINT('',#7749);
#2135=VERTEX_POINT('',#7755);
#2136=VERTEX_POINT('',#7772);
#2137=VERTEX_POINT('',#7778);
#2138=VERTEX_POINT('',#7795);
#2139=VERTEX_POINT('',#7801);
#2140=VERTEX_POINT('',#7809);
#2141=VERTEX_POINT('',#7811);
#2142=VERTEX_POINT('',#7828);
#2143=VERTEX_POINT('',#7829);
#2144=VERTEX_POINT('',#7835);
#2145=VERTEX_POINT('',#7837);
#2146=VERTEX_POINT('',#7854);
#2147=VERTEX_POINT('',#7860);
#2148=VERTEX_POINT('',#7877);
#2149=VERTEX_POINT('',#7883);
#2150=VERTEX_POINT('',#7900);
#2151=VERTEX_POINT('',#7906);
#2152=VERTEX_POINT('',#7914);
#2153=VERTEX_POINT('',#7916);
#2154=VERTEX_POINT('',#7920);
#2155=VERTEX_POINT('',#7922);
#2156=VERTEX_POINT('',#7926);
#2157=VERTEX_POINT('',#7928);
#2158=VERTEX_POINT('',#7941);
#2159=VERTEX_POINT('',#7947);
#2160=VERTEX_POINT('',#7964);
#2161=VERTEX_POINT('',#7970);
#2162=VERTEX_POINT('',#7987);
#2163=VERTEX_POINT('',#7993);
#2164=VERTEX_POINT('',#8010);
#2165=VERTEX_POINT('',#8016);
#2166=VERTEX_POINT('',#8033);
#2167=VERTEX_POINT('',#8039);
#2168=VERTEX_POINT('',#8056);
#2169=VERTEX_POINT('',#8062);
#2170=VERTEX_POINT('',#8079);
#2171=VERTEX_POINT('',#8085);
#2172=VERTEX_POINT('',#8102);
#2173=VERTEX_POINT('',#8108);
#2174=VERTEX_POINT('',#8125);
#2175=VERTEX_POINT('',#8131);
#2176=VERTEX_POINT('',#8139);
#2177=VERTEX_POINT('',#8141);
#2178=VERTEX_POINT('',#8145);
#2179=VERTEX_POINT('',#8147);
#2180=VERTEX_POINT('',#8155);
#2181=VERTEX_POINT('',#8156);
#2182=VERTEX_POINT('',#8158);
#2183=VERTEX_POINT('',#8160);
#2184=VERTEX_POINT('',#8164);
#2185=VERTEX_POINT('',#8166);
#2186=VERTEX_POINT('',#8174);
#2187=VERTEX_POINT('',#8175);
#2188=VERTEX_POINT('',#8177);
#2189=VERTEX_POINT('',#8179);
#2190=VERTEX_POINT('',#8181);
#2191=VERTEX_POINT('',#8183);
#2192=VERTEX_POINT('',#8185);
#2193=VERTEX_POINT('',#8187);
#2194=VERTEX_POINT('',#8189);
#2195=VERTEX_POINT('',#8191);
#2196=VERTEX_POINT('',#8193);
#2197=VERTEX_POINT('',#8195);
#2198=VERTEX_POINT('',#8198);
#2199=VERTEX_POINT('',#8200);
#2200=VERTEX_POINT('',#8202);
#2201=VERTEX_POINT('',#8204);
#2202=VERTEX_POINT('',#8206);
#2203=VERTEX_POINT('',#8213);
#2204=VERTEX_POINT('',#8214);
#2205=VERTEX_POINT('',#8216);
#2206=VERTEX_POINT('',#8218);
#2207=VERTEX_POINT('',#8222);
#2208=VERTEX_POINT('',#8224);
#2209=VERTEX_POINT('',#8228);
#2210=VERTEX_POINT('',#8229);
#2211=VERTEX_POINT('',#8234);
#2212=VERTEX_POINT('',#8236);
#2213=VERTEX_POINT('',#8240);
#2214=VERTEX_POINT('',#8241);
#2215=VERTEX_POINT('',#8246);
#2216=VERTEX_POINT('',#8248);
#2217=VERTEX_POINT('',#8252);
#2218=VERTEX_POINT('',#8253);
#2219=VERTEX_POINT('',#8261);
#2220=VERTEX_POINT('',#8263);
#2221=VERTEX_POINT('',#8267);
#2222=VERTEX_POINT('',#8271);
#2223=VERTEX_POINT('',#8275);
#2224=VERTEX_POINT('',#8280);
#2225=VERTEX_POINT('',#8282);
#2226=VERTEX_POINT('',#8288);
#2227=VERTEX_POINT('',#8294);
#2228=VERTEX_POINT('',#8295);
#2229=VERTEX_POINT('',#8297);
#2230=VERTEX_POINT('',#8299);
#2231=VERTEX_POINT('',#8303);
#2232=VERTEX_POINT('',#8304);
#2233=VERTEX_POINT('',#8306);
#2234=VERTEX_POINT('',#8308);
#2235=VERTEX_POINT('',#8315);
#2236=VERTEX_POINT('',#8317);
#2237=VERTEX_POINT('',#8319);
#2238=VERTEX_POINT('',#8321);
#2239=VERTEX_POINT('',#8325);
#2240=VERTEX_POINT('',#8327);
#2241=VERTEX_POINT('',#8329);
#2242=VERTEX_POINT('',#8331);
#2243=VERTEX_POINT('',#8333);
#2244=VERTEX_POINT('',#8337);
#2245=VERTEX_POINT('',#8339);
#2246=VERTEX_POINT('',#8343);
#2247=VERTEX_POINT('',#8344);
#2248=VERTEX_POINT('',#8346);
#2249=VERTEX_POINT('',#8348);
#2250=VERTEX_POINT('',#8355);
#2251=VERTEX_POINT('',#8356);
#2252=VERTEX_POINT('',#8358);
#2253=VERTEX_POINT('',#8360);
#2254=VERTEX_POINT('',#8364);
#2255=VERTEX_POINT('',#8365);
#2256=VERTEX_POINT('',#8367);
#2257=VERTEX_POINT('',#8369);
#2258=VERTEX_POINT('',#8376);
#2259=VERTEX_POINT('',#8378);
#2260=VERTEX_POINT('',#8380);
#2261=VERTEX_POINT('',#8382);
#2262=VERTEX_POINT('',#8384);
#2263=VERTEX_POINT('',#8386);
#2264=VERTEX_POINT('',#8390);
#2265=VERTEX_POINT('',#8392);
#2266=VERTEX_POINT('',#8394);
#2267=VERTEX_POINT('',#8396);
#2268=VERTEX_POINT('',#8398);
#2269=VERTEX_POINT('',#8400);
#2270=VERTEX_POINT('',#8402);
#2271=VERTEX_POINT('',#8404);
#2272=VERTEX_POINT('',#8406);
#2273=VERTEX_POINT('',#8408);
#2274=VERTEX_POINT('',#8410);
#2275=VERTEX_POINT('',#8412);
#2276=VERTEX_POINT('',#8414);
#2277=VERTEX_POINT('',#8421);
#2278=VERTEX_POINT('',#8423);
#2279=VERTEX_POINT('',#8427);
#2280=VERTEX_POINT('',#8429);
#2281=VERTEX_POINT('',#8433);
#2282=VERTEX_POINT('',#8437);
#2283=VERTEX_POINT('',#8441);
#2284=VERTEX_POINT('',#8445);
#2285=VERTEX_POINT('',#8454);
#2286=VERTEX_POINT('',#8458);
#2287=VERTEX_POINT('',#8462);
#2288=VERTEX_POINT('',#8466);
#2289=VERTEX_POINT('',#8482);
#2290=VERTEX_POINT('',#8484);
#2291=VERTEX_POINT('',#8489);
#2292=VERTEX_POINT('',#8493);
#2293=VERTEX_POINT('',#8497);
#2294=VERTEX_POINT('',#8501);
#2295=VERTEX_POINT('',#8505);
#2296=VERTEX_POINT('',#8509);
#2297=VERTEX_POINT('',#8513);
#2298=VERTEX_POINT('',#8517);
#2299=VERTEX_POINT('',#8521);
#2300=VERTEX_POINT('',#8525);
#2301=VERTEX_POINT('',#8529);
#2302=VERTEX_POINT('',#8532);
#2303=VERTEX_POINT('',#8535);
#2304=VERTEX_POINT('',#8538);
#2305=VERTEX_POINT('',#8541);
#2306=VERTEX_POINT('',#8544);
#2307=VERTEX_POINT('',#8548);
#2308=VERTEX_POINT('',#8552);
#2309=VERTEX_POINT('',#8556);
#2310=VERTEX_POINT('',#8560);
#2311=VERTEX_POINT('',#8564);
#2312=VERTEX_POINT('',#8566);
#2313=VERTEX_POINT('',#8570);
#2314=VERTEX_POINT('',#8576);
#2315=VERTEX_POINT('',#8580);
#2316=VERTEX_POINT('',#8584);
#2317=VERTEX_POINT('',#8588);
#2318=VERTEX_POINT('',#8592);
#2319=VERTEX_POINT('',#8596);
#2320=VERTEX_POINT('',#8600);
#2321=VERTEX_POINT('',#8604);
#2322=VERTEX_POINT('',#8610);
#2323=EDGE_CURVE('',#1878,#1879,#928,.T.);
#2324=EDGE_CURVE('',#1878,#1880,#929,.T.);
#2325=EDGE_CURVE('',#1880,#1881,#930,.T.);
#2326=EDGE_CURVE('',#1879,#1881,#931,.T.);
#2327=EDGE_CURVE('',#1882,#1878,#165,.T.);
#2328=EDGE_CURVE('',#1882,#1883,#932,.T.);
#2329=EDGE_CURVE('',#1883,#1880,#166,.T.);
#2330=EDGE_CURVE('',#1884,#1882,#167,.T.);
#2331=EDGE_CURVE('',#1884,#1885,#933,.T.);
#2332=EDGE_CURVE('',#1885,#1883,#168,.T.);
#2333=EDGE_CURVE('',#1886,#1884,#169,.T.);
#2334=EDGE_CURVE('',#1886,#1887,#934,.T.);
#2335=EDGE_CURVE('',#1887,#1885,#170,.T.);
#2336=EDGE_CURVE('',#1888,#1886,#171,.T.);
#2337=EDGE_CURVE('',#1888,#1889,#935,.T.);
#2338=EDGE_CURVE('',#1889,#1887,#172,.T.);
#2339=EDGE_CURVE('',#1890,#1888,#936,.T.);
#2340=EDGE_CURVE('',#1890,#1891,#937,.T.);
#2341=EDGE_CURVE('',#1891,#1889,#938,.T.);
#2342=EDGE_CURVE('',#1879,#1890,#939,.T.);
#2343=EDGE_CURVE('',#1881,#1891,#940,.T.);
#2344=EDGE_CURVE('',#1892,#1893,#941,.T.);
#2345=EDGE_CURVE('',#1892,#1894,#942,.T.);
#2346=EDGE_CURVE('',#1894,#1895,#943,.T.);
#2347=EDGE_CURVE('',#1893,#1895,#944,.T.);
#2348=EDGE_CURVE('',#1896,#1892,#945,.T.);
#2349=EDGE_CURVE('',#1896,#1897,#946,.T.);
#2350=EDGE_CURVE('',#1897,#1894,#947,.T.);
#2351=EDGE_CURVE('',#1898,#1896,#948,.T.);
#2352=EDGE_CURVE('',#1898,#1899,#949,.T.);
#2353=EDGE_CURVE('',#1899,#1897,#950,.T.);
#2354=EDGE_CURVE('',#1900,#1898,#173,.T.);
#2355=EDGE_CURVE('',#1900,#1901,#951,.T.);
#2356=EDGE_CURVE('',#1901,#1899,#174,.T.);
#2357=EDGE_CURVE('',#1902,#1900,#175,.T.);
#2358=EDGE_CURVE('',#1902,#1903,#952,.T.);
#2359=EDGE_CURVE('',#1903,#1901,#176,.T.);
#2360=EDGE_CURVE('',#1904,#1902,#177,.T.);
#2361=EDGE_CURVE('',#1904,#1905,#953,.T.);
#2362=EDGE_CURVE('',#1905,#1903,#178,.T.);
#2363=EDGE_CURVE('',#1906,#1904,#179,.T.);
#2364=EDGE_CURVE('',#1906,#1907,#954,.T.);
#2365=EDGE_CURVE('',#1907,#1905,#180,.T.);
#2366=EDGE_CURVE('',#1908,#1906,#955,.T.);
#2367=EDGE_CURVE('',#1908,#1909,#956,.T.);
#2368=EDGE_CURVE('',#1909,#1907,#957,.T.);
#2369=EDGE_CURVE('',#1893,#1908,#958,.T.);
#2370=EDGE_CURVE('',#1895,#1909,#959,.T.);
#2371=EDGE_CURVE('',#1910,#1911,#960,.T.);
#2372=EDGE_CURVE('',#1910,#1912,#961,.T.);
#2373=EDGE_CURVE('',#1912,#1913,#962,.T.);
#2374=EDGE_CURVE('',#1911,#1913,#963,.T.);
#2375=EDGE_CURVE('',#1914,#1910,#964,.T.);
#2376=EDGE_CURVE('',#1914,#1915,#965,.T.);
#2377=EDGE_CURVE('',#1915,#1912,#966,.T.);
#2378=EDGE_CURVE('',#1916,#1914,#967,.T.);
#2379=EDGE_CURVE('',#1916,#1917,#968,.T.);
#2380=EDGE_CURVE('',#1917,#1915,#969,.T.);
#2381=EDGE_CURVE('',#1918,#1916,#970,.T.);
#2382=EDGE_CURVE('',#1918,#1919,#971,.T.);
#2383=EDGE_CURVE('',#1919,#1917,#972,.T.);
#2384=EDGE_CURVE('',#1920,#1918,#973,.T.);
#2385=EDGE_CURVE('',#1920,#1921,#974,.T.);
#2386=EDGE_CURVE('',#1921,#1919,#975,.T.);
#2387=EDGE_CURVE('',#1922,#1920,#976,.T.);
#2388=EDGE_CURVE('',#1922,#1923,#977,.T.);
#2389=EDGE_CURVE('',#1923,#1921,#978,.T.);
#2390=EDGE_CURVE('',#1924,#1922,#979,.T.);
#2391=EDGE_CURVE('',#1924,#1925,#980,.T.);
#2392=EDGE_CURVE('',#1925,#1923,#981,.T.);
#2393=EDGE_CURVE('',#1926,#1924,#982,.T.);
#2394=EDGE_CURVE('',#1926,#1927,#983,.T.);
#2395=EDGE_CURVE('',#1927,#1925,#984,.T.);
#2396=EDGE_CURVE('',#1928,#1926,#985,.T.);
#2397=EDGE_CURVE('',#1928,#1929,#986,.T.);
#2398=EDGE_CURVE('',#1929,#1927,#987,.T.);
#2399=EDGE_CURVE('',#1930,#1928,#988,.T.);
#2400=EDGE_CURVE('',#1930,#1931,#989,.T.);
#2401=EDGE_CURVE('',#1931,#1929,#990,.T.);
#2402=EDGE_CURVE('',#1932,#1930,#991,.T.);
#2403=EDGE_CURVE('',#1932,#1933,#992,.T.);
#2404=EDGE_CURVE('',#1933,#1931,#993,.T.);
#2405=EDGE_CURVE('',#1911,#1932,#994,.T.);
#2406=EDGE_CURVE('',#1913,#1933,#995,.T.);
#2407=EDGE_CURVE('',#1934,#1935,#996,.T.);
#2408=EDGE_CURVE('',#1934,#1936,#997,.T.);
#2409=EDGE_CURVE('',#1936,#1937,#998,.T.);
#2410=EDGE_CURVE('',#1935,#1937,#999,.T.);
#2411=EDGE_CURVE('',#1938,#1934,#1000,.T.);
#2412=EDGE_CURVE('',#1938,#1939,#1001,.T.);
#2413=EDGE_CURVE('',#1939,#1936,#1002,.T.);
#2414=EDGE_CURVE('',#1940,#1938,#1003,.T.);
#2415=EDGE_CURVE('',#1940,#1941,#1004,.T.);
#2416=EDGE_CURVE('',#1941,#1939,#1005,.T.);
#2417=EDGE_CURVE('',#1942,#1940,#1006,.T.);
#2418=EDGE_CURVE('',#1942,#1943,#1007,.T.);
#2419=EDGE_CURVE('',#1943,#1941,#1008,.T.);
#2420=EDGE_CURVE('',#1944,#1942,#1009,.T.);
#2421=EDGE_CURVE('',#1944,#1945,#1010,.T.);
#2422=EDGE_CURVE('',#1945,#1943,#1011,.T.);
#2423=EDGE_CURVE('',#1946,#1944,#1012,.T.);
#2424=EDGE_CURVE('',#1946,#1947,#1013,.T.);
#2425=EDGE_CURVE('',#1947,#1945,#1014,.T.);
#2426=EDGE_CURVE('',#1948,#1946,#1015,.T.);
#2427=EDGE_CURVE('',#1948,#1949,#1016,.T.);
#2428=EDGE_CURVE('',#1949,#1947,#1017,.T.);
#2429=EDGE_CURVE('',#1935,#1948,#1018,.T.);
#2430=EDGE_CURVE('',#1937,#1949,#1019,.T.);
#2431=EDGE_CURVE('',#1950,#1951,#1020,.T.);
#2432=EDGE_CURVE('',#1950,#1952,#1021,.T.);
#2433=EDGE_CURVE('',#1952,#1953,#1022,.T.);
#2434=EDGE_CURVE('',#1951,#1953,#1023,.T.);
#2435=EDGE_CURVE('',#1954,#1950,#1024,.T.);
#2436=EDGE_CURVE('',#1954,#1955,#1025,.T.);
#2437=EDGE_CURVE('',#1955,#1952,#1026,.T.);
#2438=EDGE_CURVE('',#1956,#1954,#1027,.T.);
#2439=EDGE_CURVE('',#1956,#1957,#1028,.T.);
#2440=EDGE_CURVE('',#1957,#1955,#1029,.T.);
#2441=EDGE_CURVE('',#1958,#1956,#1030,.T.);
#2442=EDGE_CURVE('',#1958,#1959,#1031,.T.);
#2443=EDGE_CURVE('',#1959,#1957,#1032,.T.);
#2444=EDGE_CURVE('',#1960,#1958,#1033,.T.);
#2445=EDGE_CURVE('',#1960,#1961,#1034,.T.);
#2446=EDGE_CURVE('',#1961,#1959,#1035,.T.);
#2447=EDGE_CURVE('',#1962,#1960,#1036,.T.);
#2448=EDGE_CURVE('',#1962,#1963,#1037,.T.);
#2449=EDGE_CURVE('',#1963,#1961,#1038,.T.);
#2450=EDGE_CURVE('',#1964,#1962,#1039,.T.);
#2451=EDGE_CURVE('',#1964,#1965,#1040,.T.);
#2452=EDGE_CURVE('',#1965,#1963,#1041,.T.);
#2453=EDGE_CURVE('',#1966,#1964,#1042,.T.);
#2454=EDGE_CURVE('',#1966,#1967,#1043,.T.);
#2455=EDGE_CURVE('',#1967,#1965,#1044,.T.);
#2456=EDGE_CURVE('',#1968,#1966,#1045,.T.);
#2457=EDGE_CURVE('',#1968,#1969,#1046,.T.);
#2458=EDGE_CURVE('',#1969,#1967,#1047,.T.);
#2459=EDGE_CURVE('',#1951,#1968,#1048,.T.);
#2460=EDGE_CURVE('',#1953,#1969,#1049,.T.);
#2461=EDGE_CURVE('',#1970,#1971,#181,.T.);
#2462=EDGE_CURVE('',#1970,#1972,#1050,.T.);
#2463=EDGE_CURVE('',#1972,#1973,#182,.T.);
#2464=EDGE_CURVE('',#1971,#1973,#1051,.T.);
#2465=EDGE_CURVE('',#1974,#1970,#183,.T.);
#2466=EDGE_CURVE('',#1974,#1975,#1052,.T.);
#2467=EDGE_CURVE('',#1975,#1972,#184,.T.);
#2468=EDGE_CURVE('',#1976,#1974,#185,.T.);
#2469=EDGE_CURVE('',#1976,#1977,#1053,.T.);
#2470=EDGE_CURVE('',#1977,#1975,#186,.T.);
#2471=EDGE_CURVE('',#1978,#1976,#187,.T.);
#2472=EDGE_CURVE('',#1978,#1979,#1054,.T.);
#2473=EDGE_CURVE('',#1979,#1977,#188,.T.);
#2474=EDGE_CURVE('',#1980,#1978,#189,.T.);
#2475=EDGE_CURVE('',#1980,#1981,#1055,.T.);
#2476=EDGE_CURVE('',#1981,#1979,#190,.T.);
#2477=EDGE_CURVE('',#1982,#1980,#191,.T.);
#2478=EDGE_CURVE('',#1982,#1983,#1056,.T.);
#2479=EDGE_CURVE('',#1983,#1981,#192,.T.);
#2480=EDGE_CURVE('',#1984,#1982,#193,.T.);
#2481=EDGE_CURVE('',#1984,#1985,#1057,.T.);
#2482=EDGE_CURVE('',#1985,#1983,#194,.T.);
#2483=EDGE_CURVE('',#1971,#1984,#195,.T.);
#2484=EDGE_CURVE('',#1973,#1985,#196,.T.);
#2485=EDGE_CURVE('',#1986,#1987,#197,.T.);
#2486=EDGE_CURVE('',#1986,#1988,#1058,.T.);
#2487=EDGE_CURVE('',#1988,#1989,#198,.T.);
#2488=EDGE_CURVE('',#1987,#1989,#1059,.T.);
#2489=EDGE_CURVE('',#1990,#1986,#199,.T.);
#2490=EDGE_CURVE('',#1990,#1991,#1060,.T.);
#2491=EDGE_CURVE('',#1991,#1988,#200,.T.);
#2492=EDGE_CURVE('',#1992,#1990,#201,.T.);
#2493=EDGE_CURVE('',#1992,#1993,#1061,.T.);
#2494=EDGE_CURVE('',#1993,#1991,#202,.T.);
#2495=EDGE_CURVE('',#1994,#1992,#203,.T.);
#2496=EDGE_CURVE('',#1994,#1995,#1062,.T.);
#2497=EDGE_CURVE('',#1995,#1993,#204,.T.);
#2498=EDGE_CURVE('',#1996,#1994,#205,.T.);
#2499=EDGE_CURVE('',#1996,#1997,#1063,.T.);
#2500=EDGE_CURVE('',#1997,#1995,#206,.T.);
#2501=EDGE_CURVE('',#1998,#1996,#207,.T.);
#2502=EDGE_CURVE('',#1998,#1999,#1064,.T.);
#2503=EDGE_CURVE('',#1999,#1997,#208,.T.);
#2504=EDGE_CURVE('',#2000,#1998,#209,.T.);
#2505=EDGE_CURVE('',#2000,#2001,#1065,.T.);
#2506=EDGE_CURVE('',#2001,#1999,#210,.T.);
#2507=EDGE_CURVE('',#2002,#2000,#211,.T.);
#2508=EDGE_CURVE('',#2002,#2003,#1066,.T.);
#2509=EDGE_CURVE('',#2003,#2001,#212,.T.);
#2510=EDGE_CURVE('',#2004,#2002,#213,.T.);
#2511=EDGE_CURVE('',#2004,#2005,#1067,.T.);
#2512=EDGE_CURVE('',#2005,#2003,#214,.T.);
#2513=EDGE_CURVE('',#1987,#2004,#215,.T.);
#2514=EDGE_CURVE('',#1989,#2005,#216,.T.);
#2515=EDGE_CURVE('',#2006,#2007,#1068,.T.);
#2516=EDGE_CURVE('',#2006,#2008,#1069,.T.);
#2517=EDGE_CURVE('',#2008,#2009,#1070,.T.);
#2518=EDGE_CURVE('',#2007,#2009,#1071,.T.);
#2519=EDGE_CURVE('',#2010,#2006,#1072,.T.);
#2520=EDGE_CURVE('',#2010,#2011,#1073,.T.);
#2521=EDGE_CURVE('',#2011,#2008,#1074,.T.);
#2522=EDGE_CURVE('',#2012,#2010,#1075,.T.);
#2523=EDGE_CURVE('',#2012,#2013,#1076,.T.);
#2524=EDGE_CURVE('',#2013,#2011,#1077,.T.);
#2525=EDGE_CURVE('',#2014,#2012,#1078,.T.);
#2526=EDGE_CURVE('',#2014,#2015,#1079,.T.);
#2527=EDGE_CURVE('',#2015,#2013,#1080,.T.);
#2528=EDGE_CURVE('',#2016,#2014,#1081,.T.);
#2529=EDGE_CURVE('',#2016,#2017,#1082,.T.);
#2530=EDGE_CURVE('',#2017,#2015,#1083,.T.);
#2531=EDGE_CURVE('',#2018,#2016,#1084,.T.);
#2532=EDGE_CURVE('',#2018,#2019,#1085,.T.);
#2533=EDGE_CURVE('',#2019,#2017,#1086,.T.);
#2534=EDGE_CURVE('',#2020,#2018,#1087,.T.);
#2535=EDGE_CURVE('',#2020,#2021,#1088,.T.);
#2536=EDGE_CURVE('',#2021,#2019,#1089,.T.);
#2537=EDGE_CURVE('',#2022,#2020,#1090,.T.);
#2538=EDGE_CURVE('',#2022,#2023,#1091,.T.);
#2539=EDGE_CURVE('',#2023,#2021,#1092,.T.);
#2540=EDGE_CURVE('',#2024,#2022,#1093,.T.);
#2541=EDGE_CURVE('',#2024,#2025,#1094,.T.);
#2542=EDGE_CURVE('',#2025,#2023,#1095,.T.);
#2543=EDGE_CURVE('',#2007,#2024,#1096,.T.);
#2544=EDGE_CURVE('',#2009,#2025,#1097,.T.);
#2545=EDGE_CURVE('',#2026,#2027,#1098,.T.);
#2546=EDGE_CURVE('',#2026,#2028,#1099,.T.);
#2547=EDGE_CURVE('',#2028,#2029,#1100,.T.);
#2548=EDGE_CURVE('',#2027,#2029,#1101,.T.);
#2549=EDGE_CURVE('',#2030,#2026,#1102,.T.);
#2550=EDGE_CURVE('',#2030,#2031,#1103,.T.);
#2551=EDGE_CURVE('',#2031,#2028,#1104,.T.);
#2552=EDGE_CURVE('',#2032,#2030,#1105,.T.);
#2553=EDGE_CURVE('',#2032,#2033,#1106,.T.);
#2554=EDGE_CURVE('',#2033,#2031,#1107,.T.);
#2555=EDGE_CURVE('',#2034,#2032,#1108,.T.);
#2556=EDGE_CURVE('',#2034,#2035,#1109,.T.);
#2557=EDGE_CURVE('',#2035,#2033,#1110,.T.);
#2558=EDGE_CURVE('',#2036,#2034,#1111,.T.);
#2559=EDGE_CURVE('',#2036,#2037,#1112,.T.);
#2560=EDGE_CURVE('',#2037,#2035,#1113,.T.);
#2561=EDGE_CURVE('',#2038,#2036,#1114,.T.);
#2562=EDGE_CURVE('',#2038,#2039,#1115,.T.);
#2563=EDGE_CURVE('',#2039,#2037,#1116,.T.);
#2564=EDGE_CURVE('',#2040,#2038,#1117,.T.);
#2565=EDGE_CURVE('',#2040,#2041,#1118,.T.);
#2566=EDGE_CURVE('',#2041,#2039,#1119,.T.);
#2567=EDGE_CURVE('',#2042,#2040,#1120,.T.);
#2568=EDGE_CURVE('',#2042,#2043,#1121,.T.);
#2569=EDGE_CURVE('',#2043,#2041,#1122,.T.);
#2570=EDGE_CURVE('',#2044,#2042,#1123,.T.);
#2571=EDGE_CURVE('',#2044,#2045,#1124,.T.);
#2572=EDGE_CURVE('',#2045,#2043,#1125,.T.);
#2573=EDGE_CURVE('',#2027,#2044,#1126,.T.);
#2574=EDGE_CURVE('',#2029,#2045,#1127,.T.);
#2575=EDGE_CURVE('',#2046,#2047,#217,.T.);
#2576=EDGE_CURVE('',#2046,#2048,#1128,.T.);
#2577=EDGE_CURVE('',#2048,#2049,#218,.T.);
#2578=EDGE_CURVE('',#2047,#2049,#1129,.T.);
#2579=EDGE_CURVE('',#2050,#2046,#219,.T.);
#2580=EDGE_CURVE('',#2050,#2051,#1130,.T.);
#2581=EDGE_CURVE('',#2051,#2048,#220,.T.);
#2582=EDGE_CURVE('',#2052,#2050,#221,.T.);
#2583=EDGE_CURVE('',#2052,#2053,#1131,.T.);
#2584=EDGE_CURVE('',#2053,#2051,#222,.T.);
#2585=EDGE_CURVE('',#2054,#2052,#223,.T.);
#2586=EDGE_CURVE('',#2054,#2055,#1132,.T.);
#2587=EDGE_CURVE('',#2055,#2053,#224,.T.);
#2588=EDGE_CURVE('',#2056,#2054,#225,.T.);
#2589=EDGE_CURVE('',#2056,#2057,#1133,.T.);
#2590=EDGE_CURVE('',#2057,#2055,#226,.T.);
#2591=EDGE_CURVE('',#2058,#2056,#227,.T.);
#2592=EDGE_CURVE('',#2058,#2059,#1134,.T.);
#2593=EDGE_CURVE('',#2059,#2057,#228,.T.);
#2594=EDGE_CURVE('',#2060,#2058,#229,.T.);
#2595=EDGE_CURVE('',#2060,#2061,#1135,.T.);
#2596=EDGE_CURVE('',#2061,#2059,#230,.T.);
#2597=EDGE_CURVE('',#2047,#2060,#231,.T.);
#2598=EDGE_CURVE('',#2049,#2061,#232,.T.);
#2599=EDGE_CURVE('',#2062,#2063,#233,.T.);
#2600=EDGE_CURVE('',#2062,#2064,#1136,.T.);
#2601=EDGE_CURVE('',#2064,#2065,#234,.T.);
#2602=EDGE_CURVE('',#2063,#2065,#1137,.T.);
#2603=EDGE_CURVE('',#2066,#2062,#235,.T.);
#2604=EDGE_CURVE('',#2066,#2067,#1138,.T.);
#2605=EDGE_CURVE('',#2067,#2064,#236,.T.);
#2606=EDGE_CURVE('',#2068,#2066,#237,.T.);
#2607=EDGE_CURVE('',#2068,#2069,#1139,.T.);
#2608=EDGE_CURVE('',#2069,#2067,#238,.T.);
#2609=EDGE_CURVE('',#2070,#2068,#239,.T.);
#2610=EDGE_CURVE('',#2070,#2071,#1140,.T.);
#2611=EDGE_CURVE('',#2071,#2069,#240,.T.);
#2612=EDGE_CURVE('',#2072,#2070,#241,.T.);
#2613=EDGE_CURVE('',#2072,#2073,#1141,.T.);
#2614=EDGE_CURVE('',#2073,#2071,#242,.T.);
#2615=EDGE_CURVE('',#2074,#2072,#243,.T.);
#2616=EDGE_CURVE('',#2074,#2075,#1142,.T.);
#2617=EDGE_CURVE('',#2075,#2073,#244,.T.);
#2618=EDGE_CURVE('',#2076,#2074,#245,.T.);
#2619=EDGE_CURVE('',#2076,#2077,#1143,.T.);
#2620=EDGE_CURVE('',#2077,#2075,#246,.T.);
#2621=EDGE_CURVE('',#2078,#2076,#247,.T.);
#2622=EDGE_CURVE('',#2078,#2079,#1144,.T.);
#2623=EDGE_CURVE('',#2079,#2077,#248,.T.);
#2624=EDGE_CURVE('',#2080,#2078,#249,.T.);
#2625=EDGE_CURVE('',#2080,#2081,#1145,.T.);
#2626=EDGE_CURVE('',#2081,#2079,#250,.T.);
#2627=EDGE_CURVE('',#2063,#2080,#251,.T.);
#2628=EDGE_CURVE('',#2065,#2081,#252,.T.);
#2629=EDGE_CURVE('',#2082,#2083,#1146,.T.);
#2630=EDGE_CURVE('',#2082,#2084,#1147,.T.);
#2631=EDGE_CURVE('',#2084,#2085,#1148,.T.);
#2632=EDGE_CURVE('',#2083,#2085,#1149,.T.);
#2633=EDGE_CURVE('',#2086,#2082,#1150,.T.);
#2634=EDGE_CURVE('',#2086,#2087,#1151,.T.);
#2635=EDGE_CURVE('',#2087,#2084,#1152,.T.);
#2636=EDGE_CURVE('',#2083,#2086,#1153,.T.);
#2637=EDGE_CURVE('',#2085,#2087,#1154,.T.);
#2638=EDGE_CURVE('',#2088,#2089,#1155,.T.);
#2639=EDGE_CURVE('',#2088,#2090,#1156,.T.);
#2640=EDGE_CURVE('',#2090,#2091,#1157,.T.);
#2641=EDGE_CURVE('',#2089,#2091,#1158,.T.);
#2642=EDGE_CURVE('',#2092,#2088,#1159,.T.);
#2643=EDGE_CURVE('',#2092,#2093,#1160,.T.);
#2644=EDGE_CURVE('',#2093,#2090,#1161,.T.);
#2645=EDGE_CURVE('',#2094,#2092,#1162,.T.);
#2646=EDGE_CURVE('',#2094,#2095,#1163,.T.);
#2647=EDGE_CURVE('',#2095,#2093,#1164,.T.);
#2648=EDGE_CURVE('',#2096,#2094,#1165,.T.);
#2649=EDGE_CURVE('',#2096,#2097,#1166,.T.);
#2650=EDGE_CURVE('',#2097,#2095,#1167,.T.);
#2651=EDGE_CURVE('',#2098,#2096,#1168,.T.);
#2652=EDGE_CURVE('',#2098,#2099,#1169,.T.);
#2653=EDGE_CURVE('',#2099,#2097,#1170,.T.);
#2654=EDGE_CURVE('',#2100,#2098,#1171,.T.);
#2655=EDGE_CURVE('',#2100,#2101,#1172,.T.);
#2656=EDGE_CURVE('',#2101,#2099,#1173,.T.);
#2657=EDGE_CURVE('',#2102,#2100,#1174,.T.);
#2658=EDGE_CURVE('',#2102,#2103,#1175,.T.);
#2659=EDGE_CURVE('',#2103,#2101,#1176,.T.);
#2660=EDGE_CURVE('',#2089,#2102,#1177,.T.);
#2661=EDGE_CURVE('',#2091,#2103,#1178,.T.);
#2662=EDGE_CURVE('',#2104,#2105,#253,.T.);
#2663=EDGE_CURVE('',#2104,#2106,#1179,.T.);
#2664=EDGE_CURVE('',#2106,#2107,#254,.T.);
#2665=EDGE_CURVE('',#2105,#2107,#1180,.T.);
#2666=EDGE_CURVE('',#2108,#2104,#255,.T.);
#2667=EDGE_CURVE('',#2108,#2109,#1181,.T.);
#2668=EDGE_CURVE('',#2109,#2106,#256,.T.);
#2669=EDGE_CURVE('',#2110,#2108,#257,.T.);
#2670=EDGE_CURVE('',#2110,#2111,#1182,.T.);
#2671=EDGE_CURVE('',#2111,#2109,#258,.T.);
#2672=EDGE_CURVE('',#2112,#2110,#259,.T.);
#2673=EDGE_CURVE('',#2112,#2113,#1183,.T.);
#2674=EDGE_CURVE('',#2113,#2111,#260,.T.);
#2675=EDGE_CURVE('',#2114,#2112,#261,.T.);
#2676=EDGE_CURVE('',#2114,#2115,#1184,.T.);
#2677=EDGE_CURVE('',#2115,#2113,#262,.T.);
#2678=EDGE_CURVE('',#2116,#2114,#1185,.T.);
#2679=EDGE_CURVE('',#2116,#2117,#1186,.T.);
#2680=EDGE_CURVE('',#2117,#2115,#1187,.T.);
#2681=EDGE_CURVE('',#2118,#2116,#1188,.T.);
#2682=EDGE_CURVE('',#2118,#2119,#1189,.T.);
#2683=EDGE_CURVE('',#2119,#2117,#1190,.T.);
#2684=EDGE_CURVE('',#2105,#2118,#1191,.T.);
#2685=EDGE_CURVE('',#2107,#2119,#1192,.T.);
#2686=EDGE_CURVE('',#2120,#2121,#1193,.T.);
#2687=EDGE_CURVE('',#2120,#2122,#1194,.T.);
#2688=EDGE_CURVE('',#2122,#2123,#1195,.T.);
#2689=EDGE_CURVE('',#2121,#2123,#1196,.T.);
#2690=EDGE_CURVE('',#2124,#2120,#263,.T.);
#2691=EDGE_CURVE('',#2124,#2125,#1197,.T.);
#2692=EDGE_CURVE('',#2125,#2122,#264,.T.);
#2693=EDGE_CURVE('',#2126,#2124,#265,.T.);
#2694=EDGE_CURVE('',#2126,#2127,#1198,.T.);
#2695=EDGE_CURVE('',#2127,#2125,#266,.T.);
#2696=EDGE_CURVE('',#2128,#2126,#267,.T.);
#2697=EDGE_CURVE('',#2128,#2129,#1199,.T.);
#2698=EDGE_CURVE('',#2129,#2127,#268,.T.);
#2699=EDGE_CURVE('',#2130,#2128,#269,.T.);
#2700=EDGE_CURVE('',#2130,#2131,#1200,.T.);
#2701=EDGE_CURVE('',#2131,#2129,#270,.T.);
#2702=EDGE_CURVE('',#2132,#2130,#271,.T.);
#2703=EDGE_CURVE('',#2132,#2133,#1201,.T.);
#2704=EDGE_CURVE('',#2133,#2131,#272,.T.);
#2705=EDGE_CURVE('',#2134,#2132,#273,.T.);
#2706=EDGE_CURVE('',#2134,#2135,#1202,.T.);
#2707=EDGE_CURVE('',#2135,#2133,#274,.T.);
#2708=EDGE_CURVE('',#2136,#2134,#275,.T.);
#2709=EDGE_CURVE('',#2136,#2137,#1203,.T.);
#2710=EDGE_CURVE('',#2137,#2135,#276,.T.);
#2711=EDGE_CURVE('',#2138,#2136,#277,.T.);
#2712=EDGE_CURVE('',#2138,#2139,#1204,.T.);
#2713=EDGE_CURVE('',#2139,#2137,#278,.T.);
#2714=EDGE_CURVE('',#2140,#2138,#1205,.T.);
#2715=EDGE_CURVE('',#2140,#2141,#1206,.T.);
#2716=EDGE_CURVE('',#2141,#2139,#1207,.T.);
#2717=EDGE_CURVE('',#2121,#2140,#1208,.T.);
#2718=EDGE_CURVE('',#2123,#2141,#1209,.T.);
#2719=EDGE_CURVE('',#2142,#2143,#279,.T.);
#2720=EDGE_CURVE('',#2142,#2144,#1210,.T.);
#2721=EDGE_CURVE('',#2144,#2145,#280,.T.);
#2722=EDGE_CURVE('',#2143,#2145,#1211,.T.);
#2723=EDGE_CURVE('',#2146,#2142,#281,.T.);
#2724=EDGE_CURVE('',#2146,#2147,#1212,.T.);
#2725=EDGE_CURVE('',#2147,#2144,#282,.T.);
#2726=EDGE_CURVE('',#2148,#2146,#283,.T.);
#2727=EDGE_CURVE('',#2148,#2149,#1213,.T.);
#2728=EDGE_CURVE('',#2149,#2147,#284,.T.);
#2729=EDGE_CURVE('',#2150,#2148,#285,.T.);
#2730=EDGE_CURVE('',#2150,#2151,#1214,.T.);
#2731=EDGE_CURVE('',#2151,#2149,#286,.T.);
#2732=EDGE_CURVE('',#2152,#2150,#1215,.T.);
#2733=EDGE_CURVE('',#2152,#2153,#1216,.T.);
#2734=EDGE_CURVE('',#2153,#2151,#1217,.T.);
#2735=EDGE_CURVE('',#2154,#2152,#1218,.T.);
#2736=EDGE_CURVE('',#2154,#2155,#1219,.T.);
#2737=EDGE_CURVE('',#2155,#2153,#1220,.T.);
#2738=EDGE_CURVE('',#2156,#2154,#1221,.T.);
#2739=EDGE_CURVE('',#2156,#2157,#1222,.T.);
#2740=EDGE_CURVE('',#2157,#2155,#1223,.T.);
#2741=EDGE_CURVE('',#2158,#2156,#287,.T.);
#2742=EDGE_CURVE('',#2158,#2159,#1224,.T.);
#2743=EDGE_CURVE('',#2159,#2157,#288,.T.);
#2744=EDGE_CURVE('',#2160,#2158,#289,.T.);
#2745=EDGE_CURVE('',#2160,#2161,#1225,.T.);
#2746=EDGE_CURVE('',#2161,#2159,#290,.T.);
#2747=EDGE_CURVE('',#2162,#2160,#291,.T.);
#2748=EDGE_CURVE('',#2162,#2163,#1226,.T.);
#2749=EDGE_CURVE('',#2163,#2161,#292,.T.);
#2750=EDGE_CURVE('',#2164,#2162,#293,.T.);
#2751=EDGE_CURVE('',#2164,#2165,#1227,.T.);
#2752=EDGE_CURVE('',#2165,#2163,#294,.T.);
#2753=EDGE_CURVE('',#2166,#2164,#295,.T.);
#2754=EDGE_CURVE('',#2166,#2167,#1228,.T.);
#2755=EDGE_CURVE('',#2167,#2165,#296,.T.);
#2756=EDGE_CURVE('',#2168,#2166,#297,.T.);
#2757=EDGE_CURVE('',#2168,#2169,#1229,.T.);
#2758=EDGE_CURVE('',#2169,#2167,#298,.T.);
#2759=EDGE_CURVE('',#2170,#2168,#299,.T.);
#2760=EDGE_CURVE('',#2170,#2171,#1230,.T.);
#2761=EDGE_CURVE('',#2171,#2169,#300,.T.);
#2762=EDGE_CURVE('',#2172,#2170,#301,.T.);
#2763=EDGE_CURVE('',#2172,#2173,#1231,.T.);
#2764=EDGE_CURVE('',#2173,#2171,#302,.T.);
#2765=EDGE_CURVE('',#2174,#2172,#303,.T.);
#2766=EDGE_CURVE('',#2174,#2175,#1232,.T.);
#2767=EDGE_CURVE('',#2175,#2173,#304,.T.);
#2768=EDGE_CURVE('',#2176,#2174,#1233,.T.);
#2769=EDGE_CURVE('',#2176,#2177,#1234,.T.);
#2770=EDGE_CURVE('',#2177,#2175,#1235,.T.);
#2771=EDGE_CURVE('',#2178,#2176,#1236,.T.);
#2772=EDGE_CURVE('',#2178,#2179,#1237,.T.);
#2773=EDGE_CURVE('',#2179,#2177,#1238,.T.);
#2774=EDGE_CURVE('',#2143,#2178,#1239,.T.);
#2775=EDGE_CURVE('',#2145,#2179,#1240,.T.);
#2776=EDGE_CURVE('',#2180,#2181,#1241,.T.);
#2777=EDGE_CURVE('',#2180,#2182,#1242,.T.);
#2778=EDGE_CURVE('',#2182,#2183,#1243,.T.);
#2779=EDGE_CURVE('',#2181,#2183,#1244,.T.);
#2780=EDGE_CURVE('',#2184,#2180,#1245,.T.);
#2781=EDGE_CURVE('',#2184,#2185,#1246,.T.);
#2782=EDGE_CURVE('',#2185,#2182,#1247,.T.);
#2783=EDGE_CURVE('',#2181,#2184,#1248,.T.);
#2784=EDGE_CURVE('',#2183,#2185,#1249,.T.);
#2785=EDGE_CURVE('',#2186,#2187,#1250,.T.);
#2786=EDGE_CURVE('',#2188,#2186,#67,.T.);
#2787=EDGE_CURVE('',#2189,#2188,#1251,.T.);
#2788=EDGE_CURVE('',#2190,#2189,#68,.T.);
#2789=EDGE_CURVE('',#2191,#2190,#1252,.T.);
#2790=EDGE_CURVE('',#2192,#2191,#69,.T.);
#2791=EDGE_CURVE('',#2193,#2192,#1253,.T.);
#2792=EDGE_CURVE('',#2194,#2193,#70,.T.);
#2793=EDGE_CURVE('',#2195,#2194,#1254,.T.);
#2794=EDGE_CURVE('',#2196,#2195,#71,.T.);
#2795=EDGE_CURVE('',#2197,#2196,#1255,.T.);
#2796=EDGE_CURVE('',#2187,#2197,#72,.T.);
#2797=EDGE_CURVE('',#2198,#2198,#73,.T.);
#2798=EDGE_CURVE('',#2199,#2199,#74,.T.);
#2799=EDGE_CURVE('',#2200,#2200,#75,.T.);
#2800=EDGE_CURVE('',#2201,#2201,#76,.T.);
#2801=EDGE_CURVE('',#2202,#2202,#77,.T.);
#2802=EDGE_CURVE('',#2203,#2204,#1256,.T.);
#2803=EDGE_CURVE('',#2204,#2205,#78,.T.);
#2804=EDGE_CURVE('',#2205,#2206,#1257,.T.);
#2805=EDGE_CURVE('',#2206,#2203,#79,.T.);
#2806=EDGE_CURVE('',#2203,#2207,#1258,.T.);
#2807=EDGE_CURVE('',#2207,#2208,#1259,.T.);
#2808=EDGE_CURVE('',#2208,#2204,#1260,.T.);
#2809=EDGE_CURVE('',#2209,#2210,#1261,.T.);
#2810=EDGE_CURVE('',#2210,#2208,#80,.T.);
#2811=EDGE_CURVE('',#2207,#2209,#81,.T.);
#2812=EDGE_CURVE('',#2209,#2211,#1262,.T.);
#2813=EDGE_CURVE('',#2211,#2212,#1263,.T.);
#2814=EDGE_CURVE('',#2212,#2210,#1264,.T.);
#2815=EDGE_CURVE('',#2213,#2214,#1265,.T.);
#2816=EDGE_CURVE('',#2214,#2212,#82,.T.);
#2817=EDGE_CURVE('',#2211,#2213,#83,.T.);
#2818=EDGE_CURVE('',#2213,#2215,#1266,.T.);
#2819=EDGE_CURVE('',#2215,#2216,#1267,.T.);
#2820=EDGE_CURVE('',#2216,#2214,#1268,.T.);
#2821=EDGE_CURVE('',#2217,#2218,#1269,.T.);
#2822=EDGE_CURVE('',#2218,#2216,#84,.T.);
#2823=EDGE_CURVE('',#2215,#2217,#85,.T.);
#2824=EDGE_CURVE('',#2217,#2206,#1270,.T.);
#2825=EDGE_CURVE('',#2205,#2218,#1271,.T.);
#2826=EDGE_CURVE('',#2209,#2219,#1272,.T.);
#2827=EDGE_CURVE('',#2220,#2219,#1273,.T.);
#2828=EDGE_CURVE('',#2211,#2220,#1274,.T.);
#2829=EDGE_CURVE('',#2207,#2221,#1275,.T.);
#2830=EDGE_CURVE('',#2219,#2221,#86,.T.);
#2831=EDGE_CURVE('',#2203,#2222,#1276,.T.);
#2832=EDGE_CURVE('',#2221,#2222,#1277,.T.);
#2833=EDGE_CURVE('',#2206,#2223,#1278,.T.);
#2834=EDGE_CURVE('',#2222,#2223,#87,.T.);
#2835=EDGE_CURVE('',#2215,#2224,#1279,.T.);
#2836=EDGE_CURVE('',#2225,#2224,#88,.T.);
#2837=EDGE_CURVE('',#2217,#2225,#1280,.T.);
#2838=EDGE_CURVE('',#2223,#2225,#1281,.T.);
#2839=EDGE_CURVE('',#2226,#2220,#89,.T.);
#2840=EDGE_CURVE('',#2213,#2226,#1282,.T.);
#2841=EDGE_CURVE('',#2224,#2226,#1283,.T.);
#2842=EDGE_CURVE('',#2227,#2228,#1284,.T.);
#2843=EDGE_CURVE('',#2227,#2229,#1285,.T.);
#2844=EDGE_CURVE('',#2230,#2229,#1286,.T.);
#2845=EDGE_CURVE('',#2228,#2230,#1287,.T.);
#2846=EDGE_CURVE('',#2231,#2232,#1288,.T.);
#2847=EDGE_CURVE('',#2233,#2231,#1289,.T.);
#2848=EDGE_CURVE('',#2234,#2233,#1290,.T.);
#2849=EDGE_CURVE('',#2234,#2232,#1291,.T.);
#2850=EDGE_CURVE('',#2232,#2227,#1292,.T.);
#2851=EDGE_CURVE('',#2229,#2234,#1293,.T.);
#2852=EDGE_CURVE('',#2235,#2233,#1294,.T.);
#2853=EDGE_CURVE('',#2235,#2236,#1295,.T.);
#2854=EDGE_CURVE('',#2237,#2236,#1296,.T.);
#2855=EDGE_CURVE('',#2238,#2237,#1297,.T.);
#2856=EDGE_CURVE('',#2230,#2238,#1298,.T.);
#2857=EDGE_CURVE('',#2231,#2239,#1299,.T.);
#2858=EDGE_CURVE('',#2239,#2240,#90,.T.);
#2859=EDGE_CURVE('',#2240,#2241,#1300,.T.);
#2860=EDGE_CURVE('',#2241,#2242,#1301,.T.);
#2861=EDGE_CURVE('',#2242,#2243,#1302,.T.);
#2862=EDGE_CURVE('',#2243,#2235,#91,.T.);
#2863=EDGE_CURVE('',#2244,#2241,#1303,.T.);
#2864=EDGE_CURVE('',#2244,#2245,#1304,.T.);
#2865=EDGE_CURVE('',#2242,#2245,#1305,.T.);
#2866=EDGE_CURVE('',#2246,#2247,#1306,.T.);
#2867=EDGE_CURVE('',#2248,#2246,#1307,.T.);
#2868=EDGE_CURVE('',#2248,#2249,#1308,.T.);
#2869=EDGE_CURVE('',#2247,#2249,#1309,.T.);
#2870=EDGE_CURVE('',#2245,#2248,#1310,.T.);
#2871=EDGE_CURVE('',#2249,#2244,#1311,.T.);
#2872=EDGE_CURVE('',#2250,#2251,#1312,.T.);
#2873=EDGE_CURVE('',#2252,#2250,#1313,.T.);
#2874=EDGE_CURVE('',#2252,#2253,#1314,.T.);
#2875=EDGE_CURVE('',#2251,#2253,#1315,.T.);
#2876=EDGE_CURVE('',#2254,#2255,#1316,.T.);
#2877=EDGE_CURVE('',#2256,#2254,#1317,.T.);
#2878=EDGE_CURVE('',#2256,#2257,#1318,.T.);
#2879=EDGE_CURVE('',#2255,#2257,#1319,.T.);
#2880=EDGE_CURVE('',#2253,#2256,#1320,.T.);
#2881=EDGE_CURVE('',#2257,#2252,#1321,.T.);
#2882=EDGE_CURVE('',#2255,#2258,#1322,.T.);
#2883=EDGE_CURVE('',#2258,#2259,#92,.T.);
#2884=EDGE_CURVE('',#2259,#2260,#1323,.T.);
#2885=EDGE_CURVE('',#2260,#2261,#1324,.T.);
#2886=EDGE_CURVE('',#2261,#2262,#1325,.T.);
#2887=EDGE_CURVE('',#2262,#2263,#93,.T.);
#2888=EDGE_CURVE('',#2263,#2254,#1326,.T.);
#2889=EDGE_CURVE('',#2264,#2238,#94,.T.);
#2890=EDGE_CURVE('',#2264,#2265,#1327,.T.);
#2891=EDGE_CURVE('',#2265,#2266,#95,.T.);
#2892=EDGE_CURVE('',#2267,#2266,#1328,.T.);
#2893=EDGE_CURVE('',#2267,#2268,#96,.T.);
#2894=EDGE_CURVE('',#2269,#2268,#1329,.T.);
#2895=EDGE_CURVE('',#2269,#2270,#1330,.T.);
#2896=EDGE_CURVE('',#2270,#2271,#1331,.T.);
#2897=EDGE_CURVE('',#2271,#2272,#97,.T.);
#2898=EDGE_CURVE('',#2272,#2273,#1332,.T.);
#2899=EDGE_CURVE('',#2273,#2274,#98,.T.);
#2900=EDGE_CURVE('',#2274,#2275,#1333,.T.);
#2901=EDGE_CURVE('',#2275,#2276,#99,.T.);
#2902=EDGE_CURVE('',#2276,#2228,#1334,.T.);
#2903=EDGE_CURVE('',#2247,#2250,#1335,.T.);
#2904=EDGE_CURVE('',#2251,#2246,#1336,.T.);
#2905=EDGE_CURVE('',#2240,#2277,#1337,.T.);
#2906=EDGE_CURVE('',#2277,#2278,#1338,.T.);
#2907=EDGE_CURVE('',#2258,#2278,#1339,.T.);
#2908=EDGE_CURVE('',#2279,#2186,#1340,.T.);
#2909=EDGE_CURVE('',#2187,#2280,#1341,.T.);
#2910=EDGE_CURVE('',#2280,#2279,#1342,.T.);
#2911=EDGE_CURVE('',#2281,#2188,#1343,.T.);
#2912=EDGE_CURVE('',#2279,#2281,#100,.T.);
#2913=EDGE_CURVE('',#2282,#2189,#1344,.T.);
#2914=EDGE_CURVE('',#2281,#2282,#1345,.T.);
#2915=EDGE_CURVE('',#2283,#2190,#1346,.T.);
#2916=EDGE_CURVE('',#2282,#2283,#101,.T.);
#2917=EDGE_CURVE('',#2284,#2191,#1347,.T.);
#2918=EDGE_CURVE('',#2283,#2284,#1348,.T.);
#2919=EDGE_CURVE('',#2237,#2192,#1349,.T.);
#2920=EDGE_CURVE('',#2284,#2237,#102,.T.);
#2921=EDGE_CURVE('',#2236,#2193,#1350,.T.);
#2922=EDGE_CURVE('',#2285,#2194,#1351,.T.);
#2923=EDGE_CURVE('',#2236,#2285,#103,.T.);
#2924=EDGE_CURVE('',#2286,#2195,#1352,.T.);
#2925=EDGE_CURVE('',#2285,#2286,#1353,.T.);
#2926=EDGE_CURVE('',#2287,#2196,#1354,.T.);
#2927=EDGE_CURVE('',#2286,#2287,#104,.T.);
#2928=EDGE_CURVE('',#2288,#2197,#1355,.T.);
#2929=EDGE_CURVE('',#2287,#2288,#1356,.T.);
#2930=EDGE_CURVE('',#2288,#2280,#105,.T.);
#2931=EDGE_CURVE('',#2264,#2284,#1357,.T.);
#2932=EDGE_CURVE('',#2265,#2283,#1358,.T.);
#2933=EDGE_CURVE('',#2266,#2282,#1359,.T.);
#2934=EDGE_CURVE('',#2267,#2281,#1360,.T.);
#2935=EDGE_CURVE('',#2268,#2279,#1361,.T.);
#2936=EDGE_CURVE('',#2289,#2280,#1362,.T.);
#2937=EDGE_CURVE('',#2289,#2290,#1363,.T.);
#2938=EDGE_CURVE('',#2290,#2269,#1364,.T.);
#2939=EDGE_CURVE('',#2202,#2291,#1365,.T.);
#2940=EDGE_CURVE('',#2291,#2291,#106,.T.);
#2941=EDGE_CURVE('',#2291,#2292,#1366,.T.);
#2942=EDGE_CURVE('',#2292,#2292,#107,.T.);
#2943=EDGE_CURVE('',#2198,#2293,#1367,.T.);
#2944=EDGE_CURVE('',#2293,#2293,#108,.T.);
#2945=EDGE_CURVE('',#2293,#2294,#1368,.T.);
#2946=EDGE_CURVE('',#2294,#2294,#109,.T.);
#2947=EDGE_CURVE('',#2201,#2295,#1369,.T.);
#2948=EDGE_CURVE('',#2295,#2295,#110,.T.);
#2949=EDGE_CURVE('',#2295,#2296,#1370,.T.);
#2950=EDGE_CURVE('',#2296,#2296,#111,.T.);
#2951=EDGE_CURVE('',#2199,#2297,#1371,.T.);
#2952=EDGE_CURVE('',#2297,#2297,#112,.T.);
#2953=EDGE_CURVE('',#2297,#2298,#1372,.T.);
#2954=EDGE_CURVE('',#2298,#2298,#113,.T.);
#2955=EDGE_CURVE('',#2200,#2299,#1373,.T.);
#2956=EDGE_CURVE('',#2299,#2299,#114,.T.);
#2957=EDGE_CURVE('',#2299,#2300,#1374,.T.);
#2958=EDGE_CURVE('',#2300,#2300,#115,.T.);
#2959=EDGE_CURVE('',#2301,#2301,#116,.T.);
#2960=EDGE_CURVE('',#2302,#2302,#117,.T.);
#2961=EDGE_CURVE('',#2303,#2303,#118,.T.);
#2962=EDGE_CURVE('',#2304,#2304,#119,.T.);
#2963=EDGE_CURVE('',#2305,#2305,#120,.T.);
#2964=EDGE_CURVE('',#2306,#2306,#121,.T.);
#2965=EDGE_CURVE('',#2306,#2301,#1375,.T.);
#2966=EDGE_CURVE('',#2307,#2307,#122,.T.);
#2967=EDGE_CURVE('',#2307,#2302,#1376,.T.);
#2968=EDGE_CURVE('',#2308,#2308,#123,.T.);
#2969=EDGE_CURVE('',#2308,#2303,#1377,.T.);
#2970=EDGE_CURVE('',#2309,#2309,#124,.T.);
#2971=EDGE_CURVE('',#2309,#2304,#1378,.T.);
#2972=EDGE_CURVE('',#2310,#2310,#125,.T.);
#2973=EDGE_CURVE('',#2310,#2305,#1379,.T.);
#2974=EDGE_CURVE('',#2260,#2311,#1380,.T.);
#2975=EDGE_CURVE('',#2311,#2312,#1381,.T.);
#2976=EDGE_CURVE('',#2261,#2312,#1382,.T.);
#2977=EDGE_CURVE('',#2259,#2313,#1383,.T.);
#2978=EDGE_CURVE('',#2313,#2311,#1384,.T.);
#2979=EDGE_CURVE('',#2278,#2313,#126,.T.);
#2980=EDGE_CURVE('',#2239,#2314,#1385,.T.);
#2981=EDGE_CURVE('',#2314,#2277,#127,.T.);
#2982=EDGE_CURVE('',#2276,#2315,#1386,.T.);
#2983=EDGE_CURVE('',#2315,#2314,#1387,.T.);
#2984=EDGE_CURVE('',#2275,#2316,#1388,.T.);
#2985=EDGE_CURVE('',#2316,#2315,#128,.T.);
#2986=EDGE_CURVE('',#2274,#2317,#1389,.T.);
#2987=EDGE_CURVE('',#2317,#2316,#1390,.T.);
#2988=EDGE_CURVE('',#2273,#2318,#1391,.T.);
#2989=EDGE_CURVE('',#2318,#2317,#129,.T.);
#2990=EDGE_CURVE('',#2272,#2319,#1392,.T.);
#2991=EDGE_CURVE('',#2319,#2318,#1393,.T.);
#2992=EDGE_CURVE('',#2271,#2320,#1394,.T.);
#2993=EDGE_CURVE('',#2320,#2319,#130,.T.);
#2994=EDGE_CURVE('',#2270,#2321,#1395,.T.);
#2995=EDGE_CURVE('',#2321,#2320,#1396,.T.);
#2996=EDGE_CURVE('',#2290,#2321,#1397,.T.);
#2997=EDGE_CURVE('',#2322,#2289,#131,.T.);
#2998=EDGE_CURVE('',#2312,#2322,#1398,.T.);
#2999=EDGE_CURVE('',#2262,#2287,#1399,.T.);
#3000=EDGE_CURVE('',#2322,#2288,#1400,.T.);
#3001=EDGE_CURVE('',#2263,#2286,#1401,.T.);
#3002=EDGE_CURVE('',#2243,#2285,#1402,.T.);
#3003=ORIENTED_EDGE('',*,*,#2323,.F.);
#3004=ORIENTED_EDGE('',*,*,#2324,.T.);
#3005=ORIENTED_EDGE('',*,*,#2325,.T.);
#3006=ORIENTED_EDGE('',*,*,#2326,.F.);
#3007=ORIENTED_EDGE('',*,*,#2327,.F.);
#3008=ORIENTED_EDGE('',*,*,#2328,.T.);
#3009=ORIENTED_EDGE('',*,*,#2329,.T.);
#3010=ORIENTED_EDGE('',*,*,#2324,.F.);
#3011=ORIENTED_EDGE('',*,*,#2330,.F.);
#3012=ORIENTED_EDGE('',*,*,#2331,.T.);
#3013=ORIENTED_EDGE('',*,*,#2332,.T.);
#3014=ORIENTED_EDGE('',*,*,#2328,.F.);
#3015=ORIENTED_EDGE('',*,*,#2333,.F.);
#3016=ORIENTED_EDGE('',*,*,#2334,.T.);
#3017=ORIENTED_EDGE('',*,*,#2335,.T.);
#3018=ORIENTED_EDGE('',*,*,#2331,.F.);
#3019=ORIENTED_EDGE('',*,*,#2336,.F.);
#3020=ORIENTED_EDGE('',*,*,#2337,.T.);
#3021=ORIENTED_EDGE('',*,*,#2338,.T.);
#3022=ORIENTED_EDGE('',*,*,#2334,.F.);
#3023=ORIENTED_EDGE('',*,*,#2339,.F.);
#3024=ORIENTED_EDGE('',*,*,#2340,.T.);
#3025=ORIENTED_EDGE('',*,*,#2341,.T.);
#3026=ORIENTED_EDGE('',*,*,#2337,.F.);
#3027=ORIENTED_EDGE('',*,*,#2342,.F.);
#3028=ORIENTED_EDGE('',*,*,#2326,.T.);
#3029=ORIENTED_EDGE('',*,*,#2343,.T.);
#3030=ORIENTED_EDGE('',*,*,#2340,.F.);
#3031=ORIENTED_EDGE('',*,*,#2344,.F.);
#3032=ORIENTED_EDGE('',*,*,#2345,.T.);
#3033=ORIENTED_EDGE('',*,*,#2346,.T.);
#3034=ORIENTED_EDGE('',*,*,#2347,.F.);
#3035=ORIENTED_EDGE('',*,*,#2348,.F.);
#3036=ORIENTED_EDGE('',*,*,#2349,.T.);
#3037=ORIENTED_EDGE('',*,*,#2350,.T.);
#3038=ORIENTED_EDGE('',*,*,#2345,.F.);
#3039=ORIENTED_EDGE('',*,*,#2351,.F.);
#3040=ORIENTED_EDGE('',*,*,#2352,.T.);
#3041=ORIENTED_EDGE('',*,*,#2353,.T.);
#3042=ORIENTED_EDGE('',*,*,#2349,.F.);
#3043=ORIENTED_EDGE('',*,*,#2354,.F.);
#3044=ORIENTED_EDGE('',*,*,#2355,.T.);
#3045=ORIENTED_EDGE('',*,*,#2356,.T.);
#3046=ORIENTED_EDGE('',*,*,#2352,.F.);
#3047=ORIENTED_EDGE('',*,*,#2357,.F.);
#3048=ORIENTED_EDGE('',*,*,#2358,.T.);
#3049=ORIENTED_EDGE('',*,*,#2359,.T.);
#3050=ORIENTED_EDGE('',*,*,#2355,.F.);
#3051=ORIENTED_EDGE('',*,*,#2360,.F.);
#3052=ORIENTED_EDGE('',*,*,#2361,.T.);
#3053=ORIENTED_EDGE('',*,*,#2362,.T.);
#3054=ORIENTED_EDGE('',*,*,#2358,.F.);
#3055=ORIENTED_EDGE('',*,*,#2363,.F.);
#3056=ORIENTED_EDGE('',*,*,#2364,.T.);
#3057=ORIENTED_EDGE('',*,*,#2365,.T.);
#3058=ORIENTED_EDGE('',*,*,#2361,.F.);
#3059=ORIENTED_EDGE('',*,*,#2366,.F.);
#3060=ORIENTED_EDGE('',*,*,#2367,.T.);
#3061=ORIENTED_EDGE('',*,*,#2368,.T.);
#3062=ORIENTED_EDGE('',*,*,#2364,.F.);
#3063=ORIENTED_EDGE('',*,*,#2369,.F.);
#3064=ORIENTED_EDGE('',*,*,#2347,.T.);
#3065=ORIENTED_EDGE('',*,*,#2370,.T.);
#3066=ORIENTED_EDGE('',*,*,#2367,.F.);
#3067=ORIENTED_EDGE('',*,*,#2370,.F.);
#3068=ORIENTED_EDGE('',*,*,#2346,.F.);
#3069=ORIENTED_EDGE('',*,*,#2350,.F.);
#3070=ORIENTED_EDGE('',*,*,#2353,.F.);
#3071=ORIENTED_EDGE('',*,*,#2356,.F.);
#3072=ORIENTED_EDGE('',*,*,#2359,.F.);
#3073=ORIENTED_EDGE('',*,*,#2362,.F.);
#3074=ORIENTED_EDGE('',*,*,#2365,.F.);
#3075=ORIENTED_EDGE('',*,*,#2368,.F.);
#3076=ORIENTED_EDGE('',*,*,#2343,.F.);
#3077=ORIENTED_EDGE('',*,*,#2325,.F.);
#3078=ORIENTED_EDGE('',*,*,#2329,.F.);
#3079=ORIENTED_EDGE('',*,*,#2332,.F.);
#3080=ORIENTED_EDGE('',*,*,#2335,.F.);
#3081=ORIENTED_EDGE('',*,*,#2338,.F.);
#3082=ORIENTED_EDGE('',*,*,#2341,.F.);
#3083=ORIENTED_EDGE('',*,*,#2371,.F.);
#3084=ORIENTED_EDGE('',*,*,#2372,.T.);
#3085=ORIENTED_EDGE('',*,*,#2373,.T.);
#3086=ORIENTED_EDGE('',*,*,#2374,.F.);
#3087=ORIENTED_EDGE('',*,*,#2375,.F.);
#3088=ORIENTED_EDGE('',*,*,#2376,.T.);
#3089=ORIENTED_EDGE('',*,*,#2377,.T.);
#3090=ORIENTED_EDGE('',*,*,#2372,.F.);
#3091=ORIENTED_EDGE('',*,*,#2378,.F.);
#3092=ORIENTED_EDGE('',*,*,#2379,.T.);
#3093=ORIENTED_EDGE('',*,*,#2380,.T.);
#3094=ORIENTED_EDGE('',*,*,#2376,.F.);
#3095=ORIENTED_EDGE('',*,*,#2381,.F.);
#3096=ORIENTED_EDGE('',*,*,#2382,.T.);
#3097=ORIENTED_EDGE('',*,*,#2383,.T.);
#3098=ORIENTED_EDGE('',*,*,#2379,.F.);
#3099=ORIENTED_EDGE('',*,*,#2384,.F.);
#3100=ORIENTED_EDGE('',*,*,#2385,.T.);
#3101=ORIENTED_EDGE('',*,*,#2386,.T.);
#3102=ORIENTED_EDGE('',*,*,#2382,.F.);
#3103=ORIENTED_EDGE('',*,*,#2387,.F.);
#3104=ORIENTED_EDGE('',*,*,#2388,.T.);
#3105=ORIENTED_EDGE('',*,*,#2389,.T.);
#3106=ORIENTED_EDGE('',*,*,#2385,.F.);
#3107=ORIENTED_EDGE('',*,*,#2390,.F.);
#3108=ORIENTED_EDGE('',*,*,#2391,.T.);
#3109=ORIENTED_EDGE('',*,*,#2392,.T.);
#3110=ORIENTED_EDGE('',*,*,#2388,.F.);
#3111=ORIENTED_EDGE('',*,*,#2393,.F.);
#3112=ORIENTED_EDGE('',*,*,#2394,.T.);
#3113=ORIENTED_EDGE('',*,*,#2395,.T.);
#3114=ORIENTED_EDGE('',*,*,#2391,.F.);
#3115=ORIENTED_EDGE('',*,*,#2396,.F.);
#3116=ORIENTED_EDGE('',*,*,#2397,.T.);
#3117=ORIENTED_EDGE('',*,*,#2398,.T.);
#3118=ORIENTED_EDGE('',*,*,#2394,.F.);
#3119=ORIENTED_EDGE('',*,*,#2399,.F.);
#3120=ORIENTED_EDGE('',*,*,#2400,.T.);
#3121=ORIENTED_EDGE('',*,*,#2401,.T.);
#3122=ORIENTED_EDGE('',*,*,#2397,.F.);
#3123=ORIENTED_EDGE('',*,*,#2402,.F.);
#3124=ORIENTED_EDGE('',*,*,#2403,.T.);
#3125=ORIENTED_EDGE('',*,*,#2404,.T.);
#3126=ORIENTED_EDGE('',*,*,#2400,.F.);
#3127=ORIENTED_EDGE('',*,*,#2405,.F.);
#3128=ORIENTED_EDGE('',*,*,#2374,.T.);
#3129=ORIENTED_EDGE('',*,*,#2406,.T.);
#3130=ORIENTED_EDGE('',*,*,#2403,.F.);
#3131=ORIENTED_EDGE('',*,*,#2406,.F.);
#3132=ORIENTED_EDGE('',*,*,#2373,.F.);
#3133=ORIENTED_EDGE('',*,*,#2377,.F.);
#3134=ORIENTED_EDGE('',*,*,#2380,.F.);
#3135=ORIENTED_EDGE('',*,*,#2383,.F.);
#3136=ORIENTED_EDGE('',*,*,#2386,.F.);
#3137=ORIENTED_EDGE('',*,*,#2389,.F.);
#3138=ORIENTED_EDGE('',*,*,#2392,.F.);
#3139=ORIENTED_EDGE('',*,*,#2395,.F.);
#3140=ORIENTED_EDGE('',*,*,#2398,.F.);
#3141=ORIENTED_EDGE('',*,*,#2401,.F.);
#3142=ORIENTED_EDGE('',*,*,#2404,.F.);
#3143=ORIENTED_EDGE('',*,*,#2407,.F.);
#3144=ORIENTED_EDGE('',*,*,#2408,.T.);
#3145=ORIENTED_EDGE('',*,*,#2409,.T.);
#3146=ORIENTED_EDGE('',*,*,#2410,.F.);
#3147=ORIENTED_EDGE('',*,*,#2411,.F.);
#3148=ORIENTED_EDGE('',*,*,#2412,.T.);
#3149=ORIENTED_EDGE('',*,*,#2413,.T.);
#3150=ORIENTED_EDGE('',*,*,#2408,.F.);
#3151=ORIENTED_EDGE('',*,*,#2414,.F.);
#3152=ORIENTED_EDGE('',*,*,#2415,.T.);
#3153=ORIENTED_EDGE('',*,*,#2416,.T.);
#3154=ORIENTED_EDGE('',*,*,#2412,.F.);
#3155=ORIENTED_EDGE('',*,*,#2417,.F.);
#3156=ORIENTED_EDGE('',*,*,#2418,.T.);
#3157=ORIENTED_EDGE('',*,*,#2419,.T.);
#3158=ORIENTED_EDGE('',*,*,#2415,.F.);
#3159=ORIENTED_EDGE('',*,*,#2420,.F.);
#3160=ORIENTED_EDGE('',*,*,#2421,.T.);
#3161=ORIENTED_EDGE('',*,*,#2422,.T.);
#3162=ORIENTED_EDGE('',*,*,#2418,.F.);
#3163=ORIENTED_EDGE('',*,*,#2423,.F.);
#3164=ORIENTED_EDGE('',*,*,#2424,.T.);
#3165=ORIENTED_EDGE('',*,*,#2425,.T.);
#3166=ORIENTED_EDGE('',*,*,#2421,.F.);
#3167=ORIENTED_EDGE('',*,*,#2426,.F.);
#3168=ORIENTED_EDGE('',*,*,#2427,.T.);
#3169=ORIENTED_EDGE('',*,*,#2428,.T.);
#3170=ORIENTED_EDGE('',*,*,#2424,.F.);
#3171=ORIENTED_EDGE('',*,*,#2429,.F.);
#3172=ORIENTED_EDGE('',*,*,#2410,.T.);
#3173=ORIENTED_EDGE('',*,*,#2430,.T.);
#3174=ORIENTED_EDGE('',*,*,#2427,.F.);
#3175=ORIENTED_EDGE('',*,*,#2430,.F.);
#3176=ORIENTED_EDGE('',*,*,#2409,.F.);
#3177=ORIENTED_EDGE('',*,*,#2413,.F.);
#3178=ORIENTED_EDGE('',*,*,#2416,.F.);
#3179=ORIENTED_EDGE('',*,*,#2419,.F.);
#3180=ORIENTED_EDGE('',*,*,#2422,.F.);
#3181=ORIENTED_EDGE('',*,*,#2425,.F.);
#3182=ORIENTED_EDGE('',*,*,#2428,.F.);
#3183=ORIENTED_EDGE('',*,*,#2431,.F.);
#3184=ORIENTED_EDGE('',*,*,#2432,.T.);
#3185=ORIENTED_EDGE('',*,*,#2433,.T.);
#3186=ORIENTED_EDGE('',*,*,#2434,.F.);
#3187=ORIENTED_EDGE('',*,*,#2435,.F.);
#3188=ORIENTED_EDGE('',*,*,#2436,.T.);
#3189=ORIENTED_EDGE('',*,*,#2437,.T.);
#3190=ORIENTED_EDGE('',*,*,#2432,.F.);
#3191=ORIENTED_EDGE('',*,*,#2438,.F.);
#3192=ORIENTED_EDGE('',*,*,#2439,.T.);
#3193=ORIENTED_EDGE('',*,*,#2440,.T.);
#3194=ORIENTED_EDGE('',*,*,#2436,.F.);
#3195=ORIENTED_EDGE('',*,*,#2441,.F.);
#3196=ORIENTED_EDGE('',*,*,#2442,.T.);
#3197=ORIENTED_EDGE('',*,*,#2443,.T.);
#3198=ORIENTED_EDGE('',*,*,#2439,.F.);
#3199=ORIENTED_EDGE('',*,*,#2444,.F.);
#3200=ORIENTED_EDGE('',*,*,#2445,.T.);
#3201=ORIENTED_EDGE('',*,*,#2446,.T.);
#3202=ORIENTED_EDGE('',*,*,#2442,.F.);
#3203=ORIENTED_EDGE('',*,*,#2447,.F.);
#3204=ORIENTED_EDGE('',*,*,#2448,.T.);
#3205=ORIENTED_EDGE('',*,*,#2449,.T.);
#3206=ORIENTED_EDGE('',*,*,#2445,.F.);
#3207=ORIENTED_EDGE('',*,*,#2450,.F.);
#3208=ORIENTED_EDGE('',*,*,#2451,.T.);
#3209=ORIENTED_EDGE('',*,*,#2452,.T.);
#3210=ORIENTED_EDGE('',*,*,#2448,.F.);
#3211=ORIENTED_EDGE('',*,*,#2453,.F.);
#3212=ORIENTED_EDGE('',*,*,#2454,.T.);
#3213=ORIENTED_EDGE('',*,*,#2455,.T.);
#3214=ORIENTED_EDGE('',*,*,#2451,.F.);
#3215=ORIENTED_EDGE('',*,*,#2456,.F.);
#3216=ORIENTED_EDGE('',*,*,#2457,.T.);
#3217=ORIENTED_EDGE('',*,*,#2458,.T.);
#3218=ORIENTED_EDGE('',*,*,#2454,.F.);
#3219=ORIENTED_EDGE('',*,*,#2459,.F.);
#3220=ORIENTED_EDGE('',*,*,#2434,.T.);
#3221=ORIENTED_EDGE('',*,*,#2460,.T.);
#3222=ORIENTED_EDGE('',*,*,#2457,.F.);
#3223=ORIENTED_EDGE('',*,*,#2460,.F.);
#3224=ORIENTED_EDGE('',*,*,#2433,.F.);
#3225=ORIENTED_EDGE('',*,*,#2437,.F.);
#3226=ORIENTED_EDGE('',*,*,#2440,.F.);
#3227=ORIENTED_EDGE('',*,*,#2443,.F.);
#3228=ORIENTED_EDGE('',*,*,#2446,.F.);
#3229=ORIENTED_EDGE('',*,*,#2449,.F.);
#3230=ORIENTED_EDGE('',*,*,#2452,.F.);
#3231=ORIENTED_EDGE('',*,*,#2455,.F.);
#3232=ORIENTED_EDGE('',*,*,#2458,.F.);
#3233=ORIENTED_EDGE('',*,*,#2461,.F.);
#3234=ORIENTED_EDGE('',*,*,#2462,.T.);
#3235=ORIENTED_EDGE('',*,*,#2463,.T.);
#3236=ORIENTED_EDGE('',*,*,#2464,.F.);
#3237=ORIENTED_EDGE('',*,*,#2465,.F.);
#3238=ORIENTED_EDGE('',*,*,#2466,.T.);
#3239=ORIENTED_EDGE('',*,*,#2467,.T.);
#3240=ORIENTED_EDGE('',*,*,#2462,.F.);
#3241=ORIENTED_EDGE('',*,*,#2468,.F.);
#3242=ORIENTED_EDGE('',*,*,#2469,.T.);
#3243=ORIENTED_EDGE('',*,*,#2470,.T.);
#3244=ORIENTED_EDGE('',*,*,#2466,.F.);
#3245=ORIENTED_EDGE('',*,*,#2471,.F.);
#3246=ORIENTED_EDGE('',*,*,#2472,.T.);
#3247=ORIENTED_EDGE('',*,*,#2473,.T.);
#3248=ORIENTED_EDGE('',*,*,#2469,.F.);
#3249=ORIENTED_EDGE('',*,*,#2474,.F.);
#3250=ORIENTED_EDGE('',*,*,#2475,.T.);
#3251=ORIENTED_EDGE('',*,*,#2476,.T.);
#3252=ORIENTED_EDGE('',*,*,#2472,.F.);
#3253=ORIENTED_EDGE('',*,*,#2477,.F.);
#3254=ORIENTED_EDGE('',*,*,#2478,.T.);
#3255=ORIENTED_EDGE('',*,*,#2479,.T.);
#3256=ORIENTED_EDGE('',*,*,#2475,.F.);
#3257=ORIENTED_EDGE('',*,*,#2480,.F.);
#3258=ORIENTED_EDGE('',*,*,#2481,.T.);
#3259=ORIENTED_EDGE('',*,*,#2482,.T.);
#3260=ORIENTED_EDGE('',*,*,#2478,.F.);
#3261=ORIENTED_EDGE('',*,*,#2483,.F.);
#3262=ORIENTED_EDGE('',*,*,#2464,.T.);
#3263=ORIENTED_EDGE('',*,*,#2484,.T.);
#3264=ORIENTED_EDGE('',*,*,#2481,.F.);
#3265=ORIENTED_EDGE('',*,*,#2485,.F.);
#3266=ORIENTED_EDGE('',*,*,#2486,.T.);
#3267=ORIENTED_EDGE('',*,*,#2487,.T.);
#3268=ORIENTED_EDGE('',*,*,#2488,.F.);
#3269=ORIENTED_EDGE('',*,*,#2489,.F.);
#3270=ORIENTED_EDGE('',*,*,#2490,.T.);
#3271=ORIENTED_EDGE('',*,*,#2491,.T.);
#3272=ORIENTED_EDGE('',*,*,#2486,.F.);
#3273=ORIENTED_EDGE('',*,*,#2492,.F.);
#3274=ORIENTED_EDGE('',*,*,#2493,.T.);
#3275=ORIENTED_EDGE('',*,*,#2494,.T.);
#3276=ORIENTED_EDGE('',*,*,#2490,.F.);
#3277=ORIENTED_EDGE('',*,*,#2495,.F.);
#3278=ORIENTED_EDGE('',*,*,#2496,.T.);
#3279=ORIENTED_EDGE('',*,*,#2497,.T.);
#3280=ORIENTED_EDGE('',*,*,#2493,.F.);
#3281=ORIENTED_EDGE('',*,*,#2498,.F.);
#3282=ORIENTED_EDGE('',*,*,#2499,.T.);
#3283=ORIENTED_EDGE('',*,*,#2500,.T.);
#3284=ORIENTED_EDGE('',*,*,#2496,.F.);
#3285=ORIENTED_EDGE('',*,*,#2501,.F.);
#3286=ORIENTED_EDGE('',*,*,#2502,.T.);
#3287=ORIENTED_EDGE('',*,*,#2503,.T.);
#3288=ORIENTED_EDGE('',*,*,#2499,.F.);
#3289=ORIENTED_EDGE('',*,*,#2504,.F.);
#3290=ORIENTED_EDGE('',*,*,#2505,.T.);
#3291=ORIENTED_EDGE('',*,*,#2506,.T.);
#3292=ORIENTED_EDGE('',*,*,#2502,.F.);
#3293=ORIENTED_EDGE('',*,*,#2507,.F.);
#3294=ORIENTED_EDGE('',*,*,#2508,.T.);
#3295=ORIENTED_EDGE('',*,*,#2509,.T.);
#3296=ORIENTED_EDGE('',*,*,#2505,.F.);
#3297=ORIENTED_EDGE('',*,*,#2510,.F.);
#3298=ORIENTED_EDGE('',*,*,#2511,.T.);
#3299=ORIENTED_EDGE('',*,*,#2512,.T.);
#3300=ORIENTED_EDGE('',*,*,#2508,.F.);
#3301=ORIENTED_EDGE('',*,*,#2513,.F.);
#3302=ORIENTED_EDGE('',*,*,#2488,.T.);
#3303=ORIENTED_EDGE('',*,*,#2514,.T.);
#3304=ORIENTED_EDGE('',*,*,#2511,.F.);
#3305=ORIENTED_EDGE('',*,*,#2514,.F.);
#3306=ORIENTED_EDGE('',*,*,#2487,.F.);
#3307=ORIENTED_EDGE('',*,*,#2491,.F.);
#3308=ORIENTED_EDGE('',*,*,#2494,.F.);
#3309=ORIENTED_EDGE('',*,*,#2497,.F.);
#3310=ORIENTED_EDGE('',*,*,#2500,.F.);
#3311=ORIENTED_EDGE('',*,*,#2503,.F.);
#3312=ORIENTED_EDGE('',*,*,#2506,.F.);
#3313=ORIENTED_EDGE('',*,*,#2509,.F.);
#3314=ORIENTED_EDGE('',*,*,#2512,.F.);
#3315=ORIENTED_EDGE('',*,*,#2484,.F.);
#3316=ORIENTED_EDGE('',*,*,#2463,.F.);
#3317=ORIENTED_EDGE('',*,*,#2467,.F.);
#3318=ORIENTED_EDGE('',*,*,#2470,.F.);
#3319=ORIENTED_EDGE('',*,*,#2473,.F.);
#3320=ORIENTED_EDGE('',*,*,#2476,.F.);
#3321=ORIENTED_EDGE('',*,*,#2479,.F.);
#3322=ORIENTED_EDGE('',*,*,#2482,.F.);
#3323=ORIENTED_EDGE('',*,*,#2515,.F.);
#3324=ORIENTED_EDGE('',*,*,#2516,.T.);
#3325=ORIENTED_EDGE('',*,*,#2517,.T.);
#3326=ORIENTED_EDGE('',*,*,#2518,.F.);
#3327=ORIENTED_EDGE('',*,*,#2519,.F.);
#3328=ORIENTED_EDGE('',*,*,#2520,.T.);
#3329=ORIENTED_EDGE('',*,*,#2521,.T.);
#3330=ORIENTED_EDGE('',*,*,#2516,.F.);
#3331=ORIENTED_EDGE('',*,*,#2522,.F.);
#3332=ORIENTED_EDGE('',*,*,#2523,.T.);
#3333=ORIENTED_EDGE('',*,*,#2524,.T.);
#3334=ORIENTED_EDGE('',*,*,#2520,.F.);
#3335=ORIENTED_EDGE('',*,*,#2525,.F.);
#3336=ORIENTED_EDGE('',*,*,#2526,.T.);
#3337=ORIENTED_EDGE('',*,*,#2527,.T.);
#3338=ORIENTED_EDGE('',*,*,#2523,.F.);
#3339=ORIENTED_EDGE('',*,*,#2528,.F.);
#3340=ORIENTED_EDGE('',*,*,#2529,.T.);
#3341=ORIENTED_EDGE('',*,*,#2530,.T.);
#3342=ORIENTED_EDGE('',*,*,#2526,.F.);
#3343=ORIENTED_EDGE('',*,*,#2531,.F.);
#3344=ORIENTED_EDGE('',*,*,#2532,.T.);
#3345=ORIENTED_EDGE('',*,*,#2533,.T.);
#3346=ORIENTED_EDGE('',*,*,#2529,.F.);
#3347=ORIENTED_EDGE('',*,*,#2534,.F.);
#3348=ORIENTED_EDGE('',*,*,#2535,.T.);
#3349=ORIENTED_EDGE('',*,*,#2536,.T.);
#3350=ORIENTED_EDGE('',*,*,#2532,.F.);
#3351=ORIENTED_EDGE('',*,*,#2537,.F.);
#3352=ORIENTED_EDGE('',*,*,#2538,.T.);
#3353=ORIENTED_EDGE('',*,*,#2539,.T.);
#3354=ORIENTED_EDGE('',*,*,#2535,.F.);
#3355=ORIENTED_EDGE('',*,*,#2540,.F.);
#3356=ORIENTED_EDGE('',*,*,#2541,.T.);
#3357=ORIENTED_EDGE('',*,*,#2542,.T.);
#3358=ORIENTED_EDGE('',*,*,#2538,.F.);
#3359=ORIENTED_EDGE('',*,*,#2543,.F.);
#3360=ORIENTED_EDGE('',*,*,#2518,.T.);
#3361=ORIENTED_EDGE('',*,*,#2544,.T.);
#3362=ORIENTED_EDGE('',*,*,#2541,.F.);
#3363=ORIENTED_EDGE('',*,*,#2544,.F.);
#3364=ORIENTED_EDGE('',*,*,#2517,.F.);
#3365=ORIENTED_EDGE('',*,*,#2521,.F.);
#3366=ORIENTED_EDGE('',*,*,#2524,.F.);
#3367=ORIENTED_EDGE('',*,*,#2527,.F.);
#3368=ORIENTED_EDGE('',*,*,#2530,.F.);
#3369=ORIENTED_EDGE('',*,*,#2533,.F.);
#3370=ORIENTED_EDGE('',*,*,#2536,.F.);
#3371=ORIENTED_EDGE('',*,*,#2539,.F.);
#3372=ORIENTED_EDGE('',*,*,#2542,.F.);
#3373=ORIENTED_EDGE('',*,*,#2545,.F.);
#3374=ORIENTED_EDGE('',*,*,#2546,.T.);
#3375=ORIENTED_EDGE('',*,*,#2547,.T.);
#3376=ORIENTED_EDGE('',*,*,#2548,.F.);
#3377=ORIENTED_EDGE('',*,*,#2549,.F.);
#3378=ORIENTED_EDGE('',*,*,#2550,.T.);
#3379=ORIENTED_EDGE('',*,*,#2551,.T.);
#3380=ORIENTED_EDGE('',*,*,#2546,.F.);
#3381=ORIENTED_EDGE('',*,*,#2552,.F.);
#3382=ORIENTED_EDGE('',*,*,#2553,.T.);
#3383=ORIENTED_EDGE('',*,*,#2554,.T.);
#3384=ORIENTED_EDGE('',*,*,#2550,.F.);
#3385=ORIENTED_EDGE('',*,*,#2555,.F.);
#3386=ORIENTED_EDGE('',*,*,#2556,.T.);
#3387=ORIENTED_EDGE('',*,*,#2557,.T.);
#3388=ORIENTED_EDGE('',*,*,#2553,.F.);
#3389=ORIENTED_EDGE('',*,*,#2558,.F.);
#3390=ORIENTED_EDGE('',*,*,#2559,.T.);
#3391=ORIENTED_EDGE('',*,*,#2560,.T.);
#3392=ORIENTED_EDGE('',*,*,#2556,.F.);
#3393=ORIENTED_EDGE('',*,*,#2561,.F.);
#3394=ORIENTED_EDGE('',*,*,#2562,.T.);
#3395=ORIENTED_EDGE('',*,*,#2563,.T.);
#3396=ORIENTED_EDGE('',*,*,#2559,.F.);
#3397=ORIENTED_EDGE('',*,*,#2564,.F.);
#3398=ORIENTED_EDGE('',*,*,#2565,.T.);
#3399=ORIENTED_EDGE('',*,*,#2566,.T.);
#3400=ORIENTED_EDGE('',*,*,#2562,.F.);
#3401=ORIENTED_EDGE('',*,*,#2567,.F.);
#3402=ORIENTED_EDGE('',*,*,#2568,.T.);
#3403=ORIENTED_EDGE('',*,*,#2569,.T.);
#3404=ORIENTED_EDGE('',*,*,#2565,.F.);
#3405=ORIENTED_EDGE('',*,*,#2570,.F.);
#3406=ORIENTED_EDGE('',*,*,#2571,.T.);
#3407=ORIENTED_EDGE('',*,*,#2572,.T.);
#3408=ORIENTED_EDGE('',*,*,#2568,.F.);
#3409=ORIENTED_EDGE('',*,*,#2573,.F.);
#3410=ORIENTED_EDGE('',*,*,#2548,.T.);
#3411=ORIENTED_EDGE('',*,*,#2574,.T.);
#3412=ORIENTED_EDGE('',*,*,#2571,.F.);
#3413=ORIENTED_EDGE('',*,*,#2574,.F.);
#3414=ORIENTED_EDGE('',*,*,#2547,.F.);
#3415=ORIENTED_EDGE('',*,*,#2551,.F.);
#3416=ORIENTED_EDGE('',*,*,#2554,.F.);
#3417=ORIENTED_EDGE('',*,*,#2557,.F.);
#3418=ORIENTED_EDGE('',*,*,#2560,.F.);
#3419=ORIENTED_EDGE('',*,*,#2563,.F.);
#3420=ORIENTED_EDGE('',*,*,#2566,.F.);
#3421=ORIENTED_EDGE('',*,*,#2569,.F.);
#3422=ORIENTED_EDGE('',*,*,#2572,.F.);
#3423=ORIENTED_EDGE('',*,*,#2575,.F.);
#3424=ORIENTED_EDGE('',*,*,#2576,.T.);
#3425=ORIENTED_EDGE('',*,*,#2577,.T.);
#3426=ORIENTED_EDGE('',*,*,#2578,.F.);
#3427=ORIENTED_EDGE('',*,*,#2579,.F.);
#3428=ORIENTED_EDGE('',*,*,#2580,.T.);
#3429=ORIENTED_EDGE('',*,*,#2581,.T.);
#3430=ORIENTED_EDGE('',*,*,#2576,.F.);
#3431=ORIENTED_EDGE('',*,*,#2582,.F.);
#3432=ORIENTED_EDGE('',*,*,#2583,.T.);
#3433=ORIENTED_EDGE('',*,*,#2584,.T.);
#3434=ORIENTED_EDGE('',*,*,#2580,.F.);
#3435=ORIENTED_EDGE('',*,*,#2585,.F.);
#3436=ORIENTED_EDGE('',*,*,#2586,.T.);
#3437=ORIENTED_EDGE('',*,*,#2587,.T.);
#3438=ORIENTED_EDGE('',*,*,#2583,.F.);
#3439=ORIENTED_EDGE('',*,*,#2588,.F.);
#3440=ORIENTED_EDGE('',*,*,#2589,.T.);
#3441=ORIENTED_EDGE('',*,*,#2590,.T.);
#3442=ORIENTED_EDGE('',*,*,#2586,.F.);
#3443=ORIENTED_EDGE('',*,*,#2591,.F.);
#3444=ORIENTED_EDGE('',*,*,#2592,.T.);
#3445=ORIENTED_EDGE('',*,*,#2593,.T.);
#3446=ORIENTED_EDGE('',*,*,#2589,.F.);
#3447=ORIENTED_EDGE('',*,*,#2594,.F.);
#3448=ORIENTED_EDGE('',*,*,#2595,.T.);
#3449=ORIENTED_EDGE('',*,*,#2596,.T.);
#3450=ORIENTED_EDGE('',*,*,#2592,.F.);
#3451=ORIENTED_EDGE('',*,*,#2597,.F.);
#3452=ORIENTED_EDGE('',*,*,#2578,.T.);
#3453=ORIENTED_EDGE('',*,*,#2598,.T.);
#3454=ORIENTED_EDGE('',*,*,#2595,.F.);
#3455=ORIENTED_EDGE('',*,*,#2599,.F.);
#3456=ORIENTED_EDGE('',*,*,#2600,.T.);
#3457=ORIENTED_EDGE('',*,*,#2601,.T.);
#3458=ORIENTED_EDGE('',*,*,#2602,.F.);
#3459=ORIENTED_EDGE('',*,*,#2603,.F.);
#3460=ORIENTED_EDGE('',*,*,#2604,.T.);
#3461=ORIENTED_EDGE('',*,*,#2605,.T.);
#3462=ORIENTED_EDGE('',*,*,#2600,.F.);
#3463=ORIENTED_EDGE('',*,*,#2606,.F.);
#3464=ORIENTED_EDGE('',*,*,#2607,.T.);
#3465=ORIENTED_EDGE('',*,*,#2608,.T.);
#3466=ORIENTED_EDGE('',*,*,#2604,.F.);
#3467=ORIENTED_EDGE('',*,*,#2609,.F.);
#3468=ORIENTED_EDGE('',*,*,#2610,.T.);
#3469=ORIENTED_EDGE('',*,*,#2611,.T.);
#3470=ORIENTED_EDGE('',*,*,#2607,.F.);
#3471=ORIENTED_EDGE('',*,*,#2612,.F.);
#3472=ORIENTED_EDGE('',*,*,#2613,.T.);
#3473=ORIENTED_EDGE('',*,*,#2614,.T.);
#3474=ORIENTED_EDGE('',*,*,#2610,.F.);
#3475=ORIENTED_EDGE('',*,*,#2615,.F.);
#3476=ORIENTED_EDGE('',*,*,#2616,.T.);
#3477=ORIENTED_EDGE('',*,*,#2617,.T.);
#3478=ORIENTED_EDGE('',*,*,#2613,.F.);
#3479=ORIENTED_EDGE('',*,*,#2618,.F.);
#3480=ORIENTED_EDGE('',*,*,#2619,.T.);
#3481=ORIENTED_EDGE('',*,*,#2620,.T.);
#3482=ORIENTED_EDGE('',*,*,#2616,.F.);
#3483=ORIENTED_EDGE('',*,*,#2621,.F.);
#3484=ORIENTED_EDGE('',*,*,#2622,.T.);
#3485=ORIENTED_EDGE('',*,*,#2623,.T.);
#3486=ORIENTED_EDGE('',*,*,#2619,.F.);
#3487=ORIENTED_EDGE('',*,*,#2624,.F.);
#3488=ORIENTED_EDGE('',*,*,#2625,.T.);
#3489=ORIENTED_EDGE('',*,*,#2626,.T.);
#3490=ORIENTED_EDGE('',*,*,#2622,.F.);
#3491=ORIENTED_EDGE('',*,*,#2627,.F.);
#3492=ORIENTED_EDGE('',*,*,#2602,.T.);
#3493=ORIENTED_EDGE('',*,*,#2628,.T.);
#3494=ORIENTED_EDGE('',*,*,#2625,.F.);
#3495=ORIENTED_EDGE('',*,*,#2628,.F.);
#3496=ORIENTED_EDGE('',*,*,#2601,.F.);
#3497=ORIENTED_EDGE('',*,*,#2605,.F.);
#3498=ORIENTED_EDGE('',*,*,#2608,.F.);
#3499=ORIENTED_EDGE('',*,*,#2611,.F.);
#3500=ORIENTED_EDGE('',*,*,#2614,.F.);
#3501=ORIENTED_EDGE('',*,*,#2617,.F.);
#3502=ORIENTED_EDGE('',*,*,#2620,.F.);
#3503=ORIENTED_EDGE('',*,*,#2623,.F.);
#3504=ORIENTED_EDGE('',*,*,#2626,.F.);
#3505=ORIENTED_EDGE('',*,*,#2598,.F.);
#3506=ORIENTED_EDGE('',*,*,#2577,.F.);
#3507=ORIENTED_EDGE('',*,*,#2581,.F.);
#3508=ORIENTED_EDGE('',*,*,#2584,.F.);
#3509=ORIENTED_EDGE('',*,*,#2587,.F.);
#3510=ORIENTED_EDGE('',*,*,#2590,.F.);
#3511=ORIENTED_EDGE('',*,*,#2593,.F.);
#3512=ORIENTED_EDGE('',*,*,#2596,.F.);
#3513=ORIENTED_EDGE('',*,*,#2629,.F.);
#3514=ORIENTED_EDGE('',*,*,#2630,.T.);
#3515=ORIENTED_EDGE('',*,*,#2631,.T.);
#3516=ORIENTED_EDGE('',*,*,#2632,.F.);
#3517=ORIENTED_EDGE('',*,*,#2633,.F.);
#3518=ORIENTED_EDGE('',*,*,#2634,.T.);
#3519=ORIENTED_EDGE('',*,*,#2635,.T.);
#3520=ORIENTED_EDGE('',*,*,#2630,.F.);
#3521=ORIENTED_EDGE('',*,*,#2636,.F.);
#3522=ORIENTED_EDGE('',*,*,#2632,.T.);
#3523=ORIENTED_EDGE('',*,*,#2637,.T.);
#3524=ORIENTED_EDGE('',*,*,#2634,.F.);
#3525=ORIENTED_EDGE('',*,*,#2638,.F.);
#3526=ORIENTED_EDGE('',*,*,#2639,.T.);
#3527=ORIENTED_EDGE('',*,*,#2640,.T.);
#3528=ORIENTED_EDGE('',*,*,#2641,.F.);
#3529=ORIENTED_EDGE('',*,*,#2642,.F.);
#3530=ORIENTED_EDGE('',*,*,#2643,.T.);
#3531=ORIENTED_EDGE('',*,*,#2644,.T.);
#3532=ORIENTED_EDGE('',*,*,#2639,.F.);
#3533=ORIENTED_EDGE('',*,*,#2645,.F.);
#3534=ORIENTED_EDGE('',*,*,#2646,.T.);
#3535=ORIENTED_EDGE('',*,*,#2647,.T.);
#3536=ORIENTED_EDGE('',*,*,#2643,.F.);
#3537=ORIENTED_EDGE('',*,*,#2648,.F.);
#3538=ORIENTED_EDGE('',*,*,#2649,.T.);
#3539=ORIENTED_EDGE('',*,*,#2650,.T.);
#3540=ORIENTED_EDGE('',*,*,#2646,.F.);
#3541=ORIENTED_EDGE('',*,*,#2651,.F.);
#3542=ORIENTED_EDGE('',*,*,#2652,.T.);
#3543=ORIENTED_EDGE('',*,*,#2653,.T.);
#3544=ORIENTED_EDGE('',*,*,#2649,.F.);
#3545=ORIENTED_EDGE('',*,*,#2654,.F.);
#3546=ORIENTED_EDGE('',*,*,#2655,.T.);
#3547=ORIENTED_EDGE('',*,*,#2656,.T.);
#3548=ORIENTED_EDGE('',*,*,#2652,.F.);
#3549=ORIENTED_EDGE('',*,*,#2657,.F.);
#3550=ORIENTED_EDGE('',*,*,#2658,.T.);
#3551=ORIENTED_EDGE('',*,*,#2659,.T.);
#3552=ORIENTED_EDGE('',*,*,#2655,.F.);
#3553=ORIENTED_EDGE('',*,*,#2660,.F.);
#3554=ORIENTED_EDGE('',*,*,#2641,.T.);
#3555=ORIENTED_EDGE('',*,*,#2661,.T.);
#3556=ORIENTED_EDGE('',*,*,#2658,.F.);
#3557=ORIENTED_EDGE('',*,*,#2661,.F.);
#3558=ORIENTED_EDGE('',*,*,#2640,.F.);
#3559=ORIENTED_EDGE('',*,*,#2644,.F.);
#3560=ORIENTED_EDGE('',*,*,#2647,.F.);
#3561=ORIENTED_EDGE('',*,*,#2650,.F.);
#3562=ORIENTED_EDGE('',*,*,#2653,.F.);
#3563=ORIENTED_EDGE('',*,*,#2656,.F.);
#3564=ORIENTED_EDGE('',*,*,#2659,.F.);
#3565=ORIENTED_EDGE('',*,*,#2637,.F.);
#3566=ORIENTED_EDGE('',*,*,#2631,.F.);
#3567=ORIENTED_EDGE('',*,*,#2635,.F.);
#3568=ORIENTED_EDGE('',*,*,#2662,.F.);
#3569=ORIENTED_EDGE('',*,*,#2663,.T.);
#3570=ORIENTED_EDGE('',*,*,#2664,.T.);
#3571=ORIENTED_EDGE('',*,*,#2665,.F.);
#3572=ORIENTED_EDGE('',*,*,#2666,.F.);
#3573=ORIENTED_EDGE('',*,*,#2667,.T.);
#3574=ORIENTED_EDGE('',*,*,#2668,.T.);
#3575=ORIENTED_EDGE('',*,*,#2663,.F.);
#3576=ORIENTED_EDGE('',*,*,#2669,.F.);
#3577=ORIENTED_EDGE('',*,*,#2670,.T.);
#3578=ORIENTED_EDGE('',*,*,#2671,.T.);
#3579=ORIENTED_EDGE('',*,*,#2667,.F.);
#3580=ORIENTED_EDGE('',*,*,#2672,.F.);
#3581=ORIENTED_EDGE('',*,*,#2673,.T.);
#3582=ORIENTED_EDGE('',*,*,#2674,.T.);
#3583=ORIENTED_EDGE('',*,*,#2670,.F.);
#3584=ORIENTED_EDGE('',*,*,#2675,.F.);
#3585=ORIENTED_EDGE('',*,*,#2676,.T.);
#3586=ORIENTED_EDGE('',*,*,#2677,.T.);
#3587=ORIENTED_EDGE('',*,*,#2673,.F.);
#3588=ORIENTED_EDGE('',*,*,#2678,.F.);
#3589=ORIENTED_EDGE('',*,*,#2679,.T.);
#3590=ORIENTED_EDGE('',*,*,#2680,.T.);
#3591=ORIENTED_EDGE('',*,*,#2676,.F.);
#3592=ORIENTED_EDGE('',*,*,#2681,.F.);
#3593=ORIENTED_EDGE('',*,*,#2682,.T.);
#3594=ORIENTED_EDGE('',*,*,#2683,.T.);
#3595=ORIENTED_EDGE('',*,*,#2679,.F.);
#3596=ORIENTED_EDGE('',*,*,#2684,.F.);
#3597=ORIENTED_EDGE('',*,*,#2665,.T.);
#3598=ORIENTED_EDGE('',*,*,#2685,.T.);
#3599=ORIENTED_EDGE('',*,*,#2682,.F.);
#3600=ORIENTED_EDGE('',*,*,#2686,.F.);
#3601=ORIENTED_EDGE('',*,*,#2687,.T.);
#3602=ORIENTED_EDGE('',*,*,#2688,.T.);
#3603=ORIENTED_EDGE('',*,*,#2689,.F.);
#3604=ORIENTED_EDGE('',*,*,#2690,.F.);
#3605=ORIENTED_EDGE('',*,*,#2691,.T.);
#3606=ORIENTED_EDGE('',*,*,#2692,.T.);
#3607=ORIENTED_EDGE('',*,*,#2687,.F.);
#3608=ORIENTED_EDGE('',*,*,#2693,.F.);
#3609=ORIENTED_EDGE('',*,*,#2694,.T.);
#3610=ORIENTED_EDGE('',*,*,#2695,.T.);
#3611=ORIENTED_EDGE('',*,*,#2691,.F.);
#3612=ORIENTED_EDGE('',*,*,#2696,.F.);
#3613=ORIENTED_EDGE('',*,*,#2697,.T.);
#3614=ORIENTED_EDGE('',*,*,#2698,.T.);
#3615=ORIENTED_EDGE('',*,*,#2694,.F.);
#3616=ORIENTED_EDGE('',*,*,#2699,.F.);
#3617=ORIENTED_EDGE('',*,*,#2700,.T.);
#3618=ORIENTED_EDGE('',*,*,#2701,.T.);
#3619=ORIENTED_EDGE('',*,*,#2697,.F.);
#3620=ORIENTED_EDGE('',*,*,#2702,.F.);
#3621=ORIENTED_EDGE('',*,*,#2703,.T.);
#3622=ORIENTED_EDGE('',*,*,#2704,.T.);
#3623=ORIENTED_EDGE('',*,*,#2700,.F.);
#3624=ORIENTED_EDGE('',*,*,#2705,.F.);
#3625=ORIENTED_EDGE('',*,*,#2706,.T.);
#3626=ORIENTED_EDGE('',*,*,#2707,.T.);
#3627=ORIENTED_EDGE('',*,*,#2703,.F.);
#3628=ORIENTED_EDGE('',*,*,#2708,.F.);
#3629=ORIENTED_EDGE('',*,*,#2709,.T.);
#3630=ORIENTED_EDGE('',*,*,#2710,.T.);
#3631=ORIENTED_EDGE('',*,*,#2706,.F.);
#3632=ORIENTED_EDGE('',*,*,#2711,.F.);
#3633=ORIENTED_EDGE('',*,*,#2712,.T.);
#3634=ORIENTED_EDGE('',*,*,#2713,.T.);
#3635=ORIENTED_EDGE('',*,*,#2709,.F.);
#3636=ORIENTED_EDGE('',*,*,#2714,.F.);
#3637=ORIENTED_EDGE('',*,*,#2715,.T.);
#3638=ORIENTED_EDGE('',*,*,#2716,.T.);
#3639=ORIENTED_EDGE('',*,*,#2712,.F.);
#3640=ORIENTED_EDGE('',*,*,#2717,.F.);
#3641=ORIENTED_EDGE('',*,*,#2689,.T.);
#3642=ORIENTED_EDGE('',*,*,#2718,.T.);
#3643=ORIENTED_EDGE('',*,*,#2715,.F.);
#3644=ORIENTED_EDGE('',*,*,#2718,.F.);
#3645=ORIENTED_EDGE('',*,*,#2688,.F.);
#3646=ORIENTED_EDGE('',*,*,#2692,.F.);
#3647=ORIENTED_EDGE('',*,*,#2695,.F.);
#3648=ORIENTED_EDGE('',*,*,#2698,.F.);
#3649=ORIENTED_EDGE('',*,*,#2701,.F.);
#3650=ORIENTED_EDGE('',*,*,#2704,.F.);
#3651=ORIENTED_EDGE('',*,*,#2707,.F.);
#3652=ORIENTED_EDGE('',*,*,#2710,.F.);
#3653=ORIENTED_EDGE('',*,*,#2713,.F.);
#3654=ORIENTED_EDGE('',*,*,#2716,.F.);
#3655=ORIENTED_EDGE('',*,*,#2685,.F.);
#3656=ORIENTED_EDGE('',*,*,#2664,.F.);
#3657=ORIENTED_EDGE('',*,*,#2668,.F.);
#3658=ORIENTED_EDGE('',*,*,#2671,.F.);
#3659=ORIENTED_EDGE('',*,*,#2674,.F.);
#3660=ORIENTED_EDGE('',*,*,#2677,.F.);
#3661=ORIENTED_EDGE('',*,*,#2680,.F.);
#3662=ORIENTED_EDGE('',*,*,#2683,.F.);
#3663=ORIENTED_EDGE('',*,*,#2719,.F.);
#3664=ORIENTED_EDGE('',*,*,#2720,.T.);
#3665=ORIENTED_EDGE('',*,*,#2721,.T.);
#3666=ORIENTED_EDGE('',*,*,#2722,.F.);
#3667=ORIENTED_EDGE('',*,*,#2723,.F.);
#3668=ORIENTED_EDGE('',*,*,#2724,.T.);
#3669=ORIENTED_EDGE('',*,*,#2725,.T.);
#3670=ORIENTED_EDGE('',*,*,#2720,.F.);
#3671=ORIENTED_EDGE('',*,*,#2726,.F.);
#3672=ORIENTED_EDGE('',*,*,#2727,.T.);
#3673=ORIENTED_EDGE('',*,*,#2728,.T.);
#3674=ORIENTED_EDGE('',*,*,#2724,.F.);
#3675=ORIENTED_EDGE('',*,*,#2729,.F.);
#3676=ORIENTED_EDGE('',*,*,#2730,.T.);
#3677=ORIENTED_EDGE('',*,*,#2731,.T.);
#3678=ORIENTED_EDGE('',*,*,#2727,.F.);
#3679=ORIENTED_EDGE('',*,*,#2732,.F.);
#3680=ORIENTED_EDGE('',*,*,#2733,.T.);
#3681=ORIENTED_EDGE('',*,*,#2734,.T.);
#3682=ORIENTED_EDGE('',*,*,#2730,.F.);
#3683=ORIENTED_EDGE('',*,*,#2735,.F.);
#3684=ORIENTED_EDGE('',*,*,#2736,.T.);
#3685=ORIENTED_EDGE('',*,*,#2737,.T.);
#3686=ORIENTED_EDGE('',*,*,#2733,.F.);
#3687=ORIENTED_EDGE('',*,*,#2738,.F.);
#3688=ORIENTED_EDGE('',*,*,#2739,.T.);
#3689=ORIENTED_EDGE('',*,*,#2740,.T.);
#3690=ORIENTED_EDGE('',*,*,#2736,.F.);
#3691=ORIENTED_EDGE('',*,*,#2741,.F.);
#3692=ORIENTED_EDGE('',*,*,#2742,.T.);
#3693=ORIENTED_EDGE('',*,*,#2743,.T.);
#3694=ORIENTED_EDGE('',*,*,#2739,.F.);
#3695=ORIENTED_EDGE('',*,*,#2744,.F.);
#3696=ORIENTED_EDGE('',*,*,#2745,.T.);
#3697=ORIENTED_EDGE('',*,*,#2746,.T.);
#3698=ORIENTED_EDGE('',*,*,#2742,.F.);
#3699=ORIENTED_EDGE('',*,*,#2747,.F.);
#3700=ORIENTED_EDGE('',*,*,#2748,.T.);
#3701=ORIENTED_EDGE('',*,*,#2749,.T.);
#3702=ORIENTED_EDGE('',*,*,#2745,.F.);
#3703=ORIENTED_EDGE('',*,*,#2750,.F.);
#3704=ORIENTED_EDGE('',*,*,#2751,.T.);
#3705=ORIENTED_EDGE('',*,*,#2752,.T.);
#3706=ORIENTED_EDGE('',*,*,#2748,.F.);
#3707=ORIENTED_EDGE('',*,*,#2753,.F.);
#3708=ORIENTED_EDGE('',*,*,#2754,.T.);
#3709=ORIENTED_EDGE('',*,*,#2755,.T.);
#3710=ORIENTED_EDGE('',*,*,#2751,.F.);
#3711=ORIENTED_EDGE('',*,*,#2756,.F.);
#3712=ORIENTED_EDGE('',*,*,#2757,.T.);
#3713=ORIENTED_EDGE('',*,*,#2758,.T.);
#3714=ORIENTED_EDGE('',*,*,#2754,.F.);
#3715=ORIENTED_EDGE('',*,*,#2759,.F.);
#3716=ORIENTED_EDGE('',*,*,#2760,.T.);
#3717=ORIENTED_EDGE('',*,*,#2761,.T.);
#3718=ORIENTED_EDGE('',*,*,#2757,.F.);
#3719=ORIENTED_EDGE('',*,*,#2762,.F.);
#3720=ORIENTED_EDGE('',*,*,#2763,.T.);
#3721=ORIENTED_EDGE('',*,*,#2764,.T.);
#3722=ORIENTED_EDGE('',*,*,#2760,.F.);
#3723=ORIENTED_EDGE('',*,*,#2765,.F.);
#3724=ORIENTED_EDGE('',*,*,#2766,.T.);
#3725=ORIENTED_EDGE('',*,*,#2767,.T.);
#3726=ORIENTED_EDGE('',*,*,#2763,.F.);
#3727=ORIENTED_EDGE('',*,*,#2768,.F.);
#3728=ORIENTED_EDGE('',*,*,#2769,.T.);
#3729=ORIENTED_EDGE('',*,*,#2770,.T.);
#3730=ORIENTED_EDGE('',*,*,#2766,.F.);
#3731=ORIENTED_EDGE('',*,*,#2771,.F.);
#3732=ORIENTED_EDGE('',*,*,#2772,.T.);
#3733=ORIENTED_EDGE('',*,*,#2773,.T.);
#3734=ORIENTED_EDGE('',*,*,#2769,.F.);
#3735=ORIENTED_EDGE('',*,*,#2774,.F.);
#3736=ORIENTED_EDGE('',*,*,#2722,.T.);
#3737=ORIENTED_EDGE('',*,*,#2775,.T.);
#3738=ORIENTED_EDGE('',*,*,#2772,.F.);
#3739=ORIENTED_EDGE('',*,*,#2775,.F.);
#3740=ORIENTED_EDGE('',*,*,#2721,.F.);
#3741=ORIENTED_EDGE('',*,*,#2725,.F.);
#3742=ORIENTED_EDGE('',*,*,#2728,.F.);
#3743=ORIENTED_EDGE('',*,*,#2731,.F.);
#3744=ORIENTED_EDGE('',*,*,#2734,.F.);
#3745=ORIENTED_EDGE('',*,*,#2737,.F.);
#3746=ORIENTED_EDGE('',*,*,#2740,.F.);
#3747=ORIENTED_EDGE('',*,*,#2743,.F.);
#3748=ORIENTED_EDGE('',*,*,#2746,.F.);
#3749=ORIENTED_EDGE('',*,*,#2749,.F.);
#3750=ORIENTED_EDGE('',*,*,#2752,.F.);
#3751=ORIENTED_EDGE('',*,*,#2755,.F.);
#3752=ORIENTED_EDGE('',*,*,#2758,.F.);
#3753=ORIENTED_EDGE('',*,*,#2761,.F.);
#3754=ORIENTED_EDGE('',*,*,#2764,.F.);
#3755=ORIENTED_EDGE('',*,*,#2767,.F.);
#3756=ORIENTED_EDGE('',*,*,#2770,.F.);
#3757=ORIENTED_EDGE('',*,*,#2773,.F.);
#3758=ORIENTED_EDGE('',*,*,#2776,.F.);
#3759=ORIENTED_EDGE('',*,*,#2777,.T.);
#3760=ORIENTED_EDGE('',*,*,#2778,.T.);
#3761=ORIENTED_EDGE('',*,*,#2779,.F.);
#3762=ORIENTED_EDGE('',*,*,#2780,.F.);
#3763=ORIENTED_EDGE('',*,*,#2781,.T.);
#3764=ORIENTED_EDGE('',*,*,#2782,.T.);
#3765=ORIENTED_EDGE('',*,*,#2777,.F.);
#3766=ORIENTED_EDGE('',*,*,#2783,.F.);
#3767=ORIENTED_EDGE('',*,*,#2779,.T.);
#3768=ORIENTED_EDGE('',*,*,#2784,.T.);
#3769=ORIENTED_EDGE('',*,*,#2781,.F.);
#3770=ORIENTED_EDGE('',*,*,#2784,.F.);
#3771=ORIENTED_EDGE('',*,*,#2778,.F.);
#3772=ORIENTED_EDGE('',*,*,#2782,.F.);
#3773=ORIENTED_EDGE('',*,*,#2785,.F.);
#3774=ORIENTED_EDGE('',*,*,#2786,.F.);
#3775=ORIENTED_EDGE('',*,*,#2787,.F.);
#3776=ORIENTED_EDGE('',*,*,#2788,.F.);
#3777=ORIENTED_EDGE('',*,*,#2789,.F.);
#3778=ORIENTED_EDGE('',*,*,#2790,.F.);
#3779=ORIENTED_EDGE('',*,*,#2791,.F.);
#3780=ORIENTED_EDGE('',*,*,#2792,.F.);
#3781=ORIENTED_EDGE('',*,*,#2793,.F.);
#3782=ORIENTED_EDGE('',*,*,#2794,.F.);
#3783=ORIENTED_EDGE('',*,*,#2795,.F.);
#3784=ORIENTED_EDGE('',*,*,#2796,.F.);
#3785=ORIENTED_EDGE('',*,*,#2797,.F.);
#3786=ORIENTED_EDGE('',*,*,#2798,.F.);
#3787=ORIENTED_EDGE('',*,*,#2799,.F.);
#3788=ORIENTED_EDGE('',*,*,#2800,.F.);
#3789=ORIENTED_EDGE('',*,*,#2801,.F.);
#3790=ORIENTED_EDGE('',*,*,#2776,.T.);
#3791=ORIENTED_EDGE('',*,*,#2783,.T.);
#3792=ORIENTED_EDGE('',*,*,#2780,.T.);
#3793=ORIENTED_EDGE('',*,*,#2719,.T.);
#3794=ORIENTED_EDGE('',*,*,#2774,.T.);
#3795=ORIENTED_EDGE('',*,*,#2771,.T.);
#3796=ORIENTED_EDGE('',*,*,#2768,.T.);
#3797=ORIENTED_EDGE('',*,*,#2765,.T.);
#3798=ORIENTED_EDGE('',*,*,#2762,.T.);
#3799=ORIENTED_EDGE('',*,*,#2759,.T.);
#3800=ORIENTED_EDGE('',*,*,#2756,.T.);
#3801=ORIENTED_EDGE('',*,*,#2753,.T.);
#3802=ORIENTED_EDGE('',*,*,#2750,.T.);
#3803=ORIENTED_EDGE('',*,*,#2747,.T.);
#3804=ORIENTED_EDGE('',*,*,#2744,.T.);
#3805=ORIENTED_EDGE('',*,*,#2741,.T.);
#3806=ORIENTED_EDGE('',*,*,#2738,.T.);
#3807=ORIENTED_EDGE('',*,*,#2735,.T.);
#3808=ORIENTED_EDGE('',*,*,#2732,.T.);
#3809=ORIENTED_EDGE('',*,*,#2729,.T.);
#3810=ORIENTED_EDGE('',*,*,#2726,.T.);
#3811=ORIENTED_EDGE('',*,*,#2723,.T.);
#3812=ORIENTED_EDGE('',*,*,#2686,.T.);
#3813=ORIENTED_EDGE('',*,*,#2717,.T.);
#3814=ORIENTED_EDGE('',*,*,#2714,.T.);
#3815=ORIENTED_EDGE('',*,*,#2711,.T.);
#3816=ORIENTED_EDGE('',*,*,#2708,.T.);
#3817=ORIENTED_EDGE('',*,*,#2705,.T.);
#3818=ORIENTED_EDGE('',*,*,#2702,.T.);
#3819=ORIENTED_EDGE('',*,*,#2699,.T.);
#3820=ORIENTED_EDGE('',*,*,#2696,.T.);
#3821=ORIENTED_EDGE('',*,*,#2693,.T.);
#3822=ORIENTED_EDGE('',*,*,#2690,.T.);
#3823=ORIENTED_EDGE('',*,*,#2638,.T.);
#3824=ORIENTED_EDGE('',*,*,#2660,.T.);
#3825=ORIENTED_EDGE('',*,*,#2657,.T.);
#3826=ORIENTED_EDGE('',*,*,#2654,.T.);
#3827=ORIENTED_EDGE('',*,*,#2651,.T.);
#3828=ORIENTED_EDGE('',*,*,#2648,.T.);
#3829=ORIENTED_EDGE('',*,*,#2645,.T.);
#3830=ORIENTED_EDGE('',*,*,#2642,.T.);
#3831=ORIENTED_EDGE('',*,*,#2599,.T.);
#3832=ORIENTED_EDGE('',*,*,#2627,.T.);
#3833=ORIENTED_EDGE('',*,*,#2624,.T.);
#3834=ORIENTED_EDGE('',*,*,#2621,.T.);
#3835=ORIENTED_EDGE('',*,*,#2618,.T.);
#3836=ORIENTED_EDGE('',*,*,#2615,.T.);
#3837=ORIENTED_EDGE('',*,*,#2612,.T.);
#3838=ORIENTED_EDGE('',*,*,#2609,.T.);
#3839=ORIENTED_EDGE('',*,*,#2606,.T.);
#3840=ORIENTED_EDGE('',*,*,#2603,.T.);
#3841=ORIENTED_EDGE('',*,*,#2545,.T.);
#3842=ORIENTED_EDGE('',*,*,#2573,.T.);
#3843=ORIENTED_EDGE('',*,*,#2570,.T.);
#3844=ORIENTED_EDGE('',*,*,#2567,.T.);
#3845=ORIENTED_EDGE('',*,*,#2564,.T.);
#3846=ORIENTED_EDGE('',*,*,#2561,.T.);
#3847=ORIENTED_EDGE('',*,*,#2558,.T.);
#3848=ORIENTED_EDGE('',*,*,#2555,.T.);
#3849=ORIENTED_EDGE('',*,*,#2552,.T.);
#3850=ORIENTED_EDGE('',*,*,#2549,.T.);
#3851=ORIENTED_EDGE('',*,*,#2515,.T.);
#3852=ORIENTED_EDGE('',*,*,#2543,.T.);
#3853=ORIENTED_EDGE('',*,*,#2540,.T.);
#3854=ORIENTED_EDGE('',*,*,#2537,.T.);
#3855=ORIENTED_EDGE('',*,*,#2534,.T.);
#3856=ORIENTED_EDGE('',*,*,#2531,.T.);
#3857=ORIENTED_EDGE('',*,*,#2528,.T.);
#3858=ORIENTED_EDGE('',*,*,#2525,.T.);
#3859=ORIENTED_EDGE('',*,*,#2522,.T.);
#3860=ORIENTED_EDGE('',*,*,#2519,.T.);
#3861=ORIENTED_EDGE('',*,*,#2485,.T.);
#3862=ORIENTED_EDGE('',*,*,#2513,.T.);
#3863=ORIENTED_EDGE('',*,*,#2510,.T.);
#3864=ORIENTED_EDGE('',*,*,#2507,.T.);
#3865=ORIENTED_EDGE('',*,*,#2504,.T.);
#3866=ORIENTED_EDGE('',*,*,#2501,.T.);
#3867=ORIENTED_EDGE('',*,*,#2498,.T.);
#3868=ORIENTED_EDGE('',*,*,#2495,.T.);
#3869=ORIENTED_EDGE('',*,*,#2492,.T.);
#3870=ORIENTED_EDGE('',*,*,#2489,.T.);
#3871=ORIENTED_EDGE('',*,*,#2431,.T.);
#3872=ORIENTED_EDGE('',*,*,#2459,.T.);
#3873=ORIENTED_EDGE('',*,*,#2456,.T.);
#3874=ORIENTED_EDGE('',*,*,#2453,.T.);
#3875=ORIENTED_EDGE('',*,*,#2450,.T.);
#3876=ORIENTED_EDGE('',*,*,#2447,.T.);
#3877=ORIENTED_EDGE('',*,*,#2444,.T.);
#3878=ORIENTED_EDGE('',*,*,#2441,.T.);
#3879=ORIENTED_EDGE('',*,*,#2438,.T.);
#3880=ORIENTED_EDGE('',*,*,#2435,.T.);
#3881=ORIENTED_EDGE('',*,*,#2407,.T.);
#3882=ORIENTED_EDGE('',*,*,#2429,.T.);
#3883=ORIENTED_EDGE('',*,*,#2426,.T.);
#3884=ORIENTED_EDGE('',*,*,#2423,.T.);
#3885=ORIENTED_EDGE('',*,*,#2420,.T.);
#3886=ORIENTED_EDGE('',*,*,#2417,.T.);
#3887=ORIENTED_EDGE('',*,*,#2414,.T.);
#3888=ORIENTED_EDGE('',*,*,#2411,.T.);
#3889=ORIENTED_EDGE('',*,*,#2371,.T.);
#3890=ORIENTED_EDGE('',*,*,#2405,.T.);
#3891=ORIENTED_EDGE('',*,*,#2402,.T.);
#3892=ORIENTED_EDGE('',*,*,#2399,.T.);
#3893=ORIENTED_EDGE('',*,*,#2396,.T.);
#3894=ORIENTED_EDGE('',*,*,#2393,.T.);
#3895=ORIENTED_EDGE('',*,*,#2390,.T.);
#3896=ORIENTED_EDGE('',*,*,#2387,.T.);
#3897=ORIENTED_EDGE('',*,*,#2384,.T.);
#3898=ORIENTED_EDGE('',*,*,#2381,.T.);
#3899=ORIENTED_EDGE('',*,*,#2378,.T.);
#3900=ORIENTED_EDGE('',*,*,#2375,.T.);
#3901=ORIENTED_EDGE('',*,*,#2344,.T.);
#3902=ORIENTED_EDGE('',*,*,#2369,.T.);
#3903=ORIENTED_EDGE('',*,*,#2366,.T.);
#3904=ORIENTED_EDGE('',*,*,#2363,.T.);
#3905=ORIENTED_EDGE('',*,*,#2360,.T.);
#3906=ORIENTED_EDGE('',*,*,#2357,.T.);
#3907=ORIENTED_EDGE('',*,*,#2354,.T.);
#3908=ORIENTED_EDGE('',*,*,#2351,.T.);
#3909=ORIENTED_EDGE('',*,*,#2348,.T.);
#3910=ORIENTED_EDGE('',*,*,#2662,.T.);
#3911=ORIENTED_EDGE('',*,*,#2684,.T.);
#3912=ORIENTED_EDGE('',*,*,#2681,.T.);
#3913=ORIENTED_EDGE('',*,*,#2678,.T.);
#3914=ORIENTED_EDGE('',*,*,#2675,.T.);
#3915=ORIENTED_EDGE('',*,*,#2672,.T.);
#3916=ORIENTED_EDGE('',*,*,#2669,.T.);
#3917=ORIENTED_EDGE('',*,*,#2666,.T.);
#3918=ORIENTED_EDGE('',*,*,#2629,.T.);
#3919=ORIENTED_EDGE('',*,*,#2636,.T.);
#3920=ORIENTED_EDGE('',*,*,#2633,.T.);
#3921=ORIENTED_EDGE('',*,*,#2575,.T.);
#3922=ORIENTED_EDGE('',*,*,#2597,.T.);
#3923=ORIENTED_EDGE('',*,*,#2594,.T.);
#3924=ORIENTED_EDGE('',*,*,#2591,.T.);
#3925=ORIENTED_EDGE('',*,*,#2588,.T.);
#3926=ORIENTED_EDGE('',*,*,#2585,.T.);
#3927=ORIENTED_EDGE('',*,*,#2582,.T.);
#3928=ORIENTED_EDGE('',*,*,#2579,.T.);
#3929=ORIENTED_EDGE('',*,*,#2461,.T.);
#3930=ORIENTED_EDGE('',*,*,#2483,.T.);
#3931=ORIENTED_EDGE('',*,*,#2480,.T.);
#3932=ORIENTED_EDGE('',*,*,#2477,.T.);
#3933=ORIENTED_EDGE('',*,*,#2474,.T.);
#3934=ORIENTED_EDGE('',*,*,#2471,.T.);
#3935=ORIENTED_EDGE('',*,*,#2468,.T.);
#3936=ORIENTED_EDGE('',*,*,#2465,.T.);
#3937=ORIENTED_EDGE('',*,*,#2802,.T.);
#3938=ORIENTED_EDGE('',*,*,#2803,.T.);
#3939=ORIENTED_EDGE('',*,*,#2804,.T.);
#3940=ORIENTED_EDGE('',*,*,#2805,.T.);
#3941=ORIENTED_EDGE('',*,*,#2802,.F.);
#3942=ORIENTED_EDGE('',*,*,#2806,.T.);
#3943=ORIENTED_EDGE('',*,*,#2807,.T.);
#3944=ORIENTED_EDGE('',*,*,#2808,.T.);
#3945=ORIENTED_EDGE('',*,*,#2809,.T.);
#3946=ORIENTED_EDGE('',*,*,#2810,.T.);
#3947=ORIENTED_EDGE('',*,*,#2807,.F.);
#3948=ORIENTED_EDGE('',*,*,#2811,.T.);
#3949=ORIENTED_EDGE('',*,*,#2809,.F.);
#3950=ORIENTED_EDGE('',*,*,#2812,.T.);
#3951=ORIENTED_EDGE('',*,*,#2813,.T.);
#3952=ORIENTED_EDGE('',*,*,#2814,.T.);
#3953=ORIENTED_EDGE('',*,*,#2815,.T.);
#3954=ORIENTED_EDGE('',*,*,#2816,.T.);
#3955=ORIENTED_EDGE('',*,*,#2813,.F.);
#3956=ORIENTED_EDGE('',*,*,#2817,.T.);
#3957=ORIENTED_EDGE('',*,*,#2815,.F.);
#3958=ORIENTED_EDGE('',*,*,#2818,.T.);
#3959=ORIENTED_EDGE('',*,*,#2819,.T.);
#3960=ORIENTED_EDGE('',*,*,#2820,.T.);
#3961=ORIENTED_EDGE('',*,*,#2821,.T.);
#3962=ORIENTED_EDGE('',*,*,#2822,.T.);
#3963=ORIENTED_EDGE('',*,*,#2819,.F.);
#3964=ORIENTED_EDGE('',*,*,#2823,.T.);
#3965=ORIENTED_EDGE('',*,*,#2821,.F.);
#3966=ORIENTED_EDGE('',*,*,#2824,.T.);
#3967=ORIENTED_EDGE('',*,*,#2804,.F.);
#3968=ORIENTED_EDGE('',*,*,#2825,.T.);
#3969=ORIENTED_EDGE('',*,*,#2812,.F.);
#3970=ORIENTED_EDGE('',*,*,#2826,.T.);
#3971=ORIENTED_EDGE('',*,*,#2827,.F.);
#3972=ORIENTED_EDGE('',*,*,#2828,.F.);
#3973=ORIENTED_EDGE('',*,*,#2811,.F.);
#3974=ORIENTED_EDGE('',*,*,#2829,.T.);
#3975=ORIENTED_EDGE('',*,*,#2830,.F.);
#3976=ORIENTED_EDGE('',*,*,#2826,.F.);
#3977=ORIENTED_EDGE('',*,*,#2806,.F.);
#3978=ORIENTED_EDGE('',*,*,#2831,.T.);
#3979=ORIENTED_EDGE('',*,*,#2832,.F.);
#3980=ORIENTED_EDGE('',*,*,#2829,.F.);
#3981=ORIENTED_EDGE('',*,*,#2805,.F.);
#3982=ORIENTED_EDGE('',*,*,#2833,.T.);
#3983=ORIENTED_EDGE('',*,*,#2834,.F.);
#3984=ORIENTED_EDGE('',*,*,#2831,.F.);
#3985=ORIENTED_EDGE('',*,*,#2803,.F.);
#3986=ORIENTED_EDGE('',*,*,#2808,.F.);
#3987=ORIENTED_EDGE('',*,*,#2810,.F.);
#3988=ORIENTED_EDGE('',*,*,#2814,.F.);
#3989=ORIENTED_EDGE('',*,*,#2816,.F.);
#3990=ORIENTED_EDGE('',*,*,#2820,.F.);
#3991=ORIENTED_EDGE('',*,*,#2822,.F.);
#3992=ORIENTED_EDGE('',*,*,#2825,.F.);
#3993=ORIENTED_EDGE('',*,*,#2823,.F.);
#3994=ORIENTED_EDGE('',*,*,#2835,.T.);
#3995=ORIENTED_EDGE('',*,*,#2836,.F.);
#3996=ORIENTED_EDGE('',*,*,#2837,.F.);
#3997=ORIENTED_EDGE('',*,*,#2824,.F.);
#3998=ORIENTED_EDGE('',*,*,#2837,.T.);
#3999=ORIENTED_EDGE('',*,*,#2838,.F.);
#4000=ORIENTED_EDGE('',*,*,#2833,.F.);
#4001=ORIENTED_EDGE('',*,*,#2817,.F.);
#4002=ORIENTED_EDGE('',*,*,#2828,.T.);
#4003=ORIENTED_EDGE('',*,*,#2839,.F.);
#4004=ORIENTED_EDGE('',*,*,#2840,.F.);
#4005=ORIENTED_EDGE('',*,*,#2818,.F.);
#4006=ORIENTED_EDGE('',*,*,#2840,.T.);
#4007=ORIENTED_EDGE('',*,*,#2841,.F.);
#4008=ORIENTED_EDGE('',*,*,#2835,.F.);
#4009=ORIENTED_EDGE('',*,*,#2842,.F.);
#4010=ORIENTED_EDGE('',*,*,#2843,.T.);
#4011=ORIENTED_EDGE('',*,*,#2844,.F.);
#4012=ORIENTED_EDGE('',*,*,#2845,.F.);
#4013=ORIENTED_EDGE('',*,*,#2846,.F.);
#4014=ORIENTED_EDGE('',*,*,#2847,.F.);
#4015=ORIENTED_EDGE('',*,*,#2848,.F.);
#4016=ORIENTED_EDGE('',*,*,#2849,.T.);
#4017=ORIENTED_EDGE('',*,*,#2850,.F.);
#4018=ORIENTED_EDGE('',*,*,#2849,.F.);
#4019=ORIENTED_EDGE('',*,*,#2851,.F.);
#4020=ORIENTED_EDGE('',*,*,#2843,.F.);
#4021=ORIENTED_EDGE('',*,*,#2844,.T.);
#4022=ORIENTED_EDGE('',*,*,#2851,.T.);
#4023=ORIENTED_EDGE('',*,*,#2848,.T.);
#4024=ORIENTED_EDGE('',*,*,#2852,.F.);
#4025=ORIENTED_EDGE('',*,*,#2853,.T.);
#4026=ORIENTED_EDGE('',*,*,#2854,.F.);
#4027=ORIENTED_EDGE('',*,*,#2855,.F.);
#4028=ORIENTED_EDGE('',*,*,#2856,.F.);
#4029=ORIENTED_EDGE('',*,*,#2847,.T.);
#4030=ORIENTED_EDGE('',*,*,#2857,.T.);
#4031=ORIENTED_EDGE('',*,*,#2858,.T.);
#4032=ORIENTED_EDGE('',*,*,#2859,.T.);
#4033=ORIENTED_EDGE('',*,*,#2860,.T.);
#4034=ORIENTED_EDGE('',*,*,#2861,.T.);
#4035=ORIENTED_EDGE('',*,*,#2862,.T.);
#4036=ORIENTED_EDGE('',*,*,#2852,.T.);
#4037=ORIENTED_EDGE('',*,*,#2860,.F.);
#4038=ORIENTED_EDGE('',*,*,#2863,.F.);
#4039=ORIENTED_EDGE('',*,*,#2864,.T.);
#4040=ORIENTED_EDGE('',*,*,#2865,.F.);
#4041=ORIENTED_EDGE('',*,*,#2866,.F.);
#4042=ORIENTED_EDGE('',*,*,#2867,.F.);
#4043=ORIENTED_EDGE('',*,*,#2868,.T.);
#4044=ORIENTED_EDGE('',*,*,#2869,.F.);
#4045=ORIENTED_EDGE('',*,*,#2868,.F.);
#4046=ORIENTED_EDGE('',*,*,#2870,.F.);
#4047=ORIENTED_EDGE('',*,*,#2864,.F.);
#4048=ORIENTED_EDGE('',*,*,#2871,.F.);
#4049=ORIENTED_EDGE('',*,*,#2872,.F.);
#4050=ORIENTED_EDGE('',*,*,#2873,.F.);
#4051=ORIENTED_EDGE('',*,*,#2874,.T.);
#4052=ORIENTED_EDGE('',*,*,#2875,.F.);
#4053=ORIENTED_EDGE('',*,*,#2876,.F.);
#4054=ORIENTED_EDGE('',*,*,#2877,.F.);
#4055=ORIENTED_EDGE('',*,*,#2878,.T.);
#4056=ORIENTED_EDGE('',*,*,#2879,.F.);
#4057=ORIENTED_EDGE('',*,*,#2878,.F.);
#4058=ORIENTED_EDGE('',*,*,#2880,.F.);
#4059=ORIENTED_EDGE('',*,*,#2874,.F.);
#4060=ORIENTED_EDGE('',*,*,#2881,.F.);
#4061=ORIENTED_EDGE('',*,*,#2876,.T.);
#4062=ORIENTED_EDGE('',*,*,#2882,.T.);
#4063=ORIENTED_EDGE('',*,*,#2883,.T.);
#4064=ORIENTED_EDGE('',*,*,#2884,.T.);
#4065=ORIENTED_EDGE('',*,*,#2885,.T.);
#4066=ORIENTED_EDGE('',*,*,#2886,.T.);
#4067=ORIENTED_EDGE('',*,*,#2887,.T.);
#4068=ORIENTED_EDGE('',*,*,#2888,.T.);
#4069=ORIENTED_EDGE('',*,*,#2845,.T.);
#4070=ORIENTED_EDGE('',*,*,#2856,.T.);
#4071=ORIENTED_EDGE('',*,*,#2889,.F.);
#4072=ORIENTED_EDGE('',*,*,#2890,.T.);
#4073=ORIENTED_EDGE('',*,*,#2891,.T.);
#4074=ORIENTED_EDGE('',*,*,#2892,.F.);
#4075=ORIENTED_EDGE('',*,*,#2893,.T.);
#4076=ORIENTED_EDGE('',*,*,#2894,.F.);
#4077=ORIENTED_EDGE('',*,*,#2895,.T.);
#4078=ORIENTED_EDGE('',*,*,#2896,.T.);
#4079=ORIENTED_EDGE('',*,*,#2897,.T.);
#4080=ORIENTED_EDGE('',*,*,#2898,.T.);
#4081=ORIENTED_EDGE('',*,*,#2899,.T.);
#4082=ORIENTED_EDGE('',*,*,#2900,.T.);
#4083=ORIENTED_EDGE('',*,*,#2901,.T.);
#4084=ORIENTED_EDGE('',*,*,#2902,.T.);
#4085=ORIENTED_EDGE('',*,*,#2866,.T.);
#4086=ORIENTED_EDGE('',*,*,#2903,.T.);
#4087=ORIENTED_EDGE('',*,*,#2872,.T.);
#4088=ORIENTED_EDGE('',*,*,#2904,.T.);
#4089=ORIENTED_EDGE('',*,*,#2869,.T.);
#4090=ORIENTED_EDGE('',*,*,#2871,.T.);
#4091=ORIENTED_EDGE('',*,*,#2863,.T.);
#4092=ORIENTED_EDGE('',*,*,#2859,.F.);
#4093=ORIENTED_EDGE('',*,*,#2905,.T.);
#4094=ORIENTED_EDGE('',*,*,#2906,.T.);
#4095=ORIENTED_EDGE('',*,*,#2907,.F.);
#4096=ORIENTED_EDGE('',*,*,#2882,.F.);
#4097=ORIENTED_EDGE('',*,*,#2879,.T.);
#4098=ORIENTED_EDGE('',*,*,#2881,.T.);
#4099=ORIENTED_EDGE('',*,*,#2873,.T.);
#4100=ORIENTED_EDGE('',*,*,#2903,.F.);
#4101=ORIENTED_EDGE('',*,*,#2908,.T.);
#4102=ORIENTED_EDGE('',*,*,#2785,.T.);
#4103=ORIENTED_EDGE('',*,*,#2909,.T.);
#4104=ORIENTED_EDGE('',*,*,#2910,.T.);
#4105=ORIENTED_EDGE('',*,*,#2911,.T.);
#4106=ORIENTED_EDGE('',*,*,#2786,.T.);
#4107=ORIENTED_EDGE('',*,*,#2908,.F.);
#4108=ORIENTED_EDGE('',*,*,#2912,.T.);
#4109=ORIENTED_EDGE('',*,*,#2913,.T.);
#4110=ORIENTED_EDGE('',*,*,#2787,.T.);
#4111=ORIENTED_EDGE('',*,*,#2911,.F.);
#4112=ORIENTED_EDGE('',*,*,#2914,.T.);
#4113=ORIENTED_EDGE('',*,*,#2915,.T.);
#4114=ORIENTED_EDGE('',*,*,#2788,.T.);
#4115=ORIENTED_EDGE('',*,*,#2913,.F.);
#4116=ORIENTED_EDGE('',*,*,#2916,.T.);
#4117=ORIENTED_EDGE('',*,*,#2917,.T.);
#4118=ORIENTED_EDGE('',*,*,#2789,.T.);
#4119=ORIENTED_EDGE('',*,*,#2915,.F.);
#4120=ORIENTED_EDGE('',*,*,#2918,.T.);
#4121=ORIENTED_EDGE('',*,*,#2919,.T.);
#4122=ORIENTED_EDGE('',*,*,#2790,.T.);
#4123=ORIENTED_EDGE('',*,*,#2917,.F.);
#4124=ORIENTED_EDGE('',*,*,#2920,.T.);
#4125=ORIENTED_EDGE('',*,*,#2921,.T.);
#4126=ORIENTED_EDGE('',*,*,#2791,.T.);
#4127=ORIENTED_EDGE('',*,*,#2919,.F.);
#4128=ORIENTED_EDGE('',*,*,#2854,.T.);
#4129=ORIENTED_EDGE('',*,*,#2922,.T.);
#4130=ORIENTED_EDGE('',*,*,#2792,.T.);
#4131=ORIENTED_EDGE('',*,*,#2921,.F.);
#4132=ORIENTED_EDGE('',*,*,#2923,.T.);
#4133=ORIENTED_EDGE('',*,*,#2924,.T.);
#4134=ORIENTED_EDGE('',*,*,#2793,.T.);
#4135=ORIENTED_EDGE('',*,*,#2922,.F.);
#4136=ORIENTED_EDGE('',*,*,#2925,.T.);
#4137=ORIENTED_EDGE('',*,*,#2926,.T.);
#4138=ORIENTED_EDGE('',*,*,#2794,.T.);
#4139=ORIENTED_EDGE('',*,*,#2924,.F.);
#4140=ORIENTED_EDGE('',*,*,#2927,.T.);
#4141=ORIENTED_EDGE('',*,*,#2928,.T.);
#4142=ORIENTED_EDGE('',*,*,#2795,.T.);
#4143=ORIENTED_EDGE('',*,*,#2926,.F.);
#4144=ORIENTED_EDGE('',*,*,#2929,.T.);
#4145=ORIENTED_EDGE('',*,*,#2909,.F.);
#4146=ORIENTED_EDGE('',*,*,#2796,.T.);
#4147=ORIENTED_EDGE('',*,*,#2928,.F.);
#4148=ORIENTED_EDGE('',*,*,#2930,.T.);
#4149=ORIENTED_EDGE('',*,*,#2920,.F.);
#4150=ORIENTED_EDGE('',*,*,#2931,.F.);
#4151=ORIENTED_EDGE('',*,*,#2889,.T.);
#4152=ORIENTED_EDGE('',*,*,#2855,.T.);
#4153=ORIENTED_EDGE('',*,*,#2918,.F.);
#4154=ORIENTED_EDGE('',*,*,#2932,.F.);
#4155=ORIENTED_EDGE('',*,*,#2890,.F.);
#4156=ORIENTED_EDGE('',*,*,#2931,.T.);
#4157=ORIENTED_EDGE('',*,*,#2916,.F.);
#4158=ORIENTED_EDGE('',*,*,#2933,.F.);
#4159=ORIENTED_EDGE('',*,*,#2891,.F.);
#4160=ORIENTED_EDGE('',*,*,#2932,.T.);
#4161=ORIENTED_EDGE('',*,*,#2914,.F.);
#4162=ORIENTED_EDGE('',*,*,#2934,.F.);
#4163=ORIENTED_EDGE('',*,*,#2892,.T.);
#4164=ORIENTED_EDGE('',*,*,#2933,.T.);
#4165=ORIENTED_EDGE('',*,*,#2912,.F.);
#4166=ORIENTED_EDGE('',*,*,#2935,.F.);
#4167=ORIENTED_EDGE('',*,*,#2893,.F.);
#4168=ORIENTED_EDGE('',*,*,#2934,.T.);
#4169=ORIENTED_EDGE('',*,*,#2910,.F.);
#4170=ORIENTED_EDGE('',*,*,#2936,.F.);
#4171=ORIENTED_EDGE('',*,*,#2937,.T.);
#4172=ORIENTED_EDGE('',*,*,#2938,.T.);
#4173=ORIENTED_EDGE('',*,*,#2894,.T.);
#4174=ORIENTED_EDGE('',*,*,#2935,.T.);
#4175=ORIENTED_EDGE('',*,*,#2323,.T.);
#4176=ORIENTED_EDGE('',*,*,#2342,.T.);
#4177=ORIENTED_EDGE('',*,*,#2339,.T.);
#4178=ORIENTED_EDGE('',*,*,#2336,.T.);
#4179=ORIENTED_EDGE('',*,*,#2333,.T.);
#4180=ORIENTED_EDGE('',*,*,#2330,.T.);
#4181=ORIENTED_EDGE('',*,*,#2327,.T.);
#4182=ORIENTED_EDGE('',*,*,#2801,.T.);
#4183=ORIENTED_EDGE('',*,*,#2939,.T.);
#4184=ORIENTED_EDGE('',*,*,#2940,.T.);
#4185=ORIENTED_EDGE('',*,*,#2939,.F.);
#4186=ORIENTED_EDGE('',*,*,#2940,.F.);
#4187=ORIENTED_EDGE('',*,*,#2941,.T.);
#4188=ORIENTED_EDGE('',*,*,#2942,.T.);
#4189=ORIENTED_EDGE('',*,*,#2941,.F.);
#4190=ORIENTED_EDGE('',*,*,#2797,.T.);
#4191=ORIENTED_EDGE('',*,*,#2943,.T.);
#4192=ORIENTED_EDGE('',*,*,#2944,.T.);
#4193=ORIENTED_EDGE('',*,*,#2943,.F.);
#4194=ORIENTED_EDGE('',*,*,#2944,.F.);
#4195=ORIENTED_EDGE('',*,*,#2945,.T.);
#4196=ORIENTED_EDGE('',*,*,#2946,.T.);
#4197=ORIENTED_EDGE('',*,*,#2945,.F.);
#4198=ORIENTED_EDGE('',*,*,#2800,.T.);
#4199=ORIENTED_EDGE('',*,*,#2947,.T.);
#4200=ORIENTED_EDGE('',*,*,#2948,.T.);
#4201=ORIENTED_EDGE('',*,*,#2947,.F.);
#4202=ORIENTED_EDGE('',*,*,#2948,.F.);
#4203=ORIENTED_EDGE('',*,*,#2949,.T.);
#4204=ORIENTED_EDGE('',*,*,#2950,.T.);
#4205=ORIENTED_EDGE('',*,*,#2949,.F.);
#4206=ORIENTED_EDGE('',*,*,#2798,.T.);
#4207=ORIENTED_EDGE('',*,*,#2951,.T.);
#4208=ORIENTED_EDGE('',*,*,#2952,.T.);
#4209=ORIENTED_EDGE('',*,*,#2951,.F.);
#4210=ORIENTED_EDGE('',*,*,#2952,.F.);
#4211=ORIENTED_EDGE('',*,*,#2953,.T.);
#4212=ORIENTED_EDGE('',*,*,#2954,.T.);
#4213=ORIENTED_EDGE('',*,*,#2953,.F.);
#4214=ORIENTED_EDGE('',*,*,#2799,.T.);
#4215=ORIENTED_EDGE('',*,*,#2955,.T.);
#4216=ORIENTED_EDGE('',*,*,#2956,.T.);
#4217=ORIENTED_EDGE('',*,*,#2955,.F.);
#4218=ORIENTED_EDGE('',*,*,#2956,.F.);
#4219=ORIENTED_EDGE('',*,*,#2957,.T.);
#4220=ORIENTED_EDGE('',*,*,#2958,.T.);
#4221=ORIENTED_EDGE('',*,*,#2957,.F.);
#4222=ORIENTED_EDGE('',*,*,#2958,.F.);
#4223=ORIENTED_EDGE('',*,*,#2959,.F.);
#4224=ORIENTED_EDGE('',*,*,#2954,.F.);
#4225=ORIENTED_EDGE('',*,*,#2960,.F.);
#4226=ORIENTED_EDGE('',*,*,#2950,.F.);
#4227=ORIENTED_EDGE('',*,*,#2961,.F.);
#4228=ORIENTED_EDGE('',*,*,#2946,.F.);
#4229=ORIENTED_EDGE('',*,*,#2962,.F.);
#4230=ORIENTED_EDGE('',*,*,#2942,.F.);
#4231=ORIENTED_EDGE('',*,*,#2963,.F.);
#4232=ORIENTED_EDGE('',*,*,#2964,.F.);
#4233=ORIENTED_EDGE('',*,*,#2965,.T.);
#4234=ORIENTED_EDGE('',*,*,#2959,.T.);
#4235=ORIENTED_EDGE('',*,*,#2965,.F.);
#4236=ORIENTED_EDGE('',*,*,#2966,.F.);
#4237=ORIENTED_EDGE('',*,*,#2967,.T.);
#4238=ORIENTED_EDGE('',*,*,#2960,.T.);
#4239=ORIENTED_EDGE('',*,*,#2967,.F.);
#4240=ORIENTED_EDGE('',*,*,#2968,.F.);
#4241=ORIENTED_EDGE('',*,*,#2969,.T.);
#4242=ORIENTED_EDGE('',*,*,#2961,.T.);
#4243=ORIENTED_EDGE('',*,*,#2969,.F.);
#4244=ORIENTED_EDGE('',*,*,#2970,.F.);
#4245=ORIENTED_EDGE('',*,*,#2971,.T.);
#4246=ORIENTED_EDGE('',*,*,#2962,.T.);
#4247=ORIENTED_EDGE('',*,*,#2971,.F.);
#4248=ORIENTED_EDGE('',*,*,#2972,.F.);
#4249=ORIENTED_EDGE('',*,*,#2973,.T.);
#4250=ORIENTED_EDGE('',*,*,#2963,.T.);
#4251=ORIENTED_EDGE('',*,*,#2973,.F.);
#4252=ORIENTED_EDGE('',*,*,#2885,.F.);
#4253=ORIENTED_EDGE('',*,*,#2974,.T.);
#4254=ORIENTED_EDGE('',*,*,#2975,.T.);
#4255=ORIENTED_EDGE('',*,*,#2976,.F.);
#4256=ORIENTED_EDGE('',*,*,#2884,.F.);
#4257=ORIENTED_EDGE('',*,*,#2977,.T.);
#4258=ORIENTED_EDGE('',*,*,#2978,.T.);
#4259=ORIENTED_EDGE('',*,*,#2974,.F.);
#4260=ORIENTED_EDGE('',*,*,#2883,.F.);
#4261=ORIENTED_EDGE('',*,*,#2907,.T.);
#4262=ORIENTED_EDGE('',*,*,#2979,.T.);
#4263=ORIENTED_EDGE('',*,*,#2977,.F.);
#4264=ORIENTED_EDGE('',*,*,#2858,.F.);
#4265=ORIENTED_EDGE('',*,*,#2980,.T.);
#4266=ORIENTED_EDGE('',*,*,#2981,.T.);
#4267=ORIENTED_EDGE('',*,*,#2905,.F.);
#4268=ORIENTED_EDGE('',*,*,#2842,.T.);
#4269=ORIENTED_EDGE('',*,*,#2902,.F.);
#4270=ORIENTED_EDGE('',*,*,#2982,.T.);
#4271=ORIENTED_EDGE('',*,*,#2983,.T.);
#4272=ORIENTED_EDGE('',*,*,#2980,.F.);
#4273=ORIENTED_EDGE('',*,*,#2857,.F.);
#4274=ORIENTED_EDGE('',*,*,#2846,.T.);
#4275=ORIENTED_EDGE('',*,*,#2850,.T.);
#4276=ORIENTED_EDGE('',*,*,#2901,.F.);
#4277=ORIENTED_EDGE('',*,*,#2984,.T.);
#4278=ORIENTED_EDGE('',*,*,#2985,.T.);
#4279=ORIENTED_EDGE('',*,*,#2982,.F.);
#4280=ORIENTED_EDGE('',*,*,#2900,.F.);
#4281=ORIENTED_EDGE('',*,*,#2986,.T.);
#4282=ORIENTED_EDGE('',*,*,#2987,.T.);
#4283=ORIENTED_EDGE('',*,*,#2984,.F.);
#4284=ORIENTED_EDGE('',*,*,#2899,.F.);
#4285=ORIENTED_EDGE('',*,*,#2988,.T.);
#4286=ORIENTED_EDGE('',*,*,#2989,.T.);
#4287=ORIENTED_EDGE('',*,*,#2986,.F.);
#4288=ORIENTED_EDGE('',*,*,#2898,.F.);
#4289=ORIENTED_EDGE('',*,*,#2990,.T.);
#4290=ORIENTED_EDGE('',*,*,#2991,.T.);
#4291=ORIENTED_EDGE('',*,*,#2988,.F.);
#4292=ORIENTED_EDGE('',*,*,#2897,.F.);
#4293=ORIENTED_EDGE('',*,*,#2992,.T.);
#4294=ORIENTED_EDGE('',*,*,#2993,.T.);
#4295=ORIENTED_EDGE('',*,*,#2990,.F.);
#4296=ORIENTED_EDGE('',*,*,#2896,.F.);
#4297=ORIENTED_EDGE('',*,*,#2994,.T.);
#4298=ORIENTED_EDGE('',*,*,#2995,.T.);
#4299=ORIENTED_EDGE('',*,*,#2992,.F.);
#4300=ORIENTED_EDGE('',*,*,#2895,.F.);
#4301=ORIENTED_EDGE('',*,*,#2938,.F.);
#4302=ORIENTED_EDGE('',*,*,#2996,.T.);
#4303=ORIENTED_EDGE('',*,*,#2994,.F.);
#4304=ORIENTED_EDGE('',*,*,#2996,.F.);
#4305=ORIENTED_EDGE('',*,*,#2937,.F.);
#4306=ORIENTED_EDGE('',*,*,#2997,.F.);
#4307=ORIENTED_EDGE('',*,*,#2998,.F.);
#4308=ORIENTED_EDGE('',*,*,#2975,.F.);
#4309=ORIENTED_EDGE('',*,*,#2978,.F.);
#4310=ORIENTED_EDGE('',*,*,#2979,.F.);
#4311=ORIENTED_EDGE('',*,*,#2906,.F.);
#4312=ORIENTED_EDGE('',*,*,#2981,.F.);
#4313=ORIENTED_EDGE('',*,*,#2983,.F.);
#4314=ORIENTED_EDGE('',*,*,#2985,.F.);
#4315=ORIENTED_EDGE('',*,*,#2987,.F.);
#4316=ORIENTED_EDGE('',*,*,#2989,.F.);
#4317=ORIENTED_EDGE('',*,*,#2991,.F.);
#4318=ORIENTED_EDGE('',*,*,#2993,.F.);
#4319=ORIENTED_EDGE('',*,*,#2995,.F.);
#4320=ORIENTED_EDGE('',*,*,#2832,.T.);
#4321=ORIENTED_EDGE('',*,*,#2834,.T.);
#4322=ORIENTED_EDGE('',*,*,#2838,.T.);
#4323=ORIENTED_EDGE('',*,*,#2836,.T.);
#4324=ORIENTED_EDGE('',*,*,#2841,.T.);
#4325=ORIENTED_EDGE('',*,*,#2839,.T.);
#4326=ORIENTED_EDGE('',*,*,#2827,.T.);
#4327=ORIENTED_EDGE('',*,*,#2830,.T.);
#4328=ORIENTED_EDGE('',*,*,#2964,.T.);
#4329=ORIENTED_EDGE('',*,*,#2966,.T.);
#4330=ORIENTED_EDGE('',*,*,#2968,.T.);
#4331=ORIENTED_EDGE('',*,*,#2970,.T.);
#4332=ORIENTED_EDGE('',*,*,#2972,.T.);
#4333=ORIENTED_EDGE('',*,*,#2929,.F.);
#4334=ORIENTED_EDGE('',*,*,#2999,.F.);
#4335=ORIENTED_EDGE('',*,*,#2886,.F.);
#4336=ORIENTED_EDGE('',*,*,#2976,.T.);
#4337=ORIENTED_EDGE('',*,*,#2998,.T.);
#4338=ORIENTED_EDGE('',*,*,#3000,.T.);
#4339=ORIENTED_EDGE('',*,*,#2930,.F.);
#4340=ORIENTED_EDGE('',*,*,#3000,.F.);
#4341=ORIENTED_EDGE('',*,*,#2997,.T.);
#4342=ORIENTED_EDGE('',*,*,#2936,.T.);
#4343=ORIENTED_EDGE('',*,*,#2927,.F.);
#4344=ORIENTED_EDGE('',*,*,#3001,.F.);
#4345=ORIENTED_EDGE('',*,*,#2887,.F.);
#4346=ORIENTED_EDGE('',*,*,#2999,.T.);
#4347=ORIENTED_EDGE('',*,*,#2867,.T.);
#4348=ORIENTED_EDGE('',*,*,#2904,.F.);
#4349=ORIENTED_EDGE('',*,*,#2875,.T.);
#4350=ORIENTED_EDGE('',*,*,#2880,.T.);
#4351=ORIENTED_EDGE('',*,*,#2877,.T.);
#4352=ORIENTED_EDGE('',*,*,#2888,.F.);
#4353=ORIENTED_EDGE('',*,*,#3001,.T.);
#4354=ORIENTED_EDGE('',*,*,#2925,.F.);
#4355=ORIENTED_EDGE('',*,*,#3002,.F.);
#4356=ORIENTED_EDGE('',*,*,#2861,.F.);
#4357=ORIENTED_EDGE('',*,*,#2865,.T.);
#4358=ORIENTED_EDGE('',*,*,#2870,.T.);
#4359=ORIENTED_EDGE('',*,*,#2923,.F.);
#4360=ORIENTED_EDGE('',*,*,#2853,.F.);
#4361=ORIENTED_EDGE('',*,*,#2862,.F.);
#4362=ORIENTED_EDGE('',*,*,#3002,.T.);
#4363=PLANE('',#4789);
#4364=PLANE('',#4790);
#4365=PLANE('',#4791);
#4366=PLANE('',#4792);
#4367=PLANE('',#4793);
#4368=PLANE('',#4794);
#4369=PLANE('',#4795);
#4370=PLANE('',#4796);
#4371=PLANE('',#4797);
#4372=PLANE('',#4798);
#4373=PLANE('',#4799);
#4374=PLANE('',#4800);
#4375=PLANE('',#4801);
#4376=PLANE('',#4802);
#4377=PLANE('',#4803);
#4378=PLANE('',#4804);
#4379=PLANE('',#4805);
#4380=PLANE('',#4806);
#4381=PLANE('',#4807);
#4382=PLANE('',#4808);
#4383=PLANE('',#4809);
#4384=PLANE('',#4810);
#4385=PLANE('',#4811);
#4386=PLANE('',#4812);
#4387=PLANE('',#4813);
#4388=PLANE('',#4814);
#4389=PLANE('',#4815);
#4390=PLANE('',#4816);
#4391=PLANE('',#4817);
#4392=PLANE('',#4818);
#4393=PLANE('',#4819);
#4394=PLANE('',#4820);
#4395=PLANE('',#4821);
#4396=PLANE('',#4822);
#4397=PLANE('',#4823);
#4398=PLANE('',#4824);
#4399=PLANE('',#4825);
#4400=PLANE('',#4826);
#4401=PLANE('',#4827);
#4402=PLANE('',#4828);
#4403=PLANE('',#4829);
#4404=PLANE('',#4830);
#4405=PLANE('',#4831);
#4406=PLANE('',#4832);
#4407=PLANE('',#4833);
#4408=PLANE('',#4834);
#4409=PLANE('',#4835);
#4410=PLANE('',#4836);
#4411=PLANE('',#4837);
#4412=PLANE('',#4838);
#4413=PLANE('',#4839);
#4414=PLANE('',#4840);
#4415=PLANE('',#4841);
#4416=PLANE('',#4842);
#4417=PLANE('',#4843);
#4418=PLANE('',#4844);
#4419=PLANE('',#4845);
#4420=PLANE('',#4846);
#4421=PLANE('',#4847);
#4422=PLANE('',#4848);
#4423=PLANE('',#4849);
#4424=PLANE('',#4850);
#4425=PLANE('',#4851);
#4426=PLANE('',#4852);
#4427=PLANE('',#4853);
#4428=PLANE('',#4854);
#4429=PLANE('',#4855);
#4430=PLANE('',#4856);
#4431=PLANE('',#4857);
#4432=PLANE('',#4858);
#4433=PLANE('',#4859);
#4434=PLANE('',#4860);
#4435=PLANE('',#4861);
#4436=PLANE('',#4862);
#4437=PLANE('',#4863);
#4438=PLANE('',#4864);
#4439=PLANE('',#4865);
#4440=PLANE('',#4866);
#4441=PLANE('',#4867);
#4442=PLANE('',#4868);
#4443=PLANE('',#4869);
#4444=PLANE('',#4870);
#4445=PLANE('',#4871);
#4446=PLANE('',#4872);
#4447=PLANE('',#4873);
#4448=PLANE('',#4874);
#4449=PLANE('',#4875);
#4450=PLANE('',#4876);
#4451=PLANE('',#4877);
#4452=PLANE('',#4878);
#4453=PLANE('',#4879);
#4454=PLANE('',#4880);
#4455=PLANE('',#4881);
#4456=PLANE('',#4882);
#4457=PLANE('',#4883);
#4458=PLANE('',#4884);
#4459=PLANE('',#4885);
#4460=PLANE('',#4897);
#4461=PLANE('',#4898);
#4462=PLANE('',#4899);
#4463=PLANE('',#4900);
#4464=PLANE('',#4904);
#4465=PLANE('',#4908);
#4466=PLANE('',#4912);
#4467=PLANE('',#4916);
#4468=PLANE('',#4917);
#4469=PLANE('',#4920);
#4470=PLANE('',#4923);
#4471=PLANE('',#4926);
#4472=PLANE('',#4929);
#4473=PLANE('',#4930);
#4474=PLANE('',#4931);
#4475=PLANE('',#4932);
#4476=PLANE('',#4933);
#4477=PLANE('',#4934);
#4478=PLANE('',#4937);
#4479=PLANE('',#4938);
#4480=PLANE('',#4939);
#4481=PLANE('',#4940);
#4482=PLANE('',#4941);
#4483=PLANE('',#4942);
#4484=PLANE('',#4943);
#4485=PLANE('',#4946);
#4486=PLANE('',#4953);
#4487=PLANE('',#4954);
#4488=PLANE('',#4955);
#4489=PLANE('',#4958);
#4490=PLANE('',#4961);
#4491=PLANE('',#4964);
#4492=PLANE('',#4967);
#4493=PLANE('',#4970);
#4494=PLANE('',#4974);
#4495=PLANE('',#4976);
#4496=PLANE('',#4978);
#4497=PLANE('',#4979);
#4498=PLANE('',#5000);
#4499=PLANE('',#5002);
#4500=PLANE('',#5004);
#4501=PLANE('',#5006);
#4502=PLANE('',#5008);
#4503=PLANE('',#5020);
#4504=PLANE('',#5021);
#4505=PLANE('',#5026);
#4506=PLANE('',#5029);
#4507=PLANE('',#5032);
#4508=PLANE('',#5035);
#4509=PLANE('',#5036);
#4510=PLANE('',#5037);
#4511=PLANE('',#5039);
#4512=PLANE('',#5042);
#4513=ADVANCED_FACE('',(#375),#4363,.F.);
#4514=ADVANCED_FACE('',(#376),#305,.F.);
#4515=ADVANCED_FACE('',(#377),#306,.F.);
#4516=ADVANCED_FACE('',(#378),#307,.F.);
#4517=ADVANCED_FACE('',(#379),#308,.F.);
#4518=ADVANCED_FACE('',(#380),#4364,.F.);
#4519=ADVANCED_FACE('',(#381),#4365,.F.);
#4520=ADVANCED_FACE('',(#382),#4366,.F.);
#4521=ADVANCED_FACE('',(#383),#4367,.F.);
#4522=ADVANCED_FACE('',(#384),#4368,.F.);
#4523=ADVANCED_FACE('',(#385),#309,.F.);
#4524=ADVANCED_FACE('',(#386),#310,.F.);
#4525=ADVANCED_FACE('',(#387),#311,.F.);
#4526=ADVANCED_FACE('',(#388),#312,.F.);
#4527=ADVANCED_FACE('',(#389),#4369,.F.);
#4528=ADVANCED_FACE('',(#390),#4370,.F.);
#4529=ADVANCED_FACE('',(#391,#132),#4371,.T.);
#4530=ADVANCED_FACE('',(#392),#4372,.F.);
#4531=ADVANCED_FACE('',(#393),#4373,.F.);
#4532=ADVANCED_FACE('',(#394),#4374,.F.);
#4533=ADVANCED_FACE('',(#395),#4375,.F.);
#4534=ADVANCED_FACE('',(#396),#4376,.F.);
#4535=ADVANCED_FACE('',(#397),#4377,.F.);
#4536=ADVANCED_FACE('',(#398),#4378,.F.);
#4537=ADVANCED_FACE('',(#399),#4379,.F.);
#4538=ADVANCED_FACE('',(#400),#4380,.F.);
#4539=ADVANCED_FACE('',(#401),#4381,.F.);
#4540=ADVANCED_FACE('',(#402),#4382,.F.);
#4541=ADVANCED_FACE('',(#403),#4383,.F.);
#4542=ADVANCED_FACE('',(#404),#4384,.F.);
#4543=ADVANCED_FACE('',(#405),#4385,.F.);
#4544=ADVANCED_FACE('',(#406),#4386,.F.);
#4545=ADVANCED_FACE('',(#407),#4387,.F.);
#4546=ADVANCED_FACE('',(#408),#4388,.F.);
#4547=ADVANCED_FACE('',(#409),#4389,.F.);
#4548=ADVANCED_FACE('',(#410),#4390,.F.);
#4549=ADVANCED_FACE('',(#411),#4391,.F.);
#4550=ADVANCED_FACE('',(#412),#4392,.F.);
#4551=ADVANCED_FACE('',(#413),#4393,.F.);
#4552=ADVANCED_FACE('',(#414),#4394,.F.);
#4553=ADVANCED_FACE('',(#415),#4395,.F.);
#4554=ADVANCED_FACE('',(#416),#4396,.F.);
#4555=ADVANCED_FACE('',(#417),#4397,.F.);
#4556=ADVANCED_FACE('',(#418),#4398,.F.);
#4557=ADVANCED_FACE('',(#419),#4399,.F.);
#4558=ADVANCED_FACE('',(#420),#4400,.F.);
#4559=ADVANCED_FACE('',(#421),#4401,.F.);
#4560=ADVANCED_FACE('',(#422),#4402,.F.);
#4561=ADVANCED_FACE('',(#423),#4403,.F.);
#4562=ADVANCED_FACE('',(#424),#4404,.F.);
#4563=ADVANCED_FACE('',(#425),#313,.F.);
#4564=ADVANCED_FACE('',(#426),#314,.F.);
#4565=ADVANCED_FACE('',(#427),#315,.F.);
#4566=ADVANCED_FACE('',(#428),#316,.F.);
#4567=ADVANCED_FACE('',(#429),#317,.F.);
#4568=ADVANCED_FACE('',(#430),#318,.F.);
#4569=ADVANCED_FACE('',(#431),#319,.F.);
#4570=ADVANCED_FACE('',(#432),#320,.F.);
#4571=ADVANCED_FACE('',(#433),#321,.F.);
#4572=ADVANCED_FACE('',(#434),#322,.F.);
#4573=ADVANCED_FACE('',(#435),#323,.F.);
#4574=ADVANCED_FACE('',(#436),#324,.F.);
#4575=ADVANCED_FACE('',(#437),#325,.F.);
#4576=ADVANCED_FACE('',(#438),#326,.F.);
#4577=ADVANCED_FACE('',(#439),#327,.F.);
#4578=ADVANCED_FACE('',(#440),#328,.F.);
#4579=ADVANCED_FACE('',(#441),#329,.F.);
#4580=ADVANCED_FACE('',(#442),#330,.F.);
#4581=ADVANCED_FACE('',(#443,#133),#4405,.T.);
#4582=ADVANCED_FACE('',(#444),#4406,.F.);
#4583=ADVANCED_FACE('',(#445),#4407,.F.);
#4584=ADVANCED_FACE('',(#446),#4408,.F.);
#4585=ADVANCED_FACE('',(#447),#4409,.F.);
#4586=ADVANCED_FACE('',(#448),#4410,.F.);
#4587=ADVANCED_FACE('',(#449),#4411,.F.);
#4588=ADVANCED_FACE('',(#450),#4412,.F.);
#4589=ADVANCED_FACE('',(#451),#4413,.F.);
#4590=ADVANCED_FACE('',(#452),#4414,.F.);
#4591=ADVANCED_FACE('',(#453),#4415,.F.);
#4592=ADVANCED_FACE('',(#454),#4416,.F.);
#4593=ADVANCED_FACE('',(#455),#4417,.F.);
#4594=ADVANCED_FACE('',(#456),#4418,.F.);
#4595=ADVANCED_FACE('',(#457),#4419,.F.);
#4596=ADVANCED_FACE('',(#458),#4420,.F.);
#4597=ADVANCED_FACE('',(#459),#4421,.F.);
#4598=ADVANCED_FACE('',(#460),#4422,.F.);
#4599=ADVANCED_FACE('',(#461),#4423,.F.);
#4600=ADVANCED_FACE('',(#462),#4424,.F.);
#4601=ADVANCED_FACE('',(#463),#4425,.F.);
#4602=ADVANCED_FACE('',(#464),#4426,.F.);
#4603=ADVANCED_FACE('',(#465),#4427,.F.);
#4604=ADVANCED_FACE('',(#466),#331,.F.);
#4605=ADVANCED_FACE('',(#467),#332,.F.);
#4606=ADVANCED_FACE('',(#468),#333,.F.);
#4607=ADVANCED_FACE('',(#469),#334,.F.);
#4608=ADVANCED_FACE('',(#470),#335,.F.);
#4609=ADVANCED_FACE('',(#471),#336,.F.);
#4610=ADVANCED_FACE('',(#472),#337,.F.);
#4611=ADVANCED_FACE('',(#473),#338,.F.);
#4612=ADVANCED_FACE('',(#474),#339,.F.);
#4613=ADVANCED_FACE('',(#475),#340,.F.);
#4614=ADVANCED_FACE('',(#476),#341,.F.);
#4615=ADVANCED_FACE('',(#477),#342,.F.);
#4616=ADVANCED_FACE('',(#478),#343,.F.);
#4617=ADVANCED_FACE('',(#479),#344,.F.);
#4618=ADVANCED_FACE('',(#480),#345,.F.);
#4619=ADVANCED_FACE('',(#481),#346,.F.);
#4620=ADVANCED_FACE('',(#482),#347,.F.);
#4621=ADVANCED_FACE('',(#483),#348,.F.);
#4622=ADVANCED_FACE('',(#484,#134),#4428,.T.);
#4623=ADVANCED_FACE('',(#485),#4429,.F.);
#4624=ADVANCED_FACE('',(#486),#4430,.F.);
#4625=ADVANCED_FACE('',(#487),#4431,.F.);
#4626=ADVANCED_FACE('',(#488),#4432,.F.);
#4627=ADVANCED_FACE('',(#489),#4433,.F.);
#4628=ADVANCED_FACE('',(#490),#4434,.F.);
#4629=ADVANCED_FACE('',(#491),#4435,.F.);
#4630=ADVANCED_FACE('',(#492),#4436,.F.);
#4631=ADVANCED_FACE('',(#493),#4437,.F.);
#4632=ADVANCED_FACE('',(#494),#4438,.F.);
#4633=ADVANCED_FACE('',(#495),#4439,.F.);
#4634=ADVANCED_FACE('',(#496,#135),#4440,.F.);
#4635=ADVANCED_FACE('',(#497),#349,.F.);
#4636=ADVANCED_FACE('',(#498),#350,.F.);
#4637=ADVANCED_FACE('',(#499),#351,.F.);
#4638=ADVANCED_FACE('',(#500),#352,.F.);
#4639=ADVANCED_FACE('',(#501),#353,.F.);
#4640=ADVANCED_FACE('',(#502),#4441,.F.);
#4641=ADVANCED_FACE('',(#503),#4442,.F.);
#4642=ADVANCED_FACE('',(#504),#4443,.F.);
#4643=ADVANCED_FACE('',(#505),#4444,.F.);
#4644=ADVANCED_FACE('',(#506),#354,.F.);
#4645=ADVANCED_FACE('',(#507),#355,.F.);
#4646=ADVANCED_FACE('',(#508),#356,.F.);
#4647=ADVANCED_FACE('',(#509),#357,.F.);
#4648=ADVANCED_FACE('',(#510),#358,.F.);
#4649=ADVANCED_FACE('',(#511),#359,.F.);
#4650=ADVANCED_FACE('',(#512),#360,.F.);
#4651=ADVANCED_FACE('',(#513),#361,.F.);
#4652=ADVANCED_FACE('',(#514),#4445,.F.);
#4653=ADVANCED_FACE('',(#515),#4446,.F.);
#4654=ADVANCED_FACE('',(#516,#136),#4447,.T.);
#4655=ADVANCED_FACE('',(#517),#362,.F.);
#4656=ADVANCED_FACE('',(#518),#363,.F.);
#4657=ADVANCED_FACE('',(#519),#364,.F.);
#4658=ADVANCED_FACE('',(#520),#365,.F.);
#4659=ADVANCED_FACE('',(#521),#4448,.F.);
#4660=ADVANCED_FACE('',(#522),#4449,.F.);
#4661=ADVANCED_FACE('',(#523),#4450,.F.);
#4662=ADVANCED_FACE('',(#524),#366,.F.);
#4663=ADVANCED_FACE('',(#525),#367,.F.);
#4664=ADVANCED_FACE('',(#526),#368,.F.);
#4665=ADVANCED_FACE('',(#527),#369,.F.);
#4666=ADVANCED_FACE('',(#528),#370,.F.);
#4667=ADVANCED_FACE('',(#529),#371,.F.);
#4668=ADVANCED_FACE('',(#530),#372,.F.);
#4669=ADVANCED_FACE('',(#531),#373,.F.);
#4670=ADVANCED_FACE('',(#532),#374,.F.);
#4671=ADVANCED_FACE('',(#533),#4451,.F.);
#4672=ADVANCED_FACE('',(#534),#4452,.F.);
#4673=ADVANCED_FACE('',(#535),#4453,.F.);
#4674=ADVANCED_FACE('',(#536),#4454,.T.);
#4675=ADVANCED_FACE('',(#537),#4455,.F.);
#4676=ADVANCED_FACE('',(#538),#4456,.F.);
#4677=ADVANCED_FACE('',(#539),#4457,.F.);
#4678=ADVANCED_FACE('',(#540),#4458,.F.);
#4679=ADVANCED_FACE('',(#541,#137,#138,#139,#140,#141,#142,#143,#144,#145,
#146,#147,#148,#149,#150,#151,#152,#153),#4459,.F.);
#4680=ADVANCED_FACE('',(#542),#4460,.F.);
#4681=ADVANCED_FACE('',(#543),#4461,.F.);
#4682=ADVANCED_FACE('',(#544),#4462,.F.);
#4683=ADVANCED_FACE('',(#545),#4463,.F.);
#4684=ADVANCED_FACE('',(#546),#52,.T.);
#4685=ADVANCED_FACE('',(#547),#4464,.T.);
#4686=ADVANCED_FACE('',(#548),#53,.T.);
#4687=ADVANCED_FACE('',(#549),#4465,.T.);
#4688=ADVANCED_FACE('',(#550),#54,.T.);
#4689=ADVANCED_FACE('',(#551),#4466,.T.);
#4690=ADVANCED_FACE('',(#552),#55,.T.);
#4691=ADVANCED_FACE('',(#553),#4467,.T.);
#4692=ADVANCED_FACE('',(#554),#4468,.T.);
#4693=ADVANCED_FACE('',(#555),#27,.T.);
#4694=ADVANCED_FACE('',(#556),#4469,.T.);
#4695=ADVANCED_FACE('',(#557),#28,.T.);
#4696=ADVANCED_FACE('',(#558),#4470,.T.);
#4697=ADVANCED_FACE('',(#559),#29,.T.);
#4698=ADVANCED_FACE('',(#560),#4471,.T.);
#4699=ADVANCED_FACE('',(#561),#30,.T.);
#4700=ADVANCED_FACE('',(#562),#4472,.T.);
#4701=ADVANCED_FACE('',(#563),#4473,.F.);
#4702=ADVANCED_FACE('',(#564),#4474,.F.);
#4703=ADVANCED_FACE('',(#565),#4475,.F.);
#4704=ADVANCED_FACE('',(#566),#4476,.T.);
#4705=ADVANCED_FACE('',(#567),#4477,.T.);
#4706=ADVANCED_FACE('',(#568),#4478,.F.);
#4707=ADVANCED_FACE('',(#569),#4479,.F.);
#4708=ADVANCED_FACE('',(#570),#4480,.F.);
#4709=ADVANCED_FACE('',(#571),#4481,.F.);
#4710=ADVANCED_FACE('',(#572),#4482,.F.);
#4711=ADVANCED_FACE('',(#573),#4483,.F.);
#4712=ADVANCED_FACE('',(#574),#4484,.T.);
#4713=ADVANCED_FACE('',(#575),#4485,.T.);
#4714=ADVANCED_FACE('',(#576),#4486,.T.);
#4715=ADVANCED_FACE('',(#577),#4487,.F.);
#4716=ADVANCED_FACE('',(#578),#4488,.T.);
#4717=ADVANCED_FACE('',(#579),#56,.T.);
#4718=ADVANCED_FACE('',(#580),#4489,.T.);
#4719=ADVANCED_FACE('',(#581),#57,.T.);
#4720=ADVANCED_FACE('',(#582),#4490,.T.);
#4721=ADVANCED_FACE('',(#583),#58,.F.);
#4722=ADVANCED_FACE('',(#584),#4491,.T.);
#4723=ADVANCED_FACE('',(#585),#59,.T.);
#4724=ADVANCED_FACE('',(#586),#4492,.T.);
#4725=ADVANCED_FACE('',(#587),#60,.T.);
#4726=ADVANCED_FACE('',(#588),#4493,.T.);
#4727=ADVANCED_FACE('',(#589),#61,.T.);
#4728=ADVANCED_FACE('',(#590),#31,.F.);
#4729=ADVANCED_FACE('',(#591),#4494,.T.);
#4730=ADVANCED_FACE('',(#592),#32,.T.);
#4731=ADVANCED_FACE('',(#593),#4495,.T.);
#4732=ADVANCED_FACE('',(#594),#33,.T.);
#4733=ADVANCED_FACE('',(#595),#4496,.T.);
#4734=ADVANCED_FACE('',(#596),#4497,.F.);
#4735=ADVANCED_FACE('',(#597),#62,.F.);
#4736=ADVANCED_FACE('',(#598),#34,.F.);
#4737=ADVANCED_FACE('',(#599),#63,.F.);
#4738=ADVANCED_FACE('',(#600),#35,.F.);
#4739=ADVANCED_FACE('',(#601),#64,.F.);
#4740=ADVANCED_FACE('',(#602),#36,.F.);
#4741=ADVANCED_FACE('',(#603),#65,.F.);
#4742=ADVANCED_FACE('',(#604),#37,.F.);
#4743=ADVANCED_FACE('',(#605),#66,.F.);
#4744=ADVANCED_FACE('',(#606),#38,.F.);
#4745=ADVANCED_FACE('',(#607,#154),#4498,.F.);
#4746=ADVANCED_FACE('',(#608,#155),#4499,.F.);
#4747=ADVANCED_FACE('',(#609,#156),#4500,.F.);
#4748=ADVANCED_FACE('',(#610,#157),#4501,.F.);
#4749=ADVANCED_FACE('',(#611,#158),#4502,.F.);
#4750=ADVANCED_FACE('',(#612),#39,.F.);
#4751=ADVANCED_FACE('',(#613),#40,.F.);
#4752=ADVANCED_FACE('',(#614),#41,.F.);
#4753=ADVANCED_FACE('',(#615),#42,.F.);
#4754=ADVANCED_FACE('',(#616),#43,.F.);
#4755=ADVANCED_FACE('',(#617),#4503,.F.);
#4756=ADVANCED_FACE('',(#618),#4504,.F.);
#4757=ADVANCED_FACE('',(#619),#44,.F.);
#4758=ADVANCED_FACE('',(#620),#45,.F.);
#4759=ADVANCED_FACE('',(#621),#4505,.F.);
#4760=ADVANCED_FACE('',(#622),#46,.T.);
#4761=ADVANCED_FACE('',(#623),#4506,.F.);
#4762=ADVANCED_FACE('',(#624),#47,.F.);
#4763=ADVANCED_FACE('',(#625),#4507,.F.);
#4764=ADVANCED_FACE('',(#626),#48,.F.);
#4765=ADVANCED_FACE('',(#627),#4508,.F.);
#4766=ADVANCED_FACE('',(#628),#4509,.F.);
#4767=ADVANCED_FACE('',(#629,#159,#160,#161,#162,#163,#164),#4510,.T.);
#4768=ADVANCED_FACE('',(#630),#4511,.T.);
#4769=ADVANCED_FACE('',(#631),#49,.T.);
#4770=ADVANCED_FACE('',(#632),#50,.T.);
#4771=ADVANCED_FACE('',(#633),#4512,.T.);
#4772=ADVANCED_FACE('',(#634),#51,.T.);
#4773=CLOSED_SHELL('',(#4513,#4514,#4515,#4516,#4517,#4518,#4519,#4520,
#4521,#4522,#4523,#4524,#4525,#4526,#4527,#4528,#4529,#4530,#4531,#4532,
#4533,#4534,#4535,#4536,#4537,#4538,#4539,#4540,#4541,#4542,#4543,#4544,
#4545,#4546,#4547,#4548,#4549,#4550,#4551,#4552,#4553,#4554,#4555,#4556,
#4557,#4558,#4559,#4560,#4561,#4562,#4563,#4564,#4565,#4566,#4567,#4568,
#4569,#4570,#4571,#4572,#4573,#4574,#4575,#4576,#4577,#4578,#4579,#4580,
#4581,#4582,#4583,#4584,#4585,#4586,#4587,#4588,#4589,#4590,#4591,#4592,
#4593,#4594,#4595,#4596,#4597,#4598,#4599,#4600,#4601,#4602,#4603,#4604,
#4605,#4606,#4607,#4608,#4609,#4610,#4611,#4612,#4613,#4614,#4615,#4616,
#4617,#4618,#4619,#4620,#4621,#4622,#4623,#4624,#4625,#4626,#4627,#4628,
#4629,#4630,#4631,#4632,#4633,#4634,#4635,#4636,#4637,#4638,#4639,#4640,
#4641,#4642,#4643,#4644,#4645,#4646,#4647,#4648,#4649,#4650,#4651,#4652,
#4653,#4654,#4655,#4656,#4657,#4658,#4659,#4660,#4661,#4662,#4663,#4664,
#4665,#4666,#4667,#4668,#4669,#4670,#4671,#4672,#4673,#4674,#4675,#4676,
#4677,#4678,#4679,#4680,#4681,#4682,#4683,#4684,#4685,#4686,#4687,#4688,
#4689,#4690,#4691,#4692,#4693,#4694,#4695,#4696,#4697,#4698,#4699,#4700,
#4701,#4702,#4703,#4704,#4705,#4706,#4707,#4708,#4709,#4710,#4711,#4712,
#4713,#4714,#4715,#4716,#4717,#4718,#4719,#4720,#4721,#4722,#4723,#4724,
#4725,#4726,#4727,#4728,#4729,#4730,#4731,#4732,#4733,#4734,#4735,#4736,
#4737,#4738,#4739,#4740,#4741,#4742,#4743,#4744,#4745,#4746,#4747,#4748,
#4749,#4750,#4751,#4752,#4753,#4754,#4755,#4756,#4757,#4758,#4759,#4760,
#4761,#4762,#4763,#4764,#4765,#4766,#4767,#4768,#4769,#4770,#4771,#4772));
#4774=DERIVED_UNIT_ELEMENT(#4776,1.);
#4775=DERIVED_UNIT_ELEMENT(#8634,-3.);
#4776=(
MASS_UNIT()
NAMED_UNIT(*)
SI_UNIT(.KILO.,.GRAM.)
);
#4777=DERIVED_UNIT((#4774,#4775));
#4778=MEASURE_REPRESENTATION_ITEM('density measure',
POSITIVE_RATIO_MEASURE(7850.),#4777);
#4779=PROPERTY_DEFINITION_REPRESENTATION(#4784,#4781);
#4780=PROPERTY_DEFINITION_REPRESENTATION(#4785,#4782);
#4781=REPRESENTATION('material name',(#4783),#8631);
#4782=REPRESENTATION('density',(#4778),#8631);
#4783=DESCRIPTIVE_REPRESENTATION_ITEM('Steel','Steel');
#4784=PROPERTY_DEFINITION('material property','material name',#8651);
#4785=PROPERTY_DEFINITION('material property','density of part',#8651);
#4786=AXIS2_PLACEMENT_3D('',#6044,#5047,#5048);
#4787=AXIS2_PLACEMENT_3D('',#6045,#5049,#5050);
#4788=AXIS2_PLACEMENT_3D('',#6046,#5051,#5052);
#4789=AXIS2_PLACEMENT_3D('',#6047,#5053,#5054);
#4790=AXIS2_PLACEMENT_3D('',#6148,#5063,#5064);
#4791=AXIS2_PLACEMENT_3D('',#6154,#5068,#5069);
#4792=AXIS2_PLACEMENT_3D('',#6157,#5072,#5073);
#4793=AXIS2_PLACEMENT_3D('',#6166,#5078,#5079);
#4794=AXIS2_PLACEMENT_3D('',#6172,#5083,#5084);
#4795=AXIS2_PLACEMENT_3D('',#6270,#5092,#5093);
#4796=AXIS2_PLACEMENT_3D('',#6276,#5097,#5098);
#4797=AXIS2_PLACEMENT_3D('',#6279,#5101,#5102);
#4798=AXIS2_PLACEMENT_3D('',#6280,#5103,#5104);
#4799=AXIS2_PLACEMENT_3D('',#6289,#5109,#5110);
#4800=AXIS2_PLACEMENT_3D('',#6295,#5114,#5115);
#4801=AXIS2_PLACEMENT_3D('',#6301,#5119,#5120);
#4802=AXIS2_PLACEMENT_3D('',#6307,#5124,#5125);
#4803=AXIS2_PLACEMENT_3D('',#6313,#5129,#5130);
#4804=AXIS2_PLACEMENT_3D('',#6319,#5134,#5135);
#4805=AXIS2_PLACEMENT_3D('',#6325,#5139,#5140);
#4806=AXIS2_PLACEMENT_3D('',#6331,#5144,#5145);
#4807=AXIS2_PLACEMENT_3D('',#6337,#5149,#5150);
#4808=AXIS2_PLACEMENT_3D('',#6343,#5154,#5155);
#4809=AXIS2_PLACEMENT_3D('',#6349,#5159,#5160);
#4810=AXIS2_PLACEMENT_3D('',#6352,#5163,#5164);
#4811=AXIS2_PLACEMENT_3D('',#6353,#5165,#5166);
#4812=AXIS2_PLACEMENT_3D('',#6362,#5171,#5172);
#4813=AXIS2_PLACEMENT_3D('',#6368,#5176,#5177);
#4814=AXIS2_PLACEMENT_3D('',#6374,#5181,#5182);
#4815=AXIS2_PLACEMENT_3D('',#6380,#5186,#5187);
#4816=AXIS2_PLACEMENT_3D('',#6386,#5191,#5192);
#4817=AXIS2_PLACEMENT_3D('',#6392,#5196,#5197);
#4818=AXIS2_PLACEMENT_3D('',#6398,#5201,#5202);
#4819=AXIS2_PLACEMENT_3D('',#6401,#5205,#5206);
#4820=AXIS2_PLACEMENT_3D('',#6402,#5207,#5208);
#4821=AXIS2_PLACEMENT_3D('',#6411,#5213,#5214);
#4822=AXIS2_PLACEMENT_3D('',#6417,#5218,#5219);
#4823=AXIS2_PLACEMENT_3D('',#6423,#5223,#5224);
#4824=AXIS2_PLACEMENT_3D('',#6429,#5228,#5229);
#4825=AXIS2_PLACEMENT_3D('',#6435,#5233,#5234);
#4826=AXIS2_PLACEMENT_3D('',#6441,#5238,#5239);
#4827=AXIS2_PLACEMENT_3D('',#6447,#5243,#5244);
#4828=AXIS2_PLACEMENT_3D('',#6453,#5248,#5249);
#4829=AXIS2_PLACEMENT_3D('',#6459,#5253,#5254);
#4830=AXIS2_PLACEMENT_3D('',#6462,#5257,#5258);
#4831=AXIS2_PLACEMENT_3D('',#6877,#5277,#5278);
#4832=AXIS2_PLACEMENT_3D('',#6878,#5279,#5280);
#4833=AXIS2_PLACEMENT_3D('',#6887,#5285,#5286);
#4834=AXIS2_PLACEMENT_3D('',#6893,#5290,#5291);
#4835=AXIS2_PLACEMENT_3D('',#6899,#5295,#5296);
#4836=AXIS2_PLACEMENT_3D('',#6905,#5300,#5301);
#4837=AXIS2_PLACEMENT_3D('',#6911,#5305,#5306);
#4838=AXIS2_PLACEMENT_3D('',#6917,#5310,#5311);
#4839=AXIS2_PLACEMENT_3D('',#6923,#5315,#5316);
#4840=AXIS2_PLACEMENT_3D('',#6929,#5320,#5321);
#4841=AXIS2_PLACEMENT_3D('',#6935,#5325,#5326);
#4842=AXIS2_PLACEMENT_3D('',#6938,#5329,#5330);
#4843=AXIS2_PLACEMENT_3D('',#6939,#5331,#5332);
#4844=AXIS2_PLACEMENT_3D('',#6948,#5337,#5338);
#4845=AXIS2_PLACEMENT_3D('',#6954,#5342,#5343);
#4846=AXIS2_PLACEMENT_3D('',#6960,#5347,#5348);
#4847=AXIS2_PLACEMENT_3D('',#6966,#5352,#5353);
#4848=AXIS2_PLACEMENT_3D('',#6972,#5357,#5358);
#4849=AXIS2_PLACEMENT_3D('',#6978,#5362,#5363);
#4850=AXIS2_PLACEMENT_3D('',#6984,#5367,#5368);
#4851=AXIS2_PLACEMENT_3D('',#6990,#5372,#5373);
#4852=AXIS2_PLACEMENT_3D('',#6996,#5377,#5378);
#4853=AXIS2_PLACEMENT_3D('',#6999,#5381,#5382);
#4854=AXIS2_PLACEMENT_3D('',#7414,#5401,#5402);
#4855=AXIS2_PLACEMENT_3D('',#7415,#5403,#5404);
#4856=AXIS2_PLACEMENT_3D('',#7424,#5409,#5410);
#4857=AXIS2_PLACEMENT_3D('',#7430,#5414,#5415);
#4858=AXIS2_PLACEMENT_3D('',#7433,#5418,#5419);
#4859=AXIS2_PLACEMENT_3D('',#7442,#5424,#5425);
#4860=AXIS2_PLACEMENT_3D('',#7448,#5429,#5430);
#4861=AXIS2_PLACEMENT_3D('',#7454,#5434,#5435);
#4862=AXIS2_PLACEMENT_3D('',#7460,#5439,#5440);
#4863=AXIS2_PLACEMENT_3D('',#7466,#5444,#5445);
#4864=AXIS2_PLACEMENT_3D('',#7472,#5449,#5450);
#4865=AXIS2_PLACEMENT_3D('',#7478,#5454,#5455);
#4866=AXIS2_PLACEMENT_3D('',#7481,#5458,#5459);
#4867=AXIS2_PLACEMENT_3D('',#7600,#5466,#5467);
#4868=AXIS2_PLACEMENT_3D('',#7606,#5471,#5472);
#4869=AXIS2_PLACEMENT_3D('',#7612,#5476,#5477);
#4870=AXIS2_PLACEMENT_3D('',#7615,#5480,#5481);
#4871=AXIS2_PLACEMENT_3D('',#7808,#5494,#5495);
#4872=AXIS2_PLACEMENT_3D('',#7814,#5499,#5500);
#4873=AXIS2_PLACEMENT_3D('',#7817,#5503,#5504);
#4874=AXIS2_PLACEMENT_3D('',#7913,#5510,#5511);
#4875=AXIS2_PLACEMENT_3D('',#7919,#5515,#5516);
#4876=AXIS2_PLACEMENT_3D('',#7925,#5520,#5521);
#4877=AXIS2_PLACEMENT_3D('',#8138,#5534,#5535);
#4878=AXIS2_PLACEMENT_3D('',#8144,#5539,#5540);
#4879=AXIS2_PLACEMENT_3D('',#8150,#5544,#5545);
#4880=AXIS2_PLACEMENT_3D('',#8153,#5548,#5549);
#4881=AXIS2_PLACEMENT_3D('',#8154,#5550,#5551);
#4882=AXIS2_PLACEMENT_3D('',#8163,#5556,#5557);
#4883=AXIS2_PLACEMENT_3D('',#8169,#5561,#5562);
#4884=AXIS2_PLACEMENT_3D('',#8172,#5565,#5566);
#4885=AXIS2_PLACEMENT_3D('',#8173,#5567,#5568);
#4886=AXIS2_PLACEMENT_3D('',#8178,#5570,#5571);
#4887=AXIS2_PLACEMENT_3D('',#8182,#5573,#5574);
#4888=AXIS2_PLACEMENT_3D('',#8186,#5576,#5577);
#4889=AXIS2_PLACEMENT_3D('',#8190,#5579,#5580);
#4890=AXIS2_PLACEMENT_3D('',#8194,#5582,#5583);
#4891=AXIS2_PLACEMENT_3D('',#8197,#5585,#5586);
#4892=AXIS2_PLACEMENT_3D('',#8199,#5587,#5588);
#4893=AXIS2_PLACEMENT_3D('',#8201,#5589,#5590);
#4894=AXIS2_PLACEMENT_3D('',#8203,#5591,#5592);
#4895=AXIS2_PLACEMENT_3D('',#8205,#5593,#5594);
#4896=AXIS2_PLACEMENT_3D('',#8207,#5595,#5596);
#4897=AXIS2_PLACEMENT_3D('',#8208,#5597,#5598);
#4898=AXIS2_PLACEMENT_3D('',#8209,#5599,#5600);
#4899=AXIS2_PLACEMENT_3D('',#8210,#5601,#5602);
#4900=AXIS2_PLACEMENT_3D('',#8211,#5603,#5604);
#4901=AXIS2_PLACEMENT_3D('',#8212,#5605,#5606);
#4902=AXIS2_PLACEMENT_3D('',#8217,#5608,#5609);
#4903=AXIS2_PLACEMENT_3D('',#8220,#5611,#5612);
#4904=AXIS2_PLACEMENT_3D('',#8221,#5613,#5614);
#4905=AXIS2_PLACEMENT_3D('',#8227,#5618,#5619);
#4906=AXIS2_PLACEMENT_3D('',#8231,#5621,#5622);
#4907=AXIS2_PLACEMENT_3D('',#8232,#5623,#5624);
#4908=AXIS2_PLACEMENT_3D('',#8233,#5625,#5626);
#4909=AXIS2_PLACEMENT_3D('',#8239,#5630,#5631);
#4910=AXIS2_PLACEMENT_3D('',#8243,#5633,#5634);
#4911=AXIS2_PLACEMENT_3D('',#8244,#5635,#5636);
#4912=AXIS2_PLACEMENT_3D('',#8245,#5637,#5638);
#4913=AXIS2_PLACEMENT_3D('',#8251,#5642,#5643);
#4914=AXIS2_PLACEMENT_3D('',#8255,#5645,#5646);
#4915=AXIS2_PLACEMENT_3D('',#8256,#5647,#5648);
#4916=AXIS2_PLACEMENT_3D('',#8257,#5649,#5650);
#4917=AXIS2_PLACEMENT_3D('',#8260,#5653,#5654);
#4918=AXIS2_PLACEMENT_3D('',#8266,#5658,#5659);
#4919=AXIS2_PLACEMENT_3D('',#8269,#5661,#5662);
#4920=AXIS2_PLACEMENT_3D('',#8270,#5663,#5664);
#4921=AXIS2_PLACEMENT_3D('',#8274,#5667,#5668);
#4922=AXIS2_PLACEMENT_3D('',#8277,#5670,#5671);
#4923=AXIS2_PLACEMENT_3D('',#8278,#5672,#5673);
#4924=AXIS2_PLACEMENT_3D('',#8279,#5674,#5675);
#4925=AXIS2_PLACEMENT_3D('',#8283,#5677,#5678);
#4926=AXIS2_PLACEMENT_3D('',#8285,#5680,#5681);
#4927=AXIS2_PLACEMENT_3D('',#8287,#5683,#5684);
#4928=AXIS2_PLACEMENT_3D('',#8289,#5685,#5686);
#4929=AXIS2_PLACEMENT_3D('',#8291,#5688,#5689);
#4930=AXIS2_PLACEMENT_3D('',#8293,#5691,#5692);
#4931=AXIS2_PLACEMENT_3D('',#8302,#5697,#5698);
#4932=AXIS2_PLACEMENT_3D('',#8311,#5703,#5704);
#4933=AXIS2_PLACEMENT_3D('',#8314,#5707,#5708);
#4934=AXIS2_PLACEMENT_3D('',#8324,#5714,#5715);
#4935=AXIS2_PLACEMENT_3D('',#8328,#5717,#5718);
#4936=AXIS2_PLACEMENT_3D('',#8335,#5722,#5723);
#4937=AXIS2_PLACEMENT_3D('',#8336,#5724,#5725);
#4938=AXIS2_PLACEMENT_3D('',#8342,#5729,#5730);
#4939=AXIS2_PLACEMENT_3D('',#8351,#5735,#5736);
#4940=AXIS2_PLACEMENT_3D('',#8354,#5739,#5740);
#4941=AXIS2_PLACEMENT_3D('',#8363,#5745,#5746);
#4942=AXIS2_PLACEMENT_3D('',#8372,#5751,#5752);
#4943=AXIS2_PLACEMENT_3D('',#8375,#5755,#5756);
#4944=AXIS2_PLACEMENT_3D('',#8379,#5758,#5759);
#4945=AXIS2_PLACEMENT_3D('',#8387,#5763,#5764);
#4946=AXIS2_PLACEMENT_3D('',#8389,#5766,#5767);
#4947=AXIS2_PLACEMENT_3D('',#8391,#5768,#5769);
#4948=AXIS2_PLACEMENT_3D('',#8395,#5771,#5772);
#4949=AXIS2_PLACEMENT_3D('',#8399,#5774,#5775);
#4950=AXIS2_PLACEMENT_3D('',#8407,#5779,#5780);
#4951=AXIS2_PLACEMENT_3D('',#8411,#5782,#5783);
#4952=AXIS2_PLACEMENT_3D('',#8415,#5785,#5786);
#4953=AXIS2_PLACEMENT_3D('',#8417,#5788,#5789);
#4954=AXIS2_PLACEMENT_3D('',#8420,#5792,#5793);
#4955=AXIS2_PLACEMENT_3D('',#8426,#5797,#5798);
#4956=AXIS2_PLACEMENT_3D('',#8432,#5802,#5803);
#4957=AXIS2_PLACEMENT_3D('',#8435,#5805,#5806);
#4958=AXIS2_PLACEMENT_3D('',#8436,#5807,#5808);
#4959=AXIS2_PLACEMENT_3D('',#8440,#5811,#5812);
#4960=AXIS2_PLACEMENT_3D('',#8443,#5814,#5815);
#4961=AXIS2_PLACEMENT_3D('',#8444,#5816,#5817);
#4962=AXIS2_PLACEMENT_3D('',#8448,#5820,#5821);
#4963=AXIS2_PLACEMENT_3D('',#8450,#5823,#5824);
#4964=AXIS2_PLACEMENT_3D('',#8451,#5825,#5826);
#4965=AXIS2_PLACEMENT_3D('',#8453,#5828,#5829);
#4966=AXIS2_PLACEMENT_3D('',#8456,#5831,#5832);
#4967=AXIS2_PLACEMENT_3D('',#8457,#5833,#5834);
#4968=AXIS2_PLACEMENT_3D('',#8461,#5837,#5838);
#4969=AXIS2_PLACEMENT_3D('',#8464,#5840,#5841);
#4970=AXIS2_PLACEMENT_3D('',#8465,#5842,#5843);
#4971=AXIS2_PLACEMENT_3D('',#8469,#5846,#5847);
#4972=AXIS2_PLACEMENT_3D('',#8470,#5848,#5849);
#4973=AXIS2_PLACEMENT_3D('',#8471,#5850,#5851);
#4974=AXIS2_PLACEMENT_3D('',#8473,#5853,#5854);
#4975=AXIS2_PLACEMENT_3D('',#8475,#5856,#5857);
#4976=AXIS2_PLACEMENT_3D('',#8477,#5859,#5860);
#4977=AXIS2_PLACEMENT_3D('',#8479,#5862,#5863);
#4978=AXIS2_PLACEMENT_3D('',#8481,#5865,#5866);
#4979=AXIS2_PLACEMENT_3D('',#8487,#5870,#5871);
#4980=AXIS2_PLACEMENT_3D('',#8488,#5872,#5873);
#4981=AXIS2_PLACEMENT_3D('',#8491,#5875,#5876);
#4982=AXIS2_PLACEMENT_3D('',#8492,#5877,#5878);
#4983=AXIS2_PLACEMENT_3D('',#8495,#5880,#5881);
#4984=AXIS2_PLACEMENT_3D('',#8496,#5882,#5883);
#4985=AXIS2_PLACEMENT_3D('',#8499,#5885,#5886);
#4986=AXIS2_PLACEMENT_3D('',#8500,#5887,#5888);
#4987=AXIS2_PLACEMENT_3D('',#8503,#5890,#5891);
#4988=AXIS2_PLACEMENT_3D('',#8504,#5892,#5893);
#4989=AXIS2_PLACEMENT_3D('',#8507,#5895,#5896);
#4990=AXIS2_PLACEMENT_3D('',#8508,#5897,#5898);
#4991=AXIS2_PLACEMENT_3D('',#8511,#5900,#5901);
#4992=AXIS2_PLACEMENT_3D('',#8512,#5902,#5903);
#4993=AXIS2_PLACEMENT_3D('',#8515,#5905,#5906);
#4994=AXIS2_PLACEMENT_3D('',#8516,#5907,#5908);
#4995=AXIS2_PLACEMENT_3D('',#8519,#5910,#5911);
#4996=AXIS2_PLACEMENT_3D('',#8520,#5912,#5913);
#4997=AXIS2_PLACEMENT_3D('',#8523,#5915,#5916);
#4998=AXIS2_PLACEMENT_3D('',#8524,#5917,#5918);
#4999=AXIS2_PLACEMENT_3D('',#8527,#5920,#5921);
#5000=AXIS2_PLACEMENT_3D('',#8528,#5922,#5923);
#5001=AXIS2_PLACEMENT_3D('',#8530,#5924,#5925);
#5002=AXIS2_PLACEMENT_3D('',#8531,#5926,#5927);
#5003=AXIS2_PLACEMENT_3D('',#8533,#5928,#5929);
#5004=AXIS2_PLACEMENT_3D('',#8534,#5930,#5931);
#5005=AXIS2_PLACEMENT_3D('',#8536,#5932,#5933);
#5006=AXIS2_PLACEMENT_3D('',#8537,#5934,#5935);
#5007=AXIS2_PLACEMENT_3D('',#8539,#5936,#5937);
#5008=AXIS2_PLACEMENT_3D('',#8540,#5938,#5939);
#5009=AXIS2_PLACEMENT_3D('',#8542,#5940,#5941);
#5010=AXIS2_PLACEMENT_3D('',#8543,#5942,#5943);
#5011=AXIS2_PLACEMENT_3D('',#8545,#5944,#5945);
#5012=AXIS2_PLACEMENT_3D('',#8547,#5947,#5948);
#5013=AXIS2_PLACEMENT_3D('',#8549,#5949,#5950);
#5014=AXIS2_PLACEMENT_3D('',#8551,#5952,#5953);
#5015=AXIS2_PLACEMENT_3D('',#8553,#5954,#5955);
#5016=AXIS2_PLACEMENT_3D('',#8555,#5957,#5958);
#5017=AXIS2_PLACEMENT_3D('',#8557,#5959,#5960);
#5018=AXIS2_PLACEMENT_3D('',#8559,#5962,#5963);
#5019=AXIS2_PLACEMENT_3D('',#8561,#5964,#5965);
#5020=AXIS2_PLACEMENT_3D('',#8563,#5967,#5968);
#5021=AXIS2_PLACEMENT_3D('',#8569,#5972,#5973);
#5022=AXIS2_PLACEMENT_3D('',#8573,#5976,#5977);
#5023=AXIS2_PLACEMENT_3D('',#8574,#5978,#5979);
#5024=AXIS2_PLACEMENT_3D('',#8575,#5980,#5981);
#5025=AXIS2_PLACEMENT_3D('',#8578,#5983,#5984);
#5026=AXIS2_PLACEMENT_3D('',#8579,#5985,#5986);
#5027=AXIS2_PLACEMENT_3D('',#8583,#5989,#5990);
#5028=AXIS2_PLACEMENT_3D('',#8586,#5992,#5993);
#5029=AXIS2_PLACEMENT_3D('',#8587,#5994,#5995);
#5030=AXIS2_PLACEMENT_3D('',#8591,#5998,#5999);
#5031=AXIS2_PLACEMENT_3D('',#8594,#6001,#6002);
#5032=AXIS2_PLACEMENT_3D('',#8595,#6003,#6004);
#5033=AXIS2_PLACEMENT_3D('',#8599,#6007,#6008);
#5034=AXIS2_PLACEMENT_3D('',#8602,#6010,#6011);
#5035=AXIS2_PLACEMENT_3D('',#8603,#6012,#6013);
#5036=AXIS2_PLACEMENT_3D('',#8607,#6016,#6017);
#5037=AXIS2_PLACEMENT_3D('',#8609,#6019,#6020);
#5038=AXIS2_PLACEMENT_3D('',#8611,#6021,#6022);
#5039=AXIS2_PLACEMENT_3D('',#8613,#6024,#6025);
#5040=AXIS2_PLACEMENT_3D('',#8616,#6028,#6029);
#5041=AXIS2_PLACEMENT_3D('',#8617,#6030,#6031);
#5042=AXIS2_PLACEMENT_3D('',#8619,#6033,#6034);
#5043=AXIS2_PLACEMENT_3D('',#8621,#6036,#6037);
#5044=AXIS2_PLACEMENT_3D('',#8622,#6038,#6039);
#5045=AXIS2_PLACEMENT_3D('',#8623,#6040,#6041);
#5046=AXIS2_PLACEMENT_3D('',#8624,#6042,#6043);
#5047=DIRECTION('axis',(0.,0.,1.));
#5048=DIRECTION('refdir',(1.,0.,0.));
#5049=DIRECTION('axis',(0.,0.,1.));
#5050=DIRECTION('refdir',(1.,0.,0.));
#5051=DIRECTION('axis',(0.,0.,1.));
#5052=DIRECTION('refdir',(1.,0.,0.));
#5053=DIRECTION('center_axis',(0.,0.,1.));
#5054=DIRECTION('ref_axis',(1.,0.,0.));
#5055=DIRECTION('',(1.,0.,0.));
#5056=DIRECTION('',(0.,1.,0.));
#5057=DIRECTION('',(1.,0.,0.));
#5058=DIRECTION('',(0.,1.,0.));
#5059=DIRECTION('',(0.,1.,0.));
#5060=DIRECTION('',(0.,1.,0.));
#5061=DIRECTION('',(0.,1.,0.));
#5062=DIRECTION('',(0.,1.,0.));
#5063=DIRECTION('center_axis',(0.,0.,-1.));
#5064=DIRECTION('ref_axis',(-1.,0.,0.));
#5065=DIRECTION('',(-1.,0.,0.));
#5066=DIRECTION('',(0.,1.,0.));
#5067=DIRECTION('',(-1.,0.,0.));
#5068=DIRECTION('center_axis',(-1.,0.,0.));
#5069=DIRECTION('ref_axis',(0.,0.,1.));
#5070=DIRECTION('',(0.,0.,1.));
#5071=DIRECTION('',(0.,0.,1.));
#5072=DIRECTION('center_axis',(0.,0.,1.));
#5073=DIRECTION('ref_axis',(1.,0.,0.));
#5074=DIRECTION('',(1.,0.,0.));
#5075=DIRECTION('',(0.,1.,0.));
#5076=DIRECTION('',(1.,0.,0.));
#5077=DIRECTION('',(0.,1.,0.));
#5078=DIRECTION('center_axis',(-1.,0.,0.));
#5079=DIRECTION('ref_axis',(0.,0.,1.));
#5080=DIRECTION('',(0.,0.,1.));
#5081=DIRECTION('',(0.,1.,0.));
#5082=DIRECTION('',(0.,0.,1.));
#5083=DIRECTION('center_axis',(0.,0.,1.));
#5084=DIRECTION('ref_axis',(1.,0.,0.));
#5085=DIRECTION('',(1.,0.,0.));
#5086=DIRECTION('',(0.,1.,0.));
#5087=DIRECTION('',(1.,0.,0.));
#5088=DIRECTION('',(0.,1.,0.));
#5089=DIRECTION('',(0.,1.,0.));
#5090=DIRECTION('',(0.,1.,0.));
#5091=DIRECTION('',(0.,1.,0.));
#5092=DIRECTION('center_axis',(0.,0.,-1.));
#5093=DIRECTION('ref_axis',(-1.,0.,0.));
#5094=DIRECTION('',(-1.,0.,0.));
#5095=DIRECTION('',(0.,1.,0.));
#5096=DIRECTION('',(-1.,0.,0.));
#5097=DIRECTION('center_axis',(1.,0.,0.));
#5098=DIRECTION('ref_axis',(0.,0.,-1.));
#5099=DIRECTION('',(0.,0.,-1.));
#5100=DIRECTION('',(0.,0.,-1.));
#5101=DIRECTION('center_axis',(0.,-1.,0.));
#5102=DIRECTION('ref_axis',(1.,0.,0.));
#5103=DIRECTION('center_axis',(0.,0.,1.));
#5104=DIRECTION('ref_axis',(1.,0.,0.));
#5105=DIRECTION('',(1.,0.,0.));
#5106=DIRECTION('',(0.,1.,0.));
#5107=DIRECTION('',(1.,0.,0.));
#5108=DIRECTION('',(0.,1.,0.));
#5109=DIRECTION('center_axis',(-1.,0.,0.));
#5110=DIRECTION('ref_axis',(0.,0.,1.));
#5111=DIRECTION('',(0.,0.,1.));
#5112=DIRECTION('',(0.,1.,0.));
#5113=DIRECTION('',(0.,0.,1.));
#5114=DIRECTION('center_axis',(0.,0.,-1.));
#5115=DIRECTION('ref_axis',(-1.,0.,0.));
#5116=DIRECTION('',(-1.,0.,0.));
#5117=DIRECTION('',(0.,1.,0.));
#5118=DIRECTION('',(-1.,0.,0.));
#5119=DIRECTION('center_axis',(-1.,0.,0.));
#5120=DIRECTION('ref_axis',(0.,0.,1.));
#5121=DIRECTION('',(0.,0.,1.));
#5122=DIRECTION('',(0.,1.,0.));
#5123=DIRECTION('',(0.,0.,1.));
#5124=DIRECTION('center_axis',(0.,0.,1.));
#5125=DIRECTION('ref_axis',(1.,0.,0.));
#5126=DIRECTION('',(1.,0.,0.));
#5127=DIRECTION('',(0.,1.,0.));
#5128=DIRECTION('',(1.,0.,0.));
#5129=DIRECTION('center_axis',(-1.,0.,0.));
#5130=DIRECTION('ref_axis',(0.,0.,1.));
#5131=DIRECTION('',(0.,0.,1.));
#5132=DIRECTION('',(0.,1.,0.));
#5133=DIRECTION('',(0.,0.,1.));
#5134=DIRECTION('center_axis',(0.,0.,-1.));
#5135=DIRECTION('ref_axis',(-1.,0.,0.));
#5136=DIRECTION('',(-1.,0.,0.));
#5137=DIRECTION('',(0.,1.,0.));
#5138=DIRECTION('',(-1.,0.,0.));
#5139=DIRECTION('center_axis',(-1.,0.,0.));
#5140=DIRECTION('ref_axis',(0.,0.,1.));
#5141=DIRECTION('',(0.,0.,1.));
#5142=DIRECTION('',(0.,1.,0.));
#5143=DIRECTION('',(0.,0.,1.));
#5144=DIRECTION('center_axis',(0.,0.,1.));
#5145=DIRECTION('ref_axis',(1.,0.,0.));
#5146=DIRECTION('',(1.,0.,0.));
#5147=DIRECTION('',(0.,1.,0.));
#5148=DIRECTION('',(1.,0.,0.));
#5149=DIRECTION('center_axis',(-1.,0.,0.));
#5150=DIRECTION('ref_axis',(0.,0.,1.));
#5151=DIRECTION('',(0.,0.,1.));
#5152=DIRECTION('',(0.,1.,0.));
#5153=DIRECTION('',(0.,0.,1.));
#5154=DIRECTION('center_axis',(0.,0.,-1.));
#5155=DIRECTION('ref_axis',(-1.,0.,0.));
#5156=DIRECTION('',(-1.,0.,0.));
#5157=DIRECTION('',(0.,1.,0.));
#5158=DIRECTION('',(-1.,0.,0.));
#5159=DIRECTION('center_axis',(1.,0.,0.));
#5160=DIRECTION('ref_axis',(0.,0.,-1.));
#5161=DIRECTION('',(0.,0.,-1.));
#5162=DIRECTION('',(0.,0.,-1.));
#5163=DIRECTION('center_axis',(0.,1.,0.));
#5164=DIRECTION('ref_axis',(0.,0.,1.));
#5165=DIRECTION('center_axis',(0.,0.,1.));
#5166=DIRECTION('ref_axis',(1.,0.,0.));
#5167=DIRECTION('',(1.,0.,0.));
#5168=DIRECTION('',(0.,1.,0.));
#5169=DIRECTION('',(1.,0.,0.));
#5170=DIRECTION('',(0.,1.,0.));
#5171=DIRECTION('center_axis',(1.,0.,0.));
#5172=DIRECTION('ref_axis',(0.,0.,-1.));
#5173=DIRECTION('',(0.,0.,-1.));
#5174=DIRECTION('',(0.,1.,0.));
#5175=DIRECTION('',(0.,0.,-1.));
#5176=DIRECTION('center_axis',(0.,0.,1.));
#5177=DIRECTION('ref_axis',(1.,0.,0.));
#5178=DIRECTION('',(1.,0.,0.));
#5179=DIRECTION('',(0.,1.,0.));
#5180=DIRECTION('',(1.,0.,0.));
#5181=DIRECTION('center_axis',(-1.,0.,0.));
#5182=DIRECTION('ref_axis',(0.,0.,1.));
#5183=DIRECTION('',(0.,0.,1.));
#5184=DIRECTION('',(0.,1.,0.));
#5185=DIRECTION('',(0.,0.,1.));
#5186=DIRECTION('center_axis',(0.,0.,1.));
#5187=DIRECTION('ref_axis',(1.,0.,0.));
#5188=DIRECTION('',(1.,0.,0.));
#5189=DIRECTION('',(0.,1.,0.));
#5190=DIRECTION('',(1.,0.,0.));
#5191=DIRECTION('center_axis',(-1.,0.,0.));
#5192=DIRECTION('ref_axis',(0.,0.,1.));
#5193=DIRECTION('',(0.,0.,1.));
#5194=DIRECTION('',(0.,1.,0.));
#5195=DIRECTION('',(0.,0.,1.));
#5196=DIRECTION('center_axis',(0.,0.,-1.));
#5197=DIRECTION('ref_axis',(-1.,0.,0.));
#5198=DIRECTION('',(-1.,0.,0.));
#5199=DIRECTION('',(0.,1.,0.));
#5200=DIRECTION('',(-1.,0.,0.));
#5201=DIRECTION('center_axis',(1.,0.,0.));
#5202=DIRECTION('ref_axis',(0.,0.,-1.));
#5203=DIRECTION('',(0.,0.,-1.));
#5204=DIRECTION('',(0.,0.,-1.));
#5205=DIRECTION('center_axis',(0.,1.,0.));
#5206=DIRECTION('ref_axis',(0.,0.,1.));
#5207=DIRECTION('center_axis',(-0.00307452389742302,0.,0.999995273640233));
#5208=DIRECTION('ref_axis',(0.999995273640233,0.,0.00307452389742302));
#5209=DIRECTION('',(0.999995273640233,0.,0.00307452389742302));
#5210=DIRECTION('',(0.,1.,0.));
#5211=DIRECTION('',(0.999995273640233,0.,0.00307452389742302));
#5212=DIRECTION('',(0.,1.,0.));
#5213=DIRECTION('center_axis',(-0.999995273640233,0.,-0.00307452389744307));
#5214=DIRECTION('ref_axis',(-0.00307452389744307,0.,0.999995273640233));
#5215=DIRECTION('',(-0.00307452389744307,0.,0.999995273640233));
#5216=DIRECTION('',(0.,1.,0.));
#5217=DIRECTION('',(-0.00307452389744307,0.,0.999995273640233));
#5218=DIRECTION('center_axis',(0.824425915450445,0.,0.565969884299241));
#5219=DIRECTION('ref_axis',(0.565969884299241,0.,-0.824425915450444));
#5220=DIRECTION('',(0.565969884299241,0.,-0.824425915450444));
#5221=DIRECTION('',(0.,1.,0.));
#5222=DIRECTION('',(0.565969884299241,0.,-0.824425915450444));
#5223=DIRECTION('center_axis',(-0.00307452389742255,0.,0.999995273640233));
#5224=DIRECTION('ref_axis',(0.999995273640233,0.,0.00307452389742255));
#5225=DIRECTION('',(0.999995273640233,0.,0.00307452389742255));
#5226=DIRECTION('',(0.,1.,0.));
#5227=DIRECTION('',(0.999995273640233,0.,0.00307452389742255));
#5228=DIRECTION('center_axis',(-0.999995273640233,0.,-0.00307452389744216));
#5229=DIRECTION('ref_axis',(-0.00307452389744216,0.,0.999995273640233));
#5230=DIRECTION('',(-0.00307452389744216,0.,0.999995273640233));
#5231=DIRECTION('',(0.,1.,0.));
#5232=DIRECTION('',(-0.00307452389744216,0.,0.999995273640233));
#5233=DIRECTION('center_axis',(0.00307452389742255,0.,-0.999995273640233));
#5234=DIRECTION('ref_axis',(-0.999995273640233,0.,-0.00307452389742255));
#5235=DIRECTION('',(-0.999995273640233,0.,-0.00307452389742255));
#5236=DIRECTION('',(0.,1.,0.));
#5237=DIRECTION('',(-0.999995273640233,0.,-0.00307452389742255));
#5238=DIRECTION('center_axis',(0.999995273640233,0.,0.00307452389744189));
#5239=DIRECTION('ref_axis',(0.00307452389744189,0.,-0.999995273640233));
#5240=DIRECTION('',(0.00307452389744189,0.,-0.999995273640233));
#5241=DIRECTION('',(0.,1.,0.));
#5242=DIRECTION('',(0.00307452389744189,0.,-0.999995273640233));
#5243=DIRECTION('center_axis',(-0.824945898371998,0.,-0.565211699064356));
#5244=DIRECTION('ref_axis',(-0.565211699064356,0.,0.824945898371998));
#5245=DIRECTION('',(-0.565211699064356,0.,0.824945898371998));
#5246=DIRECTION('',(0.,1.,0.));
#5247=DIRECTION('',(-0.565211699064356,0.,0.824945898371998));
#5248=DIRECTION('center_axis',(0.00307452389742059,0.,-0.999995273640233));
#5249=DIRECTION('ref_axis',(-0.999995273640233,0.,-0.00307452389742059));
#5250=DIRECTION('',(-0.999995273640233,0.,-0.00307452389742059));
#5251=DIRECTION('',(0.,1.,0.));
#5252=DIRECTION('',(-0.999995273640233,0.,-0.00307452389742059));
#5253=DIRECTION('center_axis',(0.999995273640233,0.,0.00307452389744216));
#5254=DIRECTION('ref_axis',(0.00307452389744216,0.,-0.999995273640233));
#5255=DIRECTION('',(0.00307452389744216,0.,-0.999995273640233));
#5256=DIRECTION('',(0.00307452389744216,0.,-0.999995273640233));
#5257=DIRECTION('center_axis',(0.,1.,0.));
#5258=DIRECTION('ref_axis',(0.,0.,1.));
#5259=DIRECTION('',(0.,1.,0.));
#5260=DIRECTION('',(0.,1.,0.));
#5261=DIRECTION('',(0.,1.,0.));
#5262=DIRECTION('',(0.,1.,0.));
#5263=DIRECTION('',(0.,1.,0.));
#5264=DIRECTION('',(0.,1.,0.));
#5265=DIRECTION('',(0.,1.,0.));
#5266=DIRECTION('',(0.,1.,0.));
#5267=DIRECTION('',(0.,1.,0.));
#5268=DIRECTION('',(0.,1.,0.));
#5269=DIRECTION('',(0.,1.,0.));
#5270=DIRECTION('',(0.,1.,0.));
#5271=DIRECTION('',(0.,1.,0.));
#5272=DIRECTION('',(0.,1.,0.));
#5273=DIRECTION('',(0.,1.,0.));
#5274=DIRECTION('',(0.,1.,0.));
#5275=DIRECTION('',(0.,1.,0.));
#5276=DIRECTION('',(0.,1.,0.));
#5277=DIRECTION('center_axis',(0.,-1.,0.));
#5278=DIRECTION('ref_axis',(1.,0.,0.));
#5279=DIRECTION('center_axis',(-0.00307452389742241,0.,0.999995273640233));
#5280=DIRECTION('ref_axis',(0.999995273640233,0.,0.00307452389742241));
#5281=DIRECTION('',(0.999995273640233,0.,0.00307452389742241));
#5282=DIRECTION('',(0.,1.,0.));
#5283=DIRECTION('',(0.999995273640233,0.,0.00307452389742241));
#5284=DIRECTION('',(0.,1.,0.));
#5285=DIRECTION('center_axis',(-0.999995273640233,0.,-0.0030745238974419));
#5286=DIRECTION('ref_axis',(-0.0030745238974419,0.,0.999995273640233));
#5287=DIRECTION('',(-0.0030745238974419,0.,0.999995273640233));
#5288=DIRECTION('',(0.,1.,0.));
#5289=DIRECTION('',(-0.0030745238974419,0.,0.999995273640233));
#5290=DIRECTION('center_axis',(-0.00307452389742237,0.,0.999995273640233));
#5291=DIRECTION('ref_axis',(0.999995273640233,0.,0.00307452389742237));
#5292=DIRECTION('',(0.999995273640233,0.,0.00307452389742237));
#5293=DIRECTION('',(0.,1.,0.));
#5294=DIRECTION('',(0.999995273640233,0.,0.00307452389742237));
#5295=DIRECTION('center_axis',(-0.999995273640233,0.,-0.00307452389744402));
#5296=DIRECTION('ref_axis',(-0.00307452389744402,0.,0.999995273640233));
#5297=DIRECTION('',(-0.00307452389744402,0.,0.999995273640233));
#5298=DIRECTION('',(0.,1.,0.));
#5299=DIRECTION('',(-0.00307452389744402,0.,0.999995273640233));
#5300=DIRECTION('center_axis',(0.00307452389742237,0.,-0.999995273640233));
#5301=DIRECTION('ref_axis',(-0.999995273640233,0.,-0.00307452389742237));
#5302=DIRECTION('',(-0.999995273640233,0.,-0.00307452389742237));
#5303=DIRECTION('',(0.,1.,0.));
#5304=DIRECTION('',(-0.999995273640233,0.,-0.00307452389742237));
#5305=DIRECTION('center_axis',(-0.999995273640233,0.,-0.00307452389744467));
#5306=DIRECTION('ref_axis',(-0.00307452389744467,0.,0.999995273640233));
#5307=DIRECTION('',(-0.00307452389744467,0.,0.999995273640233));
#5308=DIRECTION('',(0.,1.,0.));
#5309=DIRECTION('',(-0.00307452389744467,0.,0.999995273640233));
#5310=DIRECTION('center_axis',(-0.00307452389742223,0.,0.999995273640233));
#5311=DIRECTION('ref_axis',(0.999995273640233,0.,0.00307452389742223));
#5312=DIRECTION('',(0.999995273640233,0.,0.00307452389742223));
#5313=DIRECTION('',(0.,1.,0.));
#5314=DIRECTION('',(0.999995273640233,0.,0.00307452389742223));
#5315=DIRECTION('center_axis',(-0.999995273640233,0.,-0.00307452389743787));
#5316=DIRECTION('ref_axis',(-0.00307452389743787,0.,0.999995273640233));
#5317=DIRECTION('',(-0.00307452389743787,0.,0.999995273640233));
#5318=DIRECTION('',(0.,1.,0.));
#5319=DIRECTION('',(-0.00307452389743787,0.,0.999995273640233));
#5320=DIRECTION('center_axis',(0.00307452389742244,0.,-0.999995273640233));
#5321=DIRECTION('ref_axis',(-0.999995273640233,0.,-0.00307452389742244));
#5322=DIRECTION('',(-0.999995273640233,0.,-0.00307452389742244));
#5323=DIRECTION('',(0.,1.,0.));
#5324=DIRECTION('',(-0.999995273640233,0.,-0.00307452389742244));
#5325=DIRECTION('center_axis',(0.999995273640233,0.,0.00307452389744194));
#5326=DIRECTION('ref_axis',(0.00307452389744194,0.,-0.999995273640233));
#5327=DIRECTION('',(0.00307452389744194,0.,-0.999995273640233));
#5328=DIRECTION('',(0.00307452389744194,0.,-0.999995273640233));
#5329=DIRECTION('center_axis',(0.,1.,0.));
#5330=DIRECTION('ref_axis',(0.,0.,1.));
#5331=DIRECTION('center_axis',(-0.0030745238974223,0.,0.999995273640233));
#5332=DIRECTION('ref_axis',(0.999995273640233,0.,0.0030745238974223));
#5333=DIRECTION('',(0.999995273640233,0.,0.0030745238974223));
#5334=DIRECTION('',(0.,1.,0.));
#5335=DIRECTION('',(0.999995273640233,0.,0.0030745238974223));
#5336=DIRECTION('',(0.,1.,0.));
#5337=DIRECTION('center_axis',(-0.999995273640233,0.,-0.0030745238974419));
#5338=DIRECTION('ref_axis',(-0.0030745238974419,0.,0.999995273640233));
#5339=DIRECTION('',(-0.0030745238974419,0.,0.999995273640233));
#5340=DIRECTION('',(0.,1.,0.));
#5341=DIRECTION('',(-0.0030745238974419,0.,0.999995273640233));
#5342=DIRECTION('center_axis',(-0.00307452389742235,0.,0.999995273640233));
#5343=DIRECTION('ref_axis',(0.999995273640233,0.,0.00307452389742235));
#5344=DIRECTION('',(0.999995273640233,0.,0.00307452389742235));
#5345=DIRECTION('',(0.,1.,0.));
#5346=DIRECTION('',(0.999995273640233,0.,0.00307452389742234));
#5347=DIRECTION('center_axis',(-0.999995273640233,0.,-0.00307452389744402));
#5348=DIRECTION('ref_axis',(-0.00307452389744402,0.,0.999995273640233));
#5349=DIRECTION('',(-0.00307452389744402,0.,0.999995273640233));
#5350=DIRECTION('',(0.,1.,0.));
#5351=DIRECTION('',(-0.00307452389744402,0.,0.999995273640233));
#5352=DIRECTION('center_axis',(0.00307452389742252,0.,-0.999995273640233));
#5353=DIRECTION('ref_axis',(-0.999995273640233,0.,-0.00307452389742252));
#5354=DIRECTION('',(-0.999995273640233,0.,-0.00307452389742252));
#5355=DIRECTION('',(0.,1.,0.));
#5356=DIRECTION('',(-0.999995273640233,0.,-0.00307452389742252));
#5357=DIRECTION('center_axis',(-0.999995273640233,0.,-0.00307452389744467));
#5358=DIRECTION('ref_axis',(-0.00307452389744467,0.,0.999995273640233));
#5359=DIRECTION('',(-0.00307452389744467,0.,0.999995273640233));
#5360=DIRECTION('',(0.,1.,0.));
#5361=DIRECTION('',(-0.00307452389744467,0.,0.999995273640233));
#5362=DIRECTION('center_axis',(-0.00307452389742236,0.,0.999995273640233));
#5363=DIRECTION('ref_axis',(0.999995273640233,0.,0.00307452389742236));
#5364=DIRECTION('',(0.999995273640233,0.,0.00307452389742236));
#5365=DIRECTION('',(0.,1.,0.));
#5366=DIRECTION('',(0.999995273640233,0.,0.00307452389742236));
#5367=DIRECTION('center_axis',(-0.999995273640233,0.,-0.00307452389743787));
#5368=DIRECTION('ref_axis',(-0.00307452389743787,0.,0.999995273640233));
#5369=DIRECTION('',(-0.00307452389743787,0.,0.999995273640233));
#5370=DIRECTION('',(0.,1.,0.));
#5371=DIRECTION('',(-0.00307452389743787,0.,0.999995273640233));
#5372=DIRECTION('center_axis',(0.00307452389742229,0.,-0.999995273640233));
#5373=DIRECTION('ref_axis',(-0.999995273640233,0.,-0.00307452389742229));
#5374=DIRECTION('',(-0.999995273640233,0.,-0.00307452389742229));
#5375=DIRECTION('',(0.,1.,0.));
#5376=DIRECTION('',(-0.999995273640233,0.,-0.00307452389742229));
#5377=DIRECTION('center_axis',(0.999995273640233,0.,0.00307452389744194));
#5378=DIRECTION('ref_axis',(0.00307452389744194,0.,-0.999995273640233));
#5379=DIRECTION('',(0.00307452389744194,0.,-0.999995273640233));
#5380=DIRECTION('',(0.00307452389744194,0.,-0.999995273640233));
#5381=DIRECTION('center_axis',(0.,1.,0.));
#5382=DIRECTION('ref_axis',(0.,0.,1.));
#5383=DIRECTION('',(0.,1.,0.));
#5384=DIRECTION('',(0.,1.,0.));
#5385=DIRECTION('',(0.,1.,0.));
#5386=DIRECTION('',(0.,1.,0.));
#5387=DIRECTION('',(0.,1.,0.));
#5388=DIRECTION('',(0.,1.,0.));
#5389=DIRECTION('',(0.,1.,0.));
#5390=DIRECTION('',(0.,1.,0.));
#5391=DIRECTION('',(0.,1.,0.));
#5392=DIRECTION('',(0.,1.,0.));
#5393=DIRECTION('',(0.,1.,0.));
#5394=DIRECTION('',(0.,1.,0.));
#5395=DIRECTION('',(0.,1.,0.));
#5396=DIRECTION('',(0.,1.,0.));
#5397=DIRECTION('',(0.,1.,0.));
#5398=DIRECTION('',(0.,1.,0.));
#5399=DIRECTION('',(0.,1.,0.));
#5400=DIRECTION('',(0.,1.,0.));
#5401=DIRECTION('center_axis',(0.,-1.,0.));
#5402=DIRECTION('ref_axis',(1.,0.,0.));
#5403=DIRECTION('center_axis',(-0.956365800024766,0.,0.29217196399208));
#5404=DIRECTION('ref_axis',(0.29217196399208,0.,0.956365800024766));
#5405=DIRECTION('',(0.29217196399208,0.,0.956365800024766));
#5406=DIRECTION('',(0.,1.,0.));
#5407=DIRECTION('',(0.29217196399208,0.,0.956365800024766));
#5408=DIRECTION('',(0.,1.,0.));
#5409=DIRECTION('center_axis',(0.955857293627567,0.,0.29383130231305));
#5410=DIRECTION('ref_axis',(0.293831302313049,0.,-0.955857293627567));
#5411=DIRECTION('',(0.293831302313049,0.,-0.955857293627567));
#5412=DIRECTION('',(0.,1.,0.));
#5413=DIRECTION('',(0.293831302313049,0.,-0.955857293627567));
#5414=DIRECTION('center_axis',(0.,0.,-1.));
#5415=DIRECTION('ref_axis',(-1.,0.,0.));
#5416=DIRECTION('',(-1.,0.,0.));
#5417=DIRECTION('',(-1.,0.,0.));
#5418=DIRECTION('center_axis',(0.,0.,1.));
#5419=DIRECTION('ref_axis',(1.,0.,0.));
#5420=DIRECTION('',(1.,0.,0.));
#5421=DIRECTION('',(0.,1.,0.));
#5422=DIRECTION('',(1.,0.,0.));
#5423=DIRECTION('',(0.,1.,0.));
#5424=DIRECTION('center_axis',(-0.936066536676869,0.,-0.351823022148596));
#5425=DIRECTION('ref_axis',(-0.351823022148596,0.,0.936066536676869));
#5426=DIRECTION('',(-0.351823022148596,0.,0.936066536676869));
#5427=DIRECTION('',(0.,1.,0.));
#5428=DIRECTION('',(-0.351823022148596,0.,0.936066536676869));
#5429=DIRECTION('center_axis',(0.,0.,-1.));
#5430=DIRECTION('ref_axis',(-1.,0.,0.));
#5431=DIRECTION('',(-1.,0.,0.));
#5432=DIRECTION('',(0.,1.,0.));
#5433=DIRECTION('',(-1.,0.,0.));
#5434=DIRECTION('center_axis',(0.936066536676869,0.,-0.351823022148596));
#5435=DIRECTION('ref_axis',(-0.351823022148596,0.,-0.936066536676869));
#5436=DIRECTION('',(-0.351823022148596,0.,-0.936066536676869));
#5437=DIRECTION('',(0.,1.,0.));
#5438=DIRECTION('',(-0.351823022148596,0.,-0.936066536676869));
#5439=DIRECTION('center_axis',(0.,0.,1.));
#5440=DIRECTION('ref_axis',(1.,0.,0.));
#5441=DIRECTION('',(1.,0.,0.));
#5442=DIRECTION('',(0.,1.,0.));
#5443=DIRECTION('',(1.,0.,0.));
#5444=DIRECTION('center_axis',(-0.959554631499227,0.,0.281522484303442));
#5445=DIRECTION('ref_axis',(0.281522484303442,0.,0.959554631499227));
#5446=DIRECTION('',(0.281522484303442,0.,0.959554631499227));
#5447=DIRECTION('',(0.,1.,0.));
#5448=DIRECTION('',(0.281522484303442,0.,0.959554631499227));
#5449=DIRECTION('center_axis',(0.,0.,1.));
#5450=DIRECTION('ref_axis',(1.,0.,0.));
#5451=DIRECTION('',(1.,0.,0.));
#5452=DIRECTION('',(0.,1.,0.));
#5453=DIRECTION('',(1.,0.,0.));
#5454=DIRECTION('center_axis',(0.958478185007209,0.,0.285165862026445));
#5455=DIRECTION('ref_axis',(0.285165862026445,0.,-0.958478185007209));
#5456=DIRECTION('',(0.285165862026445,0.,-0.958478185007209));
#5457=DIRECTION('',(0.285165862026445,0.,-0.958478185007209));
#5458=DIRECTION('center_axis',(0.,1.,0.));
#5459=DIRECTION('ref_axis',(0.,0.,1.));
#5460=DIRECTION('',(0.,1.,0.));
#5461=DIRECTION('',(0.,1.,0.));
#5462=DIRECTION('',(0.,1.,0.));
#5463=DIRECTION('',(0.,1.,0.));
#5464=DIRECTION('',(0.,1.,0.));
#5465=DIRECTION('',(0.,1.,0.));
#5466=DIRECTION('center_axis',(0.,0.,-1.));
#5467=DIRECTION('ref_axis',(-1.,0.,0.));
#5468=DIRECTION('',(-1.,0.,0.));
#5469=DIRECTION('',(0.,1.,0.));
#5470=DIRECTION('',(-1.,0.,0.));
#5471=DIRECTION('center_axis',(-1.,0.,0.));
#5472=DIRECTION('ref_axis',(0.,0.,1.));
#5473=DIRECTION('',(0.,0.,1.));
#5474=DIRECTION('',(0.,1.,0.));
#5475=DIRECTION('',(0.,0.,1.));
#5476=DIRECTION('center_axis',(0.,0.,1.));
#5477=DIRECTION('ref_axis',(1.,0.,0.));
#5478=DIRECTION('',(1.,0.,0.));
#5479=DIRECTION('',(1.,0.,0.));
#5480=DIRECTION('center_axis',(0.,0.,1.));
#5481=DIRECTION('ref_axis',(1.,0.,0.));
#5482=DIRECTION('',(1.,0.,0.));
#5483=DIRECTION('',(0.,1.,0.));
#5484=DIRECTION('',(1.,0.,0.));
#5485=DIRECTION('',(0.,1.,0.));
#5486=DIRECTION('',(0.,1.,0.));
#5487=DIRECTION('',(0.,1.,0.));
#5488=DIRECTION('',(0.,1.,0.));
#5489=DIRECTION('',(0.,1.,0.));
#5490=DIRECTION('',(0.,1.,0.));
#5491=DIRECTION('',(0.,1.,0.));
#5492=DIRECTION('',(0.,1.,0.));
#5493=DIRECTION('',(0.,1.,0.));
#5494=DIRECTION('center_axis',(0.,0.,-1.));
#5495=DIRECTION('ref_axis',(-1.,0.,0.));
#5496=DIRECTION('',(-1.,0.,0.));
#5497=DIRECTION('',(0.,1.,0.));
#5498=DIRECTION('',(-1.,0.,0.));
#5499=DIRECTION('center_axis',(1.,0.,0.));
#5500=DIRECTION('ref_axis',(0.,0.,-1.));
#5501=DIRECTION('',(0.,0.,-1.));
#5502=DIRECTION('',(0.,0.,-1.));
#5503=DIRECTION('center_axis',(0.,-1.,0.));
#5504=DIRECTION('ref_axis',(1.,0.,0.));
#5505=DIRECTION('',(0.,1.,0.));
#5506=DIRECTION('',(0.,1.,0.));
#5507=DIRECTION('',(0.,1.,0.));
#5508=DIRECTION('',(0.,1.,0.));
#5509=DIRECTION('',(0.,1.,0.));
#5510=DIRECTION('center_axis',(-1.,0.,0.));
#5511=DIRECTION('ref_axis',(0.,0.,1.));
#5512=DIRECTION('',(0.,0.,1.));
#5513=DIRECTION('',(0.,1.,0.));
#5514=DIRECTION('',(0.,0.,1.));
#5515=DIRECTION('center_axis',(0.,0.,-1.));
#5516=DIRECTION('ref_axis',(-1.,0.,0.));
#5517=DIRECTION('',(-1.,0.,0.));
#5518=DIRECTION('',(0.,1.,0.));
#5519=DIRECTION('',(-1.,0.,0.));
#5520=DIRECTION('center_axis',(1.,0.,0.));
#5521=DIRECTION('ref_axis',(0.,0.,-1.));
#5522=DIRECTION('',(0.,0.,-1.));
#5523=DIRECTION('',(0.,1.,0.));
#5524=DIRECTION('',(0.,0.,-1.));
#5525=DIRECTION('',(0.,1.,0.));
#5526=DIRECTION('',(0.,1.,0.));
#5527=DIRECTION('',(0.,1.,0.));
#5528=DIRECTION('',(0.,1.,0.));
#5529=DIRECTION('',(0.,1.,0.));
#5530=DIRECTION('',(0.,1.,0.));
#5531=DIRECTION('',(0.,1.,0.));
#5532=DIRECTION('',(0.,1.,0.));
#5533=DIRECTION('',(0.,1.,0.));
#5534=DIRECTION('center_axis',(-1.,0.,0.));
#5535=DIRECTION('ref_axis',(0.,0.,1.));
#5536=DIRECTION('',(0.,0.,1.));
#5537=DIRECTION('',(0.,1.,0.));
#5538=DIRECTION('',(0.,0.,1.));
#5539=DIRECTION('center_axis',(0.,0.,-1.));
#5540=DIRECTION('ref_axis',(-1.,0.,0.));
#5541=DIRECTION('',(-1.,0.,0.));
#5542=DIRECTION('',(0.,1.,0.));
#5543=DIRECTION('',(-1.,0.,0.));
#5544=DIRECTION('center_axis',(1.,0.,0.));
#5545=DIRECTION('ref_axis',(0.,0.,-1.));
#5546=DIRECTION('',(0.,0.,-1.));
#5547=DIRECTION('',(0.,0.,-1.));
#5548=DIRECTION('center_axis',(0.,-1.,0.));
#5549=DIRECTION('ref_axis',(1.,0.,0.));
#5550=DIRECTION('center_axis',(0.5,0.,0.866025403784439));
#5551=DIRECTION('ref_axis',(0.866025403784439,0.,-0.5));
#5552=DIRECTION('',(0.866025403784439,0.,-0.5));
#5553=DIRECTION('',(0.,1.,0.));
#5554=DIRECTION('',(0.866025403784439,0.,-0.5));
#5555=DIRECTION('',(0.,1.,0.));
#5556=DIRECTION('center_axis',(-1.,0.,0.));
#5557=DIRECTION('ref_axis',(0.,0.,1.));
#5558=DIRECTION('',(0.,0.,1.));
#5559=DIRECTION('',(0.,1.,0.));
#5560=DIRECTION('',(0.,0.,1.));
#5561=DIRECTION('center_axis',(0.5,0.,-0.866025403784439));
#5562=DIRECTION('ref_axis',(-0.866025403784439,0.,-0.5));
#5563=DIRECTION('',(-0.866025403784439,0.,-0.5));
#5564=DIRECTION('',(-0.866025403784439,0.,-0.5));
#5565=DIRECTION('center_axis',(0.,1.,0.));
#5566=DIRECTION('ref_axis',(0.,0.,1.));
#5567=DIRECTION('center_axis',(0.,1.,0.));
#5568=DIRECTION('ref_axis',(1.,0.,0.));
#5569=DIRECTION('',(0.,0.,1.));
#5570=DIRECTION('center_axis',(0.,1.,0.));
#5571=DIRECTION('ref_axis',(0.,0.,-1.));
#5572=DIRECTION('',(-1.,0.,0.));
#5573=DIRECTION('center_axis',(0.,1.,0.));
#5574=DIRECTION('ref_axis',(1.,0.,0.));
#5575=DIRECTION('',(0.,0.,-1.));
#5576=DIRECTION('center_axis',(0.,-1.,0.));
#5577=DIRECTION('ref_axis',(-1.,0.,0.));
#5578=DIRECTION('',(-1.,0.,0.));
#5579=DIRECTION('center_axis',(0.,1.,0.));
#5580=DIRECTION('ref_axis',(1.,0.,0.));
#5581=DIRECTION('',(0.,0.,-1.));
#5582=DIRECTION('center_axis',(0.,1.,0.));
#5583=DIRECTION('ref_axis',(0.,0.,1.));
#5584=DIRECTION('',(1.,0.,0.));
#5585=DIRECTION('center_axis',(0.,1.,0.));
#5586=DIRECTION('ref_axis',(-1.,0.,0.));
#5587=DIRECTION('center_axis',(0.,-1.,0.));
#5588=DIRECTION('ref_axis',(1.,0.,0.));
#5589=DIRECTION('center_axis',(0.,-1.,0.));
#5590=DIRECTION('ref_axis',(1.,0.,0.));
#5591=DIRECTION('center_axis',(0.,-1.,0.));
#5592=DIRECTION('ref_axis',(1.,0.,0.));
#5593=DIRECTION('center_axis',(0.,-1.,0.));
#5594=DIRECTION('ref_axis',(1.,0.,0.));
#5595=DIRECTION('center_axis',(0.,-1.,0.));
#5596=DIRECTION('ref_axis',(1.,0.,0.));
#5597=DIRECTION('center_axis',(0.,1.,0.));
#5598=DIRECTION('ref_axis',(1.,0.,0.));
#5599=DIRECTION('center_axis',(0.,1.,0.));
#5600=DIRECTION('ref_axis',(1.,0.,0.));
#5601=DIRECTION('center_axis',(0.,1.,0.));
#5602=DIRECTION('ref_axis',(1.,0.,0.));
#5603=DIRECTION('center_axis',(0.,1.,0.));
#5604=DIRECTION('ref_axis',(1.,0.,0.));
#5605=DIRECTION('center_axis',(0.,-1.,0.));
#5606=DIRECTION('ref_axis',(2.22044604925032E-15,0.,-1.));
#5607=DIRECTION('',(0.707106781186546,0.707106781186549,0.));
#5608=DIRECTION('center_axis',(0.,-1.,0.));
#5609=DIRECTION('ref_axis',(2.22044604925032E-15,0.,-1.));
#5610=DIRECTION('',(3.14018491736756E-15,-0.707106781186549,-0.707106781186546));
#5611=DIRECTION('center_axis',(0.,1.,0.));
#5612=DIRECTION('ref_axis',(2.22044604925032E-15,0.,-1.));
#5613=DIRECTION('center_axis',(-0.707106781186547,0.707106781186548,0.));
#5614=DIRECTION('ref_axis',(0.,0.,1.));
#5615=DIRECTION('',(0.,0.,1.));
#5616=DIRECTION('',(0.707106781186548,0.707106781186547,0.));
#5617=DIRECTION('',(0.,0.,-1.));
#5618=DIRECTION('center_axis',(0.,-1.,0.));
#5619=DIRECTION('ref_axis',(-1.,0.,0.));
#5620=DIRECTION('',(0.,0.707106781186549,-0.707106781186546));
#5621=DIRECTION('center_axis',(0.,-1.,0.));
#5622=DIRECTION('ref_axis',(-1.,0.,0.));
#5623=DIRECTION('center_axis',(0.,1.,0.));
#5624=DIRECTION('ref_axis',(-1.,0.,0.));
#5625=DIRECTION('center_axis',(0.,0.707106781186546,0.707106781186549));
#5626=DIRECTION('ref_axis',(1.,0.,0.));
#5627=DIRECTION('',(1.,0.,0.));
#5628=DIRECTION('',(0.,0.707106781186549,-0.707106781186546));
#5629=DIRECTION('',(-1.,0.,0.));
#5630=DIRECTION('center_axis',(0.,-1.,0.));
#5631=DIRECTION('ref_axis',(-1.11022302462516E-15,0.,1.));
#5632=DIRECTION('',(-0.707106781186546,0.707106781186549,0.));
#5633=DIRECTION('center_axis',(0.,-1.,0.));
#5634=DIRECTION('ref_axis',(-1.11022302462516E-15,0.,1.));
#5635=DIRECTION('center_axis',(0.,1.,0.));
#5636=DIRECTION('ref_axis',(-1.11022302462516E-15,0.,1.));
#5637=DIRECTION('center_axis',(0.707106781186547,0.707106781186548,0.));
#5638=DIRECTION('ref_axis',(0.,0.,-1.));
#5639=DIRECTION('',(0.,0.,-1.));
#5640=DIRECTION('',(-0.707106781186548,0.707106781186547,0.));
#5641=DIRECTION('',(0.,0.,1.));
#5642=DIRECTION('center_axis',(0.,-1.,0.));
#5643=DIRECTION('ref_axis',(1.,0.,2.22044604925033E-15));
#5644=DIRECTION('',(3.14018491736756E-15,0.707106781186549,0.707106781186546));
#5645=DIRECTION('center_axis',(0.,-1.,0.));
#5646=DIRECTION('ref_axis',(1.,0.,2.22044604925033E-15));
#5647=DIRECTION('center_axis',(0.,1.,0.));
#5648=DIRECTION('ref_axis',(1.,0.,2.22044604925033E-15));
#5649=DIRECTION('center_axis',(0.,0.707106781186546,-0.707106781186549));
#5650=DIRECTION('ref_axis',(-1.,0.,0.));
#5651=DIRECTION('',(-1.,0.,0.));
#5652=DIRECTION('',(1.,0.,0.));
#5653=DIRECTION('center_axis',(0.,0.,1.));
#5654=DIRECTION('ref_axis',(-1.,0.,0.));
#5655=DIRECTION('',(0.,-1.,0.));
#5656=DIRECTION('',(-1.,0.,0.));
#5657=DIRECTION('',(0.,-1.,0.));
#5658=DIRECTION('center_axis',(0.,-1.,0.));
#5659=DIRECTION('ref_axis',(-1.,0.,0.));
#5660=DIRECTION('',(0.,-1.,0.));
#5661=DIRECTION('center_axis',(0.,-1.,0.));
#5662=DIRECTION('ref_axis',(-1.,0.,0.));
#5663=DIRECTION('center_axis',(-1.,0.,0.));
#5664=DIRECTION('ref_axis',(0.,0.,-1.));
#5665=DIRECTION('',(0.,-1.,0.));
#5666=DIRECTION('',(0.,0.,-1.));
#5667=DIRECTION('center_axis',(0.,-1.,0.));
#5668=DIRECTION('ref_axis',(2.22044604925032E-15,0.,-1.));
#5669=DIRECTION('',(0.,-1.,0.));
#5670=DIRECTION('center_axis',(0.,-1.,0.));
#5671=DIRECTION('ref_axis',(2.22044604925032E-15,0.,-1.));
#5672=DIRECTION('center_axis',(0.,1.,0.));
#5673=DIRECTION('ref_axis',(1.,0.,0.));
#5674=DIRECTION('center_axis',(0.,-1.,0.));
#5675=DIRECTION('ref_axis',(1.,0.,2.22044604925033E-15));
#5676=DIRECTION('',(0.,-1.,0.));
#5677=DIRECTION('center_axis',(0.,-1.,0.));
#5678=DIRECTION('ref_axis',(1.,0.,2.22044604925033E-15));
#5679=DIRECTION('',(0.,-1.,0.));
#5680=DIRECTION('center_axis',(0.,0.,-1.));
#5681=DIRECTION('ref_axis',(1.,0.,0.));
#5682=DIRECTION('',(1.,0.,0.));
#5683=DIRECTION('center_axis',(0.,-1.,0.));
#5684=DIRECTION('ref_axis',(-1.11022302462516E-15,0.,1.));
#5685=DIRECTION('center_axis',(0.,-1.,0.));
#5686=DIRECTION('ref_axis',(-1.11022302462516E-15,0.,1.));
#5687=DIRECTION('',(0.,-1.,0.));
#5688=DIRECTION('center_axis',(1.,0.,0.));
#5689=DIRECTION('ref_axis',(0.,0.,1.));
#5690=DIRECTION('',(0.,0.,1.));
#5691=DIRECTION('center_axis',(-1.,0.,4.97704841783417E-17));
#5692=DIRECTION('ref_axis',(-4.97704841783417E-17,0.,-1.));
#5693=DIRECTION('',(0.,1.,0.));
#5694=DIRECTION('',(-4.97704841783417E-17,0.,-1.));
#5695=DIRECTION('',(0.,-1.,0.));
#5696=DIRECTION('',(-4.97704841783417E-17,0.,-1.));
#5697=DIRECTION('center_axis',(1.,0.,0.));
#5698=DIRECTION('ref_axis',(0.,0.,1.));
#5699=DIRECTION('',(0.,-1.,0.));
#5700=DIRECTION('',(0.,0.,1.));
#5701=DIRECTION('',(0.,1.,0.));
#5702=DIRECTION('',(0.,0.,1.));
#5703=DIRECTION('center_axis',(0.,-1.,0.));
#5704=DIRECTION('ref_axis',(0.,0.,-1.));
#5705=DIRECTION('',(-1.,0.,3.41607084500048E-16));
#5706=DIRECTION('',(1.,0.,0.));
#5707=DIRECTION('center_axis',(0.,0.,-1.));
#5708=DIRECTION('ref_axis',(1.,0.,0.));
#5709=DIRECTION('',(-1.,0.,0.));
#5710=DIRECTION('',(0.,-1.,0.));
#5711=DIRECTION('',(1.,0.,0.));
#5712=DIRECTION('',(0.,-1.,0.));
#5713=DIRECTION('',(-1.,0.,0.));
#5714=DIRECTION('center_axis',(0.,1.,0.));
#5715=DIRECTION('ref_axis',(1.,0.,0.));
#5716=DIRECTION('',(1.,0.,-3.41607084500048E-16));
#5717=DIRECTION('center_axis',(0.,-1.,0.));
#5718=DIRECTION('ref_axis',(1.,0.,0.));
#5719=DIRECTION('',(-3.20064295387432E-16,0.,1.));
#5720=DIRECTION('',(1.,0.,0.));
#5721=DIRECTION('',(0.,0.,-1.));
#5722=DIRECTION('center_axis',(0.,1.,0.));
#5723=DIRECTION('ref_axis',(1.,0.,0.));
#5724=DIRECTION('center_axis',(0.,0.,-1.));
#5725=DIRECTION('ref_axis',(1.,0.,0.));
#5726=DIRECTION('',(0.,1.,0.));
#5727=DIRECTION('',(1.,0.,0.));
#5728=DIRECTION('',(0.,-1.,0.));
#5729=DIRECTION('center_axis',(0.,0.,1.));
#5730=DIRECTION('ref_axis',(-1.,0.,0.));
#5731=DIRECTION('',(-1.,0.,0.));
#5732=DIRECTION('',(0.,1.,0.));
#5733=DIRECTION('',(-1.,0.,0.));
#5734=DIRECTION('',(0.,-1.,0.));
#5735=DIRECTION('center_axis',(0.,-1.,0.));
#5736=DIRECTION('ref_axis',(0.,0.,-1.));
#5737=DIRECTION('',(0.,0.,1.));
#5738=DIRECTION('',(3.20064295387432E-16,0.,-1.));
#5739=DIRECTION('center_axis',(0.,0.,-1.));
#5740=DIRECTION('ref_axis',(1.,0.,0.));
#5741=DIRECTION('',(1.,0.,0.));
#5742=DIRECTION('',(0.,1.,0.));
#5743=DIRECTION('',(1.,0.,0.));
#5744=DIRECTION('',(0.,-1.,0.));
#5745=DIRECTION('center_axis',(0.,0.,1.));
#5746=DIRECTION('ref_axis',(-1.,0.,0.));
#5747=DIRECTION('',(-1.,0.,0.));
#5748=DIRECTION('',(0.,1.,0.));
#5749=DIRECTION('',(-1.,0.,0.));
#5750=DIRECTION('',(0.,-1.,0.));
#5751=DIRECTION('center_axis',(0.,-1.,0.));
#5752=DIRECTION('ref_axis',(0.,0.,-1.));
#5753=DIRECTION('',(0.,0.,1.));
#5754=DIRECTION('',(3.20064295387432E-16,0.,-1.));
#5755=DIRECTION('center_axis',(0.,1.,0.));
#5756=DIRECTION('ref_axis',(1.,0.,0.));
#5757=DIRECTION('',(-3.20064295387432E-16,0.,1.));
#5758=DIRECTION('center_axis',(0.,-1.,0.));
#5759=DIRECTION('ref_axis',(0.,0.,1.));
#5760=DIRECTION('',(-1.,0.,0.));
#5761=DIRECTION('',(0.,0.,1.));
#5762=DIRECTION('',(1.,0.,0.));
#5763=DIRECTION('center_axis',(0.,1.,0.));
#5764=DIRECTION('ref_axis',(0.,0.,1.));
#5765=DIRECTION('',(0.,0.,-1.));
#5766=DIRECTION('center_axis',(0.,1.,0.));
#5767=DIRECTION('ref_axis',(1.,0.,0.));
#5768=DIRECTION('center_axis',(0.,1.,0.));
#5769=DIRECTION('ref_axis',(-1.,0.,0.));
#5770=DIRECTION('',(0.,0.,-1.));
#5771=DIRECTION('center_axis',(0.,1.,0.));
#5772=DIRECTION('ref_axis',(1.,0.,0.));
#5773=DIRECTION('',(1.,0.,0.));
#5774=DIRECTION('center_axis',(0.,1.,0.));
#5775=DIRECTION('ref_axis',(0.,0.,-1.));
#5776=DIRECTION('',(0.,0.,-1.));
#5777=DIRECTION('',(1.,0.,0.));
#5778=DIRECTION('',(0.,0.,-1.));
#5779=DIRECTION('center_axis',(0.,-1.,0.));
#5780=DIRECTION('ref_axis',(0.,0.,-1.));
#5781=DIRECTION('',(1.,0.,-1.77635683940025E-16));
#5782=DIRECTION('center_axis',(0.,-1.,0.));
#5783=DIRECTION('ref_axis',(1.,0.,0.));
#5784=DIRECTION('',(0.,0.,1.));
#5785=DIRECTION('center_axis',(0.,1.,0.));
#5786=DIRECTION('ref_axis',(-1.,0.,0.));
#5787=DIRECTION('',(1.,0.,-3.41607084500048E-16));
#5788=DIRECTION('center_axis',(0.,1.,0.));
#5789=DIRECTION('ref_axis',(1.,0.,0.));
#5790=DIRECTION('',(-3.20064295387432E-16,0.,1.));
#5791=DIRECTION('',(0.,0.,-1.));
#5792=DIRECTION('center_axis',(1.,0.,3.20064295387432E-16));
#5793=DIRECTION('ref_axis',(-3.20064295387432E-16,0.,1.));
#5794=DIRECTION('',(0.,-1.,0.));
#5795=DIRECTION('',(-3.20064295387432E-16,0.,1.));
#5796=DIRECTION('',(0.,-1.,0.));
#5797=DIRECTION('center_axis',(-0.707106781186597,-0.707106781186498,0.));
#5798=DIRECTION('ref_axis',(0.,0.,1.));
#5799=DIRECTION('',(0.707106781186498,-0.707106781186597,0.));
#5800=DIRECTION('',(-0.70710678118654,0.707106781186555,0.));
#5801=DIRECTION('',(0.,0.,-1.));
#5802=DIRECTION('center_axis',(0.,1.,0.));
#5803=DIRECTION('ref_axis',(0.,0.,-1.));
#5804=DIRECTION('',(0.,-0.707106781186545,0.70710678118655));
#5805=DIRECTION('center_axis',(0.,-1.,0.));
#5806=DIRECTION('ref_axis',(0.,0.,-1.));
#5807=DIRECTION('center_axis',(0.,-0.70710678118655,-0.707106781186545));
#5808=DIRECTION('ref_axis',(-1.,0.,0.));
#5809=DIRECTION('',(0.,-0.707106781186545,0.70710678118655));
#5810=DIRECTION('',(1.,0.,0.));
#5811=DIRECTION('center_axis',(0.,1.,0.));
#5812=DIRECTION('ref_axis',(1.,0.,0.));
#5813=DIRECTION('',(-0.707106781186551,-0.707106781186544,0.));
#5814=DIRECTION('center_axis',(0.,-1.,0.));
#5815=DIRECTION('ref_axis',(1.,0.,0.));
#5816=DIRECTION('center_axis',(0.707106781186548,-0.707106781186548,0.));
#5817=DIRECTION('ref_axis',(0.,0.,-1.));
#5818=DIRECTION('',(-0.707106781186548,-0.707106781186548,0.));
#5819=DIRECTION('',(0.,0.,1.));
#5820=DIRECTION('center_axis',(0.,-1.,0.));
#5821=DIRECTION('ref_axis',(-1.,0.,0.));
#5822=DIRECTION('',(0.,-0.707106781186561,0.707106781186534));
#5823=DIRECTION('center_axis',(0.,1.,0.));
#5824=DIRECTION('ref_axis',(-1.,0.,0.));
#5825=DIRECTION('center_axis',(0.,-0.707106781186545,-0.70710678118655));
#5826=DIRECTION('ref_axis',(-1.,0.,0.));
#5827=DIRECTION('',(-1.04672830578917E-14,-0.70710678118654,0.707106781186555));
#5828=DIRECTION('center_axis',(0.,1.,0.));
#5829=DIRECTION('ref_axis',(1.,0.,0.));
#5830=DIRECTION('',(-0.707106781186545,-0.70710678118655,0.));
#5831=DIRECTION('center_axis',(0.,-1.,0.));
#5832=DIRECTION('ref_axis',(1.,0.,0.));
#5833=DIRECTION('center_axis',(0.707106781186545,-0.70710678118655,0.));
#5834=DIRECTION('ref_axis',(0.,0.,-1.));
#5835=DIRECTION('',(-0.707106781186529,-0.707106781186566,0.));
#5836=DIRECTION('',(0.,0.,1.));
#5837=DIRECTION('center_axis',(0.,1.,0.));
#5838=DIRECTION('ref_axis',(0.,0.,1.));
#5839=DIRECTION('',(0.,-0.70710678118655,-0.707106781186545));
#5840=DIRECTION('center_axis',(0.,-1.,0.));
#5841=DIRECTION('ref_axis',(0.,0.,1.));
#5842=DIRECTION('center_axis',(0.,-0.70710678118654,0.707106781186555));
#5843=DIRECTION('ref_axis',(1.,0.,0.));
#5844=DIRECTION('',(0.,-0.707106781186597,-0.707106781186498));
#5845=DIRECTION('',(-1.,0.,0.));
#5846=DIRECTION('center_axis',(0.,1.,0.));
#5847=DIRECTION('ref_axis',(-1.,0.,0.));
#5848=DIRECTION('center_axis',(0.,-1.,0.));
#5849=DIRECTION('ref_axis',(-1.,0.,0.));
#5850=DIRECTION('center_axis',(0.,-1.,0.));
#5851=DIRECTION('ref_axis',(-1.,0.,0.));
#5852=DIRECTION('',(0.,-1.,0.));
#5853=DIRECTION('center_axis',(1.,0.,0.));
#5854=DIRECTION('ref_axis',(0.,0.,1.));
#5855=DIRECTION('',(0.,-1.,0.));
#5856=DIRECTION('center_axis',(0.,-1.,0.));
#5857=DIRECTION('ref_axis',(1.,0.,0.));
#5858=DIRECTION('',(0.,-1.,0.));
#5859=DIRECTION('center_axis',(0.,0.,-1.));
#5860=DIRECTION('ref_axis',(1.,0.,0.));
#5861=DIRECTION('',(0.,-1.,0.));
#5862=DIRECTION('center_axis',(0.,-1.,0.));
#5863=DIRECTION('ref_axis',(0.,0.,-1.));
#5864=DIRECTION('',(0.,-1.,0.));
#5865=DIRECTION('center_axis',(-1.,0.,0.));
#5866=DIRECTION('ref_axis',(0.,0.,-1.));
#5867=DIRECTION('',(0.,-1.,0.));
#5868=DIRECTION('',(0.,0.,-1.));
#5869=DIRECTION('',(0.,1.,0.));
#5870=DIRECTION('center_axis',(0.,1.,0.));
#5871=DIRECTION('ref_axis',(1.,0.,0.));
#5872=DIRECTION('center_axis',(0.,-1.,0.));
#5873=DIRECTION('ref_axis',(1.,0.,0.));
#5874=DIRECTION('',(0.70710678118654,0.707106781186555,8.65956056235484E-17));
#5875=DIRECTION('center_axis',(0.,1.,0.));
#5876=DIRECTION('ref_axis',(1.,0.,0.));
#5877=DIRECTION('center_axis',(0.,1.,0.));
#5878=DIRECTION('ref_axis',(1.,0.,0.));
#5879=DIRECTION('',(0.,1.,0.));
#5880=DIRECTION('center_axis',(0.,1.,0.));
#5881=DIRECTION('ref_axis',(1.,0.,0.));
#5882=DIRECTION('center_axis',(0.,-1.,0.));
#5883=DIRECTION('ref_axis',(1.,0.,0.));
#5884=DIRECTION('',(0.70710678118655,0.707106781186545,8.65956056235496E-17));
#5885=DIRECTION('center_axis',(0.,1.,0.));
#5886=DIRECTION('ref_axis',(1.,0.,0.));
#5887=DIRECTION('center_axis',(0.,1.,0.));
#5888=DIRECTION('ref_axis',(1.,0.,0.));
#5889=DIRECTION('',(0.,1.,0.));
#5890=DIRECTION('center_axis',(0.,1.,0.));
#5891=DIRECTION('ref_axis',(1.,0.,0.));
#5892=DIRECTION('center_axis',(0.,-1.,0.));
#5893=DIRECTION('ref_axis',(1.,0.,0.));
#5894=DIRECTION('',(0.707106781186548,0.707106781186548,8.65956056235493E-17));
#5895=DIRECTION('center_axis',(0.,1.,0.));
#5896=DIRECTION('ref_axis',(1.,0.,0.));
#5897=DIRECTION('center_axis',(0.,1.,0.));
#5898=DIRECTION('ref_axis',(1.,0.,0.));
#5899=DIRECTION('',(0.,1.,0.));
#5900=DIRECTION('center_axis',(0.,1.,0.));
#5901=DIRECTION('ref_axis',(1.,0.,0.));
#5902=DIRECTION('center_axis',(0.,-1.,0.));
#5903=DIRECTION('ref_axis',(1.,0.,0.));
#5904=DIRECTION('',(0.70710678118655,0.707106781186545,8.65956056235496E-17));
#5905=DIRECTION('center_axis',(0.,1.,0.));
#5906=DIRECTION('ref_axis',(1.,0.,0.));
#5907=DIRECTION('center_axis',(0.,1.,0.));
#5908=DIRECTION('ref_axis',(1.,0.,0.));
#5909=DIRECTION('',(0.,1.,0.));
#5910=DIRECTION('center_axis',(0.,1.,0.));
#5911=DIRECTION('ref_axis',(1.,0.,0.));
#5912=DIRECTION('center_axis',(0.,-1.,0.));
#5913=DIRECTION('ref_axis',(1.,0.,0.));
#5914=DIRECTION('',(0.707106781186547,0.707106781186547,8.65956056235493E-17));
#5915=DIRECTION('center_axis',(0.,1.,0.));
#5916=DIRECTION('ref_axis',(1.,0.,0.));
#5917=DIRECTION('center_axis',(0.,1.,0.));
#5918=DIRECTION('ref_axis',(1.,0.,0.));
#5919=DIRECTION('',(0.,1.,0.));
#5920=DIRECTION('center_axis',(0.,1.,0.));
#5921=DIRECTION('ref_axis',(1.,0.,0.));
#5922=DIRECTION('center_axis',(0.,1.,0.));
#5923=DIRECTION('ref_axis',(1.,0.,0.));
#5924=DIRECTION('center_axis',(0.,-1.,0.));
#5925=DIRECTION('ref_axis',(1.,0.,0.));
#5926=DIRECTION('center_axis',(0.,1.,0.));
#5927=DIRECTION('ref_axis',(1.,0.,0.));
#5928=DIRECTION('center_axis',(0.,-1.,0.));
#5929=DIRECTION('ref_axis',(1.,0.,0.));
#5930=DIRECTION('center_axis',(0.,1.,0.));
#5931=DIRECTION('ref_axis',(1.,0.,0.));
#5932=DIRECTION('center_axis',(0.,-1.,0.));
#5933=DIRECTION('ref_axis',(1.,0.,0.));
#5934=DIRECTION('center_axis',(0.,1.,0.));
#5935=DIRECTION('ref_axis',(1.,0.,0.));
#5936=DIRECTION('center_axis',(0.,-1.,0.));
#5937=DIRECTION('ref_axis',(1.,0.,0.));
#5938=DIRECTION('center_axis',(0.,1.,0.));
#5939=DIRECTION('ref_axis',(1.,0.,0.));
#5940=DIRECTION('center_axis',(0.,-1.,0.));
#5941=DIRECTION('ref_axis',(1.,0.,0.));
#5942=DIRECTION('center_axis',(0.,-1.,0.));
#5943=DIRECTION('ref_axis',(1.,0.,0.));
#5944=DIRECTION('center_axis',(0.,-1.,0.));
#5945=DIRECTION('ref_axis',(1.,0.,0.));
#5946=DIRECTION('',(0.,-1.,0.));
#5947=DIRECTION('center_axis',(0.,-1.,0.));
#5948=DIRECTION('ref_axis',(1.,0.,0.));
#5949=DIRECTION('center_axis',(0.,-1.,0.));
#5950=DIRECTION('ref_axis',(1.,0.,0.));
#5951=DIRECTION('',(0.,-1.,0.));
#5952=DIRECTION('center_axis',(0.,-1.,0.));
#5953=DIRECTION('ref_axis',(1.,0.,0.));
#5954=DIRECTION('center_axis',(0.,-1.,0.));
#5955=DIRECTION('ref_axis',(1.,0.,0.));
#5956=DIRECTION('',(0.,-1.,0.));
#5957=DIRECTION('center_axis',(0.,-1.,0.));
#5958=DIRECTION('ref_axis',(1.,0.,0.));
#5959=DIRECTION('center_axis',(0.,-1.,0.));
#5960=DIRECTION('ref_axis',(1.,0.,0.));
#5961=DIRECTION('',(0.,-1.,0.));
#5962=DIRECTION('center_axis',(0.,-1.,0.));
#5963=DIRECTION('ref_axis',(1.,0.,0.));
#5964=DIRECTION('center_axis',(0.,-1.,0.));
#5965=DIRECTION('ref_axis',(1.,0.,0.));
#5966=DIRECTION('',(0.,-1.,0.));
#5967=DIRECTION('center_axis',(1.,0.,0.));
#5968=DIRECTION('ref_axis',(0.,0.,1.));
#5969=DIRECTION('',(0.,-1.,0.));
#5970=DIRECTION('',(0.,0.,1.));
#5971=DIRECTION('',(0.,-1.,0.));
#5972=DIRECTION('center_axis',(0.,0.,1.));
#5973=DIRECTION('ref_axis',(-1.,0.,0.));
#5974=DIRECTION('',(0.,-1.,0.));
#5975=DIRECTION('',(-1.,0.,0.));
#5976=DIRECTION('center_axis',(0.,-1.,0.));
#5977=DIRECTION('ref_axis',(0.,0.,1.));
#5978=DIRECTION('center_axis',(0.,-1.,0.));
#5979=DIRECTION('ref_axis',(0.,0.,1.));
#5980=DIRECTION('center_axis',(0.,-1.,0.));
#5981=DIRECTION('ref_axis',(1.,0.,0.));
#5982=DIRECTION('',(0.,-1.,0.));
#5983=DIRECTION('center_axis',(0.,-1.,0.));
#5984=DIRECTION('ref_axis',(1.,0.,0.));
#5985=DIRECTION('center_axis',(-3.41607084500048E-16,0.,-1.));
#5986=DIRECTION('ref_axis',(1.,0.,-3.41607084500048E-16));
#5987=DIRECTION('',(0.,-1.,0.));
#5988=DIRECTION('',(1.,0.,-3.41607084500048E-16));
#5989=DIRECTION('center_axis',(0.,-1.,0.));
#5990=DIRECTION('ref_axis',(-1.,0.,0.));
#5991=DIRECTION('',(0.,-1.,0.));
#5992=DIRECTION('center_axis',(0.,1.,0.));
#5993=DIRECTION('ref_axis',(-1.,0.,0.));
#5994=DIRECTION('center_axis',(1.,0.,0.));
#5995=DIRECTION('ref_axis',(0.,0.,1.));
#5996=DIRECTION('',(0.,-1.,0.));
#5997=DIRECTION('',(0.,0.,1.));
#5998=DIRECTION('center_axis',(0.,-1.,0.));
#5999=DIRECTION('ref_axis',(1.,0.,0.));
#6000=DIRECTION('',(0.,-1.,0.));
#6001=DIRECTION('center_axis',(0.,-1.,0.));
#6002=DIRECTION('ref_axis',(1.,0.,0.));
#6003=DIRECTION('center_axis',(-1.77635683940025E-16,0.,-1.));
#6004=DIRECTION('ref_axis',(1.,0.,-1.77635683940025E-16));
#6005=DIRECTION('',(0.,-1.,0.));
#6006=DIRECTION('',(1.,0.,-1.77635683940025E-16));
#6007=DIRECTION('center_axis',(0.,-1.,0.));
#6008=DIRECTION('ref_axis',(0.,0.,-1.));
#6009=DIRECTION('',(0.,-1.,0.));
#6010=DIRECTION('center_axis',(0.,-1.,0.));
#6011=DIRECTION('ref_axis',(0.,0.,-1.));
#6012=DIRECTION('center_axis',(-1.,0.,0.));
#6013=DIRECTION('ref_axis',(0.,0.,-1.));
#6014=DIRECTION('',(0.,-1.,0.));
#6015=DIRECTION('',(0.,0.,-1.));
#6016=DIRECTION('center_axis',(0.,0.,-1.));
#6017=DIRECTION('ref_axis',(1.,0.,0.));
#6018=DIRECTION('',(1.,0.,0.));
#6019=DIRECTION('center_axis',(0.,1.,0.));
#6020=DIRECTION('ref_axis',(1.,0.,0.));
#6021=DIRECTION('center_axis',(0.,-1.,0.));
#6022=DIRECTION('ref_axis',(-1.,0.,0.));
#6023=DIRECTION('',(-1.,0.,0.));
#6024=DIRECTION('center_axis',(0.,0.,1.));
#6025=DIRECTION('ref_axis',(-1.,0.,0.));
#6026=DIRECTION('',(0.,-1.,0.));
#6027=DIRECTION('',(0.,-1.,0.));
#6028=DIRECTION('center_axis',(0.,-1.,0.));
#6029=DIRECTION('ref_axis',(-1.,0.,0.));
#6030=DIRECTION('center_axis',(0.,-1.,0.));
#6031=DIRECTION('ref_axis',(0.,0.,1.));
#6032=DIRECTION('',(0.,-1.,0.));
#6033=DIRECTION('center_axis',(1.,0.,0.));
#6034=DIRECTION('ref_axis',(0.,0.,1.));
#6035=DIRECTION('',(0.,-1.,0.));
#6036=DIRECTION('center_axis',(0.,-1.,0.));
#6037=DIRECTION('ref_axis',(1.,0.,0.));
#6038=DIRECTION('',(0.,0.,1.));
#6039=DIRECTION('',(1.,0.,0.));
#6040=DIRECTION('',(0.,0.,1.));
#6041=DIRECTION('',(1.,0.,0.));
#6042=DIRECTION('center_axis',(0.,0.,1.));
#6043=DIRECTION('ref_axis',(1.,0.,0.));
#6044=CARTESIAN_POINT('',(0.,0.,0.));
#6045=CARTESIAN_POINT('',(0.,0.,0.));
#6046=CARTESIAN_POINT('',(0.,0.,0.));
#6047=CARTESIAN_POINT('Origin',(27.3971303699693,-6.2,-16.4296263676273));
#6048=CARTESIAN_POINT('',(27.3971303699693,-6.2,-16.4296263676273));
#6049=CARTESIAN_POINT('',(27.5731193421564,-6.2,-16.4296263676273));
#6050=CARTESIAN_POINT('',(-3.80143481501533,-6.2,-16.4296263676273));
#6051=CARTESIAN_POINT('',(27.3971303699693,-6.,-16.4296263676273));
#6052=CARTESIAN_POINT('',(27.3971303699693,-6.2,-16.4296263676273));
#6053=CARTESIAN_POINT('',(27.5731193421564,-6.,-16.4296263676273));
#6054=CARTESIAN_POINT('',(27.3971303699693,-6.,-16.4296263676273));
#6055=CARTESIAN_POINT('',(27.5731193421564,-6.2,-16.4296263676273));
#6056=CARTESIAN_POINT('Ctrl Pts',(27.1611138580522,-6.2,-16.3641421716796));
#6057=CARTESIAN_POINT('Ctrl Pts',(27.1611138580522,-6.,-16.3641421716796));
#6058=CARTESIAN_POINT('Ctrl Pts',(27.1904275049769,-6.2,-16.3830992748361));
#6059=CARTESIAN_POINT('Ctrl Pts',(27.1904275049769,-6.,-16.3830992748361));
#6060=CARTESIAN_POINT('Ctrl Pts',(27.2615046319496,-6.2,-16.4290647745074));
#6061=CARTESIAN_POINT('Ctrl Pts',(27.2615046319496,-6.,-16.4290647745074));
#6062=CARTESIAN_POINT('Ctrl Pts',(27.3469338764079,-6.2,-16.4294185161837));
#6063=CARTESIAN_POINT('Ctrl Pts',(27.3469338764079,-6.,-16.4294185161837));
#6064=CARTESIAN_POINT('Ctrl Pts',(27.3971303699693,-6.2,-16.4296263676273));
#6065=CARTESIAN_POINT('Ctrl Pts',(27.3971303699693,-6.,-16.4296263676273));
#6066=CARTESIAN_POINT('',(27.1611138580522,-6.2,-16.3641421716796));
#6067=CARTESIAN_POINT('Ctrl Pts',(27.1611138580522,-6.2,-16.3641421716796));
#6068=CARTESIAN_POINT('Ctrl Pts',(27.1904275049769,-6.2,-16.3830992748361));
#6069=CARTESIAN_POINT('Ctrl Pts',(27.2615046319496,-6.2,-16.4290647745074));
#6070=CARTESIAN_POINT('Ctrl Pts',(27.3469338764079,-6.2,-16.4294185161837));
#6071=CARTESIAN_POINT('Ctrl Pts',(27.3971303699693,-6.2,-16.4296263676273));
#6072=CARTESIAN_POINT('',(27.1611138580522,-6.,-16.3641421716796));
#6073=CARTESIAN_POINT('',(27.1611138580522,-6.2,-16.3641421716796));
#6074=CARTESIAN_POINT('Ctrl Pts',(27.1611138580522,-6.,-16.3641421716796));
#6075=CARTESIAN_POINT('Ctrl Pts',(27.1904275049769,-6.,-16.3830992748361));
#6076=CARTESIAN_POINT('Ctrl Pts',(27.2615046319496,-6.,-16.4290647745074));
#6077=CARTESIAN_POINT('Ctrl Pts',(27.3469338764079,-6.,-16.4294185161837));
#6078=CARTESIAN_POINT('Ctrl Pts',(27.3971303699693,-6.,-16.4296263676273));
#6079=CARTESIAN_POINT('Ctrl Pts',(27.0983582137308,-6.2,-16.204524062215));
#6080=CARTESIAN_POINT('Ctrl Pts',(27.0983582137308,-6.,-16.204524062215));
#6081=CARTESIAN_POINT('Ctrl Pts',(27.1008628355397,-6.2,-16.2345924377997));
#6082=CARTESIAN_POINT('Ctrl Pts',(27.1008628355397,-6.,-16.2345924377997));
#6083=CARTESIAN_POINT('Ctrl Pts',(27.105820670224,-6.2,-16.2941120167011));
#6084=CARTESIAN_POINT('Ctrl Pts',(27.105820670224,-6.,-16.2941120167011));
#6085=CARTESIAN_POINT('Ctrl Pts',(27.1428106479853,-6.2,-16.3409607150131));
#6086=CARTESIAN_POINT('Ctrl Pts',(27.1428106479853,-6.,-16.3409607150131));
#6087=CARTESIAN_POINT('Ctrl Pts',(27.1611138580522,-6.2,-16.3641421716796));
#6088=CARTESIAN_POINT('Ctrl Pts',(27.1611138580522,-6.,-16.3641421716796));
#6089=CARTESIAN_POINT('',(27.0983582137308,-6.2,-16.204524062215));
#6090=CARTESIAN_POINT('Ctrl Pts',(27.0983582137308,-6.2,-16.204524062215));
#6091=CARTESIAN_POINT('Ctrl Pts',(27.1008628355397,-6.2,-16.2345924377997));
#6092=CARTESIAN_POINT('Ctrl Pts',(27.105820670224,-6.2,-16.2941120167011));
#6093=CARTESIAN_POINT('Ctrl Pts',(27.1428106479853,-6.2,-16.3409607150131));
#6094=CARTESIAN_POINT('Ctrl Pts',(27.1611138580522,-6.2,-16.3641421716796));
#6095=CARTESIAN_POINT('',(27.0983582137308,-6.,-16.204524062215));
#6096=CARTESIAN_POINT('',(27.0983582137308,-6.2,-16.204524062215));
#6097=CARTESIAN_POINT('Ctrl Pts',(27.0983582137308,-6.,-16.204524062215));
#6098=CARTESIAN_POINT('Ctrl Pts',(27.1008628355397,-6.,-16.2345924377997));
#6099=CARTESIAN_POINT('Ctrl Pts',(27.105820670224,-6.,-16.2941120167011));
#6100=CARTESIAN_POINT('Ctrl Pts',(27.1428106479853,-6.,-16.3409607150131));
#6101=CARTESIAN_POINT('Ctrl Pts',(27.1611138580522,-6.,-16.3641421716796));
#6102=CARTESIAN_POINT('Ctrl Pts',(27.1706637142381,-6.2,-16.0449061017619));
#6103=CARTESIAN_POINT('Ctrl Pts',(27.1706637142381,-6.,-16.0449061017619));
#6104=CARTESIAN_POINT('Ctrl Pts',(27.1495746398065,-6.2,-16.0672994146369));
#6105=CARTESIAN_POINT('Ctrl Pts',(27.1495746398065,-6.,-16.0672994146369));
#6106=CARTESIAN_POINT('Ctrl Pts',(27.1072550808983,-6.2,-16.1122361958328));
#6107=CARTESIAN_POINT('Ctrl Pts',(27.1072550808983,-6.,-16.1122361958328));
#6108=CARTESIAN_POINT('Ctrl Pts',(27.1013304351524,-6.2,-16.1736929878326));
#6109=CARTESIAN_POINT('Ctrl Pts',(27.1013304351524,-6.,-16.1736929878326));
#6110=CARTESIAN_POINT('Ctrl Pts',(27.0983582137308,-6.2,-16.204524062215));
#6111=CARTESIAN_POINT('Ctrl Pts',(27.0983582137308,-6.,-16.204524062215));
#6112=CARTESIAN_POINT('',(27.1706637142381,-6.2,-16.0449061017619));
#6113=CARTESIAN_POINT('Ctrl Pts',(27.1706637142381,-6.2,-16.0449061017619));
#6114=CARTESIAN_POINT('Ctrl Pts',(27.1495746398065,-6.2,-16.0672994146369));
#6115=CARTESIAN_POINT('Ctrl Pts',(27.1072550808983,-6.2,-16.1122361958328));
#6116=CARTESIAN_POINT('Ctrl Pts',(27.1013304351524,-6.2,-16.1736929878326));
#6117=CARTESIAN_POINT('Ctrl Pts',(27.0983582137308,-6.2,-16.204524062215));
#6118=CARTESIAN_POINT('',(27.1706637142381,-6.,-16.0449061017619));
#6119=CARTESIAN_POINT('',(27.1706637142381,-6.2,-16.0449061017619));
#6120=CARTESIAN_POINT('Ctrl Pts',(27.1706637142381,-6.,-16.0449061017619));
#6121=CARTESIAN_POINT('Ctrl Pts',(27.1495746398065,-6.,-16.0672994146369));
#6122=CARTESIAN_POINT('Ctrl Pts',(27.1072550808983,-6.,-16.1122361958328));
#6123=CARTESIAN_POINT('Ctrl Pts',(27.1013304351524,-6.,-16.1736929878326));
#6124=CARTESIAN_POINT('Ctrl Pts',(27.0983582137308,-6.,-16.204524062215));
#6125=CARTESIAN_POINT('Ctrl Pts',(27.4216868875703,-6.2,-15.9835145097362));
#6126=CARTESIAN_POINT('Ctrl Pts',(27.4216868875703,-6.,-15.9835145097362));
#6127=CARTESIAN_POINT('Ctrl Pts',(27.3696680054488,-6.2,-15.9838476681546));
#6128=CARTESIAN_POINT('Ctrl Pts',(27.3696680054488,-6.,-15.9838476681546));
#6129=CARTESIAN_POINT('Ctrl Pts',(27.2805283174402,-6.2,-15.9844185692633));
#6130=CARTESIAN_POINT('Ctrl Pts',(27.2805283174402,-6.,-15.9844185692633));
#6131=CARTESIAN_POINT('Ctrl Pts',(27.2029640996041,-6.2,-16.0271226614854));
#6132=CARTESIAN_POINT('Ctrl Pts',(27.2029640996041,-6.,-16.0271226614854));
#6133=CARTESIAN_POINT('Ctrl Pts',(27.1706637142381,-6.2,-16.0449061017619));
#6134=CARTESIAN_POINT('Ctrl Pts',(27.1706637142381,-6.,-16.0449061017619));
#6135=CARTESIAN_POINT('',(27.4216868875703,-6.2,-15.9835145097362));
#6136=CARTESIAN_POINT('Ctrl Pts',(27.4216868875703,-6.2,-15.9835145097362));
#6137=CARTESIAN_POINT('Ctrl Pts',(27.3696680054488,-6.2,-15.9838476681546));
#6138=CARTESIAN_POINT('Ctrl Pts',(27.2805283174402,-6.2,-15.9844185692633));
#6139=CARTESIAN_POINT('Ctrl Pts',(27.2029640996041,-6.2,-16.0271226614854));
#6140=CARTESIAN_POINT('Ctrl Pts',(27.1706637142381,-6.2,-16.0449061017619));
#6141=CARTESIAN_POINT('',(27.4216868875703,-6.,-15.9835145097362));
#6142=CARTESIAN_POINT('',(27.4216868875703,-6.2,-15.9835145097362));
#6143=CARTESIAN_POINT('Ctrl Pts',(27.4216868875703,-6.,-15.9835145097362));
#6144=CARTESIAN_POINT('Ctrl Pts',(27.3696680054488,-6.,-15.9838476681546));
#6145=CARTESIAN_POINT('Ctrl Pts',(27.2805283174402,-6.,-15.9844185692633));
#6146=CARTESIAN_POINT('Ctrl Pts',(27.2029640996041,-6.,-16.0271226614854));
#6147=CARTESIAN_POINT('Ctrl Pts',(27.1706637142381,-6.,-16.0449061017619));
#6148=CARTESIAN_POINT('Origin',(27.5731193421564,-6.2,-15.9835145097362));
#6149=CARTESIAN_POINT('',(27.5731193421564,-6.2,-15.9835145097362));
#6150=CARTESIAN_POINT('',(-3.71344032892181,-6.2,-15.9835145097362));
#6151=CARTESIAN_POINT('',(27.5731193421564,-6.,-15.9835145097362));
#6152=CARTESIAN_POINT('',(27.5731193421564,-6.2,-15.9835145097362));
#6153=CARTESIAN_POINT('',(27.5731193421564,-6.,-15.9835145097362));
#6154=CARTESIAN_POINT('Origin',(27.5731193421564,-6.2,-16.4296263676273));
#6155=CARTESIAN_POINT('',(27.5731193421564,-6.2,-17.7148131838136));
#6156=CARTESIAN_POINT('',(27.5731193421564,-6.,-16.4296263676273));
#6157=CARTESIAN_POINT('Origin',(27.5731193421564,-6.2,-14.8361748676883));
#6158=CARTESIAN_POINT('',(27.5731193421564,-6.2,-14.8361748676883));
#6159=CARTESIAN_POINT('',(28.1938561199388,-6.2,-14.8361748676883));
#6160=CARTESIAN_POINT('',(-3.71344032892181,-6.2,-14.8361748676883));
#6161=CARTESIAN_POINT('',(27.5731193421564,-6.,-14.8361748676883));
#6162=CARTESIAN_POINT('',(27.5731193421564,-6.2,-14.8361748676883));
#6163=CARTESIAN_POINT('',(28.1938561199388,-6.,-14.8361748676883));
#6164=CARTESIAN_POINT('',(27.5731193421564,-6.,-14.8361748676883));
#6165=CARTESIAN_POINT('',(28.1938561199388,-6.2,-14.8361748676883));
#6166=CARTESIAN_POINT('Origin',(27.5731193421564,-6.2,-15.5783304792033));
#6167=CARTESIAN_POINT('',(27.5731193421564,-6.2,-15.5783304792033));
#6168=CARTESIAN_POINT('',(27.5731193421564,-6.2,-17.2891652396017));
#6169=CARTESIAN_POINT('',(27.5731193421564,-6.,-15.5783304792033));
#6170=CARTESIAN_POINT('',(27.5731193421564,-6.2,-15.5783304792033));
#6171=CARTESIAN_POINT('',(27.5731193421564,-6.,-15.5783304792033));
#6172=CARTESIAN_POINT('Origin',(27.2347837088785,-6.2,-15.5783304792033));
#6173=CARTESIAN_POINT('',(27.2347837088785,-6.2,-15.5783304792033));
#6174=CARTESIAN_POINT('',(-3.88260814556076,-6.2,-15.5783304792033));
#6175=CARTESIAN_POINT('',(27.2347837088785,-6.,-15.5783304792033));
#6176=CARTESIAN_POINT('',(27.2347837088785,-6.2,-15.5783304792033));
#6177=CARTESIAN_POINT('',(27.2347837088785,-6.,-15.5783304792033));
#6178=CARTESIAN_POINT('Ctrl Pts',(26.6795315740785,-6.2,-15.748862348138));
#6179=CARTESIAN_POINT('Ctrl Pts',(26.6795315740785,-6.,-15.748862348138));
#6180=CARTESIAN_POINT('Ctrl Pts',(26.753747120259,-6.2,-15.6992820138486));
#6181=CARTESIAN_POINT('Ctrl Pts',(26.753747120259,-6.,-15.6992820138486));
#6182=CARTESIAN_POINT('Ctrl Pts',(26.9207430949845,-6.2,-15.5877189158457));
#6183=CARTESIAN_POINT('Ctrl Pts',(26.9207430949845,-6.,-15.5877189158457));
#6184=CARTESIAN_POINT('Ctrl Pts',(27.1226225488547,-6.2,-15.581683605831));
#6185=CARTESIAN_POINT('Ctrl Pts',(27.1226225488547,-6.,-15.581683605831));
#6186=CARTESIAN_POINT('Ctrl Pts',(27.2347837088785,-6.2,-15.5783304792033));
#6187=CARTESIAN_POINT('Ctrl Pts',(27.2347837088785,-6.,-15.5783304792033));
#6188=CARTESIAN_POINT('',(26.6795315740785,-6.2,-15.748862348138));
#6189=CARTESIAN_POINT('Ctrl Pts',(26.6795315740785,-6.2,-15.748862348138));
#6190=CARTESIAN_POINT('Ctrl Pts',(26.753747120259,-6.2,-15.6992820138486));
#6191=CARTESIAN_POINT('Ctrl Pts',(26.9207430949845,-6.2,-15.5877189158457));
#6192=CARTESIAN_POINT('Ctrl Pts',(27.1226225488547,-6.2,-15.581683605831));
#6193=CARTESIAN_POINT('Ctrl Pts',(27.2347837088785,-6.2,-15.5783304792033));
#6194=CARTESIAN_POINT('',(26.6795315740785,-6.,-15.748862348138));
#6195=CARTESIAN_POINT('',(26.6795315740785,-6.2,-15.748862348138));
#6196=CARTESIAN_POINT('Ctrl Pts',(26.6795315740785,-6.,-15.748862348138));
#6197=CARTESIAN_POINT('Ctrl Pts',(26.753747120259,-6.,-15.6992820138486));
#6198=CARTESIAN_POINT('Ctrl Pts',(26.9207430949845,-6.,-15.5877189158457));
#6199=CARTESIAN_POINT('Ctrl Pts',(27.1226225488547,-6.,-15.581683605831));
#6200=CARTESIAN_POINT('Ctrl Pts',(27.2347837088785,-6.,-15.5783304792033));
#6201=CARTESIAN_POINT('Ctrl Pts',(26.4967211483202,-6.2,-16.2222594242679));
#6202=CARTESIAN_POINT('Ctrl Pts',(26.4967211483202,-6.,-16.2222594242679));
#6203=CARTESIAN_POINT('Ctrl Pts',(26.5025437661009,-6.2,-16.1285707238338));
#6204=CARTESIAN_POINT('Ctrl Pts',(26.5025437661009,-6.,-16.1285707238338));
#6205=CARTESIAN_POINT('Ctrl Pts',(26.5135899688298,-6.2,-15.9508320472833));
#6206=CARTESIAN_POINT('Ctrl Pts',(26.5135899688298,-6.,-15.9508320472833));
#6207=CARTESIAN_POINT('Ctrl Pts',(26.6262542917525,-6.2,-15.8137068256066));
#6208=CARTESIAN_POINT('Ctrl Pts',(26.6262542917525,-6.,-15.8137068256066));
#6209=CARTESIAN_POINT('Ctrl Pts',(26.6795315740785,-6.2,-15.748862348138));
#6210=CARTESIAN_POINT('Ctrl Pts',(26.6795315740785,-6.,-15.748862348138));
#6211=CARTESIAN_POINT('',(26.4967211483202,-6.2,-16.2222594242679));
#6212=CARTESIAN_POINT('Ctrl Pts',(26.4967211483202,-6.2,-16.2222594242679));
#6213=CARTESIAN_POINT('Ctrl Pts',(26.5025437661009,-6.2,-16.1285707238338));
#6214=CARTESIAN_POINT('Ctrl Pts',(26.5135899688298,-6.2,-15.9508320472833));
#6215=CARTESIAN_POINT('Ctrl Pts',(26.6262542917525,-6.2,-15.8137068256066));
#6216=CARTESIAN_POINT('Ctrl Pts',(26.6795315740785,-6.2,-15.748862348138));
#6217=CARTESIAN_POINT('',(26.4967211483202,-6.,-16.2222594242679));
#6218=CARTESIAN_POINT('',(26.4967211483202,-6.2,-16.2222594242679));
#6219=CARTESIAN_POINT('Ctrl Pts',(26.4967211483202,-6.,-16.2222594242679));
#6220=CARTESIAN_POINT('Ctrl Pts',(26.5025437661009,-6.,-16.1285707238338));
#6221=CARTESIAN_POINT('Ctrl Pts',(26.5135899688298,-6.,-15.9508320472833));
#6222=CARTESIAN_POINT('Ctrl Pts',(26.6262542917525,-6.,-15.8137068256066));
#6223=CARTESIAN_POINT('Ctrl Pts',(26.6795315740785,-6.,-15.748862348138));
#6224=CARTESIAN_POINT('Ctrl Pts',(26.6645246146402,-6.2,-16.676556788026));
#6225=CARTESIAN_POINT('Ctrl Pts',(26.6645246146402,-6.,-16.676556788026));
#6226=CARTESIAN_POINT('Ctrl Pts',(26.6156420851647,-6.2,-16.6147696693437));
#6227=CARTESIAN_POINT('Ctrl Pts',(26.6156420851647,-6.,-16.6147696693437));
#6228=CARTESIAN_POINT('Ctrl Pts',(26.5107721174694,-6.2,-16.4822148852578));
#6229=CARTESIAN_POINT('Ctrl Pts',(26.5107721174694,-6.,-16.4822148852578));
#6230=CARTESIAN_POINT('Ctrl Pts',(26.5016116770633,-6.2,-16.3127385677631));
#6231=CARTESIAN_POINT('Ctrl Pts',(26.5016116770633,-6.,-16.3127385677631));
#6232=CARTESIAN_POINT('Ctrl Pts',(26.4967211483202,-6.2,-16.2222594242679));
#6233=CARTESIAN_POINT('Ctrl Pts',(26.4967211483202,-6.,-16.2222594242679));
#6234=CARTESIAN_POINT('',(26.6645246146402,-6.2,-16.676556788026));
#6235=CARTESIAN_POINT('Ctrl Pts',(26.6645246146402,-6.2,-16.676556788026));
#6236=CARTESIAN_POINT('Ctrl Pts',(26.6156420851647,-6.2,-16.6147696693437));
#6237=CARTESIAN_POINT('Ctrl Pts',(26.5107721174694,-6.2,-16.4822148852578));
#6238=CARTESIAN_POINT('Ctrl Pts',(26.5016116770633,-6.2,-16.3127385677631));
#6239=CARTESIAN_POINT('Ctrl Pts',(26.4967211483202,-6.2,-16.2222594242679));
#6240=CARTESIAN_POINT('',(26.6645246146402,-6.,-16.676556788026));
#6241=CARTESIAN_POINT('',(26.6645246146402,-6.2,-16.676556788026));
#6242=CARTESIAN_POINT('Ctrl Pts',(26.6645246146402,-6.,-16.676556788026));
#6243=CARTESIAN_POINT('Ctrl Pts',(26.6156420851647,-6.,-16.6147696693437));
#6244=CARTESIAN_POINT('Ctrl Pts',(26.5107721174694,-6.,-16.4822148852578));
#6245=CARTESIAN_POINT('Ctrl Pts',(26.5016116770633,-6.,-16.3127385677631));
#6246=CARTESIAN_POINT('Ctrl Pts',(26.4967211483202,-6.,-16.2222594242679));
#6247=CARTESIAN_POINT('Ctrl Pts',(27.1665709613046,-6.2,-16.8361748974906));
#6248=CARTESIAN_POINT('Ctrl Pts',(27.1665709613046,-6.,-16.8361748974906));
#6249=CARTESIAN_POINT('Ctrl Pts',(27.0654406136808,-6.2,-16.8327442176077));
#6250=CARTESIAN_POINT('Ctrl Pts',(27.0654406136808,-6.,-16.8327442176077));
#6251=CARTESIAN_POINT('Ctrl Pts',(26.8821041034729,-6.2,-16.8265248295393));
#6252=CARTESIAN_POINT('Ctrl Pts',(26.8821041034729,-6.,-16.8265248295393));
#6253=CARTESIAN_POINT('Ctrl Pts',(26.7318824319201,-6.2,-16.7229835904432));
#6254=CARTESIAN_POINT('Ctrl Pts',(26.7318824319201,-6.,-16.7229835904432));
#6255=CARTESIAN_POINT('Ctrl Pts',(26.6645246146402,-6.2,-16.676556788026));
#6256=CARTESIAN_POINT('Ctrl Pts',(26.6645246146402,-6.,-16.676556788026));
#6257=CARTESIAN_POINT('',(27.1665709613046,-6.2,-16.8361748974906));
#6258=CARTESIAN_POINT('Ctrl Pts',(27.1665709613046,-6.2,-16.8361748974906));
#6259=CARTESIAN_POINT('Ctrl Pts',(27.0654406136808,-6.2,-16.8327442176077));
#6260=CARTESIAN_POINT('Ctrl Pts',(26.8821041034729,-6.2,-16.8265248295393));
#6261=CARTESIAN_POINT('Ctrl Pts',(26.7318824319201,-6.2,-16.7229835904432));
#6262=CARTESIAN_POINT('Ctrl Pts',(26.6645246146402,-6.2,-16.676556788026));
#6263=CARTESIAN_POINT('',(27.1665709613046,-6.,-16.8361748974906));
#6264=CARTESIAN_POINT('',(27.1665709613046,-6.2,-16.8361748974906));
#6265=CARTESIAN_POINT('Ctrl Pts',(27.1665709613046,-6.,-16.8361748974906));
#6266=CARTESIAN_POINT('Ctrl Pts',(27.0654406136808,-6.,-16.8327442176077));
#6267=CARTESIAN_POINT('Ctrl Pts',(26.8821041034729,-6.,-16.8265248295393));
#6268=CARTESIAN_POINT('Ctrl Pts',(26.7318824319201,-6.,-16.7229835904432));
#6269=CARTESIAN_POINT('Ctrl Pts',(26.6645246146402,-6.,-16.676556788026));
#6270=CARTESIAN_POINT('Origin',(28.1938561199388,-6.2,-16.8361748974906));
#6271=CARTESIAN_POINT('',(28.1938561199388,-6.2,-16.8361748974906));
#6272=CARTESIAN_POINT('',(-3.40307194003059,-6.2,-16.8361748974906));
#6273=CARTESIAN_POINT('',(28.1938561199388,-6.,-16.8361748974906));
#6274=CARTESIAN_POINT('',(28.1938561199388,-6.2,-16.8361748974906));
#6275=CARTESIAN_POINT('',(28.1938561199388,-6.,-16.8361748974906));
#6276=CARTESIAN_POINT('Origin',(28.1938561199388,-6.2,-14.8361748676883));
#6277=CARTESIAN_POINT('',(28.1938561199388,-6.2,-16.9180874338441));
#6278=CARTESIAN_POINT('',(28.1938561199388,-6.,-14.8361748676883));
#6279=CARTESIAN_POINT('Origin',(24.3207322301498,-6.,-15.8184395205365));
#6280=CARTESIAN_POINT('Origin',(18.1242796180925,-6.2,-14.8361748676883));
#6281=CARTESIAN_POINT('',(18.1242796180925,-6.2,-14.8361748676883));
#6282=CARTESIAN_POINT('',(19.8105009792528,-6.2,-14.8361748676883));
#6283=CARTESIAN_POINT('',(-8.43786019095375,-6.2,-14.8361748676883));
#6284=CARTESIAN_POINT('',(18.1242796180925,-6.,-14.8361748676883));
#6285=CARTESIAN_POINT('',(18.1242796180925,-6.2,-14.8361748676883));
#6286=CARTESIAN_POINT('',(19.8105009792528,-6.,-14.8361748676883));
#6287=CARTESIAN_POINT('',(18.1242796180925,-6.,-14.8361748676883));
#6288=CARTESIAN_POINT('',(19.8105009792528,-6.2,-14.8361748676883));
#6289=CARTESIAN_POINT('Origin',(18.1242796180925,-6.2,-15.2891081791507));
#6290=CARTESIAN_POINT('',(18.1242796180925,-6.2,-15.2891081791507));
#6291=CARTESIAN_POINT('',(18.1242796180925,-6.2,-17.1445540895754));
#6292=CARTESIAN_POINT('',(18.1242796180925,-6.,-15.2891081791507));
#6293=CARTESIAN_POINT('',(18.1242796180925,-6.2,-15.2891081791507));
#6294=CARTESIAN_POINT('',(18.1242796180925,-6.,-15.2891081791507));
#6295=CARTESIAN_POINT('Origin',(19.1911276577196,-6.2,-15.2891081791507));
#6296=CARTESIAN_POINT('',(19.1911276577196,-6.2,-15.2891081791507));
#6297=CARTESIAN_POINT('',(-7.90443617114021,-6.2,-15.2891081791507));
#6298=CARTESIAN_POINT('',(19.1911276577196,-6.,-15.2891081791507));
#6299=CARTESIAN_POINT('',(19.1911276577196,-6.2,-15.2891081791507));
#6300=CARTESIAN_POINT('',(19.1911276577196,-6.,-15.2891081791507));
#6301=CARTESIAN_POINT('Origin',(19.1911276577196,-6.2,-15.6833780031787));
#6302=CARTESIAN_POINT('',(19.1911276577196,-6.2,-15.6833780031787));
#6303=CARTESIAN_POINT('',(19.1911276577196,-6.2,-17.3416890015894));
#6304=CARTESIAN_POINT('',(19.1911276577196,-6.,-15.6833780031787));
#6305=CARTESIAN_POINT('',(19.1911276577196,-6.2,-15.6833780031787));
#6306=CARTESIAN_POINT('',(19.1911276577196,-6.,-15.6833780031787));
#6307=CARTESIAN_POINT('Origin',(18.2293268440446,-6.2,-15.6833780031787));
#6308=CARTESIAN_POINT('',(18.2293268440446,-6.2,-15.6833780031787));
#6309=CARTESIAN_POINT('',(-8.38533657797768,-6.2,-15.6833780031787));
#6310=CARTESIAN_POINT('',(18.2293268440446,-6.,-15.6833780031787));
#6311=CARTESIAN_POINT('',(18.2293268440446,-6.2,-15.6833780031787));
#6312=CARTESIAN_POINT('',(18.2293268440446,-6.,-15.6833780031787));
#6313=CARTESIAN_POINT('Origin',(18.2293268440446,-6.2,-16.091290883361));
#6314=CARTESIAN_POINT('',(18.2293268440446,-6.2,-16.091290883361));
#6315=CARTESIAN_POINT('',(18.2293268440446,-6.2,-17.5456454416805));
#6316=CARTESIAN_POINT('',(18.2293268440446,-6.,-16.091290883361));
#6317=CARTESIAN_POINT('',(18.2293268440446,-6.2,-16.091290883361));
#6318=CARTESIAN_POINT('',(18.2293268440446,-6.,-16.091290883361));
#6319=CARTESIAN_POINT('Origin',(19.1911276577196,-6.2,-16.091290883361));
#6320=CARTESIAN_POINT('',(19.1911276577196,-6.2,-16.091290883361));
#6321=CARTESIAN_POINT('',(-7.90443617114021,-6.2,-16.091290883361));
#6322=CARTESIAN_POINT('',(19.1911276577196,-6.,-16.091290883361));
#6323=CARTESIAN_POINT('',(19.1911276577196,-6.2,-16.091290883361));
#6324=CARTESIAN_POINT('',(19.1911276577196,-6.,-16.091290883361));
#6325=CARTESIAN_POINT('Origin',(19.1911276577196,-6.2,-16.4091626029598));
#6326=CARTESIAN_POINT('',(19.1911276577196,-6.2,-16.4091626029598));
#6327=CARTESIAN_POINT('',(19.1911276577196,-6.2,-17.7045813014799));
#6328=CARTESIAN_POINT('',(19.1911276577196,-6.,-16.4091626029598));
#6329=CARTESIAN_POINT('',(19.1911276577196,-6.2,-16.4091626029598));
#6330=CARTESIAN_POINT('',(19.1911276577196,-6.,-16.4091626029598));
#6331=CARTESIAN_POINT('Origin',(18.1542929409227,-6.2,-16.4091626029598));
#6332=CARTESIAN_POINT('',(18.1542929409227,-6.2,-16.4091626029598));
#6333=CARTESIAN_POINT('',(-8.42285352953865,-6.2,-16.4091626029598));
#6334=CARTESIAN_POINT('',(18.1542929409227,-6.,-16.4091626029598));
#6335=CARTESIAN_POINT('',(18.1542929409227,-6.2,-16.4091626029598));
#6336=CARTESIAN_POINT('',(18.1542929409227,-6.,-16.4091626029598));
#6337=CARTESIAN_POINT('Origin',(18.1542929409227,-6.2,-16.8361748974906));
#6338=CARTESIAN_POINT('',(18.1542929409227,-6.2,-16.8361748974906));
#6339=CARTESIAN_POINT('',(18.1542929409227,-6.2,-17.9180874487453));
#6340=CARTESIAN_POINT('',(18.1542929409227,-6.,-16.8361748974906));
#6341=CARTESIAN_POINT('',(18.1542929409227,-6.2,-16.8361748974906));
#6342=CARTESIAN_POINT('',(18.1542929409227,-6.,-16.8361748974906));
#6343=CARTESIAN_POINT('Origin',(19.8105009792528,-6.2,-16.8361748974906));
#6344=CARTESIAN_POINT('',(19.8105009792528,-6.2,-16.8361748974906));
#6345=CARTESIAN_POINT('',(-7.59474951037361,-6.2,-16.8361748974906));
#6346=CARTESIAN_POINT('',(19.8105009792528,-6.,-16.8361748974906));
#6347=CARTESIAN_POINT('',(19.8105009792528,-6.2,-16.8361748974906));
#6348=CARTESIAN_POINT('',(19.8105009792528,-6.,-16.8361748974906));
#6349=CARTESIAN_POINT('Origin',(19.8105009792528,-6.2,-14.8361748676883));
#6350=CARTESIAN_POINT('',(19.8105009792528,-6.2,-16.9180874338441));
#6351=CARTESIAN_POINT('',(19.8105009792528,-6.,-14.8361748676883));
#6352=CARTESIAN_POINT('Origin',(24.3207322301498,-6.,-15.8184395205365));
#6353=CARTESIAN_POINT('Origin',(21.3371028898439,-6.2,-16.3423140566932));
#6354=CARTESIAN_POINT('',(21.3371028898439,-6.2,-16.3423140566932));
#6355=CARTESIAN_POINT('',(21.967389225789,-6.2,-16.3423140566932));
#6356=CARTESIAN_POINT('',(-6.83144855507805,-6.2,-16.3423140566932));
#6357=CARTESIAN_POINT('',(21.3371028898439,-6.,-16.3423140566932));
#6358=CARTESIAN_POINT('',(21.3371028898439,-6.2,-16.3423140566932));
#6359=CARTESIAN_POINT('',(21.967389225789,-6.,-16.3423140566932));
#6360=CARTESIAN_POINT('',(21.3371028898439,-6.,-16.3423140566932));
#6361=CARTESIAN_POINT('',(21.967389225789,-6.2,-16.3423140566932));
#6362=CARTESIAN_POINT('Origin',(21.3371028898439,-6.2,-14.8361748676883));
#6363=CARTESIAN_POINT('',(21.3371028898439,-6.2,-14.8361748676883));
#6364=CARTESIAN_POINT('',(21.3371028898439,-6.2,-16.9180874338441));
#6365=CARTESIAN_POINT('',(21.3371028898439,-6.,-14.8361748676883));
#6366=CARTESIAN_POINT('',(21.3371028898439,-6.2,-14.8361748676883));
#6367=CARTESIAN_POINT('',(21.3371028898439,-6.,-14.8361748676883));
#6368=CARTESIAN_POINT('Origin',(20.7190951107225,-6.2,-14.8361748676883));
#6369=CARTESIAN_POINT('',(20.7190951107225,-6.2,-14.8361748676883));
#6370=CARTESIAN_POINT('',(-7.14045244463875,-6.2,-14.8361748676883));
#6371=CARTESIAN_POINT('',(20.7190951107225,-6.,-14.8361748676883));
#6372=CARTESIAN_POINT('',(20.7190951107225,-6.2,-14.8361748676883));
#6373=CARTESIAN_POINT('',(20.7190951107225,-6.,-14.8361748676883));
#6374=CARTESIAN_POINT('Origin',(20.7190951107225,-6.2,-16.3423140566932));
#6375=CARTESIAN_POINT('',(20.7190951107225,-6.2,-16.3423140566932));
#6376=CARTESIAN_POINT('',(20.7190951107225,-6.2,-17.6711570283466));
#6377=CARTESIAN_POINT('',(20.7190951107225,-6.,-16.3423140566932));
#6378=CARTESIAN_POINT('',(20.7190951107225,-6.2,-16.3423140566932));
#6379=CARTESIAN_POINT('',(20.7190951107225,-6.,-16.3423140566932));
#6380=CARTESIAN_POINT('Origin',(20.0888081787309,-6.2,-16.3423140566932));
#6381=CARTESIAN_POINT('',(20.0888081787309,-6.2,-16.3423140566932));
#6382=CARTESIAN_POINT('',(-7.45559591063454,-6.2,-16.3423140566932));
#6383=CARTESIAN_POINT('',(20.0888081787309,-6.,-16.3423140566932));
#6384=CARTESIAN_POINT('',(20.0888081787309,-6.2,-16.3423140566932));
#6385=CARTESIAN_POINT('',(20.0888081787309,-6.,-16.3423140566932));
#6386=CARTESIAN_POINT('Origin',(20.0888081787309,-6.2,-16.8361748974906));
#6387=CARTESIAN_POINT('',(20.0888081787309,-6.2,-16.8361748974906));
#6388=CARTESIAN_POINT('',(20.0888081787309,-6.2,-17.9180874487453));
#6389=CARTESIAN_POINT('',(20.0888081787309,-6.,-16.8361748974906));
#6390=CARTESIAN_POINT('',(20.0888081787309,-6.2,-16.8361748974906));
#6391=CARTESIAN_POINT('',(20.0888081787309,-6.,-16.8361748974906));
#6392=CARTESIAN_POINT('Origin',(21.967389225789,-6.2,-16.8361748974906));
#6393=CARTESIAN_POINT('',(21.967389225789,-6.2,-16.8361748974906));
#6394=CARTESIAN_POINT('',(-6.51630538710548,-6.2,-16.8361748974906));
#6395=CARTESIAN_POINT('',(21.967389225789,-6.,-16.8361748974906));
#6396=CARTESIAN_POINT('',(21.967389225789,-6.2,-16.8361748974906));
#6397=CARTESIAN_POINT('',(21.967389225789,-6.,-16.8361748974906));
#6398=CARTESIAN_POINT('Origin',(21.967389225789,-6.2,-16.3423140566932));
#6399=CARTESIAN_POINT('',(21.967389225789,-6.2,-17.6711570283466));
#6400=CARTESIAN_POINT('',(21.967389225789,-6.,-16.3423140566932));
#6401=CARTESIAN_POINT('Origin',(24.3207322301498,-6.,-15.8184395205365));
#6402=CARTESIAN_POINT('Origin',(23.3968352525016,-6.2,-8.24274858833192));
#6403=CARTESIAN_POINT('',(23.3968352525016,-6.2,-8.24274858833192));
#6404=CARTESIAN_POINT('',(23.9780058064106,-6.2,-8.24096175713024));
#6405=CARTESIAN_POINT('',(-5.8178430050582,-6.2,-8.33257023931975));
#6406=CARTESIAN_POINT('',(23.3968352525016,-6.,-8.24274858833192));
#6407=CARTESIAN_POINT('',(23.3968352525016,-6.2,-8.24274858833192));
#6408=CARTESIAN_POINT('',(23.9780058064106,-6.,-8.24096175713024));
#6409=CARTESIAN_POINT('',(23.3968352525016,-6.,-8.24274858833192));
#6410=CARTESIAN_POINT('',(23.9780058064106,-6.2,-8.24096175713024));
#6411=CARTESIAN_POINT('Origin',(23.400211775991,-6.2,-9.34096985555282));
#6412=CARTESIAN_POINT('',(23.400211775991,-6.2,-9.34096985555282));
#6413=CARTESIAN_POINT('',(23.4147841455554,-6.2,-14.080663276788));
#6414=CARTESIAN_POINT('',(23.400211775991,-6.,-9.34096985555282));
#6415=CARTESIAN_POINT('',(23.400211775991,-6.2,-9.34096985555282));
#6416=CARTESIAN_POINT('',(23.400211775991,-6.,-9.34096985555282));
#6417=CARTESIAN_POINT('Origin',(22.6478617273503,-6.2,-8.24505133621715));
#6418=CARTESIAN_POINT('',(22.6478617273503,-6.2,-8.24505133621715));
#6419=CARTESIAN_POINT('',(15.9240559550521,-6.2,1.54925023868267));
#6420=CARTESIAN_POINT('',(22.6478617273503,-6.,-8.24505133621715));
#6421=CARTESIAN_POINT('',(22.6478617273503,-6.2,-8.24505133621715));
#6422=CARTESIAN_POINT('',(22.6478617273503,-6.,-8.24505133621715));
#6423=CARTESIAN_POINT('Origin',(22.0653268295708,-6.2,-8.24684236214649));
#6424=CARTESIAN_POINT('',(22.0653268295708,-6.2,-8.24684236214649));
#6425=CARTESIAN_POINT('',(-6.48359721652359,-6.2,-8.33461712622702));
#6426=CARTESIAN_POINT('',(22.0653268295708,-6.,-8.24684236214649));
#6427=CARTESIAN_POINT('',(22.0653268295708,-6.2,-8.24684236214649));
#6428=CARTESIAN_POINT('',(22.0653268295708,-6.,-8.24684236214649));
#6429=CARTESIAN_POINT('Origin',(22.0714758774573,-6.2,-10.2468329392291));
#6430=CARTESIAN_POINT('',(22.0714758774573,-6.2,-10.2468329392291));
#6431=CARTESIAN_POINT('',(22.0846619848232,-6.2,-14.5356417055335));
#6432=CARTESIAN_POINT('',(22.0714758774573,-6.,-10.2468329392291));
#6433=CARTESIAN_POINT('',(22.0714758774573,-6.2,-10.2468329392291));
#6434=CARTESIAN_POINT('',(22.0714758774573,-6.,-10.2468329392291));
#6435=CARTESIAN_POINT('Origin',(22.6540107752368,-6.2,-10.2450419132998));
#6436=CARTESIAN_POINT('',(22.6540107752368,-6.2,-10.2450419132998));
#6437=CARTESIAN_POINT('',(-6.18618071974735,-6.2,-10.333712190345));
#6438=CARTESIAN_POINT('',(22.6540107752368,-6.,-10.2450419132998));
#6439=CARTESIAN_POINT('',(22.6540107752368,-6.2,-10.2450419132998));
#6440=CARTESIAN_POINT('',(22.6540107752368,-6.,-10.2450419132998));
#6441=CARTESIAN_POINT('Origin',(22.650609085214,-6.2,-9.13863517889954));
#6442=CARTESIAN_POINT('',(22.650609085214,-6.2,-9.13863517889954));
#6443=CARTESIAN_POINT('',(22.6654960375913,-6.2,-13.980647312404));
#6444=CARTESIAN_POINT('',(22.650609085214,-6.,-9.13863517889954));
#6445=CARTESIAN_POINT('',(22.650609085214,-6.2,-9.13863517889954));
#6446=CARTESIAN_POINT('',(22.650609085214,-6.,-9.13863517889954));
#6447=CARTESIAN_POINT('Origin',(23.4070773319996,-6.2,-10.2427265812316));
#6448=CARTESIAN_POINT('',(23.4070773319996,-6.2,-10.2427265812316));
#6449=CARTESIAN_POINT('',(16.1192132025521,-6.2,0.394161564276485));
#6450=CARTESIAN_POINT('',(23.4070773319996,-6.,-10.2427265812316));
#6451=CARTESIAN_POINT('',(23.4070773319996,-6.2,-10.2427265812316));
#6452=CARTESIAN_POINT('',(23.4070773319996,-6.,-10.2427265812316));
#6453=CARTESIAN_POINT('Origin',(23.9841548542971,-6.2,-10.2409523342129));
#6454=CARTESIAN_POINT('',(23.9841548542971,-6.2,-10.2409523342129));
#6455=CARTESIAN_POINT('',(-5.52110868021719,-6.2,-10.3316674008015));
#6456=CARTESIAN_POINT('',(23.9841548542971,-6.,-10.2409523342129));
#6457=CARTESIAN_POINT('',(23.9841548542971,-6.2,-10.2409523342129));
#6458=CARTESIAN_POINT('',(23.9841548542971,-6.,-10.2409523342129));
#6459=CARTESIAN_POINT('Origin',(23.9780058064106,-6.2,-8.24096175713024));
#6460=CARTESIAN_POINT('',(23.9942664377197,-6.2,-13.5297658119759));
#6461=CARTESIAN_POINT('',(23.9780058064106,-6.,-8.24096175713024));
#6462=CARTESIAN_POINT('Origin',(24.1671399720847,-6.,-5.29573253704476));
#6463=CARTESIAN_POINT('Ctrl Pts',(26.0363466070333,-6.2,-1.92082470985921));
#6464=CARTESIAN_POINT('Ctrl Pts',(26.0363466070333,-6.,-1.92082470985921));
#6465=CARTESIAN_POINT('Ctrl Pts',(26.0951606710762,-6.2,-1.91559142639454));
#6466=CARTESIAN_POINT('Ctrl Pts',(26.0951606710762,-6.,-1.91559142639454));
#6467=CARTESIAN_POINT('Ctrl Pts',(26.2104484354914,-6.2,-1.90533310534476));
#6468=CARTESIAN_POINT('Ctrl Pts',(26.2104484354914,-6.,-1.90533310534476));
#6469=CARTESIAN_POINT('Ctrl Pts',(26.294769949972,-6.2,-1.82628957838056));
#6470=CARTESIAN_POINT('Ctrl Pts',(26.294769949972,-6.,-1.82628957838056));
#6471=CARTESIAN_POINT('Ctrl Pts',(26.3360748357756,-6.2,-1.78757011425708));
#6472=CARTESIAN_POINT('Ctrl Pts',(26.3360748357756,-6.,-1.78757011425708));
#6473=CARTESIAN_POINT('',(26.0363466070333,-6.2,-1.92082470985921));
#6474=CARTESIAN_POINT('',(26.3360748357756,-6.2,-1.78757011425708));
#6475=CARTESIAN_POINT('Ctrl Pts',(26.0363466070333,-6.2,-1.92082470985921));
#6476=CARTESIAN_POINT('Ctrl Pts',(26.0951606710762,-6.2,-1.91559142639454));
#6477=CARTESIAN_POINT('Ctrl Pts',(26.2104484354914,-6.2,-1.90533310534476));
#6478=CARTESIAN_POINT('Ctrl Pts',(26.294769949972,-6.2,-1.82628957838056));
#6479=CARTESIAN_POINT('Ctrl Pts',(26.3360748357756,-6.2,-1.78757011425708));
#6480=CARTESIAN_POINT('',(26.0363466070333,-6.,-1.92082470985921));
#6481=CARTESIAN_POINT('',(26.0363466070333,-6.2,-1.92082470985921));
#6482=CARTESIAN_POINT('',(26.3360748357756,-6.,-1.78757011425708));
#6483=CARTESIAN_POINT('Ctrl Pts',(26.0363466070333,-6.,-1.92082470985921));
#6484=CARTESIAN_POINT('Ctrl Pts',(26.0951606710762,-6.,-1.91559142639454));
#6485=CARTESIAN_POINT('Ctrl Pts',(26.2104484354914,-6.,-1.90533310534476));
#6486=CARTESIAN_POINT('Ctrl Pts',(26.294769949972,-6.,-1.82628957838056));
#6487=CARTESIAN_POINT('Ctrl Pts',(26.3360748357756,-6.,-1.78757011425708));
#6488=CARTESIAN_POINT('',(26.3360748357756,-6.2,-1.78757011425708));
#6489=CARTESIAN_POINT('Ctrl Pts',(25.7276236835044,-6.2,-1.79080458142486));
#6490=CARTESIAN_POINT('Ctrl Pts',(25.7276236835044,-6.,-1.79080458142486));
#6491=CARTESIAN_POINT('Ctrl Pts',(25.7699433563017,-6.2,-1.82886154531359));
#6492=CARTESIAN_POINT('Ctrl Pts',(25.7699433563017,-6.,-1.82886154531359));
#6493=CARTESIAN_POINT('Ctrl Pts',(25.8575841946791,-6.2,-1.90767463626732));
#6494=CARTESIAN_POINT('Ctrl Pts',(25.8575841946791,-6.,-1.90767463626732));
#6495=CARTESIAN_POINT('Ctrl Pts',(25.9754140048713,-6.2,-1.91634240179443));
#6496=CARTESIAN_POINT('Ctrl Pts',(25.9754140048713,-6.,-1.91634240179443));
#6497=CARTESIAN_POINT('Ctrl Pts',(26.0363466070333,-6.2,-1.92082470985921));
#6498=CARTESIAN_POINT('Ctrl Pts',(26.0363466070333,-6.,-1.92082470985921));
#6499=CARTESIAN_POINT('',(25.7276236835044,-6.2,-1.79080458142486));
#6500=CARTESIAN_POINT('Ctrl Pts',(25.7276236835044,-6.2,-1.79080458142486));
#6501=CARTESIAN_POINT('Ctrl Pts',(25.7699433563017,-6.2,-1.82886154531359));
#6502=CARTESIAN_POINT('Ctrl Pts',(25.8575841946791,-6.2,-1.90767463626732));
#6503=CARTESIAN_POINT('Ctrl Pts',(25.9754140048713,-6.2,-1.91634240179443));
#6504=CARTESIAN_POINT('Ctrl Pts',(26.0363466070333,-6.2,-1.92082470985921));
#6505=CARTESIAN_POINT('',(25.7276236835044,-6.,-1.79080458142486));
#6506=CARTESIAN_POINT('',(25.7276236835044,-6.2,-1.79080458142486));
#6507=CARTESIAN_POINT('Ctrl Pts',(25.7276236835044,-6.,-1.79080458142486));
#6508=CARTESIAN_POINT('Ctrl Pts',(25.7699433563017,-6.,-1.82886154531359));
#6509=CARTESIAN_POINT('Ctrl Pts',(25.8575841946791,-6.,-1.90767463626732));
#6510=CARTESIAN_POINT('Ctrl Pts',(25.9754140048713,-6.,-1.91634240179443));
#6511=CARTESIAN_POINT('Ctrl Pts',(26.0363466070333,-6.,-1.92082470985921));
#6512=CARTESIAN_POINT('Ctrl Pts',(25.6117598271593,-6.2,-1.37915367592883));
#6513=CARTESIAN_POINT('Ctrl Pts',(25.6117598271593,-6.,-1.37915367592883));
#6514=CARTESIAN_POINT('Ctrl Pts',(25.6136961933415,-6.2,-1.46294096094107));
#6515=CARTESIAN_POINT('Ctrl Pts',(25.6136961933415,-6.,-1.46294096094107));
#6516=CARTESIAN_POINT('Ctrl Pts',(25.6171173366421,-6.2,-1.61097510418673));
#6517=CARTESIAN_POINT('Ctrl Pts',(25.6171173366421,-6.,-1.61097510418673));
#6518=CARTESIAN_POINT('Ctrl Pts',(25.6941789307885,-6.2,-1.73637917901104));
#6519=CARTESIAN_POINT('Ctrl Pts',(25.6941789307885,-6.,-1.73637917901104));
#6520=CARTESIAN_POINT('Ctrl Pts',(25.7276236835044,-6.2,-1.79080458142486));
#6521=CARTESIAN_POINT('Ctrl Pts',(25.7276236835044,-6.,-1.79080458142486));
#6522=CARTESIAN_POINT('',(25.6117598271593,-6.2,-1.37915367592883));
#6523=CARTESIAN_POINT('Ctrl Pts',(25.6117598271593,-6.2,-1.37915367592883));
#6524=CARTESIAN_POINT('Ctrl Pts',(25.6136961933415,-6.2,-1.46294096094107));
#6525=CARTESIAN_POINT('Ctrl Pts',(25.6171173366421,-6.2,-1.61097510418673));
#6526=CARTESIAN_POINT('Ctrl Pts',(25.6941789307885,-6.2,-1.73637917901104));
#6527=CARTESIAN_POINT('Ctrl Pts',(25.7276236835044,-6.2,-1.79080458142486));
#6528=CARTESIAN_POINT('',(25.6117598271593,-6.,-1.37915367592883));
#6529=CARTESIAN_POINT('',(25.6117598271593,-6.2,-1.37915367592883));
#6530=CARTESIAN_POINT('Ctrl Pts',(25.6117598271593,-6.,-1.37915367592883));
#6531=CARTESIAN_POINT('Ctrl Pts',(25.6136961933415,-6.,-1.46294096094107));
#6532=CARTESIAN_POINT('Ctrl Pts',(25.6171173366421,-6.,-1.61097510418673));
#6533=CARTESIAN_POINT('Ctrl Pts',(25.6941789307885,-6.,-1.73637917901104));
#6534=CARTESIAN_POINT('Ctrl Pts',(25.7276236835044,-6.,-1.79080458142486));
#6535=CARTESIAN_POINT('Ctrl Pts',(25.7194695812473,-6.2,-0.913608451095551));
#6536=CARTESIAN_POINT('Ctrl Pts',(25.7194695812473,-6.,-0.913608451095551));
#6537=CARTESIAN_POINT('Ctrl Pts',(25.6880663791786,-6.2,-0.972929126579101));
#6538=CARTESIAN_POINT('Ctrl Pts',(25.6880663791786,-6.,-0.972929126579101));
#6539=CARTESIAN_POINT('Ctrl Pts',(25.6115655146008,-6.2,-1.11743932499456));
#6540=CARTESIAN_POINT('Ctrl Pts',(25.6115655146008,-6.,-1.11743932499456));
#6541=CARTESIAN_POINT('Ctrl Pts',(25.6116877617947,-6.2,-1.28209077759468));
#6542=CARTESIAN_POINT('Ctrl Pts',(25.6116877617947,-6.,-1.28209077759468));
#6543=CARTESIAN_POINT('Ctrl Pts',(25.6117598271593,-6.2,-1.37915367592883));
#6544=CARTESIAN_POINT('Ctrl Pts',(25.6117598271593,-6.,-1.37915367592883));
#6545=CARTESIAN_POINT('',(25.7194695812473,-6.2,-0.913608451095551));
#6546=CARTESIAN_POINT('Ctrl Pts',(25.7194695812473,-6.2,-0.913608451095551));
#6547=CARTESIAN_POINT('Ctrl Pts',(25.6880663791786,-6.2,-0.972929126579101));
#6548=CARTESIAN_POINT('Ctrl Pts',(25.6115655146008,-6.2,-1.11743932499456));
#6549=CARTESIAN_POINT('Ctrl Pts',(25.6116877617947,-6.2,-1.28209077759468));
#6550=CARTESIAN_POINT('Ctrl Pts',(25.6117598271593,-6.2,-1.37915367592883));
#6551=CARTESIAN_POINT('',(25.7194695812473,-6.,-0.913608451095551));
#6552=CARTESIAN_POINT('',(25.7194695812473,-6.2,-0.913608451095551));
#6553=CARTESIAN_POINT('Ctrl Pts',(25.7194695812473,-6.,-0.913608451095551));
#6554=CARTESIAN_POINT('Ctrl Pts',(25.6880663791786,-6.,-0.972929126579101));
#6555=CARTESIAN_POINT('Ctrl Pts',(25.6115655146008,-6.,-1.11743932499456));
#6556=CARTESIAN_POINT('Ctrl Pts',(25.6116877617947,-6.,-1.28209077759468));
#6557=CARTESIAN_POINT('Ctrl Pts',(25.6117598271593,-6.,-1.37915367592883));
#6558=CARTESIAN_POINT('Ctrl Pts',(26.0273916647918,-6.2,-0.783056780657378));
#6559=CARTESIAN_POINT('Ctrl Pts',(26.0273916647918,-6.,-0.783056780657378));
#6560=CARTESIAN_POINT('Ctrl Pts',(25.9657090947416,-6.2,-0.787568092255344));
#6561=CARTESIAN_POINT('Ctrl Pts',(25.9657090947416,-6.,-0.787568092255344));
#6562=CARTESIAN_POINT('Ctrl Pts',(25.8478283768535,-6.2,-0.796189598287798));
#6563=CARTESIAN_POINT('Ctrl Pts',(25.8478283768535,-6.,-0.796189598287798));
#6564=CARTESIAN_POINT('Ctrl Pts',(25.7609078485619,-6.2,-0.875701942332818));
#6565=CARTESIAN_POINT('Ctrl Pts',(25.7609078485619,-6.,-0.875701942332818));
#6566=CARTESIAN_POINT('Ctrl Pts',(25.7194695812473,-6.2,-0.913608451095551));
#6567=CARTESIAN_POINT('Ctrl Pts',(25.7194695812473,-6.,-0.913608451095551));
#6568=CARTESIAN_POINT('',(26.0273916647918,-6.2,-0.783056780657378));
#6569=CARTESIAN_POINT('Ctrl Pts',(26.0273916647918,-6.2,-0.783056780657378));
#6570=CARTESIAN_POINT('Ctrl Pts',(25.9657090947416,-6.2,-0.787568092255344));
#6571=CARTESIAN_POINT('Ctrl Pts',(25.8478283768535,-6.2,-0.796189598287798));
#6572=CARTESIAN_POINT('Ctrl Pts',(25.7609078485619,-6.2,-0.875701942332818));
#6573=CARTESIAN_POINT('Ctrl Pts',(25.7194695812473,-6.2,-0.913608451095551));
#6574=CARTESIAN_POINT('',(26.0273916647918,-6.,-0.783056780657378));
#6575=CARTESIAN_POINT('',(26.0273916647918,-6.2,-0.783056780657378));
#6576=CARTESIAN_POINT('Ctrl Pts',(26.0273916647918,-6.,-0.783056780657378));
#6577=CARTESIAN_POINT('Ctrl Pts',(25.9657090947416,-6.,-0.787568092255344));
#6578=CARTESIAN_POINT('Ctrl Pts',(25.8478283768535,-6.,-0.796189598287798));
#6579=CARTESIAN_POINT('Ctrl Pts',(25.7609078485619,-6.,-0.875701942332818));
#6580=CARTESIAN_POINT('Ctrl Pts',(25.7194695812473,-6.,-0.913608451095551));
#6581=CARTESIAN_POINT('Ctrl Pts',(26.3347547371996,-6.2,-0.914445446773609));
#6582=CARTESIAN_POINT('Ctrl Pts',(26.3347547371996,-6.,-0.914445446773609));
#6583=CARTESIAN_POINT('Ctrl Pts',(26.2926030347524,-6.2,-0.875987588476874));
#6584=CARTESIAN_POINT('Ctrl Pts',(26.2926030347524,-6.,-0.875987588476874));
#6585=CARTESIAN_POINT('Ctrl Pts',(26.2056398373073,-6.2,-0.796645162662377));
#6586=CARTESIAN_POINT('Ctrl Pts',(26.2056398373073,-6.,-0.796645162662377));
#6587=CARTESIAN_POINT('Ctrl Pts',(26.0880069995194,-6.2,-0.787677665752669));
#6588=CARTESIAN_POINT('Ctrl Pts',(26.0880069995194,-6.,-0.787677665752669));
#6589=CARTESIAN_POINT('Ctrl Pts',(26.0273916647918,-6.2,-0.783056780657378));
#6590=CARTESIAN_POINT('Ctrl Pts',(26.0273916647918,-6.,-0.783056780657378));
#6591=CARTESIAN_POINT('',(26.3347547371996,-6.2,-0.914445446773609));
#6592=CARTESIAN_POINT('Ctrl Pts',(26.3347547371996,-6.2,-0.914445446773609));
#6593=CARTESIAN_POINT('Ctrl Pts',(26.2926030347524,-6.2,-0.875987588476874));
#6594=CARTESIAN_POINT('Ctrl Pts',(26.2056398373073,-6.2,-0.796645162662377));
#6595=CARTESIAN_POINT('Ctrl Pts',(26.0880069995194,-6.2,-0.787677665752669));
#6596=CARTESIAN_POINT('Ctrl Pts',(26.0273916647918,-6.2,-0.783056780657378));
#6597=CARTESIAN_POINT('',(26.3347547371996,-6.,-0.914445446773609));
#6598=CARTESIAN_POINT('',(26.3347547371996,-6.2,-0.914445446773609));
#6599=CARTESIAN_POINT('Ctrl Pts',(26.3347547371996,-6.,-0.914445446773609));
#6600=CARTESIAN_POINT('Ctrl Pts',(26.2926030347524,-6.,-0.875987588476874));
#6601=CARTESIAN_POINT('Ctrl Pts',(26.2056398373073,-6.,-0.796645162662377));
#6602=CARTESIAN_POINT('Ctrl Pts',(26.0880069995194,-6.,-0.787677665752669));
#6603=CARTESIAN_POINT('Ctrl Pts',(26.0273916647918,-6.,-0.783056780657378));
#6604=CARTESIAN_POINT('Ctrl Pts',(26.4479612143414,-6.2,-1.3492979914798));
#6605=CARTESIAN_POINT('Ctrl Pts',(26.4479612143414,-6.,-1.3492979914798));
#6606=CARTESIAN_POINT('Ctrl Pts',(26.4465197111108,-6.2,-1.26023844621262));
#6607=CARTESIAN_POINT('Ctrl Pts',(26.4465197111108,-6.,-1.26023844621262));
#6608=CARTESIAN_POINT('Ctrl Pts',(26.444009503684,-6.2,-1.10515177889365));
#6609=CARTESIAN_POINT('Ctrl Pts',(26.444009503684,-6.,-1.10515177889365));
#6610=CARTESIAN_POINT('Ctrl Pts',(26.36737946776,-6.2,-0.971392552165686));
#6611=CARTESIAN_POINT('Ctrl Pts',(26.36737946776,-6.,-0.971392552165686));
#6612=CARTESIAN_POINT('Ctrl Pts',(26.3347547371996,-6.2,-0.914445446773609));
#6613=CARTESIAN_POINT('Ctrl Pts',(26.3347547371996,-6.,-0.914445446773609));
#6614=CARTESIAN_POINT('',(26.4479612143414,-6.2,-1.3492979914798));
#6615=CARTESIAN_POINT('Ctrl Pts',(26.4479612143414,-6.2,-1.3492979914798));
#6616=CARTESIAN_POINT('Ctrl Pts',(26.4465197111108,-6.2,-1.26023844621262));
#6617=CARTESIAN_POINT('Ctrl Pts',(26.444009503684,-6.2,-1.10515177889365));
#6618=CARTESIAN_POINT('Ctrl Pts',(26.36737946776,-6.2,-0.971392552165686));
#6619=CARTESIAN_POINT('Ctrl Pts',(26.3347547371996,-6.2,-0.914445446773609));
#6620=CARTESIAN_POINT('',(26.4479612143414,-6.,-1.3492979914798));
#6621=CARTESIAN_POINT('',(26.4479612143414,-6.2,-1.3492979914798));
#6622=CARTESIAN_POINT('Ctrl Pts',(26.4479612143414,-6.,-1.3492979914798));
#6623=CARTESIAN_POINT('Ctrl Pts',(26.4465197111108,-6.,-1.26023844621262));
#6624=CARTESIAN_POINT('Ctrl Pts',(26.444009503684,-6.,-1.10515177889365));
#6625=CARTESIAN_POINT('Ctrl Pts',(26.36737946776,-6.,-0.971392552165686));
#6626=CARTESIAN_POINT('Ctrl Pts',(26.3347547371996,-6.,-0.914445446773609));
#6627=CARTESIAN_POINT('Ctrl Pts',(26.3360748357756,-6.2,-1.78757011425708));
#6628=CARTESIAN_POINT('Ctrl Pts',(26.3360748357756,-6.,-1.78757011425708));
#6629=CARTESIAN_POINT('Ctrl Pts',(26.3687411048849,-6.2,-1.73021875062461));
#6630=CARTESIAN_POINT('Ctrl Pts',(26.3687411048849,-6.,-1.73021875062461));
#6631=CARTESIAN_POINT('Ctrl Pts',(26.4455763723049,-6.2,-1.59532096517951));
#6632=CARTESIAN_POINT('Ctrl Pts',(26.4455763723049,-6.,-1.59532096517951));
#6633=CARTESIAN_POINT('Ctrl Pts',(26.4470906988827,-6.2,-1.43910134051144));
#6634=CARTESIAN_POINT('Ctrl Pts',(26.4470906988827,-6.,-1.43910134051144));
#6635=CARTESIAN_POINT('Ctrl Pts',(26.4479612143414,-6.2,-1.3492979914798));
#6636=CARTESIAN_POINT('Ctrl Pts',(26.4479612143414,-6.,-1.3492979914798));
#6637=CARTESIAN_POINT('Ctrl Pts',(26.3360748357756,-6.2,-1.78757011425708));
#6638=CARTESIAN_POINT('Ctrl Pts',(26.3687411048849,-6.2,-1.73021875062461));
#6639=CARTESIAN_POINT('Ctrl Pts',(26.4455763723049,-6.2,-1.59532096517951));
#6640=CARTESIAN_POINT('Ctrl Pts',(26.4470906988827,-6.2,-1.43910134051144));
#6641=CARTESIAN_POINT('Ctrl Pts',(26.4479612143414,-6.2,-1.3492979914798));
#6642=CARTESIAN_POINT('Ctrl Pts',(26.3360748357756,-6.,-1.78757011425708));
#6643=CARTESIAN_POINT('Ctrl Pts',(26.3687411048849,-6.,-1.73021875062461));
#6644=CARTESIAN_POINT('Ctrl Pts',(26.4455763723049,-6.,-1.59532096517951));
#6645=CARTESIAN_POINT('Ctrl Pts',(26.4470906988827,-6.,-1.43910134051144));
#6646=CARTESIAN_POINT('Ctrl Pts',(26.4479612143414,-6.,-1.3492979914798));
#6647=CARTESIAN_POINT('Ctrl Pts',(26.566544032558,-6.2,-0.426691410541926));
#6648=CARTESIAN_POINT('Ctrl Pts',(26.566544032558,-6.,-0.426691410541926));
#6649=CARTESIAN_POINT('Ctrl Pts',(26.6374344735727,-6.2,-0.468589581932961));
#6650=CARTESIAN_POINT('Ctrl Pts',(26.6374344735727,-6.,-0.468589581932961));
#6651=CARTESIAN_POINT('Ctrl Pts',(26.782975834951,-6.2,-0.554608469899163));
#6652=CARTESIAN_POINT('Ctrl Pts',(26.782975834951,-6.,-0.554608469899163));
#6653=CARTESIAN_POINT('Ctrl Pts',(26.8777690884726,-6.2,-0.694762660594317));
#6654=CARTESIAN_POINT('Ctrl Pts',(26.8777690884726,-6.,-0.694762660594317));
#6655=CARTESIAN_POINT('Ctrl Pts',(26.926390343301,-6.2,-0.766650399097897));
#6656=CARTESIAN_POINT('Ctrl Pts',(26.926390343301,-6.,-0.766650399097897));
#6657=CARTESIAN_POINT('',(26.566544032558,-6.2,-0.426691410541926));
#6658=CARTESIAN_POINT('',(26.926390343301,-6.2,-0.766650399097897));
#6659=CARTESIAN_POINT('Ctrl Pts',(26.566544032558,-6.2,-0.426691410541926));
#6660=CARTESIAN_POINT('Ctrl Pts',(26.6374344735727,-6.2,-0.468589581932961));
#6661=CARTESIAN_POINT('Ctrl Pts',(26.782975834951,-6.2,-0.554608469899163));
#6662=CARTESIAN_POINT('Ctrl Pts',(26.8777690884726,-6.2,-0.694762660594317));
#6663=CARTESIAN_POINT('Ctrl Pts',(26.926390343301,-6.2,-0.766650399097897));
#6664=CARTESIAN_POINT('',(26.566544032558,-6.,-0.426691410541926));
#6665=CARTESIAN_POINT('',(26.566544032558,-6.2,-0.426691410541926));
#6666=CARTESIAN_POINT('',(26.926390343301,-6.,-0.766650399097897));
#6667=CARTESIAN_POINT('Ctrl Pts',(26.566544032558,-6.,-0.426691410541926));
#6668=CARTESIAN_POINT('Ctrl Pts',(26.6374344735727,-6.,-0.468589581932961));
#6669=CARTESIAN_POINT('Ctrl Pts',(26.782975834951,-6.,-0.554608469899163));
#6670=CARTESIAN_POINT('Ctrl Pts',(26.8777690884726,-6.,-0.694762660594317));
#6671=CARTESIAN_POINT('Ctrl Pts',(26.926390343301,-6.,-0.766650399097897));
#6672=CARTESIAN_POINT('',(26.926390343301,-6.2,-0.766650399097897));
#6673=CARTESIAN_POINT('Ctrl Pts',(26.0055057832704,-6.2,-0.32063871612068));
#6674=CARTESIAN_POINT('Ctrl Pts',(26.0055057832704,-6.,-0.32063871612068));
#6675=CARTESIAN_POINT('Ctrl Pts',(26.1098664447078,-6.2,-0.323164108415901));
#6676=CARTESIAN_POINT('Ctrl Pts',(26.1098664447078,-6.,-0.323164108415901));
#6677=CARTESIAN_POINT('Ctrl Pts',(26.3029681408507,-6.2,-0.327836918351341));
#6678=CARTESIAN_POINT('Ctrl Pts',(26.3029681408507,-6.,-0.327836918351341));
#6679=CARTESIAN_POINT('Ctrl Pts',(26.4835544969289,-6.2,-0.395566073741951));
#6680=CARTESIAN_POINT('Ctrl Pts',(26.4835544969289,-6.,-0.395566073741951));
#6681=CARTESIAN_POINT('Ctrl Pts',(26.566544032558,-6.2,-0.426691410541926));
#6682=CARTESIAN_POINT('Ctrl Pts',(26.566544032558,-6.,-0.426691410541926));
#6683=CARTESIAN_POINT('',(26.0055057832704,-6.2,-0.32063871612068));
#6684=CARTESIAN_POINT('Ctrl Pts',(26.0055057832704,-6.2,-0.32063871612068));
#6685=CARTESIAN_POINT('Ctrl Pts',(26.1098664447078,-6.2,-0.323164108415901));
#6686=CARTESIAN_POINT('Ctrl Pts',(26.3029681408507,-6.2,-0.327836918351341));
#6687=CARTESIAN_POINT('Ctrl Pts',(26.4835544969289,-6.2,-0.395566073741951));
#6688=CARTESIAN_POINT('Ctrl Pts',(26.566544032558,-6.2,-0.426691410541926));
#6689=CARTESIAN_POINT('',(26.0055057832704,-6.,-0.32063871612068));
#6690=CARTESIAN_POINT('',(26.0055057832704,-6.2,-0.32063871612068));
#6691=CARTESIAN_POINT('Ctrl Pts',(26.0055057832704,-6.,-0.32063871612068));
#6692=CARTESIAN_POINT('Ctrl Pts',(26.1098664447078,-6.,-0.323164108415901));
#6693=CARTESIAN_POINT('Ctrl Pts',(26.3029681408507,-6.,-0.327836918351341));
#6694=CARTESIAN_POINT('Ctrl Pts',(26.4835544969289,-6.,-0.395566073741951));
#6695=CARTESIAN_POINT('Ctrl Pts',(26.566544032558,-6.,-0.426691410541926));
#6696=CARTESIAN_POINT('Ctrl Pts',(25.4506376711638,-6.2,-0.44649339664264));
#6697=CARTESIAN_POINT('Ctrl Pts',(25.4506376711638,-6.,-0.44649339664264));
#6698=CARTESIAN_POINT('Ctrl Pts',(25.5326650094209,-6.2,-0.410078445969959));
#6699=CARTESIAN_POINT('Ctrl Pts',(25.5326650094209,-6.,-0.410078445969959));
#6700=CARTESIAN_POINT('Ctrl Pts',(25.7090342308348,-6.2,-0.331781665476651));
#6701=CARTESIAN_POINT('Ctrl Pts',(25.7090342308348,-6.,-0.331781665476651));
#6702=CARTESIAN_POINT('Ctrl Pts',(25.9021864731758,-6.2,-0.324521995411462));
#6703=CARTESIAN_POINT('Ctrl Pts',(25.9021864731758,-6.,-0.324521995411462));
#6704=CARTESIAN_POINT('Ctrl Pts',(26.0055057832704,-6.2,-0.32063871612068));
#6705=CARTESIAN_POINT('Ctrl Pts',(26.0055057832704,-6.,-0.32063871612068));
#6706=CARTESIAN_POINT('',(25.4506376711638,-6.2,-0.44649339664264));
#6707=CARTESIAN_POINT('Ctrl Pts',(25.4506376711638,-6.2,-0.44649339664264));
#6708=CARTESIAN_POINT('Ctrl Pts',(25.5326650094209,-6.2,-0.410078445969959));
#6709=CARTESIAN_POINT('Ctrl Pts',(25.7090342308348,-6.2,-0.331781665476651));
#6710=CARTESIAN_POINT('Ctrl Pts',(25.9021864731758,-6.2,-0.324521995411462));
#6711=CARTESIAN_POINT('Ctrl Pts',(26.0055057832704,-6.2,-0.32063871612068));
#6712=CARTESIAN_POINT('',(25.4506376711638,-6.,-0.44649339664264));
#6713=CARTESIAN_POINT('',(25.4506376711638,-6.2,-0.44649339664264));
#6714=CARTESIAN_POINT('Ctrl Pts',(25.4506376711638,-6.,-0.44649339664264));
#6715=CARTESIAN_POINT('Ctrl Pts',(25.5326650094209,-6.,-0.410078445969959));
#6716=CARTESIAN_POINT('Ctrl Pts',(25.7090342308348,-6.,-0.331781665476651));
#6717=CARTESIAN_POINT('Ctrl Pts',(25.9021864731758,-6.,-0.324521995411462));
#6718=CARTESIAN_POINT('Ctrl Pts',(26.0055057832704,-6.,-0.32063871612068));
#6719=CARTESIAN_POINT('Ctrl Pts',(25.1106493222631,-6.2,-0.796790194357584));
#6720=CARTESIAN_POINT('Ctrl Pts',(25.1106493222631,-6.,-0.796790194357584));
#6721=CARTESIAN_POINT('Ctrl Pts',(25.1541254951733,-6.2,-0.72608480225981));
#6722=CARTESIAN_POINT('Ctrl Pts',(25.1541254951733,-6.,-0.72608480225981));
#6723=CARTESIAN_POINT('Ctrl Pts',(25.241434094015,-6.2,-0.584094643021085));
#6724=CARTESIAN_POINT('Ctrl Pts',(25.241434094015,-6.,-0.584094643021085));
#6725=CARTESIAN_POINT('Ctrl Pts',(25.3807137071271,-6.2,-0.492485079644935));
#6726=CARTESIAN_POINT('Ctrl Pts',(25.3807137071271,-6.,-0.492485079644935));
#6727=CARTESIAN_POINT('Ctrl Pts',(25.4506376711638,-6.2,-0.44649339664264));
#6728=CARTESIAN_POINT('Ctrl Pts',(25.4506376711638,-6.,-0.44649339664264));
#6729=CARTESIAN_POINT('',(25.1106493222631,-6.2,-0.796790194357584));
#6730=CARTESIAN_POINT('Ctrl Pts',(25.1106493222631,-6.2,-0.796790194357584));
#6731=CARTESIAN_POINT('Ctrl Pts',(25.1541254951733,-6.2,-0.72608480225981));
#6732=CARTESIAN_POINT('Ctrl Pts',(25.241434094015,-6.2,-0.584094643021085));
#6733=CARTESIAN_POINT('Ctrl Pts',(25.3807137071271,-6.2,-0.492485079644935));
#6734=CARTESIAN_POINT('Ctrl Pts',(25.4506376711638,-6.2,-0.44649339664264));
#6735=CARTESIAN_POINT('',(25.1106493222631,-6.,-0.796790194357584));
#6736=CARTESIAN_POINT('',(25.1106493222631,-6.2,-0.796790194357584));
#6737=CARTESIAN_POINT('Ctrl Pts',(25.1106493222631,-6.,-0.796790194357584));
#6738=CARTESIAN_POINT('Ctrl Pts',(25.1541254951733,-6.,-0.72608480225981));
#6739=CARTESIAN_POINT('Ctrl Pts',(25.241434094015,-6.,-0.584094643021085));
#6740=CARTESIAN_POINT('Ctrl Pts',(25.3807137071271,-6.,-0.492485079644935));
#6741=CARTESIAN_POINT('Ctrl Pts',(25.4506376711638,-6.,-0.44649339664264));
#6742=CARTESIAN_POINT('Ctrl Pts',(24.9937292045554,-6.2,-1.37286769422411));
#6743=CARTESIAN_POINT('Ctrl Pts',(24.9937292045554,-6.,-1.37286769422411));
#6744=CARTESIAN_POINT('Ctrl Pts',(24.9964789112613,-6.2,-1.26497154389796));
#6745=CARTESIAN_POINT('Ctrl Pts',(24.9964789112613,-6.,-1.26497154389796));
#6746=CARTESIAN_POINT('Ctrl Pts',(25.0015570288069,-6.2,-1.06571053438464));
#6747=CARTESIAN_POINT('Ctrl Pts',(25.0015570288069,-6.,-1.06571053438464));
#6748=CARTESIAN_POINT('Ctrl Pts',(25.0763536758549,-6.2,-0.881331426385554));
#6749=CARTESIAN_POINT('Ctrl Pts',(25.0763536758549,-6.,-0.881331426385554));
#6750=CARTESIAN_POINT('Ctrl Pts',(25.1106493222631,-6.2,-0.796790194357584));
#6751=CARTESIAN_POINT('Ctrl Pts',(25.1106493222631,-6.,-0.796790194357584));
#6752=CARTESIAN_POINT('',(24.9937292045554,-6.2,-1.37286769422411));
#6753=CARTESIAN_POINT('Ctrl Pts',(24.9937292045554,-6.2,-1.37286769422411));
#6754=CARTESIAN_POINT('Ctrl Pts',(24.9964789112613,-6.2,-1.26497154389796));
#6755=CARTESIAN_POINT('Ctrl Pts',(25.0015570288069,-6.2,-1.06571053438464));
#6756=CARTESIAN_POINT('Ctrl Pts',(25.0763536758549,-6.2,-0.881331426385554));
#6757=CARTESIAN_POINT('Ctrl Pts',(25.1106493222631,-6.2,-0.796790194357584));
#6758=CARTESIAN_POINT('',(24.9937292045554,-6.,-1.37286769422411));
#6759=CARTESIAN_POINT('',(24.9937292045554,-6.2,-1.37286769422411));
#6760=CARTESIAN_POINT('Ctrl Pts',(24.9937292045554,-6.,-1.37286769422411));
#6761=CARTESIAN_POINT('Ctrl Pts',(24.9964789112613,-6.,-1.26497154389796));
#6762=CARTESIAN_POINT('Ctrl Pts',(25.0015570288069,-6.,-1.06571053438464));
#6763=CARTESIAN_POINT('Ctrl Pts',(25.0763536758549,-6.,-0.881331426385554));
#6764=CARTESIAN_POINT('Ctrl Pts',(25.1106493222631,-6.,-0.796790194357584));
#6765=CARTESIAN_POINT('Ctrl Pts',(25.2661577561744,-6.2,-2.12237506397856));
#6766=CARTESIAN_POINT('Ctrl Pts',(25.2661577561744,-6.,-2.12237506397856));
#6767=CARTESIAN_POINT('Ctrl Pts',(25.1871505835955,-6.2,-2.01971606241506));
#6768=CARTESIAN_POINT('Ctrl Pts',(25.1871505835955,-6.,-2.01971606241506));
#6769=CARTESIAN_POINT('Ctrl Pts',(25.0177959542129,-6.2,-1.79966291287067));
#6770=CARTESIAN_POINT('Ctrl Pts',(25.0177959542129,-6.,-1.79966291287067));
#6771=CARTESIAN_POINT('Ctrl Pts',(25.002101758111,-6.2,-1.52134498659767));
#6772=CARTESIAN_POINT('Ctrl Pts',(25.002101758111,-6.,-1.52134498659767));
#6773=CARTESIAN_POINT('Ctrl Pts',(24.9937292045554,-6.2,-1.37286769422411));
#6774=CARTESIAN_POINT('Ctrl Pts',(24.9937292045554,-6.,-1.37286769422411));
#6775=CARTESIAN_POINT('',(25.2661577561744,-6.2,-2.12237506397856));
#6776=CARTESIAN_POINT('Ctrl Pts',(25.2661577561744,-6.2,-2.12237506397856));
#6777=CARTESIAN_POINT('Ctrl Pts',(25.1871505835955,-6.2,-2.01971606241506));
#6778=CARTESIAN_POINT('Ctrl Pts',(25.0177959542129,-6.2,-1.79966291287067));
#6779=CARTESIAN_POINT('Ctrl Pts',(25.002101758111,-6.2,-1.52134498659767));
#6780=CARTESIAN_POINT('Ctrl Pts',(24.9937292045554,-6.2,-1.37286769422411));
#6781=CARTESIAN_POINT('',(25.2661577561744,-6.,-2.12237506397856));
#6782=CARTESIAN_POINT('',(25.2661577561744,-6.2,-2.12237506397856));
#6783=CARTESIAN_POINT('Ctrl Pts',(25.2661577561744,-6.,-2.12237506397856));
#6784=CARTESIAN_POINT('Ctrl Pts',(25.1871505835955,-6.,-2.01971606241506));
#6785=CARTESIAN_POINT('Ctrl Pts',(25.0177959542129,-6.,-1.79966291287067));
#6786=CARTESIAN_POINT('Ctrl Pts',(25.002101758111,-6.,-1.52134498659767));
#6787=CARTESIAN_POINT('Ctrl Pts',(24.9937292045554,-6.,-1.37286769422411));
#6788=CARTESIAN_POINT('Ctrl Pts',(26.0364212538138,-6.2,-2.38876666489544));
#6789=CARTESIAN_POINT('Ctrl Pts',(26.0364212538138,-6.,-2.38876666489544));
#6790=CARTESIAN_POINT('Ctrl Pts',(25.8835677004813,-6.2,-2.38182208406475));
#6791=CARTESIAN_POINT('Ctrl Pts',(25.8835677004813,-6.,-2.38182208406475));
#6792=CARTESIAN_POINT('Ctrl Pts',(25.59926370233,-6.2,-2.36890532778003));
#6793=CARTESIAN_POINT('Ctrl Pts',(25.59926370233,-6.,-2.36890532778003));
#6794=CARTESIAN_POINT('Ctrl Pts',(25.3714769548849,-6.2,-2.20032134545781));
#6795=CARTESIAN_POINT('Ctrl Pts',(25.3714769548849,-6.,-2.20032134545781));
#6796=CARTESIAN_POINT('Ctrl Pts',(25.2661577561744,-6.2,-2.12237506397856));
#6797=CARTESIAN_POINT('Ctrl Pts',(25.2661577561744,-6.,-2.12237506397856));
#6798=CARTESIAN_POINT('',(26.0364212538138,-6.2,-2.38876666489544));
#6799=CARTESIAN_POINT('Ctrl Pts',(26.0364212538138,-6.2,-2.38876666489544));
#6800=CARTESIAN_POINT('Ctrl Pts',(25.8835677004813,-6.2,-2.38182208406475));
#6801=CARTESIAN_POINT('Ctrl Pts',(25.59926370233,-6.2,-2.36890532778003));
#6802=CARTESIAN_POINT('Ctrl Pts',(25.3714769548849,-6.2,-2.20032134545781));
#6803=CARTESIAN_POINT('Ctrl Pts',(25.2661577561744,-6.2,-2.12237506397856));
#6804=CARTESIAN_POINT('',(26.0364212538138,-6.,-2.38876666489544));
#6805=CARTESIAN_POINT('',(26.0364212538138,-6.2,-2.38876666489544));
#6806=CARTESIAN_POINT('Ctrl Pts',(26.0364212538138,-6.,-2.38876666489544));
#6807=CARTESIAN_POINT('Ctrl Pts',(25.8835677004813,-6.,-2.38182208406475));
#6808=CARTESIAN_POINT('Ctrl Pts',(25.59926370233,-6.,-2.36890532778003));
#6809=CARTESIAN_POINT('Ctrl Pts',(25.3714769548849,-6.,-2.20032134545781));
#6810=CARTESIAN_POINT('Ctrl Pts',(25.2661577561744,-6.,-2.12237506397856));
#6811=CARTESIAN_POINT('Ctrl Pts',(26.7954694509517,-6.2,-2.11358066215058));
#6812=CARTESIAN_POINT('Ctrl Pts',(26.7954694509517,-6.,-2.11358066215058));
#6813=CARTESIAN_POINT('Ctrl Pts',(26.6911349758583,-6.2,-2.19339309453848));
#6814=CARTESIAN_POINT('Ctrl Pts',(26.6911349758583,-6.,-2.19339309453848));
#6815=CARTESIAN_POINT('Ctrl Pts',(26.4679543576355,-6.2,-2.36411890675209));
#6816=CARTESIAN_POINT('Ctrl Pts',(26.4679543576355,-6.,-2.36411890675209));
#6817=CARTESIAN_POINT('Ctrl Pts',(26.18636871646,-6.2,-2.38020215672496));
#6818=CARTESIAN_POINT('Ctrl Pts',(26.18636871646,-6.,-2.38020215672496));
#6819=CARTESIAN_POINT('Ctrl Pts',(26.0364212538138,-6.2,-2.38876666489544));
#6820=CARTESIAN_POINT('Ctrl Pts',(26.0364212538138,-6.,-2.38876666489544));
#6821=CARTESIAN_POINT('',(26.7954694509517,-6.2,-2.11358066215058));
#6822=CARTESIAN_POINT('Ctrl Pts',(26.7954694509517,-6.2,-2.11358066215058));
#6823=CARTESIAN_POINT('Ctrl Pts',(26.6911349758583,-6.2,-2.19339309453848));
#6824=CARTESIAN_POINT('Ctrl Pts',(26.4679543576355,-6.2,-2.36411890675209));
#6825=CARTESIAN_POINT('Ctrl Pts',(26.18636871646,-6.2,-2.38020215672496));
#6826=CARTESIAN_POINT('Ctrl Pts',(26.0364212538138,-6.2,-2.38876666489544));
#6827=CARTESIAN_POINT('',(26.7954694509517,-6.,-2.11358066215058));
#6828=CARTESIAN_POINT('',(26.7954694509517,-6.2,-2.11358066215058));
#6829=CARTESIAN_POINT('Ctrl Pts',(26.7954694509517,-6.,-2.11358066215058));
#6830=CARTESIAN_POINT('Ctrl Pts',(26.6911349758583,-6.,-2.19339309453848));
#6831=CARTESIAN_POINT('Ctrl Pts',(26.4679543576355,-6.,-2.36411890675209));
#6832=CARTESIAN_POINT('Ctrl Pts',(26.18636871646,-6.,-2.38020215672496));
#6833=CARTESIAN_POINT('Ctrl Pts',(26.0364212538138,-6.,-2.38876666489544));
#6834=CARTESIAN_POINT('Ctrl Pts',(27.0659747563477,-6.2,-1.35012540653155));
#6835=CARTESIAN_POINT('Ctrl Pts',(27.0659747563477,-6.,-1.35012540653155));
#6836=CARTESIAN_POINT('Ctrl Pts',(27.058420098344,-6.2,-1.50082287224397));
#6837=CARTESIAN_POINT('Ctrl Pts',(27.058420098344,-6.,-1.50082287224397));
#6838=CARTESIAN_POINT('Ctrl Pts',(27.0442537557494,-6.2,-1.78340772603681));
#6839=CARTESIAN_POINT('Ctrl Pts',(27.0442537557494,-6.,-1.78340772603681));
#6840=CARTESIAN_POINT('Ctrl Pts',(26.8746340097334,-6.2,-2.00851778517219));
#6841=CARTESIAN_POINT('Ctrl Pts',(26.8746340097334,-6.,-2.00851778517219));
#6842=CARTESIAN_POINT('Ctrl Pts',(26.7954694509517,-6.2,-2.11358066215058));
#6843=CARTESIAN_POINT('Ctrl Pts',(26.7954694509517,-6.,-2.11358066215058));
#6844=CARTESIAN_POINT('',(27.0659747563477,-6.2,-1.35012540653155));
#6845=CARTESIAN_POINT('Ctrl Pts',(27.0659747563477,-6.2,-1.35012540653155));
#6846=CARTESIAN_POINT('Ctrl Pts',(27.058420098344,-6.2,-1.50082287224397));
#6847=CARTESIAN_POINT('Ctrl Pts',(27.0442537557494,-6.2,-1.78340772603681));
#6848=CARTESIAN_POINT('Ctrl Pts',(26.8746340097334,-6.2,-2.00851778517219));
#6849=CARTESIAN_POINT('Ctrl Pts',(26.7954694509517,-6.2,-2.11358066215058));
#6850=CARTESIAN_POINT('',(27.0659747563477,-6.,-1.35012540653155));
#6851=CARTESIAN_POINT('',(27.0659747563477,-6.2,-1.35012540653155));
#6852=CARTESIAN_POINT('Ctrl Pts',(27.0659747563477,-6.,-1.35012540653155));
#6853=CARTESIAN_POINT('Ctrl Pts',(27.058420098344,-6.,-1.50082287224397));
#6854=CARTESIAN_POINT('Ctrl Pts',(27.0442537557494,-6.,-1.78340772603681));
#6855=CARTESIAN_POINT('Ctrl Pts',(26.8746340097334,-6.,-2.00851778517219));
#6856=CARTESIAN_POINT('Ctrl Pts',(26.7954694509517,-6.,-2.11358066215058));
#6857=CARTESIAN_POINT('Ctrl Pts',(26.926390343301,-6.2,-0.766650399097897));
#6858=CARTESIAN_POINT('Ctrl Pts',(26.926390343301,-6.,-0.766650399097897));
#6859=CARTESIAN_POINT('Ctrl Pts',(26.9667946676518,-6.2,-0.852668218172032));
#6860=CARTESIAN_POINT('Ctrl Pts',(26.9667946676518,-6.,-0.852668218172032));
#6861=CARTESIAN_POINT('Ctrl Pts',(27.0534591945878,-6.2,-1.03717058810142));
#6862=CARTESIAN_POINT('Ctrl Pts',(27.0534591945878,-6.,-1.03717058810142));
#6863=CARTESIAN_POINT('Ctrl Pts',(27.0616191151923,-6.2,-1.24121148695668));
#6864=CARTESIAN_POINT('Ctrl Pts',(27.0616191151923,-6.,-1.24121148695668));
#6865=CARTESIAN_POINT('Ctrl Pts',(27.0659747563477,-6.2,-1.35012540653155));
#6866=CARTESIAN_POINT('Ctrl Pts',(27.0659747563477,-6.,-1.35012540653155));
#6867=CARTESIAN_POINT('Ctrl Pts',(26.926390343301,-6.2,-0.766650399097897));
#6868=CARTESIAN_POINT('Ctrl Pts',(26.9667946676518,-6.2,-0.852668218172032));
#6869=CARTESIAN_POINT('Ctrl Pts',(27.0534591945878,-6.2,-1.03717058810142));
#6870=CARTESIAN_POINT('Ctrl Pts',(27.0616191151923,-6.2,-1.24121148695668));
#6871=CARTESIAN_POINT('Ctrl Pts',(27.0659747563477,-6.2,-1.35012540653155));
#6872=CARTESIAN_POINT('Ctrl Pts',(26.926390343301,-6.,-0.766650399097897));
#6873=CARTESIAN_POINT('Ctrl Pts',(26.9667946676518,-6.,-0.852668218172032));
#6874=CARTESIAN_POINT('Ctrl Pts',(27.0534591945878,-6.,-1.03717058810142));
#6875=CARTESIAN_POINT('Ctrl Pts',(27.0616191151923,-6.,-1.24121148695668));
#6876=CARTESIAN_POINT('Ctrl Pts',(27.0659747563477,-6.,-1.35012540653155));
#6877=CARTESIAN_POINT('Origin',(24.1671399720847,-6.,-5.29573253704476));
#6878=CARTESIAN_POINT('Origin',(24.0342696510421,-6.2,-0.360806488397394));
#6879=CARTESIAN_POINT('',(24.0342696510421,-6.2,-0.360806488397394));
#6880=CARTESIAN_POINT('',(24.6550031969774,-6.2,-0.358898019256372));
#6881=CARTESIAN_POINT('',(-5.5112393454555,-6.2,-0.451645291205497));
#6882=CARTESIAN_POINT('',(24.0342696510421,-6.,-0.360806488397394));
#6883=CARTESIAN_POINT('',(24.0342696510421,-6.2,-0.360806488397394));
#6884=CARTESIAN_POINT('',(24.6550031969774,-6.,-0.358898019256372));
#6885=CARTESIAN_POINT('',(24.0342696510421,-6.,-0.360806488397394));
#6886=CARTESIAN_POINT('',(24.6550031969774,-6.2,-0.358898019256372));
#6887=CARTESIAN_POINT('Origin',(24.0367821188173,-6.2,-1.17799184268093));
#6888=CARTESIAN_POINT('',(24.0367821188173,-6.2,-1.17799184268093));
#6889=CARTESIAN_POINT('',(24.0639000559064,-6.2,-9.99815711853179));
#6890=CARTESIAN_POINT('',(24.0367821188173,-6.,-1.17799184268093));
#6891=CARTESIAN_POINT('',(24.0367821188173,-6.2,-1.17799184268093));
#6892=CARTESIAN_POINT('',(24.0367821188173,-6.,-1.17799184268093));
#6893=CARTESIAN_POINT('Origin',(23.2618884443011,-6.2,-1.18037428306146));
#6894=CARTESIAN_POINT('',(23.2618884443011,-6.2,-1.18037428306146));
#6895=CARTESIAN_POINT('',(-5.89617371493841,-6.2,-1.27002186567929));
#6896=CARTESIAN_POINT('',(23.2618884443011,-6.,-1.18037428306146));
#6897=CARTESIAN_POINT('',(23.2618884443011,-6.2,-1.18037428306146));
#6898=CARTESIAN_POINT('',(23.2618884443011,-6.,-1.18037428306146));
#6899=CARTESIAN_POINT('Origin',(23.2631299993907,-6.2,-1.58419265072193));
#6900=CARTESIAN_POINT('',(23.2631299993907,-6.2,-1.58419265072193));
#6901=CARTESIAN_POINT('',(23.289627158935,-6.2,-10.2024487427425));
#6902=CARTESIAN_POINT('',(23.2631299993907,-6.,-1.58419265072193));
#6903=CARTESIAN_POINT('',(23.2631299993907,-6.2,-1.58419265072193));
#6904=CARTESIAN_POINT('',(23.2631299993907,-6.,-1.58419265072193));
#6905=CARTESIAN_POINT('Origin',(24.0380236739069,-6.2,-1.5818102103414));
#6906=CARTESIAN_POINT('',(24.0380236739069,-6.2,-1.5818102103414));
#6907=CARTESIAN_POINT('',(-5.50748532259066,-6.2,-1.6726490131495));
#6908=CARTESIAN_POINT('',(24.0380236739069,-6.,-1.5818102103414));
#6909=CARTESIAN_POINT('',(24.0380236739069,-6.2,-1.5818102103414));
#6910=CARTESIAN_POINT('',(24.0380236739069,-6.,-1.5818102103414));
#6911=CARTESIAN_POINT('Origin',(24.0390974508855,-6.2,-1.93105839944372));
#6912=CARTESIAN_POINT('',(24.0390974508855,-6.2,-1.93105839944372));
#6913=CARTESIAN_POINT('',(24.0650577219406,-6.2,-10.3746903969131));
#6914=CARTESIAN_POINT('',(24.0390974508855,-6.,-1.93105839944372));
#6915=CARTESIAN_POINT('',(24.0390974508855,-6.2,-1.93105839944372));
#6916=CARTESIAN_POINT('',(24.0390974508855,-6.,-1.93105839944372));
#6917=CARTESIAN_POINT('Origin',(23.1318713615854,-6.2,-1.93384770091888));
#6918=CARTESIAN_POINT('',(23.1318713615854,-6.2,-1.93384770091888));
#6919=CARTESIAN_POINT('',(-5.96002459026213,-6.2,-2.0232918529894));
#6920=CARTESIAN_POINT('',(23.1318713615854,-6.,-1.93384770091888));
#6921=CARTESIAN_POINT('',(23.1318713615854,-6.2,-1.93384770091888));
#6922=CARTESIAN_POINT('',(23.1318713615854,-6.,-1.93384770091888));
#6923=CARTESIAN_POINT('Origin',(23.1331926091704,-6.2,-2.3635862179443));
#6924=CARTESIAN_POINT('',(23.1331926091704,-6.2,-2.3635862179443));
#6925=CARTESIAN_POINT('',(23.1584922564329,-6.2,-10.5923489569012));
#6926=CARTESIAN_POINT('',(23.1331926091704,-6.,-2.3635862179443));
#6927=CARTESIAN_POINT('',(23.1331926091704,-6.2,-2.3635862179443));
#6928=CARTESIAN_POINT('',(23.1331926091704,-6.,-2.3635862179443));
#6929=CARTESIAN_POINT('Origin',(24.6611522444058,-6.2,-2.35888844732811));
#6930=CARTESIAN_POINT('',(24.6611522444058,-6.2,-2.35888844732811));
#6931=CARTESIAN_POINT('',(-5.1947235250595,-6.2,-2.45068148470673));
#6932=CARTESIAN_POINT('',(24.6611522444058,-6.,-2.35888844732811));
#6933=CARTESIAN_POINT('',(24.6611522444058,-6.2,-2.35888844732811));
#6934=CARTESIAN_POINT('',(24.6611522444058,-6.,-2.35888844732811));
#6935=CARTESIAN_POINT('Origin',(24.6550031969774,-6.2,-0.358898019256373));
#6936=CARTESIAN_POINT('',(24.6833773679541,-6.2,-9.58765597224899));
#6937=CARTESIAN_POINT('',(24.6550031969774,-6.,-0.358898019256373));
#6938=CARTESIAN_POINT('Origin',(24.1671399720847,-6.,-5.29573253704476));
#6939=CARTESIAN_POINT('Origin',(22.1707046693657,-6.2,-0.36653609054812));
#6940=CARTESIAN_POINT('',(22.1707046693657,-6.2,-0.36653609054812));
#6941=CARTESIAN_POINT('',(22.7914376192574,-6.2,-0.364627623239657));
#6942=CARTESIAN_POINT('',(-6.44302183629368,-6.2,-0.454510092280856));
#6943=CARTESIAN_POINT('',(22.1707046693657,-6.,-0.36653609054812));
#6944=CARTESIAN_POINT('',(22.1707046693657,-6.2,-0.36653609054812));
#6945=CARTESIAN_POINT('',(22.7914376192574,-6.,-0.364627623239657));
#6946=CARTESIAN_POINT('',(22.1707046693657,-6.,-0.36653609054812));
#6947=CARTESIAN_POINT('',(22.7914376192574,-6.2,-0.364627623239657));
#6948=CARTESIAN_POINT('Origin',(22.1732171371409,-6.2,-1.18372144483165));
#6949=CARTESIAN_POINT('',(22.1732171371409,-6.2,-1.18372144483165));
#6950=CARTESIAN_POINT('',(22.20033507423,-6.2,-10.0038867206825));
#6951=CARTESIAN_POINT('',(22.1732171371409,-6.,-1.18372144483165));
#6952=CARTESIAN_POINT('',(22.1732171371409,-6.2,-1.18372144483165));
#6953=CARTESIAN_POINT('',(22.1732171371409,-6.,-1.18372144483165));
#6954=CARTESIAN_POINT('Origin',(21.3983222705374,-6.2,-1.1861038888773));
#6955=CARTESIAN_POINT('',(21.3983222705374,-6.2,-1.18610388887731));
#6956=CARTESIAN_POINT('',(-6.82795680182023,-6.2,-1.27288666858722));
#6957=CARTESIAN_POINT('',(21.3983222705374,-6.,-1.18610388887731));
#6958=CARTESIAN_POINT('',(21.3983222705374,-6.2,-1.18610388887731));
#6959=CARTESIAN_POINT('',(21.3983222705374,-6.,-1.1861038888773));
#6960=CARTESIAN_POINT('Origin',(21.3995638256271,-6.2,-1.58992225653777));
#6961=CARTESIAN_POINT('',(21.3995638256271,-6.2,-1.58992225653777));
#6962=CARTESIAN_POINT('',(21.4260609851714,-6.2,-10.2081783485584));
#6963=CARTESIAN_POINT('',(21.3995638256271,-6.,-1.58992225653777));
#6964=CARTESIAN_POINT('',(21.3995638256271,-6.2,-1.58992225653777));
#6965=CARTESIAN_POINT('',(21.3995638256271,-6.,-1.58992225653777));
#6966=CARTESIAN_POINT('Origin',(22.1744586922306,-6.2,-1.58753981249212));
#6967=CARTESIAN_POINT('',(22.1744586922306,-6.2,-1.58753981249212));
#6968=CARTESIAN_POINT('',(-6.43926781342885,-6.2,-1.67551381422487));
#6969=CARTESIAN_POINT('',(22.1744586922306,-6.,-1.58753981249212));
#6970=CARTESIAN_POINT('',(22.1744586922306,-6.2,-1.58753981249212));
#6971=CARTESIAN_POINT('',(22.1744586922306,-6.,-1.58753981249212));
#6972=CARTESIAN_POINT('Origin',(22.1755324692091,-6.2,-1.93678800159445));
#6973=CARTESIAN_POINT('',(22.1755324692091,-6.2,-1.93678800159445));
#6974=CARTESIAN_POINT('',(22.2014927402642,-6.2,-10.3804199990638));
#6975=CARTESIAN_POINT('',(22.1755324692091,-6.,-1.93678800159445));
#6976=CARTESIAN_POINT('',(22.1755324692091,-6.2,-1.93678800159445));
#6977=CARTESIAN_POINT('',(22.1755324692091,-6.,-1.93678800159445));
#6978=CARTESIAN_POINT('Origin',(21.2683051878218,-6.2,-1.93957730673473));
#6979=CARTESIAN_POINT('',(21.2683051878218,-6.2,-1.93957730673473));
#6980=CARTESIAN_POINT('',(-6.89180767714395,-6.2,-2.02615665589733));
#6981=CARTESIAN_POINT('',(21.2683051878218,-6.,-1.93957730673473));
#6982=CARTESIAN_POINT('',(21.2683051878218,-6.2,-1.93957730673473));
#6983=CARTESIAN_POINT('',(21.2683051878218,-6.,-1.93957730673473));
#6984=CARTESIAN_POINT('Origin',(21.2696264354067,-6.2,-2.36931582376014));
#6985=CARTESIAN_POINT('',(21.2696264354067,-6.2,-2.36931582376014));
#6986=CARTESIAN_POINT('',(21.2949260826692,-6.2,-10.598078562717));
#6987=CARTESIAN_POINT('',(21.2696264354067,-6.,-2.36931582376014));
#6988=CARTESIAN_POINT('',(21.2696264354067,-6.2,-2.36931582376014));
#6989=CARTESIAN_POINT('',(21.2696264354067,-6.,-2.36931582376014));
#6990=CARTESIAN_POINT('Origin',(22.7975866666857,-6.2,-2.3646180513114));
#6991=CARTESIAN_POINT('',(22.7975866666857,-6.2,-2.3646180513114));
#6992=CARTESIAN_POINT('',(-6.1265063139195,-6.2,-2.45354628669837));
#6993=CARTESIAN_POINT('',(22.7975866666857,-6.,-2.3646180513114));
#6994=CARTESIAN_POINT('',(22.7975866666857,-6.2,-2.3646180513114));
#6995=CARTESIAN_POINT('',(22.7975866666857,-6.,-2.3646180513114));
#6996=CARTESIAN_POINT('Origin',(22.7914376192574,-6.2,-0.364627623239657));
#6997=CARTESIAN_POINT('',(22.8198117902341,-6.2,-9.59338557623229));
#6998=CARTESIAN_POINT('',(22.7914376192574,-6.,-0.364627623239657));
#6999=CARTESIAN_POINT('Origin',(24.1671399720847,-6.,-5.29573253704476));
#7000=CARTESIAN_POINT('Ctrl Pts',(25.3607135607951,-6.2,-9.80288440201633));
#7001=CARTESIAN_POINT('Ctrl Pts',(25.3607135607951,-6.,-9.80288440201633));
#7002=CARTESIAN_POINT('Ctrl Pts',(25.4195275573891,-6.2,-9.7976513208741));
#7003=CARTESIAN_POINT('Ctrl Pts',(25.4195275573891,-6.,-9.7976513208741));
#7004=CARTESIAN_POINT('Ctrl Pts',(25.5348154984612,-6.2,-9.78739336893595));
#7005=CARTESIAN_POINT('Ctrl Pts',(25.5348154984612,-6.,-9.78739336893595));
#7006=CARTESIAN_POINT('Ctrl Pts',(25.6191366613288,-6.2,-9.70834923149646));
#7007=CARTESIAN_POINT('Ctrl Pts',(25.6191366613288,-6.,-9.70834923149646));
#7008=CARTESIAN_POINT('Ctrl Pts',(25.6604414901412,-6.2,-9.66962936029775));
#7009=CARTESIAN_POINT('Ctrl Pts',(25.6604414901412,-6.,-9.66962936029775));
#7010=CARTESIAN_POINT('',(25.3607135607951,-6.2,-9.80288440201633));
#7011=CARTESIAN_POINT('',(25.6604414901412,-6.2,-9.66962936029775));
#7012=CARTESIAN_POINT('Ctrl Pts',(25.3607135607951,-6.2,-9.80288440201633));
#7013=CARTESIAN_POINT('Ctrl Pts',(25.4195275573891,-6.2,-9.7976513208741));
#7014=CARTESIAN_POINT('Ctrl Pts',(25.5348154984612,-6.2,-9.78739336893595));
#7015=CARTESIAN_POINT('Ctrl Pts',(25.6191366613288,-6.2,-9.70834923149646));
#7016=CARTESIAN_POINT('Ctrl Pts',(25.6604414901412,-6.2,-9.66962936029775));
#7017=CARTESIAN_POINT('',(25.3607135607951,-6.,-9.80288440201633));
#7018=CARTESIAN_POINT('',(25.3607135607951,-6.2,-9.80288440201633));
#7019=CARTESIAN_POINT('',(25.6604414901412,-6.,-9.66962936029775));
#7020=CARTESIAN_POINT('Ctrl Pts',(25.3607135607951,-6.,-9.80288440201633));
#7021=CARTESIAN_POINT('Ctrl Pts',(25.4195275573891,-6.,-9.7976513208741));
#7022=CARTESIAN_POINT('Ctrl Pts',(25.5348154984612,-6.,-9.78739336893595));
#7023=CARTESIAN_POINT('Ctrl Pts',(25.6191366613288,-6.,-9.70834923149646));
#7024=CARTESIAN_POINT('Ctrl Pts',(25.6604414901412,-6.,-9.66962936029775));
#7025=CARTESIAN_POINT('',(25.6604414901412,-6.2,-9.66962936029775));
#7026=CARTESIAN_POINT('Ctrl Pts',(25.0519900412226,-6.2,-9.67286427541454));
#7027=CARTESIAN_POINT('Ctrl Pts',(25.0519900412226,-6.,-9.67286427541454));
#7028=CARTESIAN_POINT('Ctrl Pts',(25.0943099287611,-6.2,-9.71092116656584));
#7029=CARTESIAN_POINT('Ctrl Pts',(25.0943099287611,-6.,-9.71092116656584));
#7030=CARTESIAN_POINT('Ctrl Pts',(25.181951111737,-6.2,-9.78973401685658));
#7031=CARTESIAN_POINT('Ctrl Pts',(25.181951111737,-6.,-9.78973401685658));
#7032=CARTESIAN_POINT('Ctrl Pts',(25.2997809889631,-6.2,-9.79840199090266));
#7033=CARTESIAN_POINT('Ctrl Pts',(25.2997809889631,-6.,-9.79840199090266));
#7034=CARTESIAN_POINT('Ctrl Pts',(25.3607135607951,-6.2,-9.80288440201633));
#7035=CARTESIAN_POINT('Ctrl Pts',(25.3607135607951,-6.,-9.80288440201633));
#7036=CARTESIAN_POINT('',(25.0519900412226,-6.2,-9.67286427541454));
#7037=CARTESIAN_POINT('Ctrl Pts',(25.0519900412226,-6.2,-9.67286427541454));
#7038=CARTESIAN_POINT('Ctrl Pts',(25.0943099287611,-6.2,-9.71092116656584));
#7039=CARTESIAN_POINT('Ctrl Pts',(25.181951111737,-6.2,-9.78973401685658));
#7040=CARTESIAN_POINT('Ctrl Pts',(25.2997809889631,-6.2,-9.79840199090266));
#7041=CARTESIAN_POINT('Ctrl Pts',(25.3607135607951,-6.2,-9.80288440201633));
#7042=CARTESIAN_POINT('',(25.0519900412226,-6.,-9.67286427541454));
#7043=CARTESIAN_POINT('',(25.0519900412226,-6.2,-9.67286427541454));
#7044=CARTESIAN_POINT('Ctrl Pts',(25.0519900412226,-6.,-9.67286427541454));
#7045=CARTESIAN_POINT('Ctrl Pts',(25.0943099287611,-6.,-9.71092116656584));
#7046=CARTESIAN_POINT('Ctrl Pts',(25.181951111737,-6.,-9.78973401685658));
#7047=CARTESIAN_POINT('Ctrl Pts',(25.2997809889631,-6.,-9.79840199090266));
#7048=CARTESIAN_POINT('Ctrl Pts',(25.3607135607951,-6.,-9.80288440201633));
#7049=CARTESIAN_POINT('Ctrl Pts',(24.936126780463,-6.2,-9.26121321907504));
#7050=CARTESIAN_POINT('Ctrl Pts',(24.936126780463,-6.,-9.26121321907504));
#7051=CARTESIAN_POINT('Ctrl Pts',(24.9380631733748,-6.2,-9.34500058414189));
#7052=CARTESIAN_POINT('Ctrl Pts',(24.9380631733748,-6.,-9.34500058414189));
#7053=CARTESIAN_POINT('Ctrl Pts',(24.9414843589289,-6.2,-9.49303465369454));
#7054=CARTESIAN_POINT('Ctrl Pts',(24.9414843589289,-6.,-9.49303465369454));
#7055=CARTESIAN_POINT('Ctrl Pts',(25.0185455338409,-6.2,-9.61843890120545));
#7056=CARTESIAN_POINT('Ctrl Pts',(25.0185455338409,-6.,-9.61843890120545));
#7057=CARTESIAN_POINT('Ctrl Pts',(25.0519900412226,-6.2,-9.67286427541454));
#7058=CARTESIAN_POINT('Ctrl Pts',(25.0519900412226,-6.,-9.67286427541454));
#7059=CARTESIAN_POINT('',(24.936126780463,-6.2,-9.26121321907504));
#7060=CARTESIAN_POINT('Ctrl Pts',(24.936126780463,-6.2,-9.26121321907504));
#7061=CARTESIAN_POINT('Ctrl Pts',(24.9380631733748,-6.2,-9.34500058414189));
#7062=CARTESIAN_POINT('Ctrl Pts',(24.9414843589289,-6.2,-9.49303465369454));
#7063=CARTESIAN_POINT('Ctrl Pts',(25.0185455338409,-6.2,-9.61843890120545));
#7064=CARTESIAN_POINT('Ctrl Pts',(25.0519900412226,-6.2,-9.67286427541454));
#7065=CARTESIAN_POINT('',(24.936126780463,-6.,-9.26121321907504));
#7066=CARTESIAN_POINT('',(24.936126780463,-6.2,-9.26121321907504));
#7067=CARTESIAN_POINT('Ctrl Pts',(24.936126780463,-6.,-9.26121321907504));
#7068=CARTESIAN_POINT('Ctrl Pts',(24.9380631733748,-6.,-9.34500058414189));
#7069=CARTESIAN_POINT('Ctrl Pts',(24.9414843589289,-6.,-9.49303465369454));
#7070=CARTESIAN_POINT('Ctrl Pts',(25.0185455338409,-6.,-9.61843890120545));
#7071=CARTESIAN_POINT('Ctrl Pts',(25.0519900412226,-6.,-9.67286427541454));
#7072=CARTESIAN_POINT('Ctrl Pts',(25.0438362374455,-6.2,-8.79566829317985));
#7073=CARTESIAN_POINT('Ctrl Pts',(25.0438362374455,-6.,-8.79566829317985));
#7074=CARTESIAN_POINT('Ctrl Pts',(25.012433154611,-6.2,-8.85498897650121));
#7075=CARTESIAN_POINT('Ctrl Pts',(25.012433154611,-6.,-8.85498897650121));
#7076=CARTESIAN_POINT('Ctrl Pts',(24.93593259952,-6.2,-8.99949915807745));
#7077=CARTESIAN_POINT('Ctrl Pts',(24.93593259952,-6.,-8.99949915807745));
#7078=CARTESIAN_POINT('Ctrl Pts',(24.936054763919,-6.2,-9.16415043884381));
#7079=CARTESIAN_POINT('Ctrl Pts',(24.936054763919,-6.,-9.16415043884381));
#7080=CARTESIAN_POINT('Ctrl Pts',(24.936126780463,-6.2,-9.26121321907504));
#7081=CARTESIAN_POINT('Ctrl Pts',(24.936126780463,-6.,-9.26121321907504));
#7082=CARTESIAN_POINT('',(25.0438362374455,-6.2,-8.79566829317985));
#7083=CARTESIAN_POINT('Ctrl Pts',(25.0438362374455,-6.2,-8.79566829317985));
#7084=CARTESIAN_POINT('Ctrl Pts',(25.012433154611,-6.2,-8.85498897650121));
#7085=CARTESIAN_POINT('Ctrl Pts',(24.93593259952,-6.2,-8.99949915807745));
#7086=CARTESIAN_POINT('Ctrl Pts',(24.936054763919,-6.2,-9.16415043884381));
#7087=CARTESIAN_POINT('Ctrl Pts',(24.936126780463,-6.2,-9.26121321907504));
#7088=CARTESIAN_POINT('',(25.0438362374455,-6.,-8.79566829317985));
#7089=CARTESIAN_POINT('',(25.0438362374455,-6.2,-8.79566829317985));
#7090=CARTESIAN_POINT('Ctrl Pts',(25.0438362374455,-6.,-8.79566829317985));
#7091=CARTESIAN_POINT('Ctrl Pts',(25.012433154611,-6.,-8.85498897650121));
#7092=CARTESIAN_POINT('Ctrl Pts',(24.93593259952,-6.,-8.99949915807745));
#7093=CARTESIAN_POINT('Ctrl Pts',(24.936054763919,-6.,-9.16415043884381));
#7094=CARTESIAN_POINT('Ctrl Pts',(24.936126780463,-6.,-9.26121321907504));
#7095=CARTESIAN_POINT('Ctrl Pts',(25.3517583209899,-6.2,-8.66511662274168));
#7096=CARTESIAN_POINT('Ctrl Pts',(25.3517583209899,-6.,-8.66511662274168));
#7097=CARTESIAN_POINT('Ctrl Pts',(25.290075631849,-6.2,-8.66962789632353));
#7098=CARTESIAN_POINT('Ctrl Pts',(25.290075631849,-6.,-8.66962789632353));
#7099=CARTESIAN_POINT('Ctrl Pts',(25.1721948604169,-6.2,-8.67824931697454));
#7100=CARTESIAN_POINT('Ctrl Pts',(25.1721948604169,-6.,-8.67824931697454));
#7101=CARTESIAN_POINT('Ctrl Pts',(25.0852744035539,-6.2,-8.75776178617916));
#7102=CARTESIAN_POINT('Ctrl Pts',(25.0852744035539,-6.,-8.75776178617916));
#7103=CARTESIAN_POINT('Ctrl Pts',(25.0438362374455,-6.2,-8.79566829317985));
#7104=CARTESIAN_POINT('Ctrl Pts',(25.0438362374455,-6.,-8.79566829317985));
#7105=CARTESIAN_POINT('',(25.3517583209899,-6.2,-8.66511662274168));
#7106=CARTESIAN_POINT('Ctrl Pts',(25.3517583209899,-6.2,-8.66511662274168));
#7107=CARTESIAN_POINT('Ctrl Pts',(25.290075631849,-6.2,-8.66962789632353));
#7108=CARTESIAN_POINT('Ctrl Pts',(25.1721948604169,-6.2,-8.67824931697454));
#7109=CARTESIAN_POINT('Ctrl Pts',(25.0852744035539,-6.2,-8.75776178617916));
#7110=CARTESIAN_POINT('Ctrl Pts',(25.0438362374455,-6.2,-8.79566829317985));
#7111=CARTESIAN_POINT('',(25.3517583209899,-6.,-8.66511662274168));
#7112=CARTESIAN_POINT('',(25.3517583209899,-6.2,-8.66511662274168));
#7113=CARTESIAN_POINT('Ctrl Pts',(25.3517583209899,-6.,-8.66511662274168));
#7114=CARTESIAN_POINT('Ctrl Pts',(25.290075631849,-6.,-8.66962789632353));
#7115=CARTESIAN_POINT('Ctrl Pts',(25.1721948604169,-6.,-8.67824931697454));
#7116=CARTESIAN_POINT('Ctrl Pts',(25.0852744035539,-6.,-8.75776178617916));
#7117=CARTESIAN_POINT('Ctrl Pts',(25.0438362374455,-6.,-8.79566829317985));
#7118=CARTESIAN_POINT('Ctrl Pts',(25.6591213924815,-6.2,-8.7965049908361));
#7119=CARTESIAN_POINT('Ctrl Pts',(25.6591213924815,-6.,-8.7965049908361));
#7120=CARTESIAN_POINT('Ctrl Pts',(25.6169696553992,-6.2,-8.75804740291853));
#7121=CARTESIAN_POINT('Ctrl Pts',(25.6169696553992,-6.,-8.75804740291853));
#7122=CARTESIAN_POINT('Ctrl Pts',(25.5300062764228,-6.2,-8.67870543449485));
#7123=CARTESIAN_POINT('Ctrl Pts',(25.5300062764228,-6.,-8.67870543449485));
#7124=CARTESIAN_POINT('Ctrl Pts',(25.4123736295244,-6.2,-8.66973765760873));
#7125=CARTESIAN_POINT('Ctrl Pts',(25.4123736295244,-6.,-8.66973765760873));
#7126=CARTESIAN_POINT('Ctrl Pts',(25.3517583209899,-6.2,-8.66511662274168));
#7127=CARTESIAN_POINT('Ctrl Pts',(25.3517583209899,-6.,-8.66511662274168));
#7128=CARTESIAN_POINT('',(25.6591213924815,-6.2,-8.7965049908361));
#7129=CARTESIAN_POINT('Ctrl Pts',(25.6591213924815,-6.2,-8.7965049908361));
#7130=CARTESIAN_POINT('Ctrl Pts',(25.6169696553992,-6.2,-8.75804740291853));
#7131=CARTESIAN_POINT('Ctrl Pts',(25.5300062764228,-6.2,-8.67870543449485));
#7132=CARTESIAN_POINT('Ctrl Pts',(25.4123736295244,-6.2,-8.66973765760873));
#7133=CARTESIAN_POINT('Ctrl Pts',(25.3517583209899,-6.2,-8.66511662274168));
#7134=CARTESIAN_POINT('',(25.6591213924815,-6.,-8.7965049908361));
#7135=CARTESIAN_POINT('',(25.6591213924815,-6.2,-8.7965049908361));
#7136=CARTESIAN_POINT('Ctrl Pts',(25.6591213924815,-6.,-8.7965049908361));
#7137=CARTESIAN_POINT('Ctrl Pts',(25.6169696553992,-6.,-8.75804740291853));
#7138=CARTESIAN_POINT('Ctrl Pts',(25.5300062764228,-6.,-8.67870543449485));
#7139=CARTESIAN_POINT('Ctrl Pts',(25.4123736295244,-6.,-8.66973765760873));
#7140=CARTESIAN_POINT('Ctrl Pts',(25.3517583209899,-6.,-8.66511662274168));
#7141=CARTESIAN_POINT('Ctrl Pts',(25.7723278677907,-6.2,-9.23135693949865));
#7142=CARTESIAN_POINT('Ctrl Pts',(25.7723278677907,-6.,-9.23135693949865));
#7143=CARTESIAN_POINT('Ctrl Pts',(25.7708863328097,-6.2,-9.14229760115103));
#7144=CARTESIAN_POINT('Ctrl Pts',(25.7708863328097,-6.,-9.14229760115103));
#7145=CARTESIAN_POINT('Ctrl Pts',(25.7683760676733,-6.2,-8.98721114465382));
#7146=CARTESIAN_POINT('Ctrl Pts',(25.7683760676733,-6.,-8.98721114465382));
#7147=CARTESIAN_POINT('Ctrl Pts',(25.6917461255347,-6.2,-8.85345209492091));
#7148=CARTESIAN_POINT('Ctrl Pts',(25.6917461255347,-6.,-8.85345209492091));
#7149=CARTESIAN_POINT('Ctrl Pts',(25.6591213924815,-6.2,-8.7965049908361));
#7150=CARTESIAN_POINT('Ctrl Pts',(25.6591213924815,-6.,-8.7965049908361));
#7151=CARTESIAN_POINT('',(25.7723278677907,-6.2,-9.23135693949865));
#7152=CARTESIAN_POINT('Ctrl Pts',(25.7723278677907,-6.2,-9.23135693949865));
#7153=CARTESIAN_POINT('Ctrl Pts',(25.7708863328097,-6.2,-9.14229760115103));
#7154=CARTESIAN_POINT('Ctrl Pts',(25.7683760676733,-6.2,-8.98721114465382));
#7155=CARTESIAN_POINT('Ctrl Pts',(25.6917461255347,-6.2,-8.85345209492091));
#7156=CARTESIAN_POINT('Ctrl Pts',(25.6591213924815,-6.2,-8.7965049908361));
#7157=CARTESIAN_POINT('',(25.7723278677907,-6.,-9.23135693949865));
#7158=CARTESIAN_POINT('',(25.7723278677907,-6.2,-9.23135693949865));
#7159=CARTESIAN_POINT('Ctrl Pts',(25.7723278677907,-6.,-9.23135693949865));
#7160=CARTESIAN_POINT('Ctrl Pts',(25.7708863328097,-6.,-9.14229760115103));
#7161=CARTESIAN_POINT('Ctrl Pts',(25.7683760676733,-6.,-8.98721114465382));
#7162=CARTESIAN_POINT('Ctrl Pts',(25.6917461255347,-6.,-8.85345209492091));
#7163=CARTESIAN_POINT('Ctrl Pts',(25.6591213924815,-6.,-8.7965049908361));
#7164=CARTESIAN_POINT('Ctrl Pts',(25.6604414901412,-6.2,-9.66962936029775));
#7165=CARTESIAN_POINT('Ctrl Pts',(25.6604414901412,-6.,-9.66962936029775));
#7166=CARTESIAN_POINT('Ctrl Pts',(25.6931077604858,-6.2,-9.61227789613119));
#7167=CARTESIAN_POINT('Ctrl Pts',(25.6931077604858,-6.,-9.61227789613119));
#7168=CARTESIAN_POINT('Ctrl Pts',(25.7699429700689,-6.2,-9.47737998086082));
#7169=CARTESIAN_POINT('Ctrl Pts',(25.7699429700689,-6.,-9.47737998086082));
#7170=CARTESIAN_POINT('Ctrl Pts',(25.771457332329,-6.2,-9.32116027988848));
#7171=CARTESIAN_POINT('Ctrl Pts',(25.771457332329,-6.,-9.32116027988848));
#7172=CARTESIAN_POINT('Ctrl Pts',(25.7723278677907,-6.2,-9.23135693949865));
#7173=CARTESIAN_POINT('Ctrl Pts',(25.7723278677907,-6.,-9.23135693949865));
#7174=CARTESIAN_POINT('Ctrl Pts',(25.6604414901412,-6.2,-9.66962936029775));
#7175=CARTESIAN_POINT('Ctrl Pts',(25.6931077604858,-6.2,-9.61227789613119));
#7176=CARTESIAN_POINT('Ctrl Pts',(25.7699429700689,-6.2,-9.47737998086082));
#7177=CARTESIAN_POINT('Ctrl Pts',(25.771457332329,-6.2,-9.32116027988848));
#7178=CARTESIAN_POINT('Ctrl Pts',(25.7723278677907,-6.2,-9.23135693949865));
#7179=CARTESIAN_POINT('Ctrl Pts',(25.6604414901412,-6.,-9.66962936029775));
#7180=CARTESIAN_POINT('Ctrl Pts',(25.6931077604858,-6.,-9.61227789613119));
#7181=CARTESIAN_POINT('Ctrl Pts',(25.7699429700689,-6.,-9.47737998086082));
#7182=CARTESIAN_POINT('Ctrl Pts',(25.771457332329,-6.,-9.32116027988848));
#7183=CARTESIAN_POINT('Ctrl Pts',(25.7723278677907,-6.,-9.23135693949865));
#7184=CARTESIAN_POINT('Ctrl Pts',(25.8909106869237,-6.2,-8.3087506565826));
#7185=CARTESIAN_POINT('Ctrl Pts',(25.8909106869237,-6.,-8.3087506565826));
#7186=CARTESIAN_POINT('Ctrl Pts',(25.9618011371927,-6.2,-8.35064882117758));
#7187=CARTESIAN_POINT('Ctrl Pts',(25.9618011371927,-6.,-8.35064882117758));
#7188=CARTESIAN_POINT('Ctrl Pts',(26.1073425857145,-6.2,-8.43666773546602));
#7189=CARTESIAN_POINT('Ctrl Pts',(26.1073425857145,-6.,-8.43666773546602));
#7190=CARTESIAN_POINT('Ctrl Pts',(26.2021357618362,-6.2,-8.57682208911281));
#7191=CARTESIAN_POINT('Ctrl Pts',(26.2021357618362,-6.,-8.57682208911281));
#7192=CARTESIAN_POINT('Ctrl Pts',(26.2507569985829,-6.2,-8.64870994316039));
#7193=CARTESIAN_POINT('Ctrl Pts',(26.2507569985829,-6.,-8.64870994316039));
#7194=CARTESIAN_POINT('',(25.8909106869237,-6.2,-8.3087506565826));
#7195=CARTESIAN_POINT('',(26.2507569985829,-6.2,-8.64870994316039));
#7196=CARTESIAN_POINT('Ctrl Pts',(25.8909106869237,-6.2,-8.3087506565826));
#7197=CARTESIAN_POINT('Ctrl Pts',(25.9618011371927,-6.2,-8.35064882117758));
#7198=CARTESIAN_POINT('Ctrl Pts',(26.1073425857145,-6.2,-8.43666773546602));
#7199=CARTESIAN_POINT('Ctrl Pts',(26.2021357618362,-6.2,-8.57682208911281));
#7200=CARTESIAN_POINT('Ctrl Pts',(26.2507569985829,-6.2,-8.64870994316039));
#7201=CARTESIAN_POINT('',(25.8909106869237,-6.,-8.3087506565826));
#7202=CARTESIAN_POINT('',(25.8909106869237,-6.2,-8.3087506565826));
#7203=CARTESIAN_POINT('',(26.2507569985829,-6.,-8.64870994316039));
#7204=CARTESIAN_POINT('Ctrl Pts',(25.8909106869237,-6.,-8.3087506565826));
#7205=CARTESIAN_POINT('Ctrl Pts',(25.9618011371927,-6.,-8.35064882117758));
#7206=CARTESIAN_POINT('Ctrl Pts',(26.1073425857145,-6.,-8.43666773546602));
#7207=CARTESIAN_POINT('Ctrl Pts',(26.2021357618362,-6.,-8.57682208911281));
#7208=CARTESIAN_POINT('Ctrl Pts',(26.2507569985829,-6.,-8.64870994316039));
#7209=CARTESIAN_POINT('',(26.2507569985829,-6.2,-8.64870994316039));
#7210=CARTESIAN_POINT('Ctrl Pts',(25.3298724403849,-6.2,-8.2026988562268));
#7211=CARTESIAN_POINT('Ctrl Pts',(25.3298724403849,-6.,-8.2026988562268));
#7212=CARTESIAN_POINT('Ctrl Pts',(25.4342332012416,-6.2,-8.20522400226396));
#7213=CARTESIAN_POINT('Ctrl Pts',(25.4342332012416,-6.,-8.20522400226396));
#7214=CARTESIAN_POINT('Ctrl Pts',(25.627334885259,-6.2,-8.20989635179614));
#7215=CARTESIAN_POINT('Ctrl Pts',(25.627334885259,-6.,-8.20989635179614));
#7216=CARTESIAN_POINT('Ctrl Pts',(25.8079212475457,-6.2,-8.27762540425476));
#7217=CARTESIAN_POINT('Ctrl Pts',(25.8079212475457,-6.,-8.27762540425476));
#7218=CARTESIAN_POINT('Ctrl Pts',(25.8909106869237,-6.2,-8.3087506565826));
#7219=CARTESIAN_POINT('Ctrl Pts',(25.8909106869237,-6.,-8.3087506565826));
#7220=CARTESIAN_POINT('',(25.3298724403849,-6.2,-8.2026988562268));
#7221=CARTESIAN_POINT('Ctrl Pts',(25.3298724403849,-6.2,-8.2026988562268));
#7222=CARTESIAN_POINT('Ctrl Pts',(25.4342332012416,-6.2,-8.20522400226396));
#7223=CARTESIAN_POINT('Ctrl Pts',(25.627334885259,-6.2,-8.20989635179614));
#7224=CARTESIAN_POINT('Ctrl Pts',(25.8079212475457,-6.2,-8.27762540425476));
#7225=CARTESIAN_POINT('Ctrl Pts',(25.8909106869237,-6.2,-8.3087506565826));
#7226=CARTESIAN_POINT('',(25.3298724403849,-6.,-8.2026988562268));
#7227=CARTESIAN_POINT('',(25.3298724403849,-6.2,-8.2026988562268));
#7228=CARTESIAN_POINT('Ctrl Pts',(25.3298724403849,-6.,-8.2026988562268));
#7229=CARTESIAN_POINT('Ctrl Pts',(25.4342332012416,-6.,-8.20522400226396));
#7230=CARTESIAN_POINT('Ctrl Pts',(25.627334885259,-6.,-8.20989635179614));
#7231=CARTESIAN_POINT('Ctrl Pts',(25.8079212475457,-6.,-8.27762540425476));
#7232=CARTESIAN_POINT('Ctrl Pts',(25.8909106869237,-6.,-8.3087506565826));
#7233=CARTESIAN_POINT('Ctrl Pts',(24.7750046235512,-6.2,-8.32855264176703));
#7234=CARTESIAN_POINT('Ctrl Pts',(24.7750046235512,-6.,-8.32855264176703));
#7235=CARTESIAN_POINT('Ctrl Pts',(24.8570319657502,-6.2,-8.29213777285093));
#7236=CARTESIAN_POINT('Ctrl Pts',(24.8570319657502,-6.,-8.29213777285093));
#7237=CARTESIAN_POINT('Ctrl Pts',(25.03340112272,-6.2,-8.21384120051633));
#7238=CARTESIAN_POINT('Ctrl Pts',(25.03340112272,-6.,-8.21384120051633));
#7239=CARTESIAN_POINT('Ctrl Pts',(25.2265532363048,-6.2,-8.20658192374459));
#7240=CARTESIAN_POINT('Ctrl Pts',(25.2265532363048,-6.,-8.20658192374459));
#7241=CARTESIAN_POINT('Ctrl Pts',(25.3298724403849,-6.2,-8.2026988562268));
#7242=CARTESIAN_POINT('Ctrl Pts',(25.3298724403849,-6.,-8.2026988562268));
#7243=CARTESIAN_POINT('',(24.7750046235512,-6.2,-8.32855264176703));
#7244=CARTESIAN_POINT('Ctrl Pts',(24.7750046235512,-6.2,-8.32855264176703));
#7245=CARTESIAN_POINT('Ctrl Pts',(24.8570319657502,-6.2,-8.29213777285093));
#7246=CARTESIAN_POINT('Ctrl Pts',(25.03340112272,-6.2,-8.21384120051633));
#7247=CARTESIAN_POINT('Ctrl Pts',(25.2265532363048,-6.2,-8.20658192374459));
#7248=CARTESIAN_POINT('Ctrl Pts',(25.3298724403849,-6.2,-8.2026988562268));
#7249=CARTESIAN_POINT('',(24.7750046235512,-6.,-8.32855264176703));
#7250=CARTESIAN_POINT('',(24.7750046235512,-6.2,-8.32855264176703));
#7251=CARTESIAN_POINT('Ctrl Pts',(24.7750046235512,-6.,-8.32855264176703));
#7252=CARTESIAN_POINT('Ctrl Pts',(24.8570319657502,-6.,-8.29213777285093));
#7253=CARTESIAN_POINT('Ctrl Pts',(25.03340112272,-6.,-8.21384120051633));
#7254=CARTESIAN_POINT('Ctrl Pts',(25.2265532363048,-6.,-8.20658192374459));
#7255=CARTESIAN_POINT('Ctrl Pts',(25.3298724403849,-6.,-8.2026988562268));
#7256=CARTESIAN_POINT('Ctrl Pts',(24.4350156786069,-6.2,-8.67884944131454));
#7257=CARTESIAN_POINT('Ctrl Pts',(24.4350156786069,-6.,-8.67884944131454));
#7258=CARTESIAN_POINT('Ctrl Pts',(24.4784921373196,-6.2,-8.60814432501636));
#7259=CARTESIAN_POINT('Ctrl Pts',(24.4784921373196,-6.,-8.60814432501636));
#7260=CARTESIAN_POINT('Ctrl Pts',(24.5658013978861,-6.2,-8.46615457688487));
#7261=CARTESIAN_POINT('Ctrl Pts',(24.5658013978861,-6.,-8.46615457688487));
#7262=CARTESIAN_POINT('Ctrl Pts',(24.705080730572,-6.2,-8.37454458550657));
#7263=CARTESIAN_POINT('Ctrl Pts',(24.705080730572,-6.,-8.37454458550657));
#7264=CARTESIAN_POINT('Ctrl Pts',(24.7750046235512,-6.2,-8.32855264176703));
#7265=CARTESIAN_POINT('Ctrl Pts',(24.7750046235512,-6.,-8.32855264176703));
#7266=CARTESIAN_POINT('',(24.4350156786069,-6.2,-8.67884944131454));
#7267=CARTESIAN_POINT('Ctrl Pts',(24.4350156786069,-6.2,-8.67884944131454));
#7268=CARTESIAN_POINT('Ctrl Pts',(24.4784921373196,-6.2,-8.60814432501636));
#7269=CARTESIAN_POINT('Ctrl Pts',(24.5658013978861,-6.2,-8.46615457688487));
#7270=CARTESIAN_POINT('Ctrl Pts',(24.705080730572,-6.2,-8.37454458550657));
#7271=CARTESIAN_POINT('Ctrl Pts',(24.7750046235512,-6.2,-8.32855264176703));
#7272=CARTESIAN_POINT('',(24.4350156786069,-6.,-8.67884944131454));
#7273=CARTESIAN_POINT('',(24.4350156786069,-6.2,-8.67884944131454));
#7274=CARTESIAN_POINT('Ctrl Pts',(24.4350156786069,-6.,-8.67884944131454));
#7275=CARTESIAN_POINT('Ctrl Pts',(24.4784921373196,-6.,-8.60814432501636));
#7276=CARTESIAN_POINT('Ctrl Pts',(24.5658013978861,-6.,-8.46615457688487));
#7277=CARTESIAN_POINT('Ctrl Pts',(24.705080730572,-6.,-8.37454458550657));
#7278=CARTESIAN_POINT('Ctrl Pts',(24.7750046235512,-6.,-8.32855264176703));
#7279=CARTESIAN_POINT('Ctrl Pts',(24.3180961596917,-6.2,-9.25492783341394));
#7280=CARTESIAN_POINT('Ctrl Pts',(24.3180961596917,-6.,-9.25492783341394));
#7281=CARTESIAN_POINT('Ctrl Pts',(24.3208458849547,-6.2,-9.14703139753034));
#7282=CARTESIAN_POINT('Ctrl Pts',(24.3208458849547,-6.,-9.14703139753034));
#7283=CARTESIAN_POINT('Ctrl Pts',(24.3259240286301,-6.2,-8.94777018011474));
#7284=CARTESIAN_POINT('Ctrl Pts',(24.3259240286301,-6.,-8.94777018011474));
#7285=CARTESIAN_POINT('Ctrl Pts',(24.4007202790102,-6.2,-8.76339068896229));
#7286=CARTESIAN_POINT('Ctrl Pts',(24.4007202790102,-6.,-8.76339068896229));
#7287=CARTESIAN_POINT('Ctrl Pts',(24.4350156786069,-6.2,-8.67884944131454));
#7288=CARTESIAN_POINT('Ctrl Pts',(24.4350156786069,-6.,-8.67884944131454));
#7289=CARTESIAN_POINT('',(24.3180961596917,-6.2,-9.25492783341394));
#7290=CARTESIAN_POINT('Ctrl Pts',(24.3180961596917,-6.2,-9.25492783341394));
#7291=CARTESIAN_POINT('Ctrl Pts',(24.3208458849547,-6.2,-9.14703139753034));
#7292=CARTESIAN_POINT('Ctrl Pts',(24.3259240286301,-6.2,-8.94777018011474));
#7293=CARTESIAN_POINT('Ctrl Pts',(24.4007202790102,-6.2,-8.76339068896229));
#7294=CARTESIAN_POINT('Ctrl Pts',(24.4350156786069,-6.2,-8.67884944131454));
#7295=CARTESIAN_POINT('',(24.3180961596917,-6.,-9.25492783341394));
#7296=CARTESIAN_POINT('',(24.3180961596917,-6.2,-9.25492783341394));
#7297=CARTESIAN_POINT('Ctrl Pts',(24.3180961596917,-6.,-9.25492783341394));
#7298=CARTESIAN_POINT('Ctrl Pts',(24.3208458849547,-6.,-9.14703139753034));
#7299=CARTESIAN_POINT('Ctrl Pts',(24.3259240286301,-6.,-8.94777018011474));
#7300=CARTESIAN_POINT('Ctrl Pts',(24.4007202790102,-6.,-8.76339068896229));
#7301=CARTESIAN_POINT('Ctrl Pts',(24.4350156786069,-6.,-8.67884944131454));
#7302=CARTESIAN_POINT('Ctrl Pts',(24.5905247099363,-6.2,-10.0044347561357));
#7303=CARTESIAN_POINT('Ctrl Pts',(24.5905247099363,-6.,-10.0044347561357));
#7304=CARTESIAN_POINT('Ctrl Pts',(24.5115175338403,-6.2,-9.90177565548157));
#7305=CARTESIAN_POINT('Ctrl Pts',(24.5115175338403,-6.,-9.90177565548157));
#7306=CARTESIAN_POINT('Ctrl Pts',(24.3421631099775,-6.2,-9.68172257037401));
#7307=CARTESIAN_POINT('Ctrl Pts',(24.3421631099775,-6.,-9.68172257037401));
#7308=CARTESIAN_POINT('Ctrl Pts',(24.3264687770369,-6.2,-9.40340485169323));
#7309=CARTESIAN_POINT('Ctrl Pts',(24.3264687770369,-6.,-9.40340485169323));
#7310=CARTESIAN_POINT('Ctrl Pts',(24.3180961596917,-6.2,-9.25492783341394));
#7311=CARTESIAN_POINT('Ctrl Pts',(24.3180961596917,-6.,-9.25492783341394));
#7312=CARTESIAN_POINT('',(24.5905247099363,-6.2,-10.0044347561357));
#7313=CARTESIAN_POINT('Ctrl Pts',(24.5905247099363,-6.2,-10.0044347561357));
#7314=CARTESIAN_POINT('Ctrl Pts',(24.5115175338403,-6.2,-9.90177565548157));
#7315=CARTESIAN_POINT('Ctrl Pts',(24.3421631099775,-6.2,-9.68172257037401));
#7316=CARTESIAN_POINT('Ctrl Pts',(24.3264687770369,-6.2,-9.40340485169323));
#7317=CARTESIAN_POINT('Ctrl Pts',(24.3180961596917,-6.2,-9.25492783341394));
#7318=CARTESIAN_POINT('',(24.5905247099363,-6.,-10.0044347561357));
#7319=CARTESIAN_POINT('',(24.5905247099363,-6.2,-10.0044347561357));
#7320=CARTESIAN_POINT('Ctrl Pts',(24.5905247099363,-6.,-10.0044347561357));
#7321=CARTESIAN_POINT('Ctrl Pts',(24.5115175338403,-6.,-9.90177565548157));
#7322=CARTESIAN_POINT('Ctrl Pts',(24.3421631099775,-6.,-9.68172257037401));
#7323=CARTESIAN_POINT('Ctrl Pts',(24.3264687770369,-6.,-9.40340485169323));
#7324=CARTESIAN_POINT('Ctrl Pts',(24.3180961596917,-6.,-9.25492783341394));
#7325=CARTESIAN_POINT('Ctrl Pts',(25.3607879095538,-6.2,-10.2708263579688));
#7326=CARTESIAN_POINT('Ctrl Pts',(25.3607879095538,-6.,-10.2708263579688));
#7327=CARTESIAN_POINT('Ctrl Pts',(25.2079344458459,-6.2,-10.2638819014092));
#7328=CARTESIAN_POINT('Ctrl Pts',(25.2079344458459,-6.,-10.2638819014092));
#7329=CARTESIAN_POINT('Ctrl Pts',(24.9236304611855,-6.2,-10.2509653693051));
#7330=CARTESIAN_POINT('Ctrl Pts',(24.9236304611855,-6.,-10.2509653693051));
#7331=CARTESIAN_POINT('Ctrl Pts',(24.6958438921528,-6.2,-10.0823811814765));
#7332=CARTESIAN_POINT('Ctrl Pts',(24.6958438921528,-6.,-10.0823811814765));
#7333=CARTESIAN_POINT('Ctrl Pts',(24.5905247099363,-6.2,-10.0044347561357));
#7334=CARTESIAN_POINT('Ctrl Pts',(24.5905247099363,-6.,-10.0044347561357));
#7335=CARTESIAN_POINT('',(25.3607879095538,-6.2,-10.2708263579688));
#7336=CARTESIAN_POINT('Ctrl Pts',(25.3607879095538,-6.2,-10.2708263579688));
#7337=CARTESIAN_POINT('Ctrl Pts',(25.2079344458459,-6.2,-10.2638819014092));
#7338=CARTESIAN_POINT('Ctrl Pts',(24.9236304611855,-6.2,-10.2509653693051));
#7339=CARTESIAN_POINT('Ctrl Pts',(24.6958438921528,-6.2,-10.0823811814765));
#7340=CARTESIAN_POINT('Ctrl Pts',(24.5905247099363,-6.2,-10.0044347561357));
#7341=CARTESIAN_POINT('',(25.3607879095538,-6.,-10.2708263579688));
#7342=CARTESIAN_POINT('',(25.3607879095538,-6.2,-10.2708263579688));
#7343=CARTESIAN_POINT('Ctrl Pts',(25.3607879095538,-6.,-10.2708263579688));
#7344=CARTESIAN_POINT('Ctrl Pts',(25.2079344458459,-6.,-10.2638819014092));
#7345=CARTESIAN_POINT('Ctrl Pts',(24.9236304611855,-6.,-10.2509653693051));
#7346=CARTESIAN_POINT('Ctrl Pts',(24.6958438921528,-6.,-10.0823811814765));
#7347=CARTESIAN_POINT('Ctrl Pts',(24.5905247099363,-6.,-10.0044347561357));
#7348=CARTESIAN_POINT('Ctrl Pts',(26.1198361057755,-6.2,-9.99564005720216));
#7349=CARTESIAN_POINT('Ctrl Pts',(26.1198361057755,-6.,-9.99564005720216));
#7350=CARTESIAN_POINT('Ctrl Pts',(26.0155016357101,-6.2,-10.0754525408677));
#7351=CARTESIAN_POINT('Ctrl Pts',(26.0155016357101,-6.,-10.0754525408677));
#7352=CARTESIAN_POINT('Ctrl Pts',(25.792321046388,-6.2,-10.2461784488878));
#7353=CARTESIAN_POINT('Ctrl Pts',(25.792321046388,-6.,-10.2461784488878));
#7354=CARTESIAN_POINT('Ctrl Pts',(25.5107353766873,-6.2,-10.26226179775));
#7355=CARTESIAN_POINT('Ctrl Pts',(25.5107353766873,-6.,-10.26226179775));
#7356=CARTESIAN_POINT('Ctrl Pts',(25.3607879095538,-6.2,-10.2708263579688));
#7357=CARTESIAN_POINT('Ctrl Pts',(25.3607879095538,-6.,-10.2708263579688));
#7358=CARTESIAN_POINT('',(26.1198361057755,-6.2,-9.99564005720216));
#7359=CARTESIAN_POINT('Ctrl Pts',(26.1198361057755,-6.2,-9.99564005720216));
#7360=CARTESIAN_POINT('Ctrl Pts',(26.0155016357101,-6.2,-10.0754525408677));
#7361=CARTESIAN_POINT('Ctrl Pts',(25.792321046388,-6.2,-10.2461784488878));
#7362=CARTESIAN_POINT('Ctrl Pts',(25.5107353766873,-6.2,-10.26226179775));
#7363=CARTESIAN_POINT('Ctrl Pts',(25.3607879095538,-6.2,-10.2708263579688));
#7364=CARTESIAN_POINT('',(26.1198361057755,-6.,-9.99564005720216));
#7365=CARTESIAN_POINT('',(26.1198361057755,-6.2,-9.99564005720216));
#7366=CARTESIAN_POINT('Ctrl Pts',(26.1198361057755,-6.,-9.99564005720216));
#7367=CARTESIAN_POINT('Ctrl Pts',(26.0155016357101,-6.,-10.0754525408677));
#7368=CARTESIAN_POINT('Ctrl Pts',(25.792321046388,-6.,-10.2461784488878));
#7369=CARTESIAN_POINT('Ctrl Pts',(25.5107353766873,-6.,-10.26226179775));
#7370=CARTESIAN_POINT('Ctrl Pts',(25.3607879095538,-6.,-10.2708263579688));
#7371=CARTESIAN_POINT('Ctrl Pts',(26.390341413004,-6.2,-9.23218539762676));
#7372=CARTESIAN_POINT('Ctrl Pts',(26.390341413004,-6.,-9.23218539762676));
#7373=CARTESIAN_POINT('Ctrl Pts',(26.3827865754939,-6.2,-9.38288263741146));
#7374=CARTESIAN_POINT('Ctrl Pts',(26.3827865754939,-6.,-9.38288263741146));
#7375=CARTESIAN_POINT('Ctrl Pts',(26.368619890861,-6.2,-9.66546717588946));
#7376=CARTESIAN_POINT('Ctrl Pts',(26.368619890861,-6.,-9.66546717588946));
#7377=CARTESIAN_POINT('Ctrl Pts',(26.1990005228262,-6.2,-9.89057716628222));
#7378=CARTESIAN_POINT('Ctrl Pts',(26.1990005228262,-6.,-9.89057716628222));
#7379=CARTESIAN_POINT('Ctrl Pts',(26.1198361057755,-6.2,-9.99564005720216));
#7380=CARTESIAN_POINT('Ctrl Pts',(26.1198361057755,-6.,-9.99564005720216));
#7381=CARTESIAN_POINT('',(26.390341413004,-6.2,-9.23218539762676));
#7382=CARTESIAN_POINT('Ctrl Pts',(26.390341413004,-6.2,-9.23218539762676));
#7383=CARTESIAN_POINT('Ctrl Pts',(26.3827865754939,-6.2,-9.38288263741146));
#7384=CARTESIAN_POINT('Ctrl Pts',(26.368619890861,-6.2,-9.66546717588946));
#7385=CARTESIAN_POINT('Ctrl Pts',(26.1990005228262,-6.2,-9.89057716628222));
#7386=CARTESIAN_POINT('Ctrl Pts',(26.1198361057755,-6.2,-9.99564005720216));
#7387=CARTESIAN_POINT('',(26.390341413004,-6.,-9.23218539762676));
#7388=CARTESIAN_POINT('',(26.390341413004,-6.2,-9.23218539762676));
#7389=CARTESIAN_POINT('Ctrl Pts',(26.390341413004,-6.,-9.23218539762676));
#7390=CARTESIAN_POINT('Ctrl Pts',(26.3827865754939,-6.,-9.38288263741146));
#7391=CARTESIAN_POINT('Ctrl Pts',(26.368619890861,-6.,-9.66546717588946));
#7392=CARTESIAN_POINT('Ctrl Pts',(26.1990005228262,-6.,-9.89057716628222));
#7393=CARTESIAN_POINT('Ctrl Pts',(26.1198361057755,-6.,-9.99564005720216));
#7394=CARTESIAN_POINT('Ctrl Pts',(26.2507569985829,-6.2,-8.64870994316039));
#7395=CARTESIAN_POINT('Ctrl Pts',(26.2507569985829,-6.,-8.64870994316039));
#7396=CARTESIAN_POINT('Ctrl Pts',(26.2911613219722,-6.2,-8.73472776291927));
#7397=CARTESIAN_POINT('Ctrl Pts',(26.2911613219722,-6.,-8.73472776291927));
#7398=CARTESIAN_POINT('Ctrl Pts',(26.3778259104809,-6.2,-8.91923026979231));
#7399=CARTESIAN_POINT('Ctrl Pts',(26.3778259104809,-6.,-8.91923026979231));
#7400=CARTESIAN_POINT('Ctrl Pts',(26.3859857906428,-6.2,-9.12327132483328));
#7401=CARTESIAN_POINT('Ctrl Pts',(26.3859857906428,-6.,-9.12327132483328));
#7402=CARTESIAN_POINT('Ctrl Pts',(26.390341413004,-6.2,-9.23218539762676));
#7403=CARTESIAN_POINT('Ctrl Pts',(26.390341413004,-6.,-9.23218539762676));
#7404=CARTESIAN_POINT('Ctrl Pts',(26.2507569985829,-6.2,-8.64870994316039));
#7405=CARTESIAN_POINT('Ctrl Pts',(26.2911613219722,-6.2,-8.73472776291927));
#7406=CARTESIAN_POINT('Ctrl Pts',(26.3778259104809,-6.2,-8.91923026979231));
#7407=CARTESIAN_POINT('Ctrl Pts',(26.3859857906428,-6.2,-9.12327132483328));
#7408=CARTESIAN_POINT('Ctrl Pts',(26.390341413004,-6.2,-9.23218539762676));
#7409=CARTESIAN_POINT('Ctrl Pts',(26.2507569985829,-6.,-8.64870994316039));
#7410=CARTESIAN_POINT('Ctrl Pts',(26.2911613219722,-6.,-8.73472776291927));
#7411=CARTESIAN_POINT('Ctrl Pts',(26.3778259104809,-6.,-8.91923026979231));
#7412=CARTESIAN_POINT('Ctrl Pts',(26.3859857906428,-6.,-9.12327132483328));
#7413=CARTESIAN_POINT('Ctrl Pts',(26.390341413004,-6.,-9.23218539762676));
#7414=CARTESIAN_POINT('Origin',(24.1671399720847,-6.,-5.29573253704476));
#7415=CARTESIAN_POINT('Origin',(23.1201859710893,-6.2,-16.3177573900806));
#7416=CARTESIAN_POINT('',(23.1201859710893,-6.2,-16.3177573900806));
#7417=CARTESIAN_POINT('',(23.339830875226,-6.2,-15.5987942438709));
#7418=CARTESIAN_POINT('',(20.2647464203084,-6.2,-25.6644609310095));
#7419=CARTESIAN_POINT('',(23.1201859710893,-6.,-16.3177573900806));
#7420=CARTESIAN_POINT('',(23.1201859710893,-6.2,-16.3177573900806));
#7421=CARTESIAN_POINT('',(23.339830875226,-6.,-15.5987942438709));
#7422=CARTESIAN_POINT('',(23.1201859710893,-6.,-16.3177573900806));
#7423=CARTESIAN_POINT('',(23.339830875226,-6.2,-15.5987942438709));
#7424=CARTESIAN_POINT('Origin',(22.8991761205873,-6.2,-15.5987942438709));
#7425=CARTESIAN_POINT('',(22.8991761205873,-6.2,-15.5987942438709));
#7426=CARTESIAN_POINT('',(20.8773930091299,-6.2,-9.02176818161457));
#7427=CARTESIAN_POINT('',(22.8991761205873,-6.,-15.5987942438709));
#7428=CARTESIAN_POINT('',(22.8991761205873,-6.2,-15.5987942438709));
#7429=CARTESIAN_POINT('',(22.8991761205873,-6.,-15.5987942438709));
#7430=CARTESIAN_POINT('Origin',(23.339830875226,-6.2,-15.5987942438709));
#7431=CARTESIAN_POINT('',(-5.83008456238701,-6.2,-15.5987942438709));
#7432=CARTESIAN_POINT('',(23.339830875226,-6.,-15.5987942438709));
#7433=CARTESIAN_POINT('Origin',(22.0246877668581,-6.2,-14.8361748676883));
#7434=CARTESIAN_POINT('',(22.0246877668581,-6.2,-14.8361748676883));
#7435=CARTESIAN_POINT('',(22.6713457105836,-6.2,-14.8361748676883));
#7436=CARTESIAN_POINT('',(-6.48765611657097,-6.2,-14.8361748676883));
#7437=CARTESIAN_POINT('',(22.0246877668581,-6.,-14.8361748676883));
#7438=CARTESIAN_POINT('',(22.0246877668581,-6.2,-14.8361748676883));
#7439=CARTESIAN_POINT('',(22.6713457105836,-6.,-14.8361748676883));
#7440=CARTESIAN_POINT('',(22.0246877668581,-6.,-14.8361748676883));
#7441=CARTESIAN_POINT('',(22.6713457105836,-6.2,-14.8361748676883));
#7442=CARTESIAN_POINT('Origin',(22.7763929365358,-6.2,-16.8361748974906));
#7443=CARTESIAN_POINT('',(22.7763929365358,-6.2,-16.8361748974906));
#7444=CARTESIAN_POINT('',(19.5569341849995,-6.2,-8.27042617212217));
#7445=CARTESIAN_POINT('',(22.7763929365358,-6.,-16.8361748974906));
#7446=CARTESIAN_POINT('',(22.7763929365358,-6.2,-16.8361748974906));
#7447=CARTESIAN_POINT('',(22.7763929365358,-6.,-16.8361748974906));
#7448=CARTESIAN_POINT('Origin',(23.4503360985002,-6.2,-16.8361748974906));
#7449=CARTESIAN_POINT('',(23.4503360985002,-6.2,-16.8361748974906));
#7450=CARTESIAN_POINT('',(-5.77483195074989,-6.2,-16.8361748974906));
#7451=CARTESIAN_POINT('',(23.4503360985002,-6.,-16.8361748974906));
#7452=CARTESIAN_POINT('',(23.4503360985002,-6.2,-16.8361748974906));
#7453=CARTESIAN_POINT('',(23.4503360985002,-6.,-16.8361748974906));
#7454=CARTESIAN_POINT('Origin',(24.2020412681779,-6.2,-14.8361748676883));
#7455=CARTESIAN_POINT('',(24.2020412681779,-6.2,-14.8361748676883));
#7456=CARTESIAN_POINT('',(19.8524077815055,-6.2,-26.4088864225437));
#7457=CARTESIAN_POINT('',(24.2020412681779,-6.,-14.8361748676883));
#7458=CARTESIAN_POINT('',(24.2020412681779,-6.2,-14.8361748676883));
#7459=CARTESIAN_POINT('',(24.2020412681779,-6.,-14.8361748676883));
#7460=CARTESIAN_POINT('Origin',(23.5703905819139,-6.2,-14.8361748676883));
#7461=CARTESIAN_POINT('',(23.5703905819139,-6.2,-14.8361748676883));
#7462=CARTESIAN_POINT('',(-5.71480470904304,-6.2,-14.8361748676883));
#7463=CARTESIAN_POINT('',(23.5703905819139,-6.,-14.8361748676883));
#7464=CARTESIAN_POINT('',(23.5703905819139,-6.2,-14.8361748676883));
#7465=CARTESIAN_POINT('',(23.5703905819139,-6.,-14.8361748676883));
#7466=CARTESIAN_POINT('Origin',(23.4735282657823,-6.2,-15.1663249950992));
#7467=CARTESIAN_POINT('',(23.4735282657823,-6.2,-15.1663249950992));
#7468=CARTESIAN_POINT('',(20.6385639740605,-6.2,-24.8291521862818));
#7469=CARTESIAN_POINT('',(23.4735282657823,-6.,-15.1663249950992));
#7470=CARTESIAN_POINT('',(23.4735282657823,-6.2,-15.1663249950992));
#7471=CARTESIAN_POINT('',(23.4735282657823,-6.,-15.1663249950992));
#7472=CARTESIAN_POINT('Origin',(22.7695717809877,-6.2,-15.1663249950992));
#7473=CARTESIAN_POINT('',(22.7695717809877,-6.2,-15.1663249950992));
#7474=CARTESIAN_POINT('',(-6.11521410950615,-6.2,-15.1663249950992));
#7475=CARTESIAN_POINT('',(22.7695717809877,-6.,-15.1663249950992));
#7476=CARTESIAN_POINT('',(22.7695717809877,-6.2,-15.1663249950992));
#7477=CARTESIAN_POINT('',(22.7695717809877,-6.,-15.1663249950992));
#7478=CARTESIAN_POINT('Origin',(22.6713457105836,-6.2,-14.8361748676883));
#7479=CARTESIAN_POINT('',(20.8954805150398,-6.2,-8.8672694827775));
#7480=CARTESIAN_POINT('',(22.6713457105836,-6.,-14.8361748676883));
#7481=CARTESIAN_POINT('Origin',(24.3207322301498,-6.,-15.8184395205365));
#7482=CARTESIAN_POINT('Ctrl Pts',(25.0492449997148,-6.2,-16.2659156542407));
#7483=CARTESIAN_POINT('Ctrl Pts',(25.0492449997148,-6.,-16.2659156542407));
#7484=CARTESIAN_POINT('Ctrl Pts',(25.0934099649828,-6.2,-16.3000100815165));
#7485=CARTESIAN_POINT('Ctrl Pts',(25.0934099649828,-6.,-16.3000100815165));
#7486=CARTESIAN_POINT('Ctrl Pts',(25.1937853290196,-6.2,-16.3774977582));
#7487=CARTESIAN_POINT('Ctrl Pts',(25.1937853290196,-6.,-16.3774977582));
#7488=CARTESIAN_POINT('Ctrl Pts',(25.3215108810617,-6.2,-16.3811797900526));
#7489=CARTESIAN_POINT('Ctrl Pts',(25.3215108810617,-6.,-16.3811797900526));
#7490=CARTESIAN_POINT('Ctrl Pts',(25.3930374382219,-6.2,-16.3832417350398));
#7491=CARTESIAN_POINT('Ctrl Pts',(25.3930374382219,-6.,-16.3832417350398));
#7492=CARTESIAN_POINT('',(25.0492449997148,-6.2,-16.2659156542407));
#7493=CARTESIAN_POINT('',(25.3930374382219,-6.2,-16.3832417350398));
#7494=CARTESIAN_POINT('Ctrl Pts',(25.0492449997148,-6.2,-16.2659156542407));
#7495=CARTESIAN_POINT('Ctrl Pts',(25.0934099649828,-6.2,-16.3000100815165));
#7496=CARTESIAN_POINT('Ctrl Pts',(25.1937853290196,-6.2,-16.3774977582));
#7497=CARTESIAN_POINT('Ctrl Pts',(25.3215108810617,-6.2,-16.3811797900526));
#7498=CARTESIAN_POINT('Ctrl Pts',(25.3930374382219,-6.2,-16.3832417350398));
#7499=CARTESIAN_POINT('',(25.0492449997148,-6.,-16.2659156542407));
#7500=CARTESIAN_POINT('',(25.0492449997148,-6.2,-16.2659156542407));
#7501=CARTESIAN_POINT('',(25.3930374382219,-6.,-16.3832417350398));
#7502=CARTESIAN_POINT('Ctrl Pts',(25.0492449997148,-6.,-16.2659156542407));
#7503=CARTESIAN_POINT('Ctrl Pts',(25.0934099649828,-6.,-16.3000100815165));
#7504=CARTESIAN_POINT('Ctrl Pts',(25.1937853290196,-6.,-16.3774977582));
#7505=CARTESIAN_POINT('Ctrl Pts',(25.3215108810617,-6.,-16.3811797900526));
#7506=CARTESIAN_POINT('Ctrl Pts',(25.3930374382219,-6.,-16.3832417350398));
#7507=CARTESIAN_POINT('',(25.3930374382219,-6.2,-16.3832417350398));
#7508=CARTESIAN_POINT('Ctrl Pts',(24.9455615280351,-6.2,-15.8307178538429));
#7509=CARTESIAN_POINT('Ctrl Pts',(24.9455615280351,-6.,-15.8307178538429));
#7510=CARTESIAN_POINT('Ctrl Pts',(24.945567405065,-6.2,-15.9223119423838));
#7511=CARTESIAN_POINT('Ctrl Pts',(24.945567405065,-6.,-15.9223119423838));
#7512=CARTESIAN_POINT('Ctrl Pts',(24.945577316175,-6.2,-16.0767775655612));
#7513=CARTESIAN_POINT('Ctrl Pts',(24.945577316175,-6.,-16.0767775655612));
#7514=CARTESIAN_POINT('Ctrl Pts',(25.0192558969681,-6.2,-16.2112015776737));
#7515=CARTESIAN_POINT('Ctrl Pts',(25.0192558969681,-6.,-16.2112015776737));
#7516=CARTESIAN_POINT('Ctrl Pts',(25.0492449997148,-6.2,-16.2659156542407));
#7517=CARTESIAN_POINT('Ctrl Pts',(25.0492449997148,-6.,-16.2659156542407));
#7518=CARTESIAN_POINT('',(24.9455615280351,-6.2,-15.8307178538429));
#7519=CARTESIAN_POINT('Ctrl Pts',(24.9455615280351,-6.2,-15.8307178538429));
#7520=CARTESIAN_POINT('Ctrl Pts',(24.945567405065,-6.2,-15.9223119423838));
#7521=CARTESIAN_POINT('Ctrl Pts',(24.945577316175,-6.2,-16.0767775655612));
#7522=CARTESIAN_POINT('Ctrl Pts',(25.0192558969681,-6.2,-16.2112015776737));
#7523=CARTESIAN_POINT('Ctrl Pts',(25.0492449997148,-6.2,-16.2659156542407));
#7524=CARTESIAN_POINT('',(24.9455615280351,-6.,-15.8307178538429));
#7525=CARTESIAN_POINT('',(24.9455615280351,-6.2,-15.8307178538429));
#7526=CARTESIAN_POINT('Ctrl Pts',(24.9455615280351,-6.,-15.8307178538429));
#7527=CARTESIAN_POINT('Ctrl Pts',(24.945567405065,-6.,-15.9223119423838));
#7528=CARTESIAN_POINT('Ctrl Pts',(24.945577316175,-6.,-16.0767775655612));
#7529=CARTESIAN_POINT('Ctrl Pts',(25.0192558969681,-6.,-16.2112015776737));
#7530=CARTESIAN_POINT('Ctrl Pts',(25.0492449997148,-6.,-16.2659156542407));
#7531=CARTESIAN_POINT('Ctrl Pts',(24.9919464586458,-6.2,-15.4828325133907));
#7532=CARTESIAN_POINT('Ctrl Pts',(24.9919464586458,-6.,-15.4828325133907));
#7533=CARTESIAN_POINT('Ctrl Pts',(24.978520233127,-6.2,-15.5295108698366));
#7534=CARTESIAN_POINT('Ctrl Pts',(24.978520233127,-6.,-15.5295108698366));
#7535=CARTESIAN_POINT('Ctrl Pts',(24.9459066095815,-6.2,-15.6428971929493));
#7536=CARTESIAN_POINT('Ctrl Pts',(24.9459066095815,-6.,-15.6428971929493));
#7537=CARTESIAN_POINT('Ctrl Pts',(24.945689348236,-6.2,-15.7611479946233));
#7538=CARTESIAN_POINT('Ctrl Pts',(24.945689348236,-6.,-15.7611479946233));
#7539=CARTESIAN_POINT('Ctrl Pts',(24.9455615280351,-6.2,-15.8307178538429));
#7540=CARTESIAN_POINT('Ctrl Pts',(24.9455615280351,-6.,-15.8307178538429));
#7541=CARTESIAN_POINT('',(24.9919464586458,-6.2,-15.4828325133907));
#7542=CARTESIAN_POINT('Ctrl Pts',(24.9919464586458,-6.2,-15.4828325133907));
#7543=CARTESIAN_POINT('Ctrl Pts',(24.978520233127,-6.2,-15.5295108698366));
#7544=CARTESIAN_POINT('Ctrl Pts',(24.9459066095815,-6.2,-15.6428971929493));
#7545=CARTESIAN_POINT('Ctrl Pts',(24.945689348236,-6.2,-15.7611479946233));
#7546=CARTESIAN_POINT('Ctrl Pts',(24.9455615280351,-6.2,-15.8307178538429));
#7547=CARTESIAN_POINT('',(24.9919464586458,-6.,-15.4828325133907));
#7548=CARTESIAN_POINT('',(24.9919464586458,-6.2,-15.4828325133907));
#7549=CARTESIAN_POINT('Ctrl Pts',(24.9919464586458,-6.,-15.4828325133907));
#7550=CARTESIAN_POINT('Ctrl Pts',(24.978520233127,-6.,-15.5295108698366));
#7551=CARTESIAN_POINT('Ctrl Pts',(24.9459066095815,-6.,-15.6428971929493));
#7552=CARTESIAN_POINT('Ctrl Pts',(24.945689348236,-6.,-15.7611479946233));
#7553=CARTESIAN_POINT('Ctrl Pts',(24.9455615280351,-6.,-15.8307178538429));
#7554=CARTESIAN_POINT('Ctrl Pts',(25.1201864479265,-6.2,-15.3327641111003));
#7555=CARTESIAN_POINT('Ctrl Pts',(25.1201864479265,-6.,-15.3327641111003));
#7556=CARTESIAN_POINT('Ctrl Pts',(25.093974081875,-6.2,-15.3509022135578));
#7557=CARTESIAN_POINT('Ctrl Pts',(25.093974081875,-6.,-15.3509022135578));
#7558=CARTESIAN_POINT('Ctrl Pts',(25.0381624511493,-6.2,-15.3895220418646));
#7559=CARTESIAN_POINT('Ctrl Pts',(25.0381624511493,-6.,-15.3895220418646));
#7560=CARTESIAN_POINT('Ctrl Pts',(25.0079626751705,-6.2,-15.4504956396154));
#7561=CARTESIAN_POINT('Ctrl Pts',(25.0079626751705,-6.,-15.4504956396154));
#7562=CARTESIAN_POINT('Ctrl Pts',(24.9919464586458,-6.2,-15.4828325133907));
#7563=CARTESIAN_POINT('Ctrl Pts',(24.9919464586458,-6.,-15.4828325133907));
#7564=CARTESIAN_POINT('',(25.1201864479265,-6.2,-15.3327641111003));
#7565=CARTESIAN_POINT('Ctrl Pts',(25.1201864479265,-6.2,-15.3327641111003));
#7566=CARTESIAN_POINT('Ctrl Pts',(25.093974081875,-6.2,-15.3509022135578));
#7567=CARTESIAN_POINT('Ctrl Pts',(25.0381624511493,-6.2,-15.3895220418646));
#7568=CARTESIAN_POINT('Ctrl Pts',(25.0079626751705,-6.2,-15.4504956396154));
#7569=CARTESIAN_POINT('Ctrl Pts',(24.9919464586458,-6.2,-15.4828325133907));
#7570=CARTESIAN_POINT('',(25.1201864479265,-6.,-15.3327641111003));
#7571=CARTESIAN_POINT('',(25.1201864479265,-6.2,-15.3327641111003));
#7572=CARTESIAN_POINT('Ctrl Pts',(25.1201864479265,-6.,-15.3327641111003));
#7573=CARTESIAN_POINT('Ctrl Pts',(25.093974081875,-6.,-15.3509022135578));
#7574=CARTESIAN_POINT('Ctrl Pts',(25.0381624511493,-6.,-15.3895220418646));
#7575=CARTESIAN_POINT('Ctrl Pts',(25.0079626751705,-6.,-15.4504956396154));
#7576=CARTESIAN_POINT('Ctrl Pts',(24.9919464586458,-6.,-15.4828325133907));
#7577=CARTESIAN_POINT('Ctrl Pts',(25.3957661388597,-6.2,-15.2904722314464));
#7578=CARTESIAN_POINT('Ctrl Pts',(25.3957661388597,-6.,-15.2904722314464));
#7579=CARTESIAN_POINT('Ctrl Pts',(25.3399031971875,-6.2,-15.2904904892298));
#7580=CARTESIAN_POINT('Ctrl Pts',(25.3399031971875,-6.,-15.2904904892298));
#7581=CARTESIAN_POINT('Ctrl Pts',(25.2455934369412,-6.2,-15.2905213126545));
#7582=CARTESIAN_POINT('Ctrl Pts',(25.2455934369412,-6.,-15.2905213126545));
#7583=CARTESIAN_POINT('Ctrl Pts',(25.1565047968732,-6.2,-15.3205304333245));
#7584=CARTESIAN_POINT('Ctrl Pts',(25.1565047968732,-6.,-15.3205304333245));
#7585=CARTESIAN_POINT('Ctrl Pts',(25.1201864479265,-6.2,-15.3327641111003));
#7586=CARTESIAN_POINT('Ctrl Pts',(25.1201864479265,-6.,-15.3327641111003));
#7587=CARTESIAN_POINT('',(25.3957661388597,-6.2,-15.2904722314464));
#7588=CARTESIAN_POINT('Ctrl Pts',(25.3957661388597,-6.2,-15.2904722314464));
#7589=CARTESIAN_POINT('Ctrl Pts',(25.3399031971875,-6.2,-15.2904904892298));
#7590=CARTESIAN_POINT('Ctrl Pts',(25.2455934369412,-6.2,-15.2905213126545));
#7591=CARTESIAN_POINT('Ctrl Pts',(25.1565047968732,-6.2,-15.3205304333245));
#7592=CARTESIAN_POINT('Ctrl Pts',(25.1201864479265,-6.2,-15.3327641111003));
#7593=CARTESIAN_POINT('',(25.3957661388597,-6.,-15.2904722314464));
#7594=CARTESIAN_POINT('',(25.3957661388597,-6.2,-15.2904722314464));
#7595=CARTESIAN_POINT('Ctrl Pts',(25.3957661388597,-6.,-15.2904722314464));
#7596=CARTESIAN_POINT('Ctrl Pts',(25.3399031971875,-6.,-15.2904904892298));
#7597=CARTESIAN_POINT('Ctrl Pts',(25.2455934369412,-6.,-15.2905213126545));
#7598=CARTESIAN_POINT('Ctrl Pts',(25.1565047968732,-6.,-15.3205304333245));
#7599=CARTESIAN_POINT('Ctrl Pts',(25.1201864479265,-6.,-15.3327641111003));
#7600=CARTESIAN_POINT('Origin',(25.5471982954225,-6.2,-15.2904722314464));
#7601=CARTESIAN_POINT('',(25.5471982954225,-6.2,-15.2904722314464));
#7602=CARTESIAN_POINT('',(-4.72640085228874,-6.2,-15.2904722314464));
#7603=CARTESIAN_POINT('',(25.5471982954225,-6.,-15.2904722314464));
#7604=CARTESIAN_POINT('',(25.5471982954225,-6.2,-15.2904722314464));
#7605=CARTESIAN_POINT('',(25.5471982954225,-6.,-15.2904722314464));
#7606=CARTESIAN_POINT('Origin',(25.5471982954225,-6.2,-16.3832417350398));
#7607=CARTESIAN_POINT('',(25.5471982954225,-6.2,-16.3832417350398));
#7608=CARTESIAN_POINT('',(25.5471982954225,-6.2,-17.6916208675199));
#7609=CARTESIAN_POINT('',(25.5471982954225,-6.,-16.3832417350398));
#7610=CARTESIAN_POINT('',(25.5471982954225,-6.2,-16.3832417350398));
#7611=CARTESIAN_POINT('',(25.5471982954225,-6.,-16.3832417350398));
#7612=CARTESIAN_POINT('Origin',(25.3930374382219,-6.2,-16.3832417350398));
#7613=CARTESIAN_POINT('',(-4.80348128088905,-6.2,-16.3832417350398));
#7614=CARTESIAN_POINT('',(25.3930374382219,-6.,-16.3832417350398));
#7615=CARTESIAN_POINT('Origin',(25.2470620868883,-6.2,-14.8361748676883));
#7616=CARTESIAN_POINT('',(25.2470620868883,-6.2,-14.8361748676883));
#7617=CARTESIAN_POINT('',(26.1652066705904,-6.2,-14.8361748676883));
#7618=CARTESIAN_POINT('',(-4.87646895655586,-6.2,-14.8361748676883));
#7619=CARTESIAN_POINT('',(25.2470620868883,-6.,-14.8361748676883));
#7620=CARTESIAN_POINT('',(25.2470620868883,-6.2,-14.8361748676883));
#7621=CARTESIAN_POINT('',(26.1652066705904,-6.,-14.8361748676883));
#7622=CARTESIAN_POINT('',(25.2470620868883,-6.,-14.8361748676883));
#7623=CARTESIAN_POINT('',(26.1652066705904,-6.2,-14.8361748676883));
#7624=CARTESIAN_POINT('Ctrl Pts',(24.8787131307802,-6.2,-14.8907450061427));
#7625=CARTESIAN_POINT('Ctrl Pts',(24.8787131307802,-6.,-14.8907450061427));
#7626=CARTESIAN_POINT('Ctrl Pts',(24.9429628372641,-6.2,-14.8748467517597));
#7627=CARTESIAN_POINT('Ctrl Pts',(24.9429628372641,-6.,-14.8748467517597));
#7628=CARTESIAN_POINT('Ctrl Pts',(25.0640497818615,-6.2,-14.8448844195868));
#7629=CARTESIAN_POINT('Ctrl Pts',(25.0640497818615,-6.,-14.8448844195868));
#7630=CARTESIAN_POINT('Ctrl Pts',(25.1885994664619,-6.2,-14.8389571026132));
#7631=CARTESIAN_POINT('Ctrl Pts',(25.1885994664619,-6.,-14.8389571026132));
#7632=CARTESIAN_POINT('Ctrl Pts',(25.2470620868883,-6.2,-14.8361748676883));
#7633=CARTESIAN_POINT('Ctrl Pts',(25.2470620868883,-6.,-14.8361748676883));
#7634=CARTESIAN_POINT('',(24.8787131307802,-6.2,-14.8907450061427));
#7635=CARTESIAN_POINT('Ctrl Pts',(24.8787131307802,-6.2,-14.8907450061427));
#7636=CARTESIAN_POINT('Ctrl Pts',(24.9429628372641,-6.2,-14.8748467517597));
#7637=CARTESIAN_POINT('Ctrl Pts',(25.0640497818615,-6.2,-14.8448844195868));
#7638=CARTESIAN_POINT('Ctrl Pts',(25.1885994664619,-6.2,-14.8389571026132));
#7639=CARTESIAN_POINT('Ctrl Pts',(25.2470620868883,-6.2,-14.8361748676883));
#7640=CARTESIAN_POINT('',(24.8787131307802,-6.,-14.8907450061427));
#7641=CARTESIAN_POINT('',(24.8787131307802,-6.2,-14.8907450061427));
#7642=CARTESIAN_POINT('Ctrl Pts',(24.8787131307802,-6.,-14.8907450061427));
#7643=CARTESIAN_POINT('Ctrl Pts',(24.9429628372641,-6.,-14.8748467517597));
#7644=CARTESIAN_POINT('Ctrl Pts',(25.0640497818615,-6.,-14.8448844195868));
#7645=CARTESIAN_POINT('Ctrl Pts',(25.1885994664619,-6.,-14.8389571026132));
#7646=CARTESIAN_POINT('Ctrl Pts',(25.2470620868883,-6.,-14.8361748676883));
#7647=CARTESIAN_POINT('Ctrl Pts',(24.6004047392091,-6.2,-15.0489989143001));
#7648=CARTESIAN_POINT('Ctrl Pts',(24.6004047392091,-6.,-15.0489989143001));
#7649=CARTESIAN_POINT('Ctrl Pts',(24.6434839463525,-6.2,-15.012985293021));
#7650=CARTESIAN_POINT('Ctrl Pts',(24.6434839463525,-6.,-15.012985293021));
#7651=CARTESIAN_POINT('Ctrl Pts',(24.7267580156833,-6.2,-14.9433693229483));
#7652=CARTESIAN_POINT('Ctrl Pts',(24.7267580156833,-6.,-14.9433693229483));
#7653=CARTESIAN_POINT('Ctrl Pts',(24.8292446949972,-6.2,-14.9078766613349));
#7654=CARTESIAN_POINT('Ctrl Pts',(24.8292446949972,-6.,-14.9078766613349));
#7655=CARTESIAN_POINT('Ctrl Pts',(24.8787131307802,-6.2,-14.8907450061427));
#7656=CARTESIAN_POINT('Ctrl Pts',(24.8787131307802,-6.,-14.8907450061427));
#7657=CARTESIAN_POINT('',(24.6004047392091,-6.2,-15.0489989143001));
#7658=CARTESIAN_POINT('Ctrl Pts',(24.6004047392091,-6.2,-15.0489989143001));
#7659=CARTESIAN_POINT('Ctrl Pts',(24.6434839463525,-6.2,-15.012985293021));
#7660=CARTESIAN_POINT('Ctrl Pts',(24.7267580156833,-6.2,-14.9433693229483));
#7661=CARTESIAN_POINT('Ctrl Pts',(24.8292446949972,-6.2,-14.9078766613349));
#7662=CARTESIAN_POINT('Ctrl Pts',(24.8787131307802,-6.2,-14.8907450061427));
#7663=CARTESIAN_POINT('',(24.6004047392091,-6.,-15.0489989143001));
#7664=CARTESIAN_POINT('',(24.6004047392091,-6.2,-15.0489989143001));
#7665=CARTESIAN_POINT('Ctrl Pts',(24.6004047392091,-6.,-15.0489989143001));
#7666=CARTESIAN_POINT('Ctrl Pts',(24.6434839463525,-6.,-15.012985293021));
#7667=CARTESIAN_POINT('Ctrl Pts',(24.7267580156833,-6.,-14.9433693229483));
#7668=CARTESIAN_POINT('Ctrl Pts',(24.8292446949972,-6.,-14.9078766613349));
#7669=CARTESIAN_POINT('Ctrl Pts',(24.8787131307802,-6.,-14.8907450061427));
#7670=CARTESIAN_POINT('Ctrl Pts',(24.3984946010789,-6.2,-15.3450423699008));
#7671=CARTESIAN_POINT('Ctrl Pts',(24.3984946010789,-6.,-15.3450423699008));
#7672=CARTESIAN_POINT('Ctrl Pts',(24.4245549202469,-6.2,-15.2891108669263));
#7673=CARTESIAN_POINT('Ctrl Pts',(24.4245549202469,-6.,-15.2891108669263));
#7674=CARTESIAN_POINT('Ctrl Pts',(24.4756937991534,-6.2,-15.1793549449348));
#7675=CARTESIAN_POINT('Ctrl Pts',(24.4756937991534,-6.,-15.1793549449348));
#7676=CARTESIAN_POINT('Ctrl Pts',(24.5593698944828,-6.2,-15.0918912176845));
#7677=CARTESIAN_POINT('Ctrl Pts',(24.5593698944828,-6.,-15.0918912176845));
#7678=CARTESIAN_POINT('Ctrl Pts',(24.6004047392091,-6.2,-15.0489989143001));
#7679=CARTESIAN_POINT('Ctrl Pts',(24.6004047392091,-6.,-15.0489989143001));
#7680=CARTESIAN_POINT('',(24.3984946010789,-6.2,-15.3450423699008));
#7681=CARTESIAN_POINT('Ctrl Pts',(24.3984946010789,-6.2,-15.3450423699008));
#7682=CARTESIAN_POINT('Ctrl Pts',(24.4245549202469,-6.2,-15.2891108669263));
#7683=CARTESIAN_POINT('Ctrl Pts',(24.4756937991534,-6.2,-15.1793549449348));
#7684=CARTESIAN_POINT('Ctrl Pts',(24.5593698944828,-6.2,-15.0918912176845));
#7685=CARTESIAN_POINT('Ctrl Pts',(24.6004047392091,-6.2,-15.0489989143001));
#7686=CARTESIAN_POINT('',(24.3984946010789,-6.,-15.3450423699008));
#7687=CARTESIAN_POINT('',(24.3984946010789,-6.2,-15.3450423699008));
#7688=CARTESIAN_POINT('Ctrl Pts',(24.3984946010789,-6.,-15.3450423699008));
#7689=CARTESIAN_POINT('Ctrl Pts',(24.4245549202469,-6.,-15.2891108669263));
#7690=CARTESIAN_POINT('Ctrl Pts',(24.4756937991534,-6.,-15.1793549449348));
#7691=CARTESIAN_POINT('Ctrl Pts',(24.5593698944828,-6.,-15.0918912176845));
#7692=CARTESIAN_POINT('Ctrl Pts',(24.6004047392091,-6.,-15.0489989143001));
#7693=CARTESIAN_POINT('Ctrl Pts',(24.3248250482759,-6.2,-15.8429961126434));
#7694=CARTESIAN_POINT('Ctrl Pts',(24.3248250482759,-6.,-15.8429961126434));
#7695=CARTESIAN_POINT('Ctrl Pts',(24.3259604710539,-6.2,-15.7472637637786));
#7696=CARTESIAN_POINT('Ctrl Pts',(24.3259604710539,-6.,-15.7472637637786));
#7697=CARTESIAN_POINT('Ctrl Pts',(24.3279720169756,-6.2,-15.5776617268411));
#7698=CARTESIAN_POINT('Ctrl Pts',(24.3279720169756,-6.,-15.5776617268411));
#7699=CARTESIAN_POINT('Ctrl Pts',(24.3770979428445,-6.2,-15.4156194331559));
#7700=CARTESIAN_POINT('Ctrl Pts',(24.3770979428445,-6.,-15.4156194331559));
#7701=CARTESIAN_POINT('Ctrl Pts',(24.3984946010789,-6.2,-15.3450423699008));
#7702=CARTESIAN_POINT('Ctrl Pts',(24.3984946010789,-6.,-15.3450423699008));
#7703=CARTESIAN_POINT('',(24.3248250482759,-6.2,-15.8429961126434));
#7704=CARTESIAN_POINT('Ctrl Pts',(24.3248250482759,-6.2,-15.8429961126434));
#7705=CARTESIAN_POINT('Ctrl Pts',(24.3259604710539,-6.2,-15.7472637637786));
#7706=CARTESIAN_POINT('Ctrl Pts',(24.3279720169756,-6.2,-15.5776617268411));
#7707=CARTESIAN_POINT('Ctrl Pts',(24.3770979428445,-6.2,-15.4156194331559));
#7708=CARTESIAN_POINT('Ctrl Pts',(24.3984946010789,-6.2,-15.3450423699008));
#7709=CARTESIAN_POINT('',(24.3248250482759,-6.,-15.8429961126434));
#7710=CARTESIAN_POINT('',(24.3248250482759,-6.2,-15.8429961126434));
#7711=CARTESIAN_POINT('Ctrl Pts',(24.3248250482759,-6.,-15.8429961126434));
#7712=CARTESIAN_POINT('Ctrl Pts',(24.3259604710539,-6.,-15.7472637637786));
#7713=CARTESIAN_POINT('Ctrl Pts',(24.3279720169756,-6.,-15.5776617268411));
#7714=CARTESIAN_POINT('Ctrl Pts',(24.3770979428445,-6.,-15.4156194331559));
#7715=CARTESIAN_POINT('Ctrl Pts',(24.3984946010789,-6.,-15.3450423699008));
#7716=CARTESIAN_POINT('Ctrl Pts',(24.3739380834779,-6.2,-16.2304449301349));
#7717=CARTESIAN_POINT('Ctrl Pts',(24.3739380834779,-6.,-16.2304449301349));
#7718=CARTESIAN_POINT('Ctrl Pts',(24.3596151578377,-6.2,-16.1679510340787));
#7719=CARTESIAN_POINT('Ctrl Pts',(24.3596151578377,-6.,-16.1679510340787));
#7720=CARTESIAN_POINT('Ctrl Pts',(24.3303927169911,-6.2,-16.0404474620682));
#7721=CARTESIAN_POINT('Ctrl Pts',(24.3303927169911,-6.,-16.0404474620682));
#7722=CARTESIAN_POINT('Ctrl Pts',(24.3267051907743,-6.2,-15.909673332931));
#7723=CARTESIAN_POINT('Ctrl Pts',(24.3267051907743,-6.,-15.909673332931));
#7724=CARTESIAN_POINT('Ctrl Pts',(24.3248250482759,-6.2,-15.8429961126434));
#7725=CARTESIAN_POINT('Ctrl Pts',(24.3248250482759,-6.,-15.8429961126434));
#7726=CARTESIAN_POINT('',(24.3739380834779,-6.2,-16.2304449301349));
#7727=CARTESIAN_POINT('Ctrl Pts',(24.3739380834779,-6.2,-16.2304449301349));
#7728=CARTESIAN_POINT('Ctrl Pts',(24.3596151578377,-6.2,-16.1679510340787));
#7729=CARTESIAN_POINT('Ctrl Pts',(24.3303927169911,-6.2,-16.0404474620682));
#7730=CARTESIAN_POINT('Ctrl Pts',(24.3267051907743,-6.2,-15.909673332931));
#7731=CARTESIAN_POINT('Ctrl Pts',(24.3248250482759,-6.2,-15.8429961126434));
#7732=CARTESIAN_POINT('',(24.3739380834779,-6.,-16.2304449301349));
#7733=CARTESIAN_POINT('',(24.3739380834779,-6.2,-16.2304449301349));
#7734=CARTESIAN_POINT('Ctrl Pts',(24.3739380834779,-6.,-16.2304449301349));
#7735=CARTESIAN_POINT('Ctrl Pts',(24.3596151578377,-6.,-16.1679510340787));
#7736=CARTESIAN_POINT('Ctrl Pts',(24.3303927169911,-6.,-16.0404474620682));
#7737=CARTESIAN_POINT('Ctrl Pts',(24.3267051907743,-6.,-15.909673332931));
#7738=CARTESIAN_POINT('Ctrl Pts',(24.3248250482759,-6.,-15.8429961126434));
#7739=CARTESIAN_POINT('Ctrl Pts',(24.5321919916353,-6.2,-16.5510452013599));
#7740=CARTESIAN_POINT('Ctrl Pts',(24.5321919916353,-6.,-16.5510452013599));
#7741=CARTESIAN_POINT('Ctrl Pts',(24.4981640570763,-6.2,-16.5026780566751));
#7742=CARTESIAN_POINT('Ctrl Pts',(24.4981640570763,-6.,-16.5026780566751));
#7743=CARTESIAN_POINT('Ctrl Pts',(24.4287833521595,-6.2,-16.4040606519886));
#7744=CARTESIAN_POINT('Ctrl Pts',(24.4287833521595,-6.,-16.4040606519886));
#7745=CARTESIAN_POINT('Ctrl Pts',(24.3924510964743,-6.2,-16.2890488934724));
#7746=CARTESIAN_POINT('Ctrl Pts',(24.3924510964743,-6.,-16.2890488934724));
#7747=CARTESIAN_POINT('Ctrl Pts',(24.3739380834779,-6.2,-16.2304449301349));
#7748=CARTESIAN_POINT('Ctrl Pts',(24.3739380834779,-6.,-16.2304449301349));
#7749=CARTESIAN_POINT('',(24.5321919916353,-6.2,-16.5510452013599));
#7750=CARTESIAN_POINT('Ctrl Pts',(24.5321919916353,-6.2,-16.5510452013599));
#7751=CARTESIAN_POINT('Ctrl Pts',(24.4981640570763,-6.2,-16.5026780566751));
#7752=CARTESIAN_POINT('Ctrl Pts',(24.4287833521595,-6.2,-16.4040606519886));
#7753=CARTESIAN_POINT('Ctrl Pts',(24.3924510964743,-6.2,-16.2890488934724));
#7754=CARTESIAN_POINT('Ctrl Pts',(24.3739380834779,-6.2,-16.2304449301349));
#7755=CARTESIAN_POINT('',(24.5321919916353,-6.,-16.5510452013599));
#7756=CARTESIAN_POINT('',(24.5321919916353,-6.2,-16.5510452013599));
#7757=CARTESIAN_POINT('Ctrl Pts',(24.5321919916353,-6.,-16.5510452013599));
#7758=CARTESIAN_POINT('Ctrl Pts',(24.4981640570763,-6.,-16.5026780566751));
#7759=CARTESIAN_POINT('Ctrl Pts',(24.4287833521595,-6.,-16.4040606519886));
#7760=CARTESIAN_POINT('Ctrl Pts',(24.3924510964743,-6.,-16.2890488934724));
#7761=CARTESIAN_POINT('Ctrl Pts',(24.3739380834779,-6.,-16.2304449301349));
#7762=CARTESIAN_POINT('Ctrl Pts',(24.8091360328874,-6.2,-16.7625050466644));
#7763=CARTESIAN_POINT('Ctrl Pts',(24.8091360328874,-6.,-16.7625050466644));
#7764=CARTESIAN_POINT('Ctrl Pts',(24.7558489267409,-6.2,-16.7355319524885));
#7765=CARTESIAN_POINT('Ctrl Pts',(24.7558489267409,-6.,-16.7355319524885));
#7766=CARTESIAN_POINT('Ctrl Pts',(24.650423937181,-6.2,-16.6821674825909));
#7767=CARTESIAN_POINT('Ctrl Pts',(24.650423937181,-6.,-16.6821674825909));
#7768=CARTESIAN_POINT('Ctrl Pts',(24.571315189101,-6.2,-16.5944338377988));
#7769=CARTESIAN_POINT('Ctrl Pts',(24.571315189101,-6.,-16.5944338377988));
#7770=CARTESIAN_POINT('Ctrl Pts',(24.5321919916353,-6.2,-16.5510452013599));
#7771=CARTESIAN_POINT('Ctrl Pts',(24.5321919916353,-6.,-16.5510452013599));
#7772=CARTESIAN_POINT('',(24.8091360328874,-6.2,-16.7625050466644));
#7773=CARTESIAN_POINT('Ctrl Pts',(24.8091360328874,-6.2,-16.7625050466644));
#7774=CARTESIAN_POINT('Ctrl Pts',(24.7558489267409,-6.2,-16.7355319524885));
#7775=CARTESIAN_POINT('Ctrl Pts',(24.650423937181,-6.2,-16.6821674825909));
#7776=CARTESIAN_POINT('Ctrl Pts',(24.571315189101,-6.2,-16.5944338377988));
#7777=CARTESIAN_POINT('Ctrl Pts',(24.5321919916353,-6.2,-16.5510452013599));
#7778=CARTESIAN_POINT('',(24.8091360328874,-6.,-16.7625050466644));
#7779=CARTESIAN_POINT('',(24.8091360328874,-6.2,-16.7625050466644));
#7780=CARTESIAN_POINT('Ctrl Pts',(24.8091360328874,-6.,-16.7625050466644));
#7781=CARTESIAN_POINT('Ctrl Pts',(24.7558489267409,-6.,-16.7355319524885));
#7782=CARTESIAN_POINT('Ctrl Pts',(24.650423937181,-6.,-16.6821674825909));
#7783=CARTESIAN_POINT('Ctrl Pts',(24.571315189101,-6.,-16.5944338377988));
#7784=CARTESIAN_POINT('Ctrl Pts',(24.5321919916353,-6.,-16.5510452013599));
#7785=CARTESIAN_POINT('Ctrl Pts',(25.2470620868883,-6.2,-16.8361748974906));
#7786=CARTESIAN_POINT('Ctrl Pts',(25.2470620868883,-6.,-16.8361748974906));
#7787=CARTESIAN_POINT('Ctrl Pts',(25.1645091003729,-6.2,-16.8345681278929));
#7788=CARTESIAN_POINT('Ctrl Pts',(25.1645091003729,-6.,-16.8345681278929));
#7789=CARTESIAN_POINT('Ctrl Pts',(25.0146607337288,-6.2,-16.8316515550352));
#7790=CARTESIAN_POINT('Ctrl Pts',(25.0146607337288,-6.,-16.8316515550352));
#7791=CARTESIAN_POINT('Ctrl Pts',(24.8728305351446,-6.2,-16.7839343562095));
#7792=CARTESIAN_POINT('Ctrl Pts',(24.8728305351446,-6.,-16.7839343562095));
#7793=CARTESIAN_POINT('Ctrl Pts',(24.8091360328874,-6.2,-16.7625050466644));
#7794=CARTESIAN_POINT('Ctrl Pts',(24.8091360328874,-6.,-16.7625050466644));
#7795=CARTESIAN_POINT('',(25.2470620868883,-6.2,-16.8361748974906));
#7796=CARTESIAN_POINT('Ctrl Pts',(25.2470620868883,-6.2,-16.8361748974906));
#7797=CARTESIAN_POINT('Ctrl Pts',(25.1645091003729,-6.2,-16.8345681278929));
#7798=CARTESIAN_POINT('Ctrl Pts',(25.0146607337288,-6.2,-16.8316515550352));
#7799=CARTESIAN_POINT('Ctrl Pts',(24.8728305351446,-6.2,-16.7839343562095));
#7800=CARTESIAN_POINT('Ctrl Pts',(24.8091360328874,-6.2,-16.7625050466644));
#7801=CARTESIAN_POINT('',(25.2470620868883,-6.,-16.8361748974906));
#7802=CARTESIAN_POINT('',(25.2470620868883,-6.2,-16.8361748974906));
#7803=CARTESIAN_POINT('Ctrl Pts',(25.2470620868883,-6.,-16.8361748974906));
#7804=CARTESIAN_POINT('Ctrl Pts',(25.1645091003729,-6.,-16.8345681278929));
#7805=CARTESIAN_POINT('Ctrl Pts',(25.0146607337288,-6.,-16.8316515550352));
#7806=CARTESIAN_POINT('Ctrl Pts',(24.8728305351446,-6.,-16.7839343562095));
#7807=CARTESIAN_POINT('Ctrl Pts',(24.8091360328874,-6.,-16.7625050466644));
#7808=CARTESIAN_POINT('Origin',(26.1652066705904,-6.2,-16.8361748974906));
#7809=CARTESIAN_POINT('',(26.1652066705904,-6.2,-16.8361748974906));
#7810=CARTESIAN_POINT('',(-4.41739666470482,-6.2,-16.8361748974906));
#7811=CARTESIAN_POINT('',(26.1652066705904,-6.,-16.8361748974906));
#7812=CARTESIAN_POINT('',(26.1652066705904,-6.2,-16.8361748974906));
#7813=CARTESIAN_POINT('',(26.1652066705904,-6.,-16.8361748974906));
#7814=CARTESIAN_POINT('Origin',(26.1652066705904,-6.2,-14.8361748676883));
#7815=CARTESIAN_POINT('',(26.1652066705904,-6.2,-16.9180874338441));
#7816=CARTESIAN_POINT('',(26.1652066705904,-6.,-14.8361748676883));
#7817=CARTESIAN_POINT('Origin',(24.3207322301498,-6.,-15.8184395205365));
#7818=CARTESIAN_POINT('Ctrl Pts',(29.3084535895071,-6.2,-15.3573209267246));
#7819=CARTESIAN_POINT('Ctrl Pts',(29.3084535895071,-6.,-15.3573209267246));
#7820=CARTESIAN_POINT('Ctrl Pts',(29.2818291470035,-6.2,-15.3926430682061));
#7821=CARTESIAN_POINT('Ctrl Pts',(29.2818291470035,-6.,-15.3926430682061));
#7822=CARTESIAN_POINT('Ctrl Pts',(29.2245408454093,-6.2,-15.468646368327));
#7823=CARTESIAN_POINT('Ctrl Pts',(29.2245408454093,-6.,-15.468646368327));
#7824=CARTESIAN_POINT('Ctrl Pts',(29.2196605694969,-6.2,-15.5640825479303));
#7825=CARTESIAN_POINT('Ctrl Pts',(29.2196605694969,-6.,-15.5640825479303));
#7826=CARTESIAN_POINT('Ctrl Pts',(29.2170483766279,-6.2,-15.6151652556049));
#7827=CARTESIAN_POINT('Ctrl Pts',(29.2170483766279,-6.,-15.6151652556049));
#7828=CARTESIAN_POINT('',(29.3084535895071,-6.2,-15.3573209267246));
#7829=CARTESIAN_POINT('',(29.2170483766279,-6.2,-15.6151652556049));
#7830=CARTESIAN_POINT('Ctrl Pts',(29.3084535895071,-6.2,-15.3573209267246));
#7831=CARTESIAN_POINT('Ctrl Pts',(29.2818291470035,-6.2,-15.3926430682061));
#7832=CARTESIAN_POINT('Ctrl Pts',(29.2245408454093,-6.2,-15.468646368327));
#7833=CARTESIAN_POINT('Ctrl Pts',(29.2196605694969,-6.2,-15.5640825479303));
#7834=CARTESIAN_POINT('Ctrl Pts',(29.2170483766279,-6.2,-15.6151652556049));
#7835=CARTESIAN_POINT('',(29.3084535895071,-6.,-15.3573209267246));
#7836=CARTESIAN_POINT('',(29.3084535895071,-6.2,-15.3573209267246));
#7837=CARTESIAN_POINT('',(29.2170483766279,-6.,-15.6151652556049));
#7838=CARTESIAN_POINT('Ctrl Pts',(29.3084535895071,-6.,-15.3573209267246));
#7839=CARTESIAN_POINT('Ctrl Pts',(29.2818291470035,-6.,-15.3926430682061));
#7840=CARTESIAN_POINT('Ctrl Pts',(29.2245408454093,-6.,-15.468646368327));
#7841=CARTESIAN_POINT('Ctrl Pts',(29.2196605694969,-6.,-15.5640825479303));
#7842=CARTESIAN_POINT('Ctrl Pts',(29.2170483766279,-6.,-15.6151652556049));
#7843=CARTESIAN_POINT('',(29.2170483766279,-6.2,-15.6151652556049));
#7844=CARTESIAN_POINT('Ctrl Pts',(29.558112561532,-6.2,-15.2672797661411));
#7845=CARTESIAN_POINT('Ctrl Pts',(29.558112561532,-6.,-15.2672797661411));
#7846=CARTESIAN_POINT('Ctrl Pts',(29.5089050675495,-6.2,-15.2699886027073));
#7847=CARTESIAN_POINT('Ctrl Pts',(29.5089050675495,-6.,-15.2699886027073));
#7848=CARTESIAN_POINT('Ctrl Pts',(29.4163328270402,-6.2,-15.2750846368641));
#7849=CARTESIAN_POINT('Ctrl Pts',(29.4163328270402,-6.,-15.2750846368641));
#7850=CARTESIAN_POINT('Ctrl Pts',(29.3428677389828,-6.2,-15.3310870374582));
#7851=CARTESIAN_POINT('Ctrl Pts',(29.3428677389828,-6.,-15.3310870374582));
#7852=CARTESIAN_POINT('Ctrl Pts',(29.3084535895071,-6.2,-15.3573209267246));
#7853=CARTESIAN_POINT('Ctrl Pts',(29.3084535895071,-6.,-15.3573209267246));
#7854=CARTESIAN_POINT('',(29.558112561532,-6.2,-15.2672797661411));
#7855=CARTESIAN_POINT('Ctrl Pts',(29.558112561532,-6.2,-15.2672797661411));
#7856=CARTESIAN_POINT('Ctrl Pts',(29.5089050675495,-6.2,-15.2699886027073));
#7857=CARTESIAN_POINT('Ctrl Pts',(29.4163328270402,-6.2,-15.2750846368641));
#7858=CARTESIAN_POINT('Ctrl Pts',(29.3428677389828,-6.2,-15.3310870374582));
#7859=CARTESIAN_POINT('Ctrl Pts',(29.3084535895071,-6.2,-15.3573209267246));
#7860=CARTESIAN_POINT('',(29.558112561532,-6.,-15.2672797661411));
#7861=CARTESIAN_POINT('',(29.558112561532,-6.2,-15.2672797661411));
#7862=CARTESIAN_POINT('Ctrl Pts',(29.558112561532,-6.,-15.2672797661411));
#7863=CARTESIAN_POINT('Ctrl Pts',(29.5089050675495,-6.,-15.2699886027073));
#7864=CARTESIAN_POINT('Ctrl Pts',(29.4163328270402,-6.,-15.2750846368641));
#7865=CARTESIAN_POINT('Ctrl Pts',(29.3428677389828,-6.,-15.3310870374582));
#7866=CARTESIAN_POINT('Ctrl Pts',(29.3084535895071,-6.,-15.3573209267246));
#7867=CARTESIAN_POINT('Ctrl Pts',(29.8105000106773,-6.2,-15.3586849790202));
#7868=CARTESIAN_POINT('Ctrl Pts',(29.8105000106773,-6.,-15.3586849790202));
#7869=CARTESIAN_POINT('Ctrl Pts',(29.7756570763413,-6.2,-15.3320520685358));
#7870=CARTESIAN_POINT('Ctrl Pts',(29.7756570763413,-6.,-15.3320520685358));
#7871=CARTESIAN_POINT('Ctrl Pts',(29.7014196161426,-6.2,-15.2753071453614));
#7872=CARTESIAN_POINT('Ctrl Pts',(29.7014196161426,-6.,-15.2753071453614));
#7873=CARTESIAN_POINT('Ctrl Pts',(29.6077949939601,-6.2,-15.2700627395737));
#7874=CARTESIAN_POINT('Ctrl Pts',(29.6077949939601,-6.,-15.2700627395737));
#7875=CARTESIAN_POINT('Ctrl Pts',(29.558112561532,-6.2,-15.2672797661411));
#7876=CARTESIAN_POINT('Ctrl Pts',(29.558112561532,-6.,-15.2672797661411));
#7877=CARTESIAN_POINT('',(29.8105000106773,-6.2,-15.3586849790202));
#7878=CARTESIAN_POINT('Ctrl Pts',(29.8105000106773,-6.2,-15.3586849790202));
#7879=CARTESIAN_POINT('Ctrl Pts',(29.7756570763413,-6.2,-15.3320520685358));
#7880=CARTESIAN_POINT('Ctrl Pts',(29.7014196161426,-6.2,-15.2753071453614));
#7881=CARTESIAN_POINT('Ctrl Pts',(29.6077949939601,-6.2,-15.2700627395737));
#7882=CARTESIAN_POINT('Ctrl Pts',(29.558112561532,-6.2,-15.2672797661411));
#7883=CARTESIAN_POINT('',(29.8105000106773,-6.,-15.3586849790202));
#7884=CARTESIAN_POINT('',(29.8105000106773,-6.2,-15.3586849790202));
#7885=CARTESIAN_POINT('Ctrl Pts',(29.8105000106773,-6.,-15.3586849790202));
#7886=CARTESIAN_POINT('Ctrl Pts',(29.7756570763413,-6.,-15.3320520685358));
#7887=CARTESIAN_POINT('Ctrl Pts',(29.7014196161426,-6.,-15.2753071453614));
#7888=CARTESIAN_POINT('Ctrl Pts',(29.6077949939601,-6.,-15.2700627395737));
#7889=CARTESIAN_POINT('Ctrl Pts',(29.558112561532,-6.,-15.2672797661411));
#7890=CARTESIAN_POINT('Ctrl Pts',(29.9005409477434,-6.2,-15.6151652556049));
#7891=CARTESIAN_POINT('Ctrl Pts',(29.9005409477434,-6.,-15.6151652556049));
#7892=CARTESIAN_POINT('Ctrl Pts',(29.8978780468877,-6.2,-15.5647356323239));
#7893=CARTESIAN_POINT('Ctrl Pts',(29.8978780468877,-6.,-15.5647356323239));
#7894=CARTESIAN_POINT('Ctrl Pts',(29.8928802835761,-6.2,-15.4700887285483));
#7895=CARTESIAN_POINT('Ctrl Pts',(29.8928802835761,-6.,-15.4700887285483));
#7896=CARTESIAN_POINT('Ctrl Pts',(29.8367316243445,-6.2,-15.394158278827));
#7897=CARTESIAN_POINT('Ctrl Pts',(29.8367316243445,-6.,-15.394158278827));
#7898=CARTESIAN_POINT('Ctrl Pts',(29.8105000106773,-6.2,-15.3586849790202));
#7899=CARTESIAN_POINT('Ctrl Pts',(29.8105000106773,-6.,-15.3586849790202));
#7900=CARTESIAN_POINT('',(29.9005409477434,-6.2,-15.6151652556049));
#7901=CARTESIAN_POINT('Ctrl Pts',(29.9005409477434,-6.2,-15.6151652556049));
#7902=CARTESIAN_POINT('Ctrl Pts',(29.8978780468877,-6.2,-15.5647356323239));
#7903=CARTESIAN_POINT('Ctrl Pts',(29.8928802835761,-6.2,-15.4700887285483));
#7904=CARTESIAN_POINT('Ctrl Pts',(29.8367316243445,-6.2,-15.394158278827));
#7905=CARTESIAN_POINT('Ctrl Pts',(29.8105000106773,-6.2,-15.3586849790202));
#7906=CARTESIAN_POINT('',(29.9005409477434,-6.,-15.6151652556049));
#7907=CARTESIAN_POINT('',(29.9005409477434,-6.2,-15.6151652556049));
#7908=CARTESIAN_POINT('Ctrl Pts',(29.9005409477434,-6.,-15.6151652556049));
#7909=CARTESIAN_POINT('Ctrl Pts',(29.8978780468877,-6.,-15.5647356323239));
#7910=CARTESIAN_POINT('Ctrl Pts',(29.8928802835761,-6.,-15.4700887285483));
#7911=CARTESIAN_POINT('Ctrl Pts',(29.8367316243445,-6.,-15.394158278827));
#7912=CARTESIAN_POINT('Ctrl Pts',(29.8105000106773,-6.,-15.3586849790202));
#7913=CARTESIAN_POINT('Origin',(29.9005409477434,-6.2,-16.8361748974906));
#7914=CARTESIAN_POINT('',(29.9005409477434,-6.2,-16.8361748974906));
#7915=CARTESIAN_POINT('',(29.9005409477434,-6.2,-17.9180874487453));
#7916=CARTESIAN_POINT('',(29.9005409477434,-6.,-16.8361748974906));
#7917=CARTESIAN_POINT('',(29.9005409477434,-6.2,-16.8361748974906));
#7918=CARTESIAN_POINT('',(29.9005409477434,-6.,-16.8361748974906));
#7919=CARTESIAN_POINT('Origin',(30.5171848422071,-6.2,-16.8361748974906));
#7920=CARTESIAN_POINT('',(30.5171848422071,-6.2,-16.8361748974906));
#7921=CARTESIAN_POINT('',(-2.24140757889642,-6.2,-16.8361748974906));
#7922=CARTESIAN_POINT('',(30.5171848422071,-6.,-16.8361748974906));
#7923=CARTESIAN_POINT('',(30.5171848422071,-6.2,-16.8361748974906));
#7924=CARTESIAN_POINT('',(30.5171848422071,-6.,-16.8361748974906));
#7925=CARTESIAN_POINT('Origin',(30.5171848422071,-6.2,-15.6438148241626));
#7926=CARTESIAN_POINT('',(30.5171848422071,-6.2,-15.6438148241626));
#7927=CARTESIAN_POINT('',(30.5171848422072,-6.2,-17.3219074120813));
#7928=CARTESIAN_POINT('',(30.5171848422071,-6.,-15.6438148241626));
#7929=CARTESIAN_POINT('',(30.5171848422071,-6.2,-15.6438148241626));
#7930=CARTESIAN_POINT('',(30.5171848422071,-6.,-15.6438148241626));
#7931=CARTESIAN_POINT('Ctrl Pts',(30.4598860776207,-6.2,-15.3054791908847));
#7932=CARTESIAN_POINT('Ctrl Pts',(30.4598860776207,-6.,-15.3054791908847));
#7933=CARTESIAN_POINT('Ctrl Pts',(30.4765681536188,-6.2,-15.3651205228059));
#7934=CARTESIAN_POINT('Ctrl Pts',(30.4765681536188,-6.,-15.3651205228059));
#7935=CARTESIAN_POINT('Ctrl Pts',(30.5075681561006,-6.2,-15.4759509397023));
#7936=CARTESIAN_POINT('Ctrl Pts',(30.5075681561006,-6.,-15.4759509397023));
#7937=CARTESIAN_POINT('Ctrl Pts',(30.5141465082004,-6.2,-15.5907792417379));
#7938=CARTESIAN_POINT('Ctrl Pts',(30.5141465082004,-6.,-15.5907792417379));
#7939=CARTESIAN_POINT('Ctrl Pts',(30.5171848422071,-6.2,-15.6438148241626));
#7940=CARTESIAN_POINT('Ctrl Pts',(30.5171848422071,-6.,-15.6438148241626));
#7941=CARTESIAN_POINT('',(30.4598860776207,-6.2,-15.3054791908847));
#7942=CARTESIAN_POINT('Ctrl Pts',(30.4598860776207,-6.2,-15.3054791908847));
#7943=CARTESIAN_POINT('Ctrl Pts',(30.4765681536188,-6.2,-15.3651205228059));
#7944=CARTESIAN_POINT('Ctrl Pts',(30.5075681561006,-6.2,-15.4759509397023));
#7945=CARTESIAN_POINT('Ctrl Pts',(30.5141465082004,-6.2,-15.5907792417379));
#7946=CARTESIAN_POINT('Ctrl Pts',(30.5171848422071,-6.2,-15.6438148241626));
#7947=CARTESIAN_POINT('',(30.4598860776207,-6.,-15.3054791908847));
#7948=CARTESIAN_POINT('',(30.4598860776207,-6.2,-15.3054791908847));
#7949=CARTESIAN_POINT('Ctrl Pts',(30.4598860776207,-6.,-15.3054791908847));
#7950=CARTESIAN_POINT('Ctrl Pts',(30.4765681536188,-6.,-15.3651205228059));
#7951=CARTESIAN_POINT('Ctrl Pts',(30.5075681561006,-6.,-15.4759509397023));
#7952=CARTESIAN_POINT('Ctrl Pts',(30.5141465082004,-6.,-15.5907792417379));
#7953=CARTESIAN_POINT('Ctrl Pts',(30.5171848422071,-6.,-15.6438148241626));
#7954=CARTESIAN_POINT('Ctrl Pts',(30.3289174435815,-6.2,-15.07491978222));
#7955=CARTESIAN_POINT('Ctrl Pts',(30.3289174435815,-6.,-15.07491978222));
#7956=CARTESIAN_POINT('Ctrl Pts',(30.3579529870259,-6.2,-15.1115388434083));
#7957=CARTESIAN_POINT('Ctrl Pts',(30.3579529870259,-6.,-15.1115388434083));
#7958=CARTESIAN_POINT('Ctrl Pts',(30.4135639776631,-6.2,-15.1816743403653));
#7959=CARTESIAN_POINT('Ctrl Pts',(30.4135639776631,-6.,-15.1816743403653));
#7960=CARTESIAN_POINT('Ctrl Pts',(30.4449075659126,-6.2,-15.2654461957329));
#7961=CARTESIAN_POINT('Ctrl Pts',(30.4449075659126,-6.,-15.2654461957329));
#7962=CARTESIAN_POINT('Ctrl Pts',(30.4598860776207,-6.2,-15.3054791908847));
#7963=CARTESIAN_POINT('Ctrl Pts',(30.4598860776207,-6.,-15.3054791908847));
#7964=CARTESIAN_POINT('',(30.3289174435815,-6.2,-15.07491978222));
#7965=CARTESIAN_POINT('Ctrl Pts',(30.3289174435815,-6.2,-15.07491978222));
#7966=CARTESIAN_POINT('Ctrl Pts',(30.3579529870259,-6.2,-15.1115388434083));
#7967=CARTESIAN_POINT('Ctrl Pts',(30.4135639776631,-6.2,-15.1816743403653));
#7968=CARTESIAN_POINT('Ctrl Pts',(30.4449075659126,-6.2,-15.2654461957329));
#7969=CARTESIAN_POINT('Ctrl Pts',(30.4598860776207,-6.2,-15.3054791908847));
#7970=CARTESIAN_POINT('',(30.3289174435815,-6.,-15.07491978222));
#7971=CARTESIAN_POINT('',(30.3289174435815,-6.2,-15.07491978222));
#7972=CARTESIAN_POINT('Ctrl Pts',(30.3289174435815,-6.,-15.07491978222));
#7973=CARTESIAN_POINT('Ctrl Pts',(30.3579529870259,-6.,-15.1115388434083));
#7974=CARTESIAN_POINT('Ctrl Pts',(30.4135639776631,-6.,-15.1816743403653));
#7975=CARTESIAN_POINT('Ctrl Pts',(30.4449075659126,-6.,-15.2654461957329));
#7976=CARTESIAN_POINT('Ctrl Pts',(30.4598860776207,-6.,-15.3054791908847));
#7977=CARTESIAN_POINT('Ctrl Pts',(30.1160934342227,-6.2,-14.9016592126476));
#7978=CARTESIAN_POINT('Ctrl Pts',(30.1160934342227,-6.,-14.9016592126476));
#7979=CARTESIAN_POINT('Ctrl Pts',(30.1544177224809,-6.2,-14.9247701818548));
#7980=CARTESIAN_POINT('Ctrl Pts',(30.1544177224809,-6.,-14.9247701818548));
#7981=CARTESIAN_POINT('Ctrl Pts',(30.2335027789137,-6.2,-14.9724614081513));
#7982=CARTESIAN_POINT('Ctrl Pts',(30.2335027789137,-6.,-14.9724614081513));
#7983=CARTESIAN_POINT('Ctrl Pts',(30.2964659581859,-6.2,-15.0400726605398));
#7984=CARTESIAN_POINT('Ctrl Pts',(30.2964659581859,-6.,-15.0400726605398));
#7985=CARTESIAN_POINT('Ctrl Pts',(30.3289174435815,-6.2,-15.07491978222));
#7986=CARTESIAN_POINT('Ctrl Pts',(30.3289174435815,-6.,-15.07491978222));
#7987=CARTESIAN_POINT('',(30.1160934342227,-6.2,-14.9016592126476));
#7988=CARTESIAN_POINT('Ctrl Pts',(30.1160934342227,-6.2,-14.9016592126476));
#7989=CARTESIAN_POINT('Ctrl Pts',(30.1544177224809,-6.2,-14.9247701818548));
#7990=CARTESIAN_POINT('Ctrl Pts',(30.2335027789137,-6.2,-14.9724614081513));
#7991=CARTESIAN_POINT('Ctrl Pts',(30.2964659581859,-6.2,-15.0400726605398));
#7992=CARTESIAN_POINT('Ctrl Pts',(30.3289174435815,-6.2,-15.07491978222));
#7993=CARTESIAN_POINT('',(30.1160934342227,-6.,-14.9016592126476));
#7994=CARTESIAN_POINT('',(30.1160934342227,-6.2,-14.9016592126476));
#7995=CARTESIAN_POINT('Ctrl Pts',(30.1160934342227,-6.,-14.9016592126476));
#7996=CARTESIAN_POINT('Ctrl Pts',(30.1544177224809,-6.,-14.9247701818548));
#7997=CARTESIAN_POINT('Ctrl Pts',(30.2335027789137,-6.,-14.9724614081513));
#7998=CARTESIAN_POINT('Ctrl Pts',(30.2964659581859,-6.,-15.0400726605398));
#7999=CARTESIAN_POINT('Ctrl Pts',(30.3289174435815,-6.,-15.07491978222));
#8000=CARTESIAN_POINT('Ctrl Pts',(29.8282352982244,-6.2,-14.82116790825));
#8001=CARTESIAN_POINT('Ctrl Pts',(29.8282352982244,-6.,-14.82116790825));
#8002=CARTESIAN_POINT('Ctrl Pts',(29.8815773650465,-6.2,-14.828827615588));
#8003=CARTESIAN_POINT('Ctrl Pts',(29.8815773650465,-6.,-14.828827615588));
#8004=CARTESIAN_POINT('Ctrl Pts',(29.9811222774236,-6.2,-14.8431218666589));
#8005=CARTESIAN_POINT('Ctrl Pts',(29.9811222774236,-6.,-14.8431218666589));
#8006=CARTESIAN_POINT('Ctrl Pts',(30.073306830844,-6.2,-14.883102550135));
#8007=CARTESIAN_POINT('Ctrl Pts',(30.073306830844,-6.,-14.883102550135));
#8008=CARTESIAN_POINT('Ctrl Pts',(30.1160934342227,-6.2,-14.9016592126476));
#8009=CARTESIAN_POINT('Ctrl Pts',(30.1160934342227,-6.,-14.9016592126476));
#8010=CARTESIAN_POINT('',(29.8282352982244,-6.2,-14.82116790825));
#8011=CARTESIAN_POINT('Ctrl Pts',(29.8282352982244,-6.2,-14.82116790825));
#8012=CARTESIAN_POINT('Ctrl Pts',(29.8815773650465,-6.2,-14.828827615588));
#8013=CARTESIAN_POINT('Ctrl Pts',(29.9811222774236,-6.2,-14.8431218666589));
#8014=CARTESIAN_POINT('Ctrl Pts',(30.073306830844,-6.2,-14.883102550135));
#8015=CARTESIAN_POINT('Ctrl Pts',(30.1160934342227,-6.2,-14.9016592126476));
#8016=CARTESIAN_POINT('',(29.8282352982244,-6.,-14.82116790825));
#8017=CARTESIAN_POINT('',(29.8282352982244,-6.2,-14.82116790825));
#8018=CARTESIAN_POINT('Ctrl Pts',(29.8282352982244,-6.,-14.82116790825));
#8019=CARTESIAN_POINT('Ctrl Pts',(29.8815773650465,-6.,-14.828827615588));
#8020=CARTESIAN_POINT('Ctrl Pts',(29.9811222774236,-6.,-14.8431218666589));
#8021=CARTESIAN_POINT('Ctrl Pts',(30.073306830844,-6.,-14.883102550135));
#8022=CARTESIAN_POINT('Ctrl Pts',(30.1160934342227,-6.,-14.9016592126476));
#8023=CARTESIAN_POINT('Ctrl Pts',(29.5089993028125,-6.2,-14.8007041435825));
#8024=CARTESIAN_POINT('Ctrl Pts',(29.5089993028125,-6.,-14.8007041435825));
#8025=CARTESIAN_POINT('Ctrl Pts',(29.5599761513978,-6.2,-14.8016991858228));
#8026=CARTESIAN_POINT('Ctrl Pts',(29.5599761513978,-6.,-14.8016991858228));
#8027=CARTESIAN_POINT('Ctrl Pts',(29.6666856868036,-6.2,-14.8037821018546));
#8028=CARTESIAN_POINT('Ctrl Pts',(29.6666856868036,-6.,-14.8037821018546));
#8029=CARTESIAN_POINT('Ctrl Pts',(29.7728088593596,-6.2,-14.8152029707499));
#8030=CARTESIAN_POINT('Ctrl Pts',(29.7728088593596,-6.,-14.8152029707499));
#8031=CARTESIAN_POINT('Ctrl Pts',(29.8282352982244,-6.2,-14.82116790825));
#8032=CARTESIAN_POINT('Ctrl Pts',(29.8282352982244,-6.,-14.82116790825));
#8033=CARTESIAN_POINT('',(29.5089993028125,-6.2,-14.8007041435825));
#8034=CARTESIAN_POINT('Ctrl Pts',(29.5089993028125,-6.2,-14.8007041435825));
#8035=CARTESIAN_POINT('Ctrl Pts',(29.5599761513978,-6.2,-14.8016991858228));
#8036=CARTESIAN_POINT('Ctrl Pts',(29.6666856868036,-6.2,-14.8037821018546));
#8037=CARTESIAN_POINT('Ctrl Pts',(29.7728088593596,-6.2,-14.8152029707499));
#8038=CARTESIAN_POINT('Ctrl Pts',(29.8282352982244,-6.2,-14.82116790825));
#8039=CARTESIAN_POINT('',(29.5089993028125,-6.,-14.8007041435825));
#8040=CARTESIAN_POINT('',(29.5089993028125,-6.2,-14.8007041435825));
#8041=CARTESIAN_POINT('Ctrl Pts',(29.5089993028125,-6.,-14.8007041435825));
#8042=CARTESIAN_POINT('Ctrl Pts',(29.5599761513978,-6.,-14.8016991858228));
#8043=CARTESIAN_POINT('Ctrl Pts',(29.6666856868036,-6.,-14.8037821018546));
#8044=CARTESIAN_POINT('Ctrl Pts',(29.7728088593596,-6.,-14.8152029707499));
#8045=CARTESIAN_POINT('Ctrl Pts',(29.8282352982244,-6.,-14.82116790825));
#8046=CARTESIAN_POINT('Ctrl Pts',(29.0765299795351,-6.2,-14.8675528388606));
#8047=CARTESIAN_POINT('Ctrl Pts',(29.0765299795351,-6.,-14.8675528388606));
#8048=CARTESIAN_POINT('Ctrl Pts',(29.1421386697382,-6.2,-14.8480803103287));
#8049=CARTESIAN_POINT('Ctrl Pts',(29.1421386697382,-6.,-14.8480803103287));
#8050=CARTESIAN_POINT('Ctrl Pts',(29.2831470931597,-6.2,-14.8062292912057));
#8051=CARTESIAN_POINT('Ctrl Pts',(29.2831470931597,-6.,-14.8062292912057));
#8052=CARTESIAN_POINT('Ctrl Pts',(29.4303091248682,-6.2,-14.8026291849638));
#8053=CARTESIAN_POINT('Ctrl Pts',(29.4303091248682,-6.,-14.8026291849638));
#8054=CARTESIAN_POINT('Ctrl Pts',(29.5089993028125,-6.2,-14.8007041435825));
#8055=CARTESIAN_POINT('Ctrl Pts',(29.5089993028125,-6.,-14.8007041435825));
#8056=CARTESIAN_POINT('',(29.0765299795351,-6.2,-14.8675528388606));
#8057=CARTESIAN_POINT('Ctrl Pts',(29.0765299795351,-6.2,-14.8675528388606));
#8058=CARTESIAN_POINT('Ctrl Pts',(29.1421386697382,-6.2,-14.8480803103287));
#8059=CARTESIAN_POINT('Ctrl Pts',(29.2831470931597,-6.2,-14.8062292912057));
#8060=CARTESIAN_POINT('Ctrl Pts',(29.4303091248682,-6.2,-14.8026291849638));
#8061=CARTESIAN_POINT('Ctrl Pts',(29.5089993028125,-6.2,-14.8007041435825));
#8062=CARTESIAN_POINT('',(29.0765299795351,-6.,-14.8675528388606));
#8063=CARTESIAN_POINT('',(29.0765299795351,-6.2,-14.8675528388606));
#8064=CARTESIAN_POINT('Ctrl Pts',(29.0765299795351,-6.,-14.8675528388606));
#8065=CARTESIAN_POINT('Ctrl Pts',(29.1421386697382,-6.,-14.8480803103287));
#8066=CARTESIAN_POINT('Ctrl Pts',(29.2831470931597,-6.,-14.8062292912057));
#8067=CARTESIAN_POINT('Ctrl Pts',(29.4303091248682,-6.,-14.8026291849638));
#8068=CARTESIAN_POINT('Ctrl Pts',(29.5089993028125,-6.,-14.8007041435825));
#8069=CARTESIAN_POINT('Ctrl Pts',(28.8295995591363,-6.2,-15.0326279025661));
#8070=CARTESIAN_POINT('Ctrl Pts',(28.8295995591363,-6.,-15.0326279025661));
#8071=CARTESIAN_POINT('Ctrl Pts',(28.8680978755521,-6.2,-14.996846081443));
#8072=CARTESIAN_POINT('Ctrl Pts',(28.8680978755521,-6.,-14.996846081443));
#8073=CARTESIAN_POINT('Ctrl Pts',(28.9416136750842,-6.2,-14.9285176600083));
#8074=CARTESIAN_POINT('Ctrl Pts',(28.9416136750842,-6.,-14.9285176600083));
#8075=CARTESIAN_POINT('Ctrl Pts',(29.0330002041708,-6.2,-14.8872226999681));
#8076=CARTESIAN_POINT('Ctrl Pts',(29.0330002041708,-6.,-14.8872226999681));
#8077=CARTESIAN_POINT('Ctrl Pts',(29.0765299795351,-6.2,-14.8675528388606));
#8078=CARTESIAN_POINT('Ctrl Pts',(29.0765299795351,-6.,-14.8675528388606));
#8079=CARTESIAN_POINT('',(28.8295995591363,-6.2,-15.0326279025661));
#8080=CARTESIAN_POINT('Ctrl Pts',(28.8295995591363,-6.2,-15.0326279025661));
#8081=CARTESIAN_POINT('Ctrl Pts',(28.8680978755521,-6.2,-14.996846081443));
#8082=CARTESIAN_POINT('Ctrl Pts',(28.9416136750842,-6.2,-14.9285176600083));
#8083=CARTESIAN_POINT('Ctrl Pts',(29.0330002041708,-6.2,-14.8872226999681));
#8084=CARTESIAN_POINT('Ctrl Pts',(29.0765299795351,-6.2,-14.8675528388606));
#8085=CARTESIAN_POINT('',(28.8295995591363,-6.,-15.0326279025661));
#8086=CARTESIAN_POINT('',(28.8295995591363,-6.2,-15.0326279025661));
#8087=CARTESIAN_POINT('Ctrl Pts',(28.8295995591363,-6.,-15.0326279025661));
#8088=CARTESIAN_POINT('Ctrl Pts',(28.8680978755521,-6.,-14.996846081443));
#8089=CARTESIAN_POINT('Ctrl Pts',(28.9416136750842,-6.,-14.9285176600083));
#8090=CARTESIAN_POINT('Ctrl Pts',(29.0330002041708,-6.,-14.8872226999681));
#8091=CARTESIAN_POINT('Ctrl Pts',(29.0765299795351,-6.,-14.8675528388606));
#8092=CARTESIAN_POINT('Ctrl Pts',(28.6563389895639,-6.2,-15.3082075934993));
#8093=CARTESIAN_POINT('Ctrl Pts',(28.6563389895639,-6.,-15.3082075934993));
#8094=CARTESIAN_POINT('Ctrl Pts',(28.6772541333557,-6.2,-15.2574493608665));
#8095=CARTESIAN_POINT('Ctrl Pts',(28.6772541333557,-6.,-15.2574493608665));
#8096=CARTESIAN_POINT('Ctrl Pts',(28.7191982197705,-6.2,-15.1556567211887));
#8097=CARTESIAN_POINT('Ctrl Pts',(28.7191982197705,-6.,-15.1556567211887));
#8098=CARTESIAN_POINT('Ctrl Pts',(28.7927326104363,-6.2,-15.0737116174091));
#8099=CARTESIAN_POINT('Ctrl Pts',(28.7927326104363,-6.,-15.0737116174091));
#8100=CARTESIAN_POINT('Ctrl Pts',(28.8295995591363,-6.2,-15.0326279025661));
#8101=CARTESIAN_POINT('Ctrl Pts',(28.8295995591363,-6.,-15.0326279025661));
#8102=CARTESIAN_POINT('',(28.6563389895639,-6.2,-15.3082075934993));
#8103=CARTESIAN_POINT('Ctrl Pts',(28.6563389895639,-6.2,-15.3082075934993));
#8104=CARTESIAN_POINT('Ctrl Pts',(28.6772541333557,-6.2,-15.2574493608665));
#8105=CARTESIAN_POINT('Ctrl Pts',(28.7191982197705,-6.2,-15.1556567211887));
#8106=CARTESIAN_POINT('Ctrl Pts',(28.7927326104363,-6.2,-15.0737116174091));
#8107=CARTESIAN_POINT('Ctrl Pts',(28.8295995591363,-6.2,-15.0326279025661));
#8108=CARTESIAN_POINT('',(28.6563389895639,-6.,-15.3082075934993));
#8109=CARTESIAN_POINT('',(28.6563389895639,-6.2,-15.3082075934993));
#8110=CARTESIAN_POINT('Ctrl Pts',(28.6563389895639,-6.,-15.3082075934993));
#8111=CARTESIAN_POINT('Ctrl Pts',(28.6772541333557,-6.,-15.2574493608665));
#8112=CARTESIAN_POINT('Ctrl Pts',(28.7191982197705,-6.,-15.1556567211887));
#8113=CARTESIAN_POINT('Ctrl Pts',(28.7927326104363,-6.,-15.0737116174091));
#8114=CARTESIAN_POINT('Ctrl Pts',(28.8295995591363,-6.,-15.0326279025661));
#8115=CARTESIAN_POINT('Ctrl Pts',(28.6004045007905,-6.2,-15.6438148241626));
#8116=CARTESIAN_POINT('Ctrl Pts',(28.6004045007905,-6.,-15.6438148241626));
#8117=CARTESIAN_POINT('Ctrl Pts',(28.6026010894215,-6.2,-15.585874772551));
#8118=CARTESIAN_POINT('Ctrl Pts',(28.6026010894215,-6.,-15.585874772551));
#8119=CARTESIAN_POINT('Ctrl Pts',(28.606933310852,-6.2,-15.4716025188652));
#8120=CARTESIAN_POINT('Ctrl Pts',(28.606933310852,-6.,-15.4716025188652));
#8121=CARTESIAN_POINT('Ctrl Pts',(28.6400256367595,-6.2,-15.3621592673439));
#8122=CARTESIAN_POINT('Ctrl Pts',(28.6400256367595,-6.,-15.3621592673439));
#8123=CARTESIAN_POINT('Ctrl Pts',(28.6563389895639,-6.2,-15.3082075934993));
#8124=CARTESIAN_POINT('Ctrl Pts',(28.6563389895639,-6.,-15.3082075934993));
#8125=CARTESIAN_POINT('',(28.6004045007905,-6.2,-15.6438148241626));
#8126=CARTESIAN_POINT('Ctrl Pts',(28.6004045007905,-6.2,-15.6438148241626));
#8127=CARTESIAN_POINT('Ctrl Pts',(28.6026010894215,-6.2,-15.585874772551));
#8128=CARTESIAN_POINT('Ctrl Pts',(28.606933310852,-6.2,-15.4716025188652));
#8129=CARTESIAN_POINT('Ctrl Pts',(28.6400256367595,-6.2,-15.3621592673439));
#8130=CARTESIAN_POINT('Ctrl Pts',(28.6563389895639,-6.2,-15.3082075934993));
#8131=CARTESIAN_POINT('',(28.6004045007905,-6.,-15.6438148241626));
#8132=CARTESIAN_POINT('',(28.6004045007905,-6.2,-15.6438148241626));
#8133=CARTESIAN_POINT('Ctrl Pts',(28.6004045007905,-6.,-15.6438148241626));
#8134=CARTESIAN_POINT('Ctrl Pts',(28.6026010894215,-6.,-15.585874772551));
#8135=CARTESIAN_POINT('Ctrl Pts',(28.606933310852,-6.,-15.4716025188652));
#8136=CARTESIAN_POINT('Ctrl Pts',(28.6400256367595,-6.,-15.3621592673439));
#8137=CARTESIAN_POINT('Ctrl Pts',(28.6563389895639,-6.,-15.3082075934993));
#8138=CARTESIAN_POINT('Origin',(28.6004045007905,-6.2,-16.8361748974906));
#8139=CARTESIAN_POINT('',(28.6004045007905,-6.2,-16.8361748974906));
#8140=CARTESIAN_POINT('',(28.6004045007906,-6.2,-17.9180874487453));
#8141=CARTESIAN_POINT('',(28.6004045007905,-6.,-16.8361748974906));
#8142=CARTESIAN_POINT('',(28.6004045007905,-6.2,-16.8361748974906));
#8143=CARTESIAN_POINT('',(28.6004045007905,-6.,-16.8361748974906));
#8144=CARTESIAN_POINT('Origin',(29.2170483766279,-6.2,-16.8361748974906));
#8145=CARTESIAN_POINT('',(29.2170483766279,-6.2,-16.8361748974906));
#8146=CARTESIAN_POINT('',(-2.89147581168606,-6.2,-16.8361748974906));
#8147=CARTESIAN_POINT('',(29.2170483766279,-6.,-16.8361748974906));
#8148=CARTESIAN_POINT('',(29.2170483766279,-6.2,-16.8361748974906));
#8149=CARTESIAN_POINT('',(29.2170483766279,-6.,-16.8361748974906));
#8150=CARTESIAN_POINT('Origin',(29.2170483766279,-6.2,-15.6151652556049));
#8151=CARTESIAN_POINT('',(29.2170483766279,-6.2,-17.3075826278024));
#8152=CARTESIAN_POINT('',(29.2170483766279,-6.,-15.6151652556049));
#8153=CARTESIAN_POINT('Origin',(24.3207322301498,-6.,-15.8184395205365));
#8154=CARTESIAN_POINT('Origin',(27.6818496658736,-6.2,-3.60283180932554));
#8155=CARTESIAN_POINT('',(27.6818496658736,-6.2,-3.60283180932554));
#8156=CARTESIAN_POINT('',(30.6818496658736,-6.2,-5.33488261689442));
#8157=CARTESIAN_POINT('',(7.50974074103743,-6.2,8.04354070855106));
#8158=CARTESIAN_POINT('',(27.6818496658736,-6.,-3.60283180932554));
#8159=CARTESIAN_POINT('',(27.6818496658736,-6.2,-3.60283180932554));
#8160=CARTESIAN_POINT('',(30.6818496658736,-6.,-5.33488261689442));
#8161=CARTESIAN_POINT('',(30.6818496658736,-6.,-5.33488261689442));
#8162=CARTESIAN_POINT('',(30.6818496658736,-6.2,-5.33488261689442));
#8163=CARTESIAN_POINT('Origin',(27.6818496658736,-6.2,-7.0669334244633));
#8164=CARTESIAN_POINT('',(27.6818496658736,-6.2,-7.0669334244633));
#8165=CARTESIAN_POINT('',(27.6818496658736,-6.2,-13.0334667122317));
#8166=CARTESIAN_POINT('',(27.6818496658736,-6.,-7.0669334244633));
#8167=CARTESIAN_POINT('',(27.6818496658736,-6.2,-7.0669334244633));
#8168=CARTESIAN_POINT('',(27.6818496658736,-6.,-3.60283180932554));
#8169=CARTESIAN_POINT('Origin',(30.6818496658736,-6.2,-5.33488261689442));
#8170=CARTESIAN_POINT('',(3.09257134130455,-6.2,-21.2635598843319));
#8171=CARTESIAN_POINT('',(27.6818496658736,-6.,-7.0669334244633));
#8172=CARTESIAN_POINT('Origin',(29.1818496658736,-6.,-5.33488261689442));
#8173=CARTESIAN_POINT('Origin',(-35.,-6.2,-19.));
#8174=CARTESIAN_POINT('',(-101.7,-6.2,-60.));
#8175=CARTESIAN_POINT('',(-101.7,-6.2,22.));
#8176=CARTESIAN_POINT('',(-101.7,-6.2,-9.5));
#8177=CARTESIAN_POINT('',(-100.,-6.2,-61.7));
#8178=CARTESIAN_POINT('Origin',(-100.,-6.2,-60.));
#8179=CARTESIAN_POINT('',(0.,-6.2,-61.7));
#8180=CARTESIAN_POINT('',(-67.5,-6.2,-61.7));
#8181=CARTESIAN_POINT('',(1.70000000000001,-6.2,-60.));
#8182=CARTESIAN_POINT('Origin',(0.,-6.2,-60.));
#8183=CARTESIAN_POINT('',(1.70000000000001,-6.2,-37.5));
#8184=CARTESIAN_POINT('',(1.70000000000001,-6.2,-39.5));
#8185=CARTESIAN_POINT('',(4.,-6.2,-35.2));
#8186=CARTESIAN_POINT('Origin',(4.,-6.2,-37.5));
#8187=CARTESIAN_POINT('',(30.,-6.2,-35.2));
#8188=CARTESIAN_POINT('',(-15.5,-6.2,-35.2));
#8189=CARTESIAN_POINT('',(31.7,-6.2,-33.5));
#8190=CARTESIAN_POINT('Origin',(30.,-6.2,-33.5));
#8191=CARTESIAN_POINT('',(31.7,-6.2,22.));
#8192=CARTESIAN_POINT('',(31.7,-6.2,-26.25));
#8193=CARTESIAN_POINT('',(30.,-6.2,23.7));
#8194=CARTESIAN_POINT('Origin',(30.,-6.2,22.));
#8195=CARTESIAN_POINT('',(-100.,-6.2,23.7));
#8196=CARTESIAN_POINT('',(-2.5,-6.2,23.7));
#8197=CARTESIAN_POINT('Origin',(-100.,-6.2,22.));
#8198=CARTESIAN_POINT('',(-83.3500000000001,-6.2,-40.));
#8199=CARTESIAN_POINT('Origin',(-80.,-6.2,-40.));
#8200=CARTESIAN_POINT('',(-63.35,-6.2,-20.));
#8201=CARTESIAN_POINT('Origin',(-60.,-6.2,-20.));
#8202=CARTESIAN_POINT('',(-23.3500000000001,-6.2,-40.));
#8203=CARTESIAN_POINT('Origin',(-20.0000000000001,-6.2,-40.));
#8204=CARTESIAN_POINT('',(-3.35000000000005,-6.2,1.73533117162881E-14));
#8205=CARTESIAN_POINT('Origin',(-5.32907051820075E-14,-6.2,1.77635683940025E-14));
#8206=CARTESIAN_POINT('',(-101.55,-6.2,20.2));
#8207=CARTESIAN_POINT('Origin',(-98.2,-6.2,20.2));
#8208=CARTESIAN_POINT('Origin',(-35.,-6.2,-19.));
#8209=CARTESIAN_POINT('Origin',(-35.,-6.2,-19.));
#8210=CARTESIAN_POINT('Origin',(-35.,-6.2,-19.));
#8211=CARTESIAN_POINT('Origin',(-35.,-6.2,-19.));
#8212=CARTESIAN_POINT('Origin',(15.,-3.,-23.0465719898674));
#8213=CARTESIAN_POINT('',(13.,-3.25,-23.0465719898674));
#8214=CARTESIAN_POINT('',(13.5,-2.75,-23.0465719898674));
#8215=CARTESIAN_POINT('',(13.,-3.25,-23.0465719898674));
#8216=CARTESIAN_POINT('',(15.,-2.75,-24.5465719898674));
#8217=CARTESIAN_POINT('Origin',(15.,-2.75,-23.0465719898674));
#8218=CARTESIAN_POINT('',(15.,-3.25,-25.0465719898674));
#8219=CARTESIAN_POINT('',(15.,-2.75,-24.5465719898674));
#8220=CARTESIAN_POINT('Origin',(15.,-3.25,-23.0465719898674));
#8221=CARTESIAN_POINT('Origin',(13.25,-3.,-21.5465719898674));
#8222=CARTESIAN_POINT('',(13.,-3.25,-21.0465719898674));
#8223=CARTESIAN_POINT('',(13.,-3.25,-21.5465719898674));
#8224=CARTESIAN_POINT('',(13.5,-2.75,-21.0465719898674));
#8225=CARTESIAN_POINT('',(13.,-3.25,-21.0465719898674));
#8226=CARTESIAN_POINT('',(13.5,-2.75,-21.5465719898674));
#8227=CARTESIAN_POINT('Origin',(15.,-3.,-21.0465719898674));
#8228=CARTESIAN_POINT('',(15.,-3.25,-19.0465719898674));
#8229=CARTESIAN_POINT('',(15.,-2.75,-19.5465719898674));
#8230=CARTESIAN_POINT('',(15.,-3.25,-19.0465719898674));
#8231=CARTESIAN_POINT('Origin',(15.,-2.75,-21.0465719898674));
#8232=CARTESIAN_POINT('Origin',(15.,-3.25,-21.0465719898674));
#8233=CARTESIAN_POINT('Origin',(16.5,-3.,-19.2965719898674));
#8234=CARTESIAN_POINT('',(17.,-3.25,-19.0465719898674));
#8235=CARTESIAN_POINT('',(16.5,-3.25,-19.0465719898674));
#8236=CARTESIAN_POINT('',(17.,-2.75,-19.5465719898674));
#8237=CARTESIAN_POINT('',(17.,-3.25,-19.0465719898674));
#8238=CARTESIAN_POINT('',(16.5,-2.75,-19.5465719898674));
#8239=CARTESIAN_POINT('Origin',(17.,-3.,-21.0465719898674));
#8240=CARTESIAN_POINT('',(19.,-3.25,-21.0465719898674));
#8241=CARTESIAN_POINT('',(18.5,-2.75,-21.0465719898674));
#8242=CARTESIAN_POINT('',(19.,-3.25,-21.0465719898674));
#8243=CARTESIAN_POINT('Origin',(17.,-2.75,-21.0465719898674));
#8244=CARTESIAN_POINT('Origin',(17.,-3.25,-21.0465719898674));
#8245=CARTESIAN_POINT('Origin',(18.75,-3.,-22.5465719898674));
#8246=CARTESIAN_POINT('',(19.,-3.25,-23.0465719898674));
#8247=CARTESIAN_POINT('',(19.,-3.25,-22.5465719898674));
#8248=CARTESIAN_POINT('',(18.5,-2.75,-23.0465719898674));
#8249=CARTESIAN_POINT('',(19.,-3.25,-23.0465719898674));
#8250=CARTESIAN_POINT('',(18.5,-2.75,-22.5465719898674));
#8251=CARTESIAN_POINT('Origin',(17.,-3.,-23.0465719898674));
#8252=CARTESIAN_POINT('',(17.,-3.25,-25.0465719898674));
#8253=CARTESIAN_POINT('',(17.,-2.75,-24.5465719898674));
#8254=CARTESIAN_POINT('',(17.,-3.25,-25.0465719898674));
#8255=CARTESIAN_POINT('Origin',(17.,-2.75,-23.0465719898674));
#8256=CARTESIAN_POINT('Origin',(17.,-3.25,-23.0465719898674));
#8257=CARTESIAN_POINT('Origin',(15.5,-3.,-24.7965719898674));
#8258=CARTESIAN_POINT('',(15.5,-3.25,-25.0465719898674));
#8259=CARTESIAN_POINT('',(15.5,-2.75,-24.5465719898674));
#8260=CARTESIAN_POINT('Origin',(17.,-2.75,-19.0465719898674));
#8261=CARTESIAN_POINT('',(15.,-4.1,-19.0465719898674));
#8262=CARTESIAN_POINT('',(15.,-2.75,-19.0465719898674));
#8263=CARTESIAN_POINT('',(17.,-4.1,-19.0465719898674));
#8264=CARTESIAN_POINT('',(-9.37500000000001,-4.1,-19.0465719898674));
#8265=CARTESIAN_POINT('',(17.,-2.75,-19.0465719898674));
#8266=CARTESIAN_POINT('Origin',(15.,-2.75,-21.0465719898674));
#8267=CARTESIAN_POINT('',(13.,-4.1,-21.0465719898674));
#8268=CARTESIAN_POINT('',(13.,-2.75,-21.0465719898674));
#8269=CARTESIAN_POINT('Origin',(15.,-4.1,-21.0465719898674));
#8270=CARTESIAN_POINT('Origin',(13.,-2.75,-21.0465719898674));
#8271=CARTESIAN_POINT('',(13.,-4.1,-23.0465719898674));
#8272=CARTESIAN_POINT('',(13.,-2.75,-23.0465719898674));
#8273=CARTESIAN_POINT('',(13.,-4.1,-19.6482859949337));
#8274=CARTESIAN_POINT('Origin',(15.,-2.75,-23.0465719898674));
#8275=CARTESIAN_POINT('',(15.,-4.1,-25.0465719898674));
#8276=CARTESIAN_POINT('',(15.,-2.75,-25.0465719898674));
#8277=CARTESIAN_POINT('Origin',(15.,-4.1,-23.0465719898674));
#8278=CARTESIAN_POINT('Origin',(16.,-2.75,-22.0465719898674));
#8279=CARTESIAN_POINT('Origin',(17.,-2.75,-23.0465719898674));
#8280=CARTESIAN_POINT('',(19.,-4.1,-23.0465719898674));
#8281=CARTESIAN_POINT('',(19.,-2.75,-23.0465719898674));
#8282=CARTESIAN_POINT('',(17.,-4.1,-25.0465719898674));
#8283=CARTESIAN_POINT('Origin',(17.,-4.1,-23.0465719898674));
#8284=CARTESIAN_POINT('',(17.,-2.75,-25.0465719898674));
#8285=CARTESIAN_POINT('Origin',(15.,-2.75,-25.0465719898674));
#8286=CARTESIAN_POINT('',(-10.375,-4.1,-25.0465719898674));
#8287=CARTESIAN_POINT('Origin',(17.,-2.75,-21.0465719898674));
#8288=CARTESIAN_POINT('',(19.,-4.1,-21.0465719898674));
#8289=CARTESIAN_POINT('Origin',(17.,-4.1,-21.0465719898674));
#8290=CARTESIAN_POINT('',(19.,-2.75,-21.0465719898674));
#8291=CARTESIAN_POINT('Origin',(19.,-2.75,-23.0465719898674));
#8292=CARTESIAN_POINT('',(19.,-4.1,-20.6482859949337));
#8293=CARTESIAN_POINT('Origin',(7.125,-1.6,-14.8931439797348));
#8294=CARTESIAN_POINT('',(7.125,-2.9,-34.));
#8295=CARTESIAN_POINT('',(7.12500000000001,-1.6,-34.));
#8296=CARTESIAN_POINT('',(7.125,-1.6,-34.));
#8297=CARTESIAN_POINT('',(7.125,-2.9,-35.5));
#8298=CARTESIAN_POINT('',(7.125,-2.9,-37.2));
#8299=CARTESIAN_POINT('',(7.125,-1.6,-35.5));
#8300=CARTESIAN_POINT('',(7.125,-1.6,-35.5));
#8301=CARTESIAN_POINT('',(7.125,-1.6,-16.9465719898674));
#8302=CARTESIAN_POINT('Origin',(24.875,-1.6,-37.2));
#8303=CARTESIAN_POINT('',(24.875,-1.6,-34.));
#8304=CARTESIAN_POINT('',(24.875,-2.9,-34.));
#8305=CARTESIAN_POINT('',(24.875,-1.6,-34.));
#8306=CARTESIAN_POINT('',(24.875,-1.6,-35.5));
#8307=CARTESIAN_POINT('',(24.875,-1.6,-28.1));
#8308=CARTESIAN_POINT('',(24.875,-2.9,-35.5));
#8309=CARTESIAN_POINT('',(24.875,-1.6,-35.5));
#8310=CARTESIAN_POINT('',(24.875,-2.9,-14.8931439797348));
#8311=CARTESIAN_POINT('Origin',(16.,-2.9,-26.0465719898674));
#8312=CARTESIAN_POINT('',(9.99999999999999,-2.9,-34.));
#8313=CARTESIAN_POINT('',(10.,-2.9,-35.5));
#8314=CARTESIAN_POINT('Origin',(4.,-1.6,-35.5));
#8315=CARTESIAN_POINT('',(30.,-1.6,-35.5));
#8316=CARTESIAN_POINT('',(30.,-1.6,-35.5));
#8317=CARTESIAN_POINT('',(30.,-5.9,-35.5));
#8318=CARTESIAN_POINT('',(30.,-1.6,-35.5));
#8319=CARTESIAN_POINT('',(4.,-5.9,-35.5));
#8320=CARTESIAN_POINT('',(-15.5,-5.9,-35.5));
#8321=CARTESIAN_POINT('',(4.,-1.6,-35.5));
#8322=CARTESIAN_POINT('',(4.,-1.6,-35.5));
#8323=CARTESIAN_POINT('',(30.,-1.6,-35.5));
#8324=CARTESIAN_POINT('Origin',(-35.,-1.6,-19.));
#8325=CARTESIAN_POINT('',(30.,-1.6,-34.));
#8326=CARTESIAN_POINT('',(-15.5,-1.6,-34.));
#8327=CARTESIAN_POINT('',(30.5,-1.6,-33.5));
#8328=CARTESIAN_POINT('Origin',(30.,-1.6,-33.5));
#8329=CARTESIAN_POINT('',(30.5,-1.6,-19.0004904943383));
#8330=CARTESIAN_POINT('',(30.5,-1.6,-26.25));
#8331=CARTESIAN_POINT('',(32.,-1.6,-19.0004904943383));
#8332=CARTESIAN_POINT('',(-2.24999999999999,-1.6,-19.0004904943383));
#8333=CARTESIAN_POINT('',(32.,-1.6,-33.5));
#8334=CARTESIAN_POINT('',(32.,-1.6,22.));
#8335=CARTESIAN_POINT('Origin',(30.,-1.6,-33.5));
#8336=CARTESIAN_POINT('Origin',(30.5,-1.6,-19.0004904943383));
#8337=CARTESIAN_POINT('',(30.5,-3.5,-19.0004904943383));
#8338=CARTESIAN_POINT('',(30.5,-1.6,-19.0004904943383));
#8339=CARTESIAN_POINT('',(32.,-3.5,-19.0004904943383));
#8340=CARTESIAN_POINT('',(30.5,-3.5,-19.0004904943383));
#8341=CARTESIAN_POINT('',(32.,-1.6,-19.0004904943383));
#8342=CARTESIAN_POINT('Origin',(32.,-1.6,-13.0004904943383));
#8343=CARTESIAN_POINT('',(32.,-1.6,-13.0004904943383));
#8344=CARTESIAN_POINT('',(30.5,-1.6,-13.0004904943383));
#8345=CARTESIAN_POINT('',(-1.49999999999999,-1.6,-13.0004904943383));
#8346=CARTESIAN_POINT('',(32.,-3.5,-13.0004904943383));
#8347=CARTESIAN_POINT('',(32.,-1.6,-13.0004904943383));
#8348=CARTESIAN_POINT('',(30.5,-3.5,-13.0004904943383));
#8349=CARTESIAN_POINT('',(32.,-3.5,-13.0004904943383));
#8350=CARTESIAN_POINT('',(30.5,-1.6,-13.0004904943383));
#8351=CARTESIAN_POINT('Origin',(31.25,-3.5,-16.0004904943383));
#8352=CARTESIAN_POINT('',(32.,-3.5,-24.7502452471691));
#8353=CARTESIAN_POINT('',(30.5,-3.5,-24.7502452471692));
#8354=CARTESIAN_POINT('Origin',(30.5,-1.6,-9.75152594791342));
#8355=CARTESIAN_POINT('',(30.5,-1.6,-9.75152594791342));
#8356=CARTESIAN_POINT('',(32.,-1.6,-9.75152594791342));
#8357=CARTESIAN_POINT('',(-2.24999999999999,-1.6,-9.75152594791342));
#8358=CARTESIAN_POINT('',(30.5,-3.5,-9.75152594791342));
#8359=CARTESIAN_POINT('',(30.5,-1.6,-9.75152594791342));
#8360=CARTESIAN_POINT('',(32.,-3.5,-9.75152594791342));
#8361=CARTESIAN_POINT('',(30.5,-3.5,-9.75152594791342));
#8362=CARTESIAN_POINT('',(32.,-1.6,-9.75152594791342));
#8363=CARTESIAN_POINT('Origin',(32.,-1.6,-1.25152594791342));
#8364=CARTESIAN_POINT('',(32.,-1.6,-1.25152594791342));
#8365=CARTESIAN_POINT('',(30.5,-1.6,-1.25152594791342));
#8366=CARTESIAN_POINT('',(-1.49999999999999,-1.6,-1.25152594791342));
#8367=CARTESIAN_POINT('',(32.,-3.5,-1.25152594791342));
#8368=CARTESIAN_POINT('',(32.,-1.6,-1.25152594791342));
#8369=CARTESIAN_POINT('',(30.5,-3.5,-1.25152594791342));
#8370=CARTESIAN_POINT('',(32.,-3.5,-1.25152594791342));
#8371=CARTESIAN_POINT('',(30.5,-1.6,-1.25152594791342));
#8372=CARTESIAN_POINT('Origin',(31.25,-3.5,-5.50152594791342));
#8373=CARTESIAN_POINT('',(32.,-3.5,-19.5007629739567));
#8374=CARTESIAN_POINT('',(30.5,-3.5,-19.5007629739567));
#8375=CARTESIAN_POINT('Origin',(-35.,-1.6,-19.));
#8376=CARTESIAN_POINT('',(30.5,-1.6,22.));
#8377=CARTESIAN_POINT('',(30.5,-1.6,-26.25));
#8378=CARTESIAN_POINT('',(30.,-1.6,22.5));
#8379=CARTESIAN_POINT('Origin',(30.,-1.6,22.));
#8380=CARTESIAN_POINT('',(-93.7,-1.6,22.5));
#8381=CARTESIAN_POINT('',(-2.50000000000001,-1.6,22.5));
#8382=CARTESIAN_POINT('',(-93.7,-1.6,24.));
#8383=CARTESIAN_POINT('',(-93.7,-1.6,1.74999999999998));
#8384=CARTESIAN_POINT('',(30.,-1.6,24.));
#8385=CARTESIAN_POINT('',(-30.,-1.6,24.));
#8386=CARTESIAN_POINT('',(32.,-1.6,22.));
#8387=CARTESIAN_POINT('Origin',(30.,-1.6,22.));
#8388=CARTESIAN_POINT('',(32.,-1.6,22.));
#8389=CARTESIAN_POINT('Origin',(-35.,-1.6,-19.));
#8390=CARTESIAN_POINT('',(2.00000000000001,-1.6,-37.5));
#8391=CARTESIAN_POINT('Origin',(4.,-1.6,-37.5));
#8392=CARTESIAN_POINT('',(2.00000000000001,-1.6,-60.));
#8393=CARTESIAN_POINT('',(2.00000000000001,-1.6,-37.5));
#8394=CARTESIAN_POINT('',(0.,-1.6,-62.));
#8395=CARTESIAN_POINT('Origin',(0.,-1.6,-60.));
#8396=CARTESIAN_POINT('',(-100.,-1.6,-62.));
#8397=CARTESIAN_POINT('',(-100.,-1.6,-62.));
#8398=CARTESIAN_POINT('',(-102.,-1.6,-60.));
#8399=CARTESIAN_POINT('Origin',(-100.,-1.6,-60.));
#8400=CARTESIAN_POINT('',(-102.,-1.6,15.7));
#8401=CARTESIAN_POINT('',(-102.,-1.6,22.));
#8402=CARTESIAN_POINT('',(-100.5,-1.6,15.7));
#8403=CARTESIAN_POINT('',(-68.5,-1.6,15.7));
#8404=CARTESIAN_POINT('',(-100.5,-1.6,-60.));
#8405=CARTESIAN_POINT('',(-100.5,-1.6,-1.65000000000001));
#8406=CARTESIAN_POINT('',(-100.,-1.6,-60.5));
#8407=CARTESIAN_POINT('Origin',(-100.,-1.6,-60.));
#8408=CARTESIAN_POINT('',(-3.5527136788005E-14,-1.6,-60.5));
#8409=CARTESIAN_POINT('',(-67.5,-1.6,-60.5));
#8410=CARTESIAN_POINT('',(0.499999999999975,-1.6,-60.));
#8411=CARTESIAN_POINT('Origin',(-3.5527136788005E-14,-1.6,-60.));
#8412=CARTESIAN_POINT('',(0.499999999999975,-1.6,-37.5));
#8413=CARTESIAN_POINT('',(0.499999999999976,-1.6,-39.5));
#8414=CARTESIAN_POINT('',(3.99999999999997,-1.6,-34.));
#8415=CARTESIAN_POINT('Origin',(3.99999999999997,-1.6,-37.5));
#8416=CARTESIAN_POINT('',(-15.5,-1.6,-34.));
#8417=CARTESIAN_POINT('Origin',(-35.,-1.6,-19.));
#8418=CARTESIAN_POINT('',(30.5,-1.6,-26.25));
#8419=CARTESIAN_POINT('',(32.,-1.6,22.));
#8420=CARTESIAN_POINT('Origin',(30.5,-1.6,-33.5));
#8421=CARTESIAN_POINT('',(30.5,-4.1,-33.5));
#8422=CARTESIAN_POINT('',(30.5,-1.6,-33.5));
#8423=CARTESIAN_POINT('',(30.5,-4.1,22.));
#8424=CARTESIAN_POINT('',(30.5,-4.1,22.));
#8425=CARTESIAN_POINT('',(30.5,-1.6,22.));
#8426=CARTESIAN_POINT('Origin',(-101.85,-6.05,-9.5));
#8427=CARTESIAN_POINT('',(-102.,-5.9,-60.));
#8428=CARTESIAN_POINT('',(-102.,-5.9,-60.));
#8429=CARTESIAN_POINT('',(-102.,-5.9,22.));
#8430=CARTESIAN_POINT('',(-101.7,-6.2,22.));
#8431=CARTESIAN_POINT('',(-102.,-5.9,-9.5));
#8432=CARTESIAN_POINT('Origin',(-100.,-6.05,-60.));
#8433=CARTESIAN_POINT('',(-100.,-5.9,-62.));
#8434=CARTESIAN_POINT('',(-100.,-5.9,-62.));
#8435=CARTESIAN_POINT('Origin',(-100.,-5.9,-60.));
#8436=CARTESIAN_POINT('Origin',(-67.5,-6.05,-61.85));
#8437=CARTESIAN_POINT('',(0.,-5.9,-62.));
#8438=CARTESIAN_POINT('',(0.,-5.9,-62.));
#8439=CARTESIAN_POINT('',(-67.5,-5.9,-62.));
#8440=CARTESIAN_POINT('Origin',(0.,-6.05,-60.));
#8441=CARTESIAN_POINT('',(2.00000000000001,-5.9,-60.));
#8442=CARTESIAN_POINT('',(2.00000000000001,-5.9,-60.));
#8443=CARTESIAN_POINT('Origin',(0.,-5.9,-60.));
#8444=CARTESIAN_POINT('Origin',(1.85000000000001,-6.05,-39.5));
#8445=CARTESIAN_POINT('',(2.00000000000001,-5.9,-37.5));
#8446=CARTESIAN_POINT('',(2.00000000000001,-5.9,-37.5));
#8447=CARTESIAN_POINT('',(2.00000000000001,-5.9,-39.5));
#8448=CARTESIAN_POINT('Origin',(4.,-6.05,-37.5));
#8449=CARTESIAN_POINT('',(4.,-5.9,-35.5));
#8450=CARTESIAN_POINT('Origin',(4.,-5.9,-37.5));
#8451=CARTESIAN_POINT('Origin',(-15.5,-6.05,-35.35));
#8452=CARTESIAN_POINT('',(30.,-5.9,-35.5));
#8453=CARTESIAN_POINT('Origin',(30.,-6.05,-33.5));
#8454=CARTESIAN_POINT('',(32.,-5.9,-33.5));
#8455=CARTESIAN_POINT('',(32.,-5.9,-33.5));
#8456=CARTESIAN_POINT('Origin',(30.,-5.9,-33.5));
#8457=CARTESIAN_POINT('Origin',(31.85,-6.05,-26.25));
#8458=CARTESIAN_POINT('',(32.,-5.9,22.));
#8459=CARTESIAN_POINT('',(32.,-5.9,22.));
#8460=CARTESIAN_POINT('',(32.,-5.9,-26.25));
#8461=CARTESIAN_POINT('Origin',(30.,-6.05,22.));
#8462=CARTESIAN_POINT('',(30.,-5.9,24.));
#8463=CARTESIAN_POINT('',(30.,-5.9,24.));
#8464=CARTESIAN_POINT('Origin',(30.,-5.9,22.));
#8465=CARTESIAN_POINT('Origin',(-2.5,-6.05,23.85));
#8466=CARTESIAN_POINT('',(-100.,-5.9,24.));
#8467=CARTESIAN_POINT('',(-100.,-5.9,24.));
#8468=CARTESIAN_POINT('',(-2.5,-5.9,24.));
#8469=CARTESIAN_POINT('Origin',(-100.,-6.05,22.));
#8470=CARTESIAN_POINT('Origin',(-100.,-5.9,22.));
#8471=CARTESIAN_POINT('Origin',(4.,-1.6,-37.5));
#8472=CARTESIAN_POINT('',(2.00000000000001,-1.6,-37.5));
#8473=CARTESIAN_POINT('Origin',(2.00000000000001,-1.6,-60.));
#8474=CARTESIAN_POINT('',(2.00000000000001,-1.6,-60.));
#8475=CARTESIAN_POINT('Origin',(0.,-1.6,-60.));
#8476=CARTESIAN_POINT('',(0.,-1.6,-62.));
#8477=CARTESIAN_POINT('Origin',(-100.,-1.6,-62.));
#8478=CARTESIAN_POINT('',(-100.,-1.6,-62.));
#8479=CARTESIAN_POINT('Origin',(-100.,-1.6,-60.));
#8480=CARTESIAN_POINT('',(-102.,-1.6,-60.));
#8481=CARTESIAN_POINT('Origin',(-102.,-1.6,0.));
#8482=CARTESIAN_POINT('',(-102.,-4.1,22.));
#8483=CARTESIAN_POINT('',(-102.,-1.6,22.));
#8484=CARTESIAN_POINT('',(-102.,-4.1,15.7));
#8485=CARTESIAN_POINT('',(-102.,-4.1,-9.12500000000002));
#8486=CARTESIAN_POINT('',(-102.,-1.6,15.7));
#8487=CARTESIAN_POINT('Origin',(-35.,-6.2,-19.));
#8488=CARTESIAN_POINT('Origin',(-98.2,-6.05,20.2));
#8489=CARTESIAN_POINT('',(-101.25,-5.9,20.2));
#8490=CARTESIAN_POINT('',(-101.4,-6.05,20.2));
#8491=CARTESIAN_POINT('Origin',(-98.2,-5.9,20.2));
#8492=CARTESIAN_POINT('Origin',(-98.2,-6.2,20.2));
#8493=CARTESIAN_POINT('',(-101.25,-5.2,20.2));
#8494=CARTESIAN_POINT('',(-101.25,-6.2,20.2));
#8495=CARTESIAN_POINT('Origin',(-98.2,-5.2,20.2));
#8496=CARTESIAN_POINT('Origin',(-80.,-6.05,-40.));
#8497=CARTESIAN_POINT('',(-83.05,-5.9,-40.));
#8498=CARTESIAN_POINT('',(-83.2,-6.05,-40.));
#8499=CARTESIAN_POINT('Origin',(-80.,-5.9,-40.));
#8500=CARTESIAN_POINT('Origin',(-80.,-6.2,-40.));
#8501=CARTESIAN_POINT('',(-83.05,-5.2,-40.));
#8502=CARTESIAN_POINT('',(-83.05,-6.2,-40.));
#8503=CARTESIAN_POINT('Origin',(-80.,-5.2,-40.));
#8504=CARTESIAN_POINT('Origin',(-5.32907051820075E-14,-6.05,1.77635683940025E-14));
#8505=CARTESIAN_POINT('',(-3.05000000000005,-5.9,1.81370856677424E-14));
#8506=CARTESIAN_POINT('',(-3.20000000000005,-6.05,1.73716814182754E-14));
#8507=CARTESIAN_POINT('Origin',(-5.32907051820075E-14,-5.9,1.77635683940025E-14));
#8508=CARTESIAN_POINT('Origin',(-5.32907051820075E-14,-6.2,1.77635683940025E-14));
#8509=CARTESIAN_POINT('',(-3.05000000000005,-5.2,1.81370856677424E-14));
#8510=CARTESIAN_POINT('',(-3.05000000000005,-6.2,1.81370856677424E-14));
#8511=CARTESIAN_POINT('Origin',(-5.32907051820075E-14,-5.2,1.77635683940025E-14));
#8512=CARTESIAN_POINT('Origin',(-60.,-6.05,-20.));
#8513=CARTESIAN_POINT('',(-63.05,-5.9,-20.));
#8514=CARTESIAN_POINT('',(-63.2,-6.05,-20.));
#8515=CARTESIAN_POINT('Origin',(-60.,-5.9,-20.));
#8516=CARTESIAN_POINT('Origin',(-60.,-6.2,-20.));
#8517=CARTESIAN_POINT('',(-63.05,-5.2,-20.));
#8518=CARTESIAN_POINT('',(-63.05,-6.2,-20.));
#8519=CARTESIAN_POINT('Origin',(-60.,-5.2,-20.));
#8520=CARTESIAN_POINT('Origin',(-20.0000000000001,-6.05,-40.));
#8521=CARTESIAN_POINT('',(-23.0500000000001,-5.9,-40.));
#8522=CARTESIAN_POINT('',(-23.2000000000001,-6.05,-40.));
#8523=CARTESIAN_POINT('Origin',(-20.0000000000001,-5.9,-40.));
#8524=CARTESIAN_POINT('Origin',(-20.0000000000001,-6.2,-40.));
#8525=CARTESIAN_POINT('',(-23.0500000000001,-5.2,-40.));
#8526=CARTESIAN_POINT('',(-23.0500000000001,-6.2,-40.));
#8527=CARTESIAN_POINT('Origin',(-20.0000000000001,-5.2,-40.));
#8528=CARTESIAN_POINT('Origin',(-20.0000000000001,-5.2,-40.));
#8529=CARTESIAN_POINT('',(-21.7000000000001,-5.2,-40.));
#8530=CARTESIAN_POINT('Origin',(-20.0000000000001,-5.2,-40.));
#8531=CARTESIAN_POINT('Origin',(-60.,-5.2,-20.));
#8532=CARTESIAN_POINT('',(-61.7,-5.2,-20.));
#8533=CARTESIAN_POINT('Origin',(-60.,-5.2,-20.));
#8534=CARTESIAN_POINT('Origin',(-5.32907051820075E-14,-5.2,1.77635683940025E-14));
#8535=CARTESIAN_POINT('',(-1.70000000000005,-5.2,1.79717583498576E-14));
#8536=CARTESIAN_POINT('Origin',(-5.32907051820075E-14,-5.2,1.77635683940025E-14));
#8537=CARTESIAN_POINT('Origin',(-80.,-5.2,-40.));
#8538=CARTESIAN_POINT('',(-81.7,-5.2,-40.));
#8539=CARTESIAN_POINT('Origin',(-80.,-5.2,-40.));
#8540=CARTESIAN_POINT('Origin',(-98.2,-5.2,20.2));
#8541=CARTESIAN_POINT('',(-99.9,-5.2,20.2));
#8542=CARTESIAN_POINT('Origin',(-98.2,-5.2,20.2));
#8543=CARTESIAN_POINT('Origin',(-20.0000000000001,0.,-40.));
#8544=CARTESIAN_POINT('',(-21.7000000000001,-4.1,-40.));
#8545=CARTESIAN_POINT('Origin',(-20.0000000000001,-4.1,-40.));
#8546=CARTESIAN_POINT('',(-21.7000000000001,0.,-40.));
#8547=CARTESIAN_POINT('Origin',(-60.,0.,-20.));
#8548=CARTESIAN_POINT('',(-61.7,-4.1,-20.));
#8549=CARTESIAN_POINT('Origin',(-60.,-4.1,-20.));
#8550=CARTESIAN_POINT('',(-61.7,0.,-20.));
#8551=CARTESIAN_POINT('Origin',(-5.32907051820075E-14,0.,1.77635683940025E-14));
#8552=CARTESIAN_POINT('',(-1.70000000000005,-4.1,1.75553784381475E-14));
#8553=CARTESIAN_POINT('Origin',(-5.32907051820075E-14,-4.1,1.77635683940025E-14));
#8554=CARTESIAN_POINT('',(-1.70000000000005,0.,1.75553784381475E-14));
#8555=CARTESIAN_POINT('Origin',(-80.,0.,-40.));
#8556=CARTESIAN_POINT('',(-81.7,-4.1,-40.));
#8557=CARTESIAN_POINT('Origin',(-80.,-4.1,-40.));
#8558=CARTESIAN_POINT('',(-81.7,0.,-40.));
#8559=CARTESIAN_POINT('Origin',(-98.2,0.,20.2));
#8560=CARTESIAN_POINT('',(-99.9,-4.1,20.2));
#8561=CARTESIAN_POINT('Origin',(-98.2,-4.1,20.2));
#8562=CARTESIAN_POINT('',(-99.9,0.,20.2));
#8563=CARTESIAN_POINT('Origin',(-93.7,-1.6,22.5));
#8564=CARTESIAN_POINT('',(-93.7,-4.1,22.5));
#8565=CARTESIAN_POINT('',(-93.7,-1.6,22.5));
#8566=CARTESIAN_POINT('',(-93.7,-4.1,24.));
#8567=CARTESIAN_POINT('',(-93.7,-4.1,22.5));
#8568=CARTESIAN_POINT('',(-93.7,-1.6,24.));
#8569=CARTESIAN_POINT('Origin',(30.,-1.6,22.5));
#8570=CARTESIAN_POINT('',(30.,-4.1,22.5));
#8571=CARTESIAN_POINT('',(30.,-1.6,22.5));
#8572=CARTESIAN_POINT('',(-100.,-4.1,22.5));
#8573=CARTESIAN_POINT('Origin',(30.,-1.6,22.));
#8574=CARTESIAN_POINT('Origin',(30.,-4.1,22.));
#8575=CARTESIAN_POINT('Origin',(30.,-1.6,-33.5));
#8576=CARTESIAN_POINT('',(30.,-4.1,-34.));
#8577=CARTESIAN_POINT('',(30.,-1.6,-34.));
#8578=CARTESIAN_POINT('Origin',(30.,-4.1,-33.5));
#8579=CARTESIAN_POINT('Origin',(3.99999999999997,-1.6,-34.));
#8580=CARTESIAN_POINT('',(3.99999999999997,-4.1,-34.));
#8581=CARTESIAN_POINT('',(3.99999999999997,-1.6,-34.));
#8582=CARTESIAN_POINT('',(30.,-4.1,-34.));
#8583=CARTESIAN_POINT('Origin',(3.99999999999997,-1.6,-37.5));
#8584=CARTESIAN_POINT('',(0.499999999999972,-4.1,-37.5));
#8585=CARTESIAN_POINT('',(0.499999999999975,-1.6,-37.5));
#8586=CARTESIAN_POINT('Origin',(3.99999999999997,-4.1,-37.5));
#8587=CARTESIAN_POINT('Origin',(0.499999999999975,-1.6,-60.));
#8588=CARTESIAN_POINT('',(0.499999999999972,-4.1,-60.));
#8589=CARTESIAN_POINT('',(0.499999999999975,-1.6,-60.));
#8590=CARTESIAN_POINT('',(0.499999999999975,-4.1,-37.5));
#8591=CARTESIAN_POINT('Origin',(-3.5527136788005E-14,-1.6,-60.));
#8592=CARTESIAN_POINT('',(-3.5527136788005E-14,-4.1,-60.5));
#8593=CARTESIAN_POINT('',(-3.5527136788005E-14,-1.6,-60.5));
#8594=CARTESIAN_POINT('Origin',(-3.5527136788005E-14,-4.1,-60.));
#8595=CARTESIAN_POINT('Origin',(-100.,-1.6,-60.5));
#8596=CARTESIAN_POINT('',(-100.,-4.1,-60.5));
#8597=CARTESIAN_POINT('',(-100.,-1.6,-60.5));
#8598=CARTESIAN_POINT('',(-100.,-4.1,-60.5));
#8599=CARTESIAN_POINT('Origin',(-100.,-1.6,-60.));
#8600=CARTESIAN_POINT('',(-100.5,-4.1,-60.));
#8601=CARTESIAN_POINT('',(-100.5,-1.6,-60.));
#8602=CARTESIAN_POINT('Origin',(-100.,-4.1,-60.));
#8603=CARTESIAN_POINT('Origin',(-100.5,-1.6,15.7));
#8604=CARTESIAN_POINT('',(-100.5,-4.1,15.7));
#8605=CARTESIAN_POINT('',(-100.5,-1.6,15.7));
#8606=CARTESIAN_POINT('',(-100.5,-4.1,22.));
#8607=CARTESIAN_POINT('Origin',(-102.,-1.6,15.7));
#8608=CARTESIAN_POINT('',(-100.5,-4.1,15.7));
#8609=CARTESIAN_POINT('Origin',(-35.75,-4.1,-18.25));
#8610=CARTESIAN_POINT('',(-100.,-4.1,24.));
#8611=CARTESIAN_POINT('Origin',(-100.,-4.1,22.));
#8612=CARTESIAN_POINT('',(-2.87500000000001,-4.1,24.));
#8613=CARTESIAN_POINT('Origin',(30.,-1.6,24.));
#8614=CARTESIAN_POINT('',(30.,-1.6,24.));
#8615=CARTESIAN_POINT('',(-100.,-1.6,24.));
#8616=CARTESIAN_POINT('Origin',(-100.,-1.6,22.));
#8617=CARTESIAN_POINT('Origin',(30.,-1.6,22.));
#8618=CARTESIAN_POINT('',(32.,-1.6,22.));
#8619=CARTESIAN_POINT('Origin',(32.,-1.6,-33.5));
#8620=CARTESIAN_POINT('',(32.,-1.6,-33.5));
#8621=CARTESIAN_POINT('Origin',(30.,-1.6,-33.5));
#8622=CARTESIAN_POINT('',(0.,0.,0.));
#8623=CARTESIAN_POINT('',(0.,0.,0.));
#8624=CARTESIAN_POINT('Origin',(0.,0.,0.));
#8625=UNCERTAINTY_MEASURE_WITH_UNIT(LENGTH_MEASURE(0.01),#8633,
'DISTANCE_ACCURACY_VALUE',
'Maximum model space distance between geometric entities at asserted c
onnectivities');
#8626=UNCERTAINTY_MEASURE_WITH_UNIT(LENGTH_MEASURE(0.01),#8633,
'DISTANCE_ACCURACY_VALUE',
'Maximum model space distance between geometric entities at asserted c
onnectivities');
#8627=UNCERTAINTY_MEASURE_WITH_UNIT(LENGTH_MEASURE(0.01),#8633,
'DISTANCE_ACCURACY_VALUE',
'Maximum model space distance between geometric entities at asserted c
onnectivities');
#8628=UNCERTAINTY_MEASURE_WITH_UNIT(LENGTH_MEASURE(0.01),#8633,
'DISTANCE_ACCURACY_VALUE',
'Maximum model space distance between geometric entities at asserted c
onnectivities');
#8629=(
GEOMETRIC_REPRESENTATION_CONTEXT(3)
GLOBAL_UNCERTAINTY_ASSIGNED_CONTEXT((#8625))
GLOBAL_UNIT_ASSIGNED_CONTEXT((#8633,#8635,#8636))
REPRESENTATION_CONTEXT('','3D')
);
#8630=(
GEOMETRIC_REPRESENTATION_CONTEXT(3)
GLOBAL_UNCERTAINTY_ASSIGNED_CONTEXT((#8626))
GLOBAL_UNIT_ASSIGNED_CONTEXT((#8633,#8635,#8636))
REPRESENTATION_CONTEXT('','3D')
);
#8631=(
GEOMETRIC_REPRESENTATION_CONTEXT(3)
GLOBAL_UNCERTAINTY_ASSIGNED_CONTEXT((#8627))
GLOBAL_UNIT_ASSIGNED_CONTEXT((#8633,#8635,#8636))
REPRESENTATION_CONTEXT('','3D')
);
#8632=(
GEOMETRIC_REPRESENTATION_CONTEXT(3)
GLOBAL_UNCERTAINTY_ASSIGNED_CONTEXT((#8628))
GLOBAL_UNIT_ASSIGNED_CONTEXT((#8633,#8635,#8636))
REPRESENTATION_CONTEXT('','3D')
);
#8633=(
LENGTH_UNIT()
NAMED_UNIT(*)
SI_UNIT(.MILLI.,.METRE.)
);
#8634=(
LENGTH_UNIT()
NAMED_UNIT(*)
SI_UNIT($,.METRE.)
);
#8635=(
NAMED_UNIT(*)
PLANE_ANGLE_UNIT()
SI_UNIT($,.RADIAN.)
);
#8636=(
NAMED_UNIT(*)
SI_UNIT($,.STERADIAN.)
SOLID_ANGLE_UNIT()
);
#8637=SHAPE_DEFINITION_REPRESENTATION(#8640,#8645);
#8638=SHAPE_DEFINITION_REPRESENTATION(#8641,#8646);
#8639=SHAPE_DEFINITION_REPRESENTATION(#8642,#8647);
#8640=PRODUCT_DEFINITION_SHAPE('',$,#8649);
#8641=PRODUCT_DEFINITION_SHAPE('',$,#8650);
#8642=PRODUCT_DEFINITION_SHAPE('',$,#8651);
#8643=PRODUCT_DEFINITION_SHAPE($,$,#20);
#8644=PRODUCT_DEFINITION_SHAPE($,$,#21);
#8645=SHAPE_REPRESENTATION('',(#4786,#5045),#8629);
#8646=SHAPE_REPRESENTATION('',(#4787,#5044),#8630);
#8647=SHAPE_REPRESENTATION('',(#4788),#8631);
#8648=PRODUCT_DEFINITION_CONTEXT('part definition',#8659,'design');
#8649=PRODUCT_DEFINITION('Non Nemo Chimera Shells - Export',
'Non Nemo Chimera Shells - Export v6',#8652,#8648);
#8650=PRODUCT_DEFINITION('Non Nemo Chimera Shell',
'Non Nemo Chimera Shell v12',#8653,#8648);
#8651=PRODUCT_DEFINITION('Left Bottom','Left Bottom',#8654,#8648);
#8652=PRODUCT_DEFINITION_FORMATION('',$,#8661);
#8653=PRODUCT_DEFINITION_FORMATION('',$,#8662);
#8654=PRODUCT_DEFINITION_FORMATION('',$,#8663);
#8655=PRODUCT_RELATED_PRODUCT_CATEGORY(
'Non Nemo Chimera Shells - Export v6',
'Non Nemo Chimera Shells - Export v6',(#8661));
#8656=PRODUCT_RELATED_PRODUCT_CATEGORY('Non Nemo Chimera Shell v12',
'Non Nemo Chimera Shell v12',(#8662));
#8657=PRODUCT_RELATED_PRODUCT_CATEGORY('Left Bottom','Left Bottom',(#8663));
#8658=APPLICATION_PROTOCOL_DEFINITION('international standard',
'automotive_design',2009,#8659);
#8659=APPLICATION_CONTEXT(
'Core Data for Automotive Mechanical Design Process');
#8660=PRODUCT_CONTEXT('part definition',#8659,'mechanical');
#8661=PRODUCT('Non Nemo Chimera Shells - Export',
'Non Nemo Chimera Shells - Export v6',$,(#8660));
#8662=PRODUCT('Non Nemo Chimera Shell','Non Nemo Chimera Shell v12',$,(#8660));
#8663=PRODUCT('Left Bottom','Left Bottom',$,(#8660));
#8664=PRESENTATION_STYLE_ASSIGNMENT((#8668));
#8665=PRESENTATION_STYLE_ASSIGNMENT((#8669));
#8666=PRESENTATION_STYLE_ASSIGNMENT((#8670));
#8667=PRESENTATION_STYLE_ASSIGNMENT((NULL_STYLE(.NULL.)));
#8668=SURFACE_STYLE_USAGE(.BOTH.,#8671);
#8669=SURFACE_STYLE_USAGE(.BOTH.,#8672);
#8670=SURFACE_STYLE_USAGE(.BOTH.,#8673);
#8671=SURFACE_SIDE_STYLE('',(#8674));
#8672=SURFACE_SIDE_STYLE('',(#8675));
#8673=SURFACE_SIDE_STYLE('',(#8676));
#8674=SURFACE_STYLE_FILL_AREA(#8677);
#8675=SURFACE_STYLE_FILL_AREA(#8678);
#8676=SURFACE_STYLE_FILL_AREA(#8679);
#8677=FILL_AREA_STYLE('Steel - Satin',(#8680));
#8678=FILL_AREA_STYLE('Aluminum - Anodized Rough (Blue)',(#8681));
#8679=FILL_AREA_STYLE('Aluminum - Anodized Rough (Red)',(#8682));
#8680=FILL_AREA_STYLE_COLOUR('Steel - Satin',#8683);
#8681=FILL_AREA_STYLE_COLOUR('Aluminum - Anodized Rough (Blue)',#8684);
#8682=FILL_AREA_STYLE_COLOUR('Aluminum - Anodized Rough (Red)',#8685);
#8683=COLOUR_RGB('Steel - Satin',0.627450980392157,0.627450980392157,0.627450980392157);
#8684=COLOUR_RGB('Aluminum - Anodized Rough (Blue)',0.349019607843137,0.584313725490196,
0.854901960784314);
#8685=COLOUR_RGB('Aluminum - Anodized Rough (Red)',0.854901960784314,0.349019607843137,
0.349019607843137);
ENDSEC;
END-ISO-10303-21;
