ISO-10303-21;
HEADER;
/* Generated by software containing ST-Developer
 * from STEP Tools, Inc. (www.steptools.com) 
 */

FILE_DESCRIPTION(
/* description */ (''),
/* implementation_level */ '2;1');

FILE_NAME(
/* name */ 'Non Nemo Chimera Shell - Right Bottom.step',
/* time_stamp */ '2025-05-03T11:20:01+08:00',
/* author */ (''),
/* organization */ (''),
/* preprocessor_version */ 'ST-DEVELOPER v20.1',
/* originating_system */ 'Autodesk Translation Framework v14.4.0.0',
/* authorisation */ '');

FILE_SCHEMA (('AUTOMOTIVE_DESIGN { 1 0 10303 214 3 1 1 }'));
ENDSEC;

DATA;
#10=MECHANICAL_DESIGN_GEOMETRIC_PRESENTATION_REPRESENTATION('',(#21),#8821);
#11=ITEM_DEFINED_TRANSFORMATION($,$,#4896,#5165);
#12=ITEM_DEFINED_TRANSFORMATION($,$,#4895,#5166);
#13=(
REPRESENTATION_RELATIONSHIP($,$,#8836,#8835)
REPRESENTATION_RELATIONSHIP_WITH_TRANSFORMATION(#11)
SHAPE_REPRESENTATION_RELATIONSHIP()
);
#14=(
REPRESENTATION_RELATIONSHIP($,$,#8835,#8834)
REPRESENTATION_RELATIONSHIP_WITH_TRANSFORMATION(#12)
SHAPE_REPRESENTATION_RELATIONSHIP()
);
#15=CONTEXT_DEPENDENT_SHAPE_REPRESENTATION(#13,#8832);
#16=CONTEXT_DEPENDENT_SHAPE_REPRESENTATION(#14,#8833);
#17=NEXT_ASSEMBLY_USAGE_OCCURRENCE('Right Bottom:1','Right Bottom:1',
'Right Bottom:1',#8839,#8840,'Right Bottom:1');
#18=NEXT_ASSEMBLY_USAGE_OCCURRENCE('Non Nemo Chimera Shell v5:1',
'Non Nemo Chimera Shell v5:1','Non Nemo Chimera Shell v5:1',#8838,#8839,
'Non Nemo Chimera Shell v5:1');
#19=SHAPE_REPRESENTATION_RELATIONSHIP('SRR','None',#8836,#20);
#20=ADVANCED_BREP_SHAPE_REPRESENTATION('',(#22),#8820);
#21=STYLED_ITEM('',(#8853),#22);
#22=MANIFOLD_SOLID_BREP('Right Bottom',#4881);
#23=CYLINDRICAL_SURFACE('',#5027,1.99999999999999);
#24=CYLINDRICAL_SURFACE('',#5030,1.99999999999999);
#25=CYLINDRICAL_SURFACE('',#5033,1.99999999999999);
#26=CYLINDRICAL_SURFACE('',#5036,1.99999999999999);
#27=CYLINDRICAL_SURFACE('',#5093,1.99999999999999);
#28=CYLINDRICAL_SURFACE('',#5095,2.00000000000001);
#29=CYLINDRICAL_SURFACE('',#5097,1.99999999999999);
#30=CYLINDRICAL_SURFACE('',#5099,1.99999999999999);
#31=CYLINDRICAL_SURFACE('',#5103,3.05);
#32=CYLINDRICAL_SURFACE('',#5107,3.05);
#33=CYLINDRICAL_SURFACE('',#5111,3.05);
#34=CYLINDRICAL_SURFACE('',#5115,3.05);
#35=CYLINDRICAL_SURFACE('',#5125,1.7);
#36=CYLINDRICAL_SURFACE('',#5127,1.7);
#37=CYLINDRICAL_SURFACE('',#5129,1.7);
#38=CYLINDRICAL_SURFACE('',#5131,1.7);
#39=CYLINDRICAL_SURFACE('',#5133,0.50000000000001);
#40=CYLINDRICAL_SURFACE('',#5136,0.499999999999989);
#41=CYLINDRICAL_SURFACE('',#5139,0.499999999999989);
#42=CYLINDRICAL_SURFACE('',#5142,3.50000000000001);
#43=CYLINDRICAL_SURFACE('',#5145,0.499999999999994);
#44=CYLINDRICAL_SURFACE('',#5148,0.499999999999994);
#45=CYLINDRICAL_SURFACE('',#5150,0.500000000000012);
#46=CYLINDRICAL_SURFACE('',#5153,3.49999999999999);
#47=CYLINDRICAL_SURFACE('',#5158,2.00000000000001);
#48=CYLINDRICAL_SURFACE('',#5160,1.99999999999999);
#49=CYLINDRICAL_SURFACE('',#5162,1.99999999999999);
#50=CYLINDRICAL_SURFACE('',#5164,2.00000000000001);
#51=CONICAL_SURFACE('',#5010,1.74999999999999,0.785398163397447);
#52=CONICAL_SURFACE('',#5014,1.74999999999999,0.785398163397448);
#53=CONICAL_SURFACE('',#5018,1.74999999999999,0.785398163397448);
#54=CONICAL_SURFACE('',#5022,1.74999999999999,0.785398163397448);
#55=CONICAL_SURFACE('',#5069,1.84999999999999,0.785398163397452);
#56=CONICAL_SURFACE('',#5072,1.84999999999999,0.785398163397455);
#57=CONICAL_SURFACE('',#5075,1.85000000000001,0.785398163397454);
#58=CONICAL_SURFACE('',#5078,2.14999999999999,0.785398163397445);
#59=CONICAL_SURFACE('',#5081,1.85000000000001,0.785398163397445);
#60=CONICAL_SURFACE('',#5084,1.84999999999999,0.785398163397445);
#61=CONICAL_SURFACE('',#5087,1.84999999999999,0.785398163397445);
#62=CONICAL_SURFACE('',#5090,2.15000000000001,0.785398163397446);
#63=CONICAL_SURFACE('',#5101,3.2,0.785398163397448);
#64=CONICAL_SURFACE('',#5105,3.2,0.785398163397452);
#65=CONICAL_SURFACE('',#5109,3.2,0.785398163397448);
#66=CONICAL_SURFACE('',#5113,3.2,0.785398163397452);
#67=CIRCLE('',#4994,1.69999999999999);
#68=CIRCLE('',#4995,2.30000000000001);
#69=CIRCLE('',#4996,1.69999999999999);
#70=CIRCLE('',#4997,1.69999999999999);
#71=CIRCLE('',#4998,1.70000000000001);
#72=CIRCLE('',#4999,2.29999999999999);
#73=CIRCLE('',#5000,1.70000000000001);
#74=CIRCLE('',#5001,1.69999999999999);
#75=CIRCLE('',#5002,3.35);
#76=CIRCLE('',#5003,3.35);
#77=CIRCLE('',#5004,3.35);
#78=CIRCLE('',#5005,3.35);
#79=CIRCLE('',#5011,1.99999999999999);
#80=CIRCLE('',#5012,1.49999999999999);
#81=CIRCLE('',#5015,1.99999999999999);
#82=CIRCLE('',#5016,1.49999999999999);
#83=CIRCLE('',#5019,1.99999999999999);
#84=CIRCLE('',#5020,1.49999999999999);
#85=CIRCLE('',#5023,1.99999999999999);
#86=CIRCLE('',#5024,1.49999999999999);
#87=CIRCLE('',#5028,1.99999999999999);
#88=CIRCLE('',#5031,1.99999999999999);
#89=CIRCLE('',#5034,1.99999999999999);
#90=CIRCLE('',#5037,1.99999999999999);
#91=CIRCLE('',#5044,2.00000000000001);
#92=CIRCLE('',#5045,0.500000000000012);
#93=CIRCLE('',#5053,3.49999999999999);
#94=CIRCLE('',#5054,0.50000000000001);
#95=CIRCLE('',#5055,0.499999999999989);
#96=CIRCLE('',#5056,0.499999999999989);
#97=CIRCLE('',#5057,3.50000000000001);
#98=CIRCLE('',#5058,0.499999999999994);
#99=CIRCLE('',#5059,0.499999999999994);
#100=CIRCLE('',#5060,1.99999999999999);
#101=CIRCLE('',#5061,1.99999999999999);
#102=CIRCLE('',#5062,2.00000000000001);
#103=CIRCLE('',#5063,1.99999999999999);
#104=CIRCLE('',#5064,1.99999999999999);
#105=CIRCLE('',#5065,2.00000000000001);
#106=CIRCLE('',#5066,1.99999999999999);
#107=CIRCLE('',#5070,1.99999999999999);
#108=CIRCLE('',#5073,1.99999999999999);
#109=CIRCLE('',#5076,2.00000000000001);
#110=CIRCLE('',#5079,1.99999999999999);
#111=CIRCLE('',#5082,2.00000000000001);
#112=CIRCLE('',#5085,1.99999999999999);
#113=CIRCLE('',#5088,1.99999999999999);
#114=CIRCLE('',#5091,2.00000000000001);
#115=CIRCLE('',#5102,3.05);
#116=CIRCLE('',#5104,3.05);
#117=CIRCLE('',#5106,3.05);
#118=CIRCLE('',#5108,3.05);
#119=CIRCLE('',#5110,3.05);
#120=CIRCLE('',#5112,3.05);
#121=CIRCLE('',#5114,3.05);
#122=CIRCLE('',#5116,3.05);
#123=CIRCLE('',#5118,1.7);
#124=CIRCLE('',#5120,1.7);
#125=CIRCLE('',#5122,1.7);
#126=CIRCLE('',#5124,1.7);
#127=CIRCLE('',#5126,1.7);
#128=CIRCLE('',#5128,1.7);
#129=CIRCLE('',#5130,1.7);
#130=CIRCLE('',#5132,1.7);
#131=CIRCLE('',#5134,0.50000000000001);
#132=CIRCLE('',#5137,0.499999999999989);
#133=CIRCLE('',#5140,0.499999999999989);
#134=CIRCLE('',#5143,3.50000000000001);
#135=CIRCLE('',#5146,0.499999999999994);
#136=CIRCLE('',#5149,0.499999999999994);
#137=CIRCLE('',#5151,0.500000000000012);
#138=CIRCLE('',#5154,3.49999999999999);
#139=FACE_BOUND('',#668,.T.);
#140=FACE_BOUND('',#708,.T.);
#141=FACE_BOUND('',#743,.T.);
#142=FACE_BOUND('',#764,.T.);
#143=FACE_BOUND('',#804,.T.);
#144=FACE_BOUND('',#817,.T.);
#145=FACE_BOUND('',#818,.T.);
#146=FACE_BOUND('',#819,.T.);
#147=FACE_BOUND('',#820,.T.);
#148=FACE_BOUND('',#821,.T.);
#149=FACE_BOUND('',#822,.T.);
#150=FACE_BOUND('',#823,.T.);
#151=FACE_BOUND('',#824,.T.);
#152=FACE_BOUND('',#825,.T.);
#153=FACE_BOUND('',#826,.T.);
#154=FACE_BOUND('',#827,.T.);
#155=FACE_BOUND('',#828,.T.);
#156=FACE_BOUND('',#829,.T.);
#157=FACE_BOUND('',#830,.T.);
#158=FACE_BOUND('',#831,.T.);
#159=FACE_BOUND('',#832,.T.);
#160=FACE_BOUND('',#901,.T.);
#161=FACE_BOUND('',#903,.T.);
#162=FACE_BOUND('',#905,.T.);
#163=FACE_BOUND('',#907,.T.);
#164=FACE_BOUND('',#928,.T.);
#165=FACE_BOUND('',#929,.T.);
#166=FACE_BOUND('',#930,.T.);
#167=FACE_BOUND('',#931,.T.);
#168=FACE_BOUND('',#932,.T.);
#169=B_SPLINE_CURVE_WITH_KNOTS('',3,(#6233,#6234,#6235,#6236,#6237),
 .UNSPECIFIED.,.F.,.F.,(4,1,4),(0.,0.0171702366818785,0.0336573673028486),
 .UNSPECIFIED.);
#170=B_SPLINE_CURVE_WITH_KNOTS('',3,(#6241,#6242,#6243,#6244,#6245),
 .UNSPECIFIED.,.F.,.F.,(4,1,4),(0.,0.0171702366818785,0.0336573673028486),
 .UNSPECIFIED.);
#171=B_SPLINE_CURVE_WITH_KNOTS('',3,(#6258,#6259,#6260,#6261,#6262),
 .UNSPECIFIED.,.F.,.F.,(4,1,4),(0.,0.0165901901645959,0.034356988555344),
 .UNSPECIFIED.);
#172=B_SPLINE_CURVE_WITH_KNOTS('',3,(#6265,#6266,#6267,#6268,#6269),
 .UNSPECIFIED.,.F.,.F.,(4,1,4),(0.,0.0165901901645959,0.034356988555344),
 .UNSPECIFIED.);
#173=B_SPLINE_CURVE_WITH_KNOTS('',3,(#6281,#6282,#6283,#6284,#6285),
 .UNSPECIFIED.,.F.,.F.,(4,1,4),(0.,0.0245876549741376,0.043441044167864),
 .UNSPECIFIED.);
#174=B_SPLINE_CURVE_WITH_KNOTS('',3,(#6288,#6289,#6290,#6291,#6292),
 .UNSPECIFIED.,.F.,.F.,(4,1,4),(0.,0.0245876549741376,0.043441044167864),
 .UNSPECIFIED.);
#175=B_SPLINE_CURVE_WITH_KNOTS('',3,(#6304,#6305,#6306,#6307,#6308),
 .UNSPECIFIED.,.F.,.F.,(4,1,4),(0.,0.0198744361507597,0.0484158006291479),
 .UNSPECIFIED.);
#176=B_SPLINE_CURVE_WITH_KNOTS('',3,(#6311,#6312,#6313,#6314,#6315),
 .UNSPECIFIED.,.F.,.F.,(4,1,4),(0.,0.0198744361507597,0.0484158006291479),
 .UNSPECIFIED.);
#177=B_SPLINE_CURVE_WITH_KNOTS('',3,(#6327,#6328,#6329,#6330,#6331),
 .UNSPECIFIED.,.F.,.F.,(4,1,4),(0.,0.0179617717966291,0.0343264729946507),
 .UNSPECIFIED.);
#178=B_SPLINE_CURVE_WITH_KNOTS('',3,(#6334,#6335,#6336,#6337,#6338),
 .UNSPECIFIED.,.F.,.F.,(4,1,4),(0.,0.0179617717966291,0.0343264729946507),
 .UNSPECIFIED.);
#179=B_SPLINE_CURVE_WITH_KNOTS('',3,(#6350,#6351,#6352,#6353,#6354),
 .UNSPECIFIED.,.F.,.F.,(4,1,4),(0.,0.0166235985860137,0.0342961721747226),
 .UNSPECIFIED.);
#180=B_SPLINE_CURVE_WITH_KNOTS('',3,(#6357,#6358,#6359,#6360,#6361),
 .UNSPECIFIED.,.F.,.F.,(4,1,4),(0.,0.0166235985860137,0.0342961721747226),
 .UNSPECIFIED.);
#181=B_SPLINE_CURVE_WITH_KNOTS('',3,(#6373,#6374,#6375,#6376,#6377),
 .UNSPECIFIED.,.F.,.F.,(4,1,4),(0.,0.0261730585877794,0.0455773306582288),
 .UNSPECIFIED.);
#182=B_SPLINE_CURVE_WITH_KNOTS('',3,(#6380,#6381,#6382,#6383,#6384),
 .UNSPECIFIED.,.F.,.F.,(4,1,4),(0.,0.0261730585877794,0.0455773306582288),
 .UNSPECIFIED.);
#183=B_SPLINE_CURVE_WITH_KNOTS('',3,(#6395,#6396,#6397,#6398,#6399),
 .UNSPECIFIED.,.F.,.F.,(4,1,4),(0.,0.0195101091805048,0.0458902712037607),
 .UNSPECIFIED.);
#184=B_SPLINE_CURVE_WITH_KNOTS('',3,(#6400,#6401,#6402,#6403,#6404),
 .UNSPECIFIED.,.F.,.F.,(4,1,4),(0.,0.0195101091805048,0.0458902712037607),
 .UNSPECIFIED.);
#185=B_SPLINE_CURVE_WITH_KNOTS('',3,(#6417,#6418,#6419,#6420,#6421),
 .UNSPECIFIED.,.F.,.F.,(4,1,4),(0.,0.0243814996531988,0.0500563723773026),
 .UNSPECIFIED.);
#186=B_SPLINE_CURVE_WITH_KNOTS('',3,(#6425,#6426,#6427,#6428,#6429),
 .UNSPECIFIED.,.F.,.F.,(4,1,4),(0.,0.0243814996531988,0.0500563723773026),
 .UNSPECIFIED.);
#187=B_SPLINE_CURVE_WITH_KNOTS('',3,(#6442,#6443,#6444,#6445,#6446),
 .UNSPECIFIED.,.F.,.F.,(4,1,4),(0.,0.0310516320377917,0.0574557544913608),
 .UNSPECIFIED.);
#188=B_SPLINE_CURVE_WITH_KNOTS('',3,(#6449,#6450,#6451,#6452,#6453),
 .UNSPECIFIED.,.F.,.F.,(4,1,4),(0.,0.0310516320377917,0.0574557544913608),
 .UNSPECIFIED.);
#189=B_SPLINE_CURVE_WITH_KNOTS('',3,(#6465,#6466,#6467,#6468,#6469),
 .UNSPECIFIED.,.F.,.F.,(4,1,4),(0.,0.0266776022779263,0.0573602475670276),
 .UNSPECIFIED.);
#190=B_SPLINE_CURVE_WITH_KNOTS('',3,(#6472,#6473,#6474,#6475,#6476),
 .UNSPECIFIED.,.F.,.F.,(4,1,4),(0.,0.0266776022779263,0.0573602475670276),
 .UNSPECIFIED.);
#191=B_SPLINE_CURVE_WITH_KNOTS('',3,(#6488,#6489,#6490,#6491,#6492),
 .UNSPECIFIED.,.F.,.F.,(4,1,4),(0.,0.0245741404207662,0.0493496961970551),
 .UNSPECIFIED.);
#192=B_SPLINE_CURVE_WITH_KNOTS('',3,(#6495,#6496,#6497,#6498,#6499),
 .UNSPECIFIED.,.F.,.F.,(4,1,4),(0.,0.0245741404207662,0.0493496961970551),
 .UNSPECIFIED.);
#193=B_SPLINE_CURVE_WITH_KNOTS('',3,(#6511,#6512,#6513,#6514,#6515),
 .UNSPECIFIED.,.F.,.F.,(4,1,4),(0.,0.0320612248462324,0.0592100994104015),
 .UNSPECIFIED.);
#194=B_SPLINE_CURVE_WITH_KNOTS('',3,(#6518,#6519,#6520,#6521,#6522),
 .UNSPECIFIED.,.F.,.F.,(4,1,4),(0.,0.0320612248462324,0.0592100994104015),
 .UNSPECIFIED.);
#195=B_SPLINE_CURVE_WITH_KNOTS('',3,(#6534,#6535,#6536,#6537,#6538),
 .UNSPECIFIED.,.F.,.F.,(4,1,4),(0.,0.0379823557727102,0.0814164016066962),
 .UNSPECIFIED.);
#196=B_SPLINE_CURVE_WITH_KNOTS('',3,(#6541,#6542,#6543,#6544,#6545),
 .UNSPECIFIED.,.F.,.F.,(4,1,4),(0.,0.0379823557727102,0.0814164016066962),
 .UNSPECIFIED.);
#197=B_SPLINE_CURVE_WITH_KNOTS('',3,(#6557,#6558,#6559,#6560,#6561),
 .UNSPECIFIED.,.F.,.F.,(4,1,4),(0.,0.0447096562326192,0.0831589491751027),
 .UNSPECIFIED.);
#198=B_SPLINE_CURVE_WITH_KNOTS('',3,(#6564,#6565,#6566,#6567,#6568),
 .UNSPECIFIED.,.F.,.F.,(4,1,4),(0.,0.0447096562326192,0.0831589491751027),
 .UNSPECIFIED.);
#199=B_SPLINE_CURVE_WITH_KNOTS('',3,(#6580,#6581,#6582,#6583,#6584),
 .UNSPECIFIED.,.F.,.F.,(4,1,4),(0.,0.038524347571584,0.0824070190932019),
 .UNSPECIFIED.);
#200=B_SPLINE_CURVE_WITH_KNOTS('',3,(#6587,#6588,#6589,#6590,#6591),
 .UNSPECIFIED.,.F.,.F.,(4,1,4),(0.,0.038524347571584,0.0824070190932019),
 .UNSPECIFIED.);
#201=B_SPLINE_CURVE_WITH_KNOTS('',3,(#6603,#6604,#6605,#6606,#6607),
 .UNSPECIFIED.,.F.,.F.,(4,1,4),(0.,0.0440848208038088,0.0826670001290568),
 .UNSPECIFIED.);
#202=B_SPLINE_CURVE_WITH_KNOTS('',3,(#6610,#6611,#6612,#6613,#6614),
 .UNSPECIFIED.,.F.,.F.,(4,1,4),(0.,0.0440848208038088,0.0826670001290568),
 .UNSPECIFIED.);
#203=B_SPLINE_CURVE_WITH_KNOTS('',3,(#6625,#6626,#6627,#6628,#6629),
 .UNSPECIFIED.,.F.,.F.,(4,1,4),(0.,0.0282220752750585,0.060534475902821),
 .UNSPECIFIED.);
#204=B_SPLINE_CURVE_WITH_KNOTS('',3,(#6630,#6631,#6632,#6633,#6634),
 .UNSPECIFIED.,.F.,.F.,(4,1,4),(0.,0.0282220752750585,0.060534475902821),
 .UNSPECIFIED.);
#205=B_SPLINE_CURVE_WITH_KNOTS('',3,(#6778,#6779,#6780,#6781,#6782),
 .UNSPECIFIED.,.F.,.F.,(4,1,4),(0.,0.0102864127423774,0.0249415798198105),
 .UNSPECIFIED.);
#206=B_SPLINE_CURVE_WITH_KNOTS('',3,(#6785,#6786,#6787,#6788,#6789),
 .UNSPECIFIED.,.F.,.F.,(4,1,4),(0.,0.0102864127423774,0.0249415798198105),
 .UNSPECIFIED.);
#207=B_SPLINE_CURVE_WITH_KNOTS('',3,(#6801,#6802,#6803,#6804,#6805),
 .UNSPECIFIED.,.F.,.F.,(4,1,4),(0.,0.00883751051160907,0.0174936255770233),
 .UNSPECIFIED.);
#208=B_SPLINE_CURVE_WITH_KNOTS('',3,(#6808,#6809,#6810,#6811,#6812),
 .UNSPECIFIED.,.F.,.F.,(4,1,4),(0.,0.00883751051160907,0.0174936255770233),
 .UNSPECIFIED.);
#209=B_SPLINE_CURVE_WITH_KNOTS('',3,(#6824,#6825,#6826,#6827,#6828),
 .UNSPECIFIED.,.F.,.F.,(4,1,4),(0.,0.00895655334675876,0.0179731636967317),
 .UNSPECIFIED.);
#210=B_SPLINE_CURVE_WITH_KNOTS('',3,(#6831,#6832,#6833,#6834,#6835),
 .UNSPECIFIED.,.F.,.F.,(4,1,4),(0.,0.00895655334675876,0.0179731636967317),
 .UNSPECIFIED.);
#211=B_SPLINE_CURVE_WITH_KNOTS('',3,(#6847,#6848,#6849,#6850,#6851),
 .UNSPECIFIED.,.F.,.F.,(4,1,4),(0.,0.0152886946976586,0.0261987459135755),
 .UNSPECIFIED.);
#212=B_SPLINE_CURVE_WITH_KNOTS('',3,(#6854,#6855,#6856,#6857,#6858),
 .UNSPECIFIED.,.F.,.F.,(4,1,4),(0.,0.0152886946976586,0.0261987459135755),
 .UNSPECIFIED.);
#213=B_SPLINE_CURVE_WITH_KNOTS('',3,(#6900,#6901,#6902,#6903,#6904),
 .UNSPECIFIED.,.F.,.F.,(4,1,4),(0.,0.0262764155913552,0.0591258282098979),
 .UNSPECIFIED.);
#214=B_SPLINE_CURVE_WITH_KNOTS('',3,(#6907,#6908,#6909,#6910,#6911),
 .UNSPECIFIED.,.F.,.F.,(4,1,4),(0.,0.0262764155913552,0.0591258282098979),
 .UNSPECIFIED.);
#215=B_SPLINE_CURVE_WITH_KNOTS('',3,(#6923,#6924,#6925,#6926,#6927),
 .UNSPECIFIED.,.F.,.F.,(4,1,4),(0.,0.0273625387734627,0.0519100105575563),
 .UNSPECIFIED.);
#216=B_SPLINE_CURVE_WITH_KNOTS('',3,(#6930,#6931,#6932,#6933,#6934),
 .UNSPECIFIED.,.F.,.F.,(4,1,4),(0.,0.0273625387734627,0.0519100105575563),
 .UNSPECIFIED.);
#217=B_SPLINE_CURVE_WITH_KNOTS('',3,(#6946,#6947,#6948,#6949,#6950),
 .UNSPECIFIED.,.F.,.F.,(4,1,4),(0.,0.0230729269555043,0.0494994250588275),
 .UNSPECIFIED.);
#218=B_SPLINE_CURVE_WITH_KNOTS('',3,(#6953,#6954,#6955,#6956,#6957),
 .UNSPECIFIED.,.F.,.F.,(4,1,4),(0.,0.0230729269555043,0.0494994250588275),
 .UNSPECIFIED.);
#219=B_SPLINE_CURVE_WITH_KNOTS('',3,(#6969,#6970,#6971,#6972,#6973),
 .UNSPECIFIED.,.F.,.F.,(4,1,4),(0.,0.0296017051173918,0.0536641417729146),
 .UNSPECIFIED.);
#220=B_SPLINE_CURVE_WITH_KNOTS('',3,(#6976,#6977,#6978,#6979,#6980),
 .UNSPECIFIED.,.F.,.F.,(4,1,4),(0.,0.0296017051173918,0.0536641417729146),
 .UNSPECIFIED.);
#221=B_SPLINE_CURVE_WITH_KNOTS('',3,(#7192,#7193,#7194,#7195,#7196),
 .UNSPECIFIED.,.F.,.F.,(4,1,4),(0.,0.0163490358495536,0.0371570636383408),
 .UNSPECIFIED.);
#222=B_SPLINE_CURVE_WITH_KNOTS('',3,(#7200,#7201,#7202,#7203,#7204),
 .UNSPECIFIED.,.F.,.F.,(4,1,4),(0.,0.0163490358495536,0.0371570636383408),
 .UNSPECIFIED.);
#223=B_SPLINE_CURVE_WITH_KNOTS('',3,(#7217,#7218,#7219,#7220,#7221),
 .UNSPECIFIED.,.F.,.F.,(4,1,4),(0.,0.0268987114212788,0.0453623840636763),
 .UNSPECIFIED.);
#224=B_SPLINE_CURVE_WITH_KNOTS('',3,(#7224,#7225,#7226,#7227,#7228),
 .UNSPECIFIED.,.F.,.F.,(4,1,4),(0.,0.0268987114212788,0.0453623840636763),
 .UNSPECIFIED.);
#225=B_SPLINE_CURVE_WITH_KNOTS('',3,(#7240,#7241,#7242,#7243,#7244),
 .UNSPECIFIED.,.F.,.F.,(4,1,4),(0.,0.0145091753123697,0.0352442152064886),
 .UNSPECIFIED.);
#226=B_SPLINE_CURVE_WITH_KNOTS('',3,(#7247,#7248,#7249,#7250,#7251),
 .UNSPECIFIED.,.F.,.F.,(4,1,4),(0.,0.0145091753123697,0.0352442152064886),
 .UNSPECIFIED.);
#227=B_SPLINE_CURVE_WITH_KNOTS('',3,(#7263,#7264,#7265,#7266,#7267),
 .UNSPECIFIED.,.F.,.F.,(4,1,4),(0.,0.00940693240262622,0.0200293341122284),
 .UNSPECIFIED.);
#228=B_SPLINE_CURVE_WITH_KNOTS('',3,(#7270,#7271,#7272,#7273,#7274),
 .UNSPECIFIED.,.F.,.F.,(4,1,4),(0.,0.00940693240262622,0.0200293341122284),
 .UNSPECIFIED.);
#229=B_SPLINE_CURVE_WITH_KNOTS('',3,(#7286,#7287,#7288,#7289,#7290),
 .UNSPECIFIED.,.F.,.F.,(4,1,4),(0.,0.0166093802202195,0.0280405331248019),
 .UNSPECIFIED.);
#230=B_SPLINE_CURVE_WITH_KNOTS('',3,(#7293,#7294,#7295,#7296,#7297),
 .UNSPECIFIED.,.F.,.F.,(4,1,4),(0.,0.0166093802202195,0.0280405331248019),
 .UNSPECIFIED.);
#231=B_SPLINE_CURVE_WITH_KNOTS('',3,(#7333,#7334,#7335,#7336,#7337),
 .UNSPECIFIED.,.F.,.F.,(4,1,4),(0.,0.0198000225404845,0.0373157227260633),
 .UNSPECIFIED.);
#232=B_SPLINE_CURVE_WITH_KNOTS('',3,(#7340,#7341,#7342,#7343,#7344),
 .UNSPECIFIED.,.F.,.F.,(4,1,4),(0.,0.0198000225404845,0.0373157227260633),
 .UNSPECIFIED.);
#233=B_SPLINE_CURVE_WITH_KNOTS('',3,(#7356,#7357,#7358,#7359,#7360),
 .UNSPECIFIED.,.F.,.F.,(4,1,4),(0.,0.0166855466000408,0.0322539214747479),
 .UNSPECIFIED.);
#234=B_SPLINE_CURVE_WITH_KNOTS('',3,(#7363,#7364,#7365,#7366,#7367),
 .UNSPECIFIED.,.F.,.F.,(4,1,4),(0.,0.0166855466000408,0.0322539214747479),
 .UNSPECIFIED.);
#235=B_SPLINE_CURVE_WITH_KNOTS('',3,(#7379,#7380,#7381,#7382,#7383),
 .UNSPECIFIED.,.F.,.F.,(4,1,4),(0.,0.0183713405730697,0.0360505853692823),
 .UNSPECIFIED.);
#236=B_SPLINE_CURVE_WITH_KNOTS('',3,(#7386,#7387,#7388,#7389,#7390),
 .UNSPECIFIED.,.F.,.F.,(4,1,4),(0.,0.0183713405730697,0.0360505853692823),
 .UNSPECIFIED.);
#237=B_SPLINE_CURVE_WITH_KNOTS('',3,(#7402,#7403,#7404,#7405,#7406),
 .UNSPECIFIED.,.F.,.F.,(4,1,4),(0.,0.0285383358635682,0.0505592931821673),
 .UNSPECIFIED.);
#238=B_SPLINE_CURVE_WITH_KNOTS('',3,(#7409,#7410,#7411,#7412,#7413),
 .UNSPECIFIED.,.F.,.F.,(4,1,4),(0.,0.0285383358635682,0.0505592931821673),
 .UNSPECIFIED.);
#239=B_SPLINE_CURVE_WITH_KNOTS('',3,(#7425,#7426,#7427,#7428,#7429),
 .UNSPECIFIED.,.F.,.F.,(4,1,4),(0.,0.0191836871245205,0.039139640621961),
 .UNSPECIFIED.);
#240=B_SPLINE_CURVE_WITH_KNOTS('',3,(#7432,#7433,#7434,#7435,#7436),
 .UNSPECIFIED.,.F.,.F.,(4,1,4),(0.,0.0191836871245205,0.039139640621961),
 .UNSPECIFIED.);
#241=B_SPLINE_CURVE_WITH_KNOTS('',3,(#7448,#7449,#7450,#7451,#7452),
 .UNSPECIFIED.,.F.,.F.,(4,1,4),(0.,0.0176282894766435,0.0359429147322493),
 .UNSPECIFIED.);
#242=B_SPLINE_CURVE_WITH_KNOTS('',3,(#7455,#7456,#7457,#7458,#7459),
 .UNSPECIFIED.,.F.,.F.,(4,1,4),(0.,0.0176282894766435,0.0359429147322493),
 .UNSPECIFIED.);
#243=B_SPLINE_CURVE_WITH_KNOTS('',3,(#7471,#7472,#7473,#7474,#7475),
 .UNSPECIFIED.,.F.,.F.,(4,1,4),(0.,0.0177474888695596,0.0351122244026834),
 .UNSPECIFIED.);
#244=B_SPLINE_CURVE_WITH_KNOTS('',3,(#7478,#7479,#7480,#7481,#7482),
 .UNSPECIFIED.,.F.,.F.,(4,1,4),(0.,0.0177474888695596,0.0351122244026834),
 .UNSPECIFIED.);
#245=B_SPLINE_CURVE_WITH_KNOTS('',3,(#7494,#7495,#7496,#7497,#7498),
 .UNSPECIFIED.,.F.,.F.,(4,1,4),(0.,0.0245916065922338,0.0446381437734396),
 .UNSPECIFIED.);
#246=B_SPLINE_CURVE_WITH_KNOTS('',3,(#7501,#7502,#7503,#7504,#7505),
 .UNSPECIFIED.,.F.,.F.,(4,1,4),(0.,0.0245916065922338,0.0446381437734396),
 .UNSPECIFIED.);
#247=B_SPLINE_CURVE_WITH_KNOTS('',3,(#7528,#7529,#7530,#7531,#7532),
 .UNSPECIFIED.,.F.,.F.,(4,1,4),(0.,0.0129752327968975,0.0279190465537458),
 .UNSPECIFIED.);
#248=B_SPLINE_CURVE_WITH_KNOTS('',3,(#7536,#7537,#7538,#7539,#7540),
 .UNSPECIFIED.,.F.,.F.,(4,1,4),(0.,0.0129752327968975,0.0279190465537458),
 .UNSPECIFIED.);
#249=B_SPLINE_CURVE_WITH_KNOTS('',3,(#7553,#7554,#7555,#7556,#7557),
 .UNSPECIFIED.,.F.,.F.,(4,1,4),(0.,0.0143994062433645,0.0270890709945113),
 .UNSPECIFIED.);
#250=B_SPLINE_CURVE_WITH_KNOTS('',3,(#7560,#7561,#7562,#7563,#7564),
 .UNSPECIFIED.,.F.,.F.,(4,1,4),(0.,0.0143994062433645,0.0270890709945113),
 .UNSPECIFIED.);
#251=B_SPLINE_CURVE_WITH_KNOTS('',3,(#7576,#7577,#7578,#7579,#7580),
 .UNSPECIFIED.,.F.,.F.,(4,1,4),(0.,0.012859617876539,0.0273991094170268),
 .UNSPECIFIED.);
#252=B_SPLINE_CURVE_WITH_KNOTS('',3,(#7583,#7584,#7585,#7586,#7587),
 .UNSPECIFIED.,.F.,.F.,(4,1,4),(0.,0.012859617876539,0.0273991094170268),
 .UNSPECIFIED.);
#253=B_SPLINE_CURVE_WITH_KNOTS('',3,(#7599,#7600,#7601,#7602,#7603),
 .UNSPECIFIED.,.F.,.F.,(4,1,4),(0.,0.0147700754924055,0.0277206495495846),
 .UNSPECIFIED.);
#254=B_SPLINE_CURVE_WITH_KNOTS('',3,(#7606,#7607,#7608,#7609,#7610),
 .UNSPECIFIED.,.F.,.F.,(4,1,4),(0.,0.0147700754924055,0.0277206495495846),
 .UNSPECIFIED.);
#255=B_SPLINE_CURVE_WITH_KNOTS('',3,(#7640,#7641,#7642,#7643,#7644),
 .UNSPECIFIED.,.F.,.F.,(4,1,4),(0.,0.0185138323181355,0.0344039223819206),
 .UNSPECIFIED.);
#256=B_SPLINE_CURVE_WITH_KNOTS('',3,(#7647,#7648,#7649,#7650,#7651),
 .UNSPECIFIED.,.F.,.F.,(4,1,4),(0.,0.0185138323181355,0.0344039223819206),
 .UNSPECIFIED.);
#257=B_SPLINE_CURVE_WITH_KNOTS('',3,(#7663,#7664,#7665,#7666,#7667),
 .UNSPECIFIED.,.F.,.F.,(4,1,4),(0.,0.0139204904863497,0.0266615387304398),
 .UNSPECIFIED.);
#258=B_SPLINE_CURVE_WITH_KNOTS('',3,(#7670,#7671,#7672,#7673,#7674),
 .UNSPECIFIED.,.F.,.F.,(4,1,4),(0.,0.0139204904863497,0.0266615387304398),
 .UNSPECIFIED.);
#259=B_SPLINE_CURVE_WITH_KNOTS('',3,(#7686,#7687,#7688,#7689,#7690),
 .UNSPECIFIED.,.F.,.F.,(4,1,4),(0.,0.0133566937615853,0.027562543960964),
 .UNSPECIFIED.);
#260=B_SPLINE_CURVE_WITH_KNOTS('',3,(#7693,#7694,#7695,#7696,#7697),
 .UNSPECIFIED.,.F.,.F.,(4,1,4),(0.,0.0133566937615853,0.027562543960964),
 .UNSPECIFIED.);
#261=B_SPLINE_CURVE_WITH_KNOTS('',3,(#7709,#7710,#7711,#7712,#7713),
 .UNSPECIFIED.,.F.,.F.,(4,1,4),(0.,0.0160803734337914,0.0300085740921224),
 .UNSPECIFIED.);
#262=B_SPLINE_CURVE_WITH_KNOTS('',3,(#7716,#7717,#7718,#7719,#7720),
 .UNSPECIFIED.,.F.,.F.,(4,1,4),(0.,0.0160803734337914,0.0300085740921224),
 .UNSPECIFIED.);
#263=B_SPLINE_CURVE_WITH_KNOTS('',3,(#7732,#7733,#7734,#7735,#7736),
 .UNSPECIFIED.,.F.,.F.,(4,1,4),(0.,0.0152882359877593,0.0320027739003748),
 .UNSPECIFIED.);
#264=B_SPLINE_CURVE_WITH_KNOTS('',3,(#7739,#7740,#7741,#7742,#7743),
 .UNSPECIFIED.,.F.,.F.,(4,1,4),(0.,0.0152882359877593,0.0320027739003748),
 .UNSPECIFIED.);
#265=B_SPLINE_CURVE_WITH_KNOTS('',3,(#7755,#7756,#7757,#7758,#7759),
 .UNSPECIFIED.,.F.,.F.,(4,1,4),(0.,0.0204402507191528,0.0439308804873378),
 .UNSPECIFIED.);
#266=B_SPLINE_CURVE_WITH_KNOTS('',3,(#7762,#7763,#7764,#7765,#7766),
 .UNSPECIFIED.,.F.,.F.,(4,1,4),(0.,0.0204402507191528,0.0439308804873378),
 .UNSPECIFIED.);
#267=B_SPLINE_CURVE_WITH_KNOTS('',3,(#7778,#7779,#7780,#7781,#7782),
 .UNSPECIFIED.,.F.,.F.,(4,1,4),(0.,0.0156465731369881,0.0298784581040444),
 .UNSPECIFIED.);
#268=B_SPLINE_CURVE_WITH_KNOTS('',3,(#7785,#7786,#7787,#7788,#7789),
 .UNSPECIFIED.,.F.,.F.,(4,1,4),(0.,0.0156465731369881,0.0298784581040444),
 .UNSPECIFIED.);
#269=B_SPLINE_CURVE_WITH_KNOTS('',3,(#7801,#7802,#7803,#7804,#7805),
 .UNSPECIFIED.,.F.,.F.,(4,1,4),(0.,0.0163381080801576,0.0327651114421744),
 .UNSPECIFIED.);
#270=B_SPLINE_CURVE_WITH_KNOTS('',3,(#7808,#7809,#7810,#7811,#7812),
 .UNSPECIFIED.,.F.,.F.,(4,1,4),(0.,0.0163381080801576,0.0327651114421744),
 .UNSPECIFIED.);
#271=B_SPLINE_CURVE_WITH_KNOTS('',3,(#7824,#7825,#7826,#7827,#7828),
 .UNSPECIFIED.,.F.,.F.,(4,1,4),(0.,0.0173144288640787,0.0341483784108858),
 .UNSPECIFIED.);
#272=B_SPLINE_CURVE_WITH_KNOTS('',3,(#7831,#7832,#7833,#7834,#7835),
 .UNSPECIFIED.,.F.,.F.,(4,1,4),(0.,0.0173144288640787,0.0341483784108858),
 .UNSPECIFIED.);
#273=B_SPLINE_CURVE_WITH_KNOTS('',3,(#7864,#7865,#7866,#7867,#7868),
 .UNSPECIFIED.,.F.,.F.,(4,1,4),(0.,0.017170292298572,0.0336573811816295),
 .UNSPECIFIED.);
#274=B_SPLINE_CURVE_WITH_KNOTS('',3,(#7872,#7873,#7874,#7875,#7876),
 .UNSPECIFIED.,.F.,.F.,(4,1,4),(0.,0.017170292298572,0.0336573811816295),
 .UNSPECIFIED.);
#275=B_SPLINE_CURVE_WITH_KNOTS('',3,(#7889,#7890,#7891,#7892,#7893),
 .UNSPECIFIED.,.F.,.F.,(4,1,4),(0.,0.0165901509529591,0.0343569465976001),
 .UNSPECIFIED.);
#276=B_SPLINE_CURVE_WITH_KNOTS('',3,(#7896,#7897,#7898,#7899,#7900),
 .UNSPECIFIED.,.F.,.F.,(4,1,4),(0.,0.0165901509529591,0.0343569465976001),
 .UNSPECIFIED.);
#277=B_SPLINE_CURVE_WITH_KNOTS('',3,(#7912,#7913,#7914,#7915,#7916),
 .UNSPECIFIED.,.F.,.F.,(4,1,4),(0.,0.024587625374819,0.0434410550034527),
 .UNSPECIFIED.);
#278=B_SPLINE_CURVE_WITH_KNOTS('',3,(#7919,#7920,#7921,#7922,#7923),
 .UNSPECIFIED.,.F.,.F.,(4,1,4),(0.,0.024587625374819,0.0434410550034527),
 .UNSPECIFIED.);
#279=B_SPLINE_CURVE_WITH_KNOTS('',3,(#7935,#7936,#7937,#7938,#7939),
 .UNSPECIFIED.,.F.,.F.,(4,1,4),(0.,0.0198744606996647,0.048415854843879),
 .UNSPECIFIED.);
#280=B_SPLINE_CURVE_WITH_KNOTS('',3,(#7942,#7943,#7944,#7945,#7946),
 .UNSPECIFIED.,.F.,.F.,(4,1,4),(0.,0.0198744606996647,0.048415854843879),
 .UNSPECIFIED.);
#281=B_SPLINE_CURVE_WITH_KNOTS('',3,(#7958,#7959,#7960,#7961,#7962),
 .UNSPECIFIED.,.F.,.F.,(4,1,4),(0.,0.0179617717966291,0.0343264729946507),
 .UNSPECIFIED.);
#282=B_SPLINE_CURVE_WITH_KNOTS('',3,(#7965,#7966,#7967,#7968,#7969),
 .UNSPECIFIED.,.F.,.F.,(4,1,4),(0.,0.0179617717966291,0.0343264729946507),
 .UNSPECIFIED.);
#283=B_SPLINE_CURVE_WITH_KNOTS('',3,(#7981,#7982,#7983,#7984,#7985),
 .UNSPECIFIED.,.F.,.F.,(4,1,4),(0.,0.0166236102647105,0.0342961782744148),
 .UNSPECIFIED.);
#284=B_SPLINE_CURVE_WITH_KNOTS('',3,(#7988,#7989,#7990,#7991,#7992),
 .UNSPECIFIED.,.F.,.F.,(4,1,4),(0.,0.0166236102647105,0.0342961782744148),
 .UNSPECIFIED.);
#285=B_SPLINE_CURVE_WITH_KNOTS('',3,(#8004,#8005,#8006,#8007,#8008),
 .UNSPECIFIED.,.F.,.F.,(4,1,4),(0.,0.0261729993243919,0.0455772713948413),
 .UNSPECIFIED.);
#286=B_SPLINE_CURVE_WITH_KNOTS('',3,(#8011,#8012,#8013,#8014,#8015),
 .UNSPECIFIED.,.F.,.F.,(4,1,4),(0.,0.0261729993243919,0.0455772713948413),
 .UNSPECIFIED.);
#287=B_SPLINE_CURVE_WITH_KNOTS('',3,(#8026,#8027,#8028,#8029,#8030),
 .UNSPECIFIED.,.F.,.F.,(4,1,4),(0.,0.0195100953222626,0.0458903726683814),
 .UNSPECIFIED.);
#288=B_SPLINE_CURVE_WITH_KNOTS('',3,(#8031,#8032,#8033,#8034,#8035),
 .UNSPECIFIED.,.F.,.F.,(4,1,4),(0.,0.0195100953222626,0.0458903726683814),
 .UNSPECIFIED.);
#289=B_SPLINE_CURVE_WITH_KNOTS('',3,(#8048,#8049,#8050,#8051,#8052),
 .UNSPECIFIED.,.F.,.F.,(4,1,4),(0.,0.0243814996531988,0.0500563489404563),
 .UNSPECIFIED.);
#290=B_SPLINE_CURVE_WITH_KNOTS('',3,(#8056,#8057,#8058,#8059,#8060),
 .UNSPECIFIED.,.F.,.F.,(4,1,4),(0.,0.0243814996531988,0.0500563489404563),
 .UNSPECIFIED.);
#291=B_SPLINE_CURVE_WITH_KNOTS('',3,(#8073,#8074,#8075,#8076,#8077),
 .UNSPECIFIED.,.F.,.F.,(4,1,4),(0.,0.0310516294518122,0.0574558167711728),
 .UNSPECIFIED.);
#292=B_SPLINE_CURVE_WITH_KNOTS('',3,(#8080,#8081,#8082,#8083,#8084),
 .UNSPECIFIED.,.F.,.F.,(4,1,4),(0.,0.0310516294518122,0.0574558167711728),
 .UNSPECIFIED.);
#293=B_SPLINE_CURVE_WITH_KNOTS('',3,(#8096,#8097,#8098,#8099,#8100),
 .UNSPECIFIED.,.F.,.F.,(4,1,4),(0.,0.0266776685359664,0.0573602605554686),
 .UNSPECIFIED.);
#294=B_SPLINE_CURVE_WITH_KNOTS('',3,(#8103,#8104,#8105,#8106,#8107),
 .UNSPECIFIED.,.F.,.F.,(4,1,4),(0.,0.0266776685359664,0.0573602605554686),
 .UNSPECIFIED.);
#295=B_SPLINE_CURVE_WITH_KNOTS('',3,(#8119,#8120,#8121,#8122,#8123),
 .UNSPECIFIED.,.F.,.F.,(4,1,4),(0.,0.0245740571992094,0.0493496490787653),
 .UNSPECIFIED.);
#296=B_SPLINE_CURVE_WITH_KNOTS('',3,(#8126,#8127,#8128,#8129,#8130),
 .UNSPECIFIED.,.F.,.F.,(4,1,4),(0.,0.0245740571992094,0.0493496490787653),
 .UNSPECIFIED.);
#297=B_SPLINE_CURVE_WITH_KNOTS('',3,(#8142,#8143,#8144,#8145,#8146),
 .UNSPECIFIED.,.F.,.F.,(4,1,4),(0.,0.0320611358229903,0.059210029930832),
 .UNSPECIFIED.);
#298=B_SPLINE_CURVE_WITH_KNOTS('',3,(#8149,#8150,#8151,#8152,#8153),
 .UNSPECIFIED.,.F.,.F.,(4,1,4),(0.,0.0320611358229903,0.059210029930832),
 .UNSPECIFIED.);
#299=B_SPLINE_CURVE_WITH_KNOTS('',3,(#8165,#8166,#8167,#8168,#8169),
 .UNSPECIFIED.,.F.,.F.,(4,1,4),(0.,0.0379823305637372,0.0814164499974791),
 .UNSPECIFIED.);
#300=B_SPLINE_CURVE_WITH_KNOTS('',3,(#8172,#8173,#8174,#8175,#8176),
 .UNSPECIFIED.,.F.,.F.,(4,1,4),(0.,0.0379823305637372,0.0814164499974791),
 .UNSPECIFIED.);
#301=B_SPLINE_CURVE_WITH_KNOTS('',3,(#8188,#8189,#8190,#8191,#8192),
 .UNSPECIFIED.,.F.,.F.,(4,1,4),(0.,0.0447096607113194,0.0831589380300614),
 .UNSPECIFIED.);
#302=B_SPLINE_CURVE_WITH_KNOTS('',3,(#8195,#8196,#8197,#8198,#8199),
 .UNSPECIFIED.,.F.,.F.,(4,1,4),(0.,0.0447096607113194,0.0831589380300614),
 .UNSPECIFIED.);
#303=B_SPLINE_CURVE_WITH_KNOTS('',3,(#8211,#8212,#8213,#8214,#8215),
 .UNSPECIFIED.,.F.,.F.,(4,1,4),(0.,0.0385243649062663,0.0824070341115933),
 .UNSPECIFIED.);
#304=B_SPLINE_CURVE_WITH_KNOTS('',3,(#8218,#8219,#8220,#8221,#8222),
 .UNSPECIFIED.,.F.,.F.,(4,1,4),(0.,0.0385243649062663,0.0824070341115933),
 .UNSPECIFIED.);
#305=B_SPLINE_CURVE_WITH_KNOTS('',3,(#8234,#8235,#8236,#8237,#8238),
 .UNSPECIFIED.,.F.,.F.,(4,1,4),(0.,0.0440848750792727,0.0826670702115544),
 .UNSPECIFIED.);
#306=B_SPLINE_CURVE_WITH_KNOTS('',3,(#8241,#8242,#8243,#8244,#8245),
 .UNSPECIFIED.,.F.,.F.,(4,1,4),(0.,0.0440848750792727,0.0826670702115544),
 .UNSPECIFIED.);
#307=B_SPLINE_CURVE_WITH_KNOTS('',3,(#8256,#8257,#8258,#8259,#8260),
 .UNSPECIFIED.,.F.,.F.,(4,1,4),(0.,0.0282220643621699,0.0605344237183613),
 .UNSPECIFIED.);
#308=B_SPLINE_CURVE_WITH_KNOTS('',3,(#8261,#8262,#8263,#8264,#8265),
 .UNSPECIFIED.,.F.,.F.,(4,1,4),(0.,0.0282220643621699,0.0605344237183613),
 .UNSPECIFIED.);
#309=B_SPLINE_SURFACE_WITH_KNOTS('',3,1,((#6221,#6222),(#6223,#6224),(#6225,
#6226),(#6227,#6228),(#6229,#6230)),.UNSPECIFIED.,.F.,.F.,.F.,(4,1,4),(2,
2),(0.,0.0171702366818785,0.0336573673028486),(0.,0.02),.UNSPECIFIED.);
#310=B_SPLINE_SURFACE_WITH_KNOTS('',3,1,((#6247,#6248),(#6249,#6250),(#6251,
#6252),(#6253,#6254),(#6255,#6256)),.UNSPECIFIED.,.F.,.F.,.F.,(4,1,4),(2,
2),(0.,0.0165901901645959,0.034356988555344),(0.,0.02),.UNSPECIFIED.);
#311=B_SPLINE_SURFACE_WITH_KNOTS('',3,1,((#6270,#6271),(#6272,#6273),(#6274,
#6275),(#6276,#6277),(#6278,#6279)),.UNSPECIFIED.,.F.,.F.,.F.,(4,1,4),(2,
2),(0.,0.0245876549741376,0.043441044167864),(0.,0.02),.UNSPECIFIED.);
#312=B_SPLINE_SURFACE_WITH_KNOTS('',3,1,((#6293,#6294),(#6295,#6296),(#6297,
#6298),(#6299,#6300),(#6301,#6302)),.UNSPECIFIED.,.F.,.F.,.F.,(4,1,4),(2,
2),(0.,0.0198744361507597,0.0484158006291479),(0.,0.02),.UNSPECIFIED.);
#313=B_SPLINE_SURFACE_WITH_KNOTS('',3,1,((#6316,#6317),(#6318,#6319),(#6320,
#6321),(#6322,#6323),(#6324,#6325)),.UNSPECIFIED.,.F.,.F.,.F.,(4,1,4),(2,
2),(0.,0.0179617717966291,0.0343264729946507),(0.,0.02),.UNSPECIFIED.);
#314=B_SPLINE_SURFACE_WITH_KNOTS('',3,1,((#6339,#6340),(#6341,#6342),(#6343,
#6344),(#6345,#6346),(#6347,#6348)),.UNSPECIFIED.,.F.,.F.,.F.,(4,1,4),(2,
2),(0.,0.0166235985860137,0.0342961721747226),(0.,0.02),.UNSPECIFIED.);
#315=B_SPLINE_SURFACE_WITH_KNOTS('',3,1,((#6362,#6363),(#6364,#6365),(#6366,
#6367),(#6368,#6369),(#6370,#6371)),.UNSPECIFIED.,.F.,.F.,.F.,(4,1,4),(2,
2),(0.,0.0261730585877794,0.0455773306582288),(0.,0.02),.UNSPECIFIED.);
#316=B_SPLINE_SURFACE_WITH_KNOTS('',3,1,((#6385,#6386),(#6387,#6388),(#6389,
#6390),(#6391,#6392),(#6393,#6394)),.UNSPECIFIED.,.F.,.F.,.F.,(4,1,4),(2,
2),(0.,0.0195101091805048,0.0458902712037607),(0.,0.02),.UNSPECIFIED.);
#317=B_SPLINE_SURFACE_WITH_KNOTS('',3,1,((#6405,#6406),(#6407,#6408),(#6409,
#6410),(#6411,#6412),(#6413,#6414)),.UNSPECIFIED.,.F.,.F.,.F.,(4,1,4),(2,
2),(0.,0.0243814996531988,0.0500563723773026),(0.,0.02),.UNSPECIFIED.);
#318=B_SPLINE_SURFACE_WITH_KNOTS('',3,1,((#6431,#6432),(#6433,#6434),(#6435,
#6436),(#6437,#6438),(#6439,#6440)),.UNSPECIFIED.,.F.,.F.,.F.,(4,1,4),(2,
2),(0.,0.0310516320377917,0.0574557544913608),(0.,0.02),.UNSPECIFIED.);
#319=B_SPLINE_SURFACE_WITH_KNOTS('',3,1,((#6454,#6455),(#6456,#6457),(#6458,
#6459),(#6460,#6461),(#6462,#6463)),.UNSPECIFIED.,.F.,.F.,.F.,(4,1,4),(2,
2),(0.,0.0266776022779263,0.0573602475670276),(0.,0.02),.UNSPECIFIED.);
#320=B_SPLINE_SURFACE_WITH_KNOTS('',3,1,((#6477,#6478),(#6479,#6480),(#6481,
#6482),(#6483,#6484),(#6485,#6486)),.UNSPECIFIED.,.F.,.F.,.F.,(4,1,4),(2,
2),(0.,0.0245741404207662,0.0493496961970551),(0.,0.02),.UNSPECIFIED.);
#321=B_SPLINE_SURFACE_WITH_KNOTS('',3,1,((#6500,#6501),(#6502,#6503),(#6504,
#6505),(#6506,#6507),(#6508,#6509)),.UNSPECIFIED.,.F.,.F.,.F.,(4,1,4),(2,
2),(0.,0.0320612248462324,0.0592100994104015),(0.,0.02),.UNSPECIFIED.);
#322=B_SPLINE_SURFACE_WITH_KNOTS('',3,1,((#6523,#6524),(#6525,#6526),(#6527,
#6528),(#6529,#6530),(#6531,#6532)),.UNSPECIFIED.,.F.,.F.,.F.,(4,1,4),(2,
2),(0.,0.0379823557727102,0.0814164016066962),(0.,0.02),.UNSPECIFIED.);
#323=B_SPLINE_SURFACE_WITH_KNOTS('',3,1,((#6546,#6547),(#6548,#6549),(#6550,
#6551),(#6552,#6553),(#6554,#6555)),.UNSPECIFIED.,.F.,.F.,.F.,(4,1,4),(2,
2),(0.,0.0447096562326192,0.0831589491751027),(0.,0.02),.UNSPECIFIED.);
#324=B_SPLINE_SURFACE_WITH_KNOTS('',3,1,((#6569,#6570),(#6571,#6572),(#6573,
#6574),(#6575,#6576),(#6577,#6578)),.UNSPECIFIED.,.F.,.F.,.F.,(4,1,4),(2,
2),(0.,0.038524347571584,0.0824070190932019),(0.,0.02),.UNSPECIFIED.);
#325=B_SPLINE_SURFACE_WITH_KNOTS('',3,1,((#6592,#6593),(#6594,#6595),(#6596,
#6597),(#6598,#6599),(#6600,#6601)),.UNSPECIFIED.,.F.,.F.,.F.,(4,1,4),(2,
2),(0.,0.0440848208038088,0.0826670001290568),(0.,0.02),.UNSPECIFIED.);
#326=B_SPLINE_SURFACE_WITH_KNOTS('',3,1,((#6615,#6616),(#6617,#6618),(#6619,
#6620),(#6621,#6622),(#6623,#6624)),.UNSPECIFIED.,.F.,.F.,.F.,(4,1,4),(2,
2),(0.,0.0282220752750585,0.060534475902821),(0.,0.02),.UNSPECIFIED.);
#327=B_SPLINE_SURFACE_WITH_KNOTS('',3,1,((#6767,#6768),(#6769,#6770),(#6771,
#6772),(#6773,#6774),(#6775,#6776)),.UNSPECIFIED.,.F.,.F.,.F.,(4,1,4),(2,
2),(0.,0.0102864127423774,0.0249415798198105),(0.,0.02),.UNSPECIFIED.);
#328=B_SPLINE_SURFACE_WITH_KNOTS('',3,1,((#6790,#6791),(#6792,#6793),(#6794,
#6795),(#6796,#6797),(#6798,#6799)),.UNSPECIFIED.,.F.,.F.,.F.,(4,1,4),(2,
2),(0.,0.00883751051160907,0.0174936255770233),(0.,0.02),.UNSPECIFIED.);
#329=B_SPLINE_SURFACE_WITH_KNOTS('',3,1,((#6813,#6814),(#6815,#6816),(#6817,
#6818),(#6819,#6820),(#6821,#6822)),.UNSPECIFIED.,.F.,.F.,.F.,(4,1,4),(2,
2),(0.,0.00895655334675876,0.0179731636967317),(0.,0.02),.UNSPECIFIED.);
#330=B_SPLINE_SURFACE_WITH_KNOTS('',3,1,((#6836,#6837),(#6838,#6839),(#6840,
#6841),(#6842,#6843),(#6844,#6845)),.UNSPECIFIED.,.F.,.F.,.F.,(4,1,4),(2,
2),(0.,0.0152886946976586,0.0261987459135755),(0.,0.02),.UNSPECIFIED.);
#331=B_SPLINE_SURFACE_WITH_KNOTS('',3,1,((#6889,#6890),(#6891,#6892),(#6893,
#6894),(#6895,#6896),(#6897,#6898)),.UNSPECIFIED.,.F.,.F.,.F.,(4,1,4),(2,
2),(0.,0.0262764155913552,0.0591258282098979),(0.,0.02),.UNSPECIFIED.);
#332=B_SPLINE_SURFACE_WITH_KNOTS('',3,1,((#6912,#6913),(#6914,#6915),(#6916,
#6917),(#6918,#6919),(#6920,#6921)),.UNSPECIFIED.,.F.,.F.,.F.,(4,1,4),(2,
2),(0.,0.0273625387734627,0.0519100105575563),(0.,0.02),.UNSPECIFIED.);
#333=B_SPLINE_SURFACE_WITH_KNOTS('',3,1,((#6935,#6936),(#6937,#6938),(#6939,
#6940),(#6941,#6942),(#6943,#6944)),.UNSPECIFIED.,.F.,.F.,.F.,(4,1,4),(2,
2),(0.,0.0230729269555043,0.0494994250588275),(0.,0.02),.UNSPECIFIED.);
#334=B_SPLINE_SURFACE_WITH_KNOTS('',3,1,((#6958,#6959),(#6960,#6961),(#6962,
#6963),(#6964,#6965),(#6966,#6967)),.UNSPECIFIED.,.F.,.F.,.F.,(4,1,4),(2,
2),(0.,0.0296017051173918,0.0536641417729146),(0.,0.02),.UNSPECIFIED.);
#335=B_SPLINE_SURFACE_WITH_KNOTS('',3,1,((#7180,#7181),(#7182,#7183),(#7184,
#7185),(#7186,#7187),(#7188,#7189)),.UNSPECIFIED.,.F.,.F.,.F.,(4,1,4),(2,
2),(0.,0.0163490358495536,0.0371570636383408),(0.,0.02),.UNSPECIFIED.);
#336=B_SPLINE_SURFACE_WITH_KNOTS('',3,1,((#7206,#7207),(#7208,#7209),(#7210,
#7211),(#7212,#7213),(#7214,#7215)),.UNSPECIFIED.,.F.,.F.,.F.,(4,1,4),(2,
2),(0.,0.0268987114212788,0.0453623840636763),(0.,0.02),.UNSPECIFIED.);
#337=B_SPLINE_SURFACE_WITH_KNOTS('',3,1,((#7229,#7230),(#7231,#7232),(#7233,
#7234),(#7235,#7236),(#7237,#7238)),.UNSPECIFIED.,.F.,.F.,.F.,(4,1,4),(2,
2),(0.,0.0145091753123697,0.0352442152064886),(0.,0.02),.UNSPECIFIED.);
#338=B_SPLINE_SURFACE_WITH_KNOTS('',3,1,((#7252,#7253),(#7254,#7255),(#7256,
#7257),(#7258,#7259),(#7260,#7261)),.UNSPECIFIED.,.F.,.F.,.F.,(4,1,4),(2,
2),(0.,0.00940693240262622,0.0200293341122284),(0.,0.02),.UNSPECIFIED.);
#339=B_SPLINE_SURFACE_WITH_KNOTS('',3,1,((#7275,#7276),(#7277,#7278),(#7279,
#7280),(#7281,#7282),(#7283,#7284)),.UNSPECIFIED.,.F.,.F.,.F.,(4,1,4),(2,
2),(0.,0.0166093802202195,0.0280405331248019),(0.,0.02),.UNSPECIFIED.);
#340=B_SPLINE_SURFACE_WITH_KNOTS('',3,1,((#7322,#7323),(#7324,#7325),(#7326,
#7327),(#7328,#7329),(#7330,#7331)),.UNSPECIFIED.,.F.,.F.,.F.,(4,1,4),(2,
2),(0.,0.0198000225404845,0.0373157227260633),(0.,0.02),.UNSPECIFIED.);
#341=B_SPLINE_SURFACE_WITH_KNOTS('',3,1,((#7345,#7346),(#7347,#7348),(#7349,
#7350),(#7351,#7352),(#7353,#7354)),.UNSPECIFIED.,.F.,.F.,.F.,(4,1,4),(2,
2),(0.,0.0166855466000408,0.0322539214747479),(0.,0.02),.UNSPECIFIED.);
#342=B_SPLINE_SURFACE_WITH_KNOTS('',3,1,((#7368,#7369),(#7370,#7371),(#7372,
#7373),(#7374,#7375),(#7376,#7377)),.UNSPECIFIED.,.F.,.F.,.F.,(4,1,4),(2,
2),(0.,0.0183713405730697,0.0360505853692823),(0.,0.02),.UNSPECIFIED.);
#343=B_SPLINE_SURFACE_WITH_KNOTS('',3,1,((#7391,#7392),(#7393,#7394),(#7395,
#7396),(#7397,#7398),(#7399,#7400)),.UNSPECIFIED.,.F.,.F.,.F.,(4,1,4),(2,
2),(0.,0.0285383358635682,0.0505592931821673),(0.,0.02),.UNSPECIFIED.);
#344=B_SPLINE_SURFACE_WITH_KNOTS('',3,1,((#7414,#7415),(#7416,#7417),(#7418,
#7419),(#7420,#7421),(#7422,#7423)),.UNSPECIFIED.,.F.,.F.,.F.,(4,1,4),(2,
2),(0.,0.0191836871245205,0.039139640621961),(0.,0.02),.UNSPECIFIED.);
#345=B_SPLINE_SURFACE_WITH_KNOTS('',3,1,((#7437,#7438),(#7439,#7440),(#7441,
#7442),(#7443,#7444),(#7445,#7446)),.UNSPECIFIED.,.F.,.F.,.F.,(4,1,4),(2,
2),(0.,0.0176282894766435,0.0359429147322493),(0.,0.02),.UNSPECIFIED.);
#346=B_SPLINE_SURFACE_WITH_KNOTS('',3,1,((#7460,#7461),(#7462,#7463),(#7464,
#7465),(#7466,#7467),(#7468,#7469)),.UNSPECIFIED.,.F.,.F.,.F.,(4,1,4),(2,
2),(0.,0.0177474888695596,0.0351122244026834),(0.,0.02),.UNSPECIFIED.);
#347=B_SPLINE_SURFACE_WITH_KNOTS('',3,1,((#7483,#7484),(#7485,#7486),(#7487,
#7488),(#7489,#7490),(#7491,#7492)),.UNSPECIFIED.,.F.,.F.,.F.,(4,1,4),(2,
2),(0.,0.0245916065922338,0.0446381437734396),(0.,0.02),.UNSPECIFIED.);
#348=B_SPLINE_SURFACE_WITH_KNOTS('',3,1,((#7516,#7517),(#7518,#7519),(#7520,
#7521),(#7522,#7523),(#7524,#7525)),.UNSPECIFIED.,.F.,.F.,.F.,(4,1,4),(2,
2),(0.,0.0129752327968975,0.0279190465537458),(0.,0.02),.UNSPECIFIED.);
#349=B_SPLINE_SURFACE_WITH_KNOTS('',3,1,((#7542,#7543),(#7544,#7545),(#7546,
#7547),(#7548,#7549),(#7550,#7551)),.UNSPECIFIED.,.F.,.F.,.F.,(4,1,4),(2,
2),(0.,0.0143994062433645,0.0270890709945113),(0.,0.02),.UNSPECIFIED.);
#350=B_SPLINE_SURFACE_WITH_KNOTS('',3,1,((#7565,#7566),(#7567,#7568),(#7569,
#7570),(#7571,#7572),(#7573,#7574)),.UNSPECIFIED.,.F.,.F.,.F.,(4,1,4),(2,
2),(0.,0.012859617876539,0.0273991094170268),(0.,0.02),.UNSPECIFIED.);
#351=B_SPLINE_SURFACE_WITH_KNOTS('',3,1,((#7588,#7589),(#7590,#7591),(#7592,
#7593),(#7594,#7595),(#7596,#7597)),.UNSPECIFIED.,.F.,.F.,.F.,(4,1,4),(2,
2),(0.,0.0147700754924055,0.0277206495495846),(0.,0.02),.UNSPECIFIED.);
#352=B_SPLINE_SURFACE_WITH_KNOTS('',3,1,((#7629,#7630),(#7631,#7632),(#7633,
#7634),(#7635,#7636),(#7637,#7638)),.UNSPECIFIED.,.F.,.F.,.F.,(4,1,4),(2,
2),(0.,0.0185138323181355,0.0344039223819206),(0.,0.02),.UNSPECIFIED.);
#353=B_SPLINE_SURFACE_WITH_KNOTS('',3,1,((#7652,#7653),(#7654,#7655),(#7656,
#7657),(#7658,#7659),(#7660,#7661)),.UNSPECIFIED.,.F.,.F.,.F.,(4,1,4),(2,
2),(0.,0.0139204904863497,0.0266615387304398),(0.,0.02),.UNSPECIFIED.);
#354=B_SPLINE_SURFACE_WITH_KNOTS('',3,1,((#7675,#7676),(#7677,#7678),(#7679,
#7680),(#7681,#7682),(#7683,#7684)),.UNSPECIFIED.,.F.,.F.,.F.,(4,1,4),(2,
2),(0.,0.0133566937615853,0.027562543960964),(0.,0.02),.UNSPECIFIED.);
#355=B_SPLINE_SURFACE_WITH_KNOTS('',3,1,((#7698,#7699),(#7700,#7701),(#7702,
#7703),(#7704,#7705),(#7706,#7707)),.UNSPECIFIED.,.F.,.F.,.F.,(4,1,4),(2,
2),(0.,0.0160803734337914,0.0300085740921224),(0.,0.02),.UNSPECIFIED.);
#356=B_SPLINE_SURFACE_WITH_KNOTS('',3,1,((#7721,#7722),(#7723,#7724),(#7725,
#7726),(#7727,#7728),(#7729,#7730)),.UNSPECIFIED.,.F.,.F.,.F.,(4,1,4),(2,
2),(0.,0.0152882359877593,0.0320027739003748),(0.,0.02),.UNSPECIFIED.);
#357=B_SPLINE_SURFACE_WITH_KNOTS('',3,1,((#7744,#7745),(#7746,#7747),(#7748,
#7749),(#7750,#7751),(#7752,#7753)),.UNSPECIFIED.,.F.,.F.,.F.,(4,1,4),(2,
2),(0.,0.0204402507191528,0.0439308804873378),(0.,0.02),.UNSPECIFIED.);
#358=B_SPLINE_SURFACE_WITH_KNOTS('',3,1,((#7767,#7768),(#7769,#7770),(#7771,
#7772),(#7773,#7774),(#7775,#7776)),.UNSPECIFIED.,.F.,.F.,.F.,(4,1,4),(2,
2),(0.,0.0156465731369881,0.0298784581040444),(0.,0.02),.UNSPECIFIED.);
#359=B_SPLINE_SURFACE_WITH_KNOTS('',3,1,((#7790,#7791),(#7792,#7793),(#7794,
#7795),(#7796,#7797),(#7798,#7799)),.UNSPECIFIED.,.F.,.F.,.F.,(4,1,4),(2,
2),(0.,0.0163381080801576,0.0327651114421744),(0.,0.02),.UNSPECIFIED.);
#360=B_SPLINE_SURFACE_WITH_KNOTS('',3,1,((#7813,#7814),(#7815,#7816),(#7817,
#7818),(#7819,#7820),(#7821,#7822)),.UNSPECIFIED.,.F.,.F.,.F.,(4,1,4),(2,
2),(0.,0.0173144288640787,0.0341483784108858),(0.,0.02),.UNSPECIFIED.);
#361=B_SPLINE_SURFACE_WITH_KNOTS('',3,1,((#7852,#7853),(#7854,#7855),(#7856,
#7857),(#7858,#7859),(#7860,#7861)),.UNSPECIFIED.,.F.,.F.,.F.,(4,1,4),(2,
2),(0.,0.017170292298572,0.0336573811816295),(0.,0.02),.UNSPECIFIED.);
#362=B_SPLINE_SURFACE_WITH_KNOTS('',3,1,((#7878,#7879),(#7880,#7881),(#7882,
#7883),(#7884,#7885),(#7886,#7887)),.UNSPECIFIED.,.F.,.F.,.F.,(4,1,4),(2,
2),(0.,0.0165901509529591,0.0343569465976001),(0.,0.02),.UNSPECIFIED.);
#363=B_SPLINE_SURFACE_WITH_KNOTS('',3,1,((#7901,#7902),(#7903,#7904),(#7905,
#7906),(#7907,#7908),(#7909,#7910)),.UNSPECIFIED.,.F.,.F.,.F.,(4,1,4),(2,
2),(0.,0.024587625374819,0.0434410550034527),(0.,0.02),.UNSPECIFIED.);
#364=B_SPLINE_SURFACE_WITH_KNOTS('',3,1,((#7924,#7925),(#7926,#7927),(#7928,
#7929),(#7930,#7931),(#7932,#7933)),.UNSPECIFIED.,.F.,.F.,.F.,(4,1,4),(2,
2),(0.,0.0198744606996647,0.048415854843879),(0.,0.02),.UNSPECIFIED.);
#365=B_SPLINE_SURFACE_WITH_KNOTS('',3,1,((#7947,#7948),(#7949,#7950),(#7951,
#7952),(#7953,#7954),(#7955,#7956)),.UNSPECIFIED.,.F.,.F.,.F.,(4,1,4),(2,
2),(0.,0.0179617717966291,0.0343264729946507),(0.,0.02),.UNSPECIFIED.);
#366=B_SPLINE_SURFACE_WITH_KNOTS('',3,1,((#7970,#7971),(#7972,#7973),(#7974,
#7975),(#7976,#7977),(#7978,#7979)),.UNSPECIFIED.,.F.,.F.,.F.,(4,1,4),(2,
2),(0.,0.0166236102647105,0.0342961782744148),(0.,0.02),.UNSPECIFIED.);
#367=B_SPLINE_SURFACE_WITH_KNOTS('',3,1,((#7993,#7994),(#7995,#7996),(#7997,
#7998),(#7999,#8000),(#8001,#8002)),.UNSPECIFIED.,.F.,.F.,.F.,(4,1,4),(2,
2),(0.,0.0261729993243919,0.0455772713948413),(0.,0.02),.UNSPECIFIED.);
#368=B_SPLINE_SURFACE_WITH_KNOTS('',3,1,((#8016,#8017),(#8018,#8019),(#8020,
#8021),(#8022,#8023),(#8024,#8025)),.UNSPECIFIED.,.F.,.F.,.F.,(4,1,4),(2,
2),(0.,0.0195100953222626,0.0458903726683814),(0.,0.02),.UNSPECIFIED.);
#369=B_SPLINE_SURFACE_WITH_KNOTS('',3,1,((#8036,#8037),(#8038,#8039),(#8040,
#8041),(#8042,#8043),(#8044,#8045)),.UNSPECIFIED.,.F.,.F.,.F.,(4,1,4),(2,
2),(0.,0.0243814996531988,0.0500563489404563),(0.,0.02),.UNSPECIFIED.);
#370=B_SPLINE_SURFACE_WITH_KNOTS('',3,1,((#8062,#8063),(#8064,#8065),(#8066,
#8067),(#8068,#8069),(#8070,#8071)),.UNSPECIFIED.,.F.,.F.,.F.,(4,1,4),(2,
2),(0.,0.0310516294518122,0.0574558167711728),(0.,0.02),.UNSPECIFIED.);
#371=B_SPLINE_SURFACE_WITH_KNOTS('',3,1,((#8085,#8086),(#8087,#8088),(#8089,
#8090),(#8091,#8092),(#8093,#8094)),.UNSPECIFIED.,.F.,.F.,.F.,(4,1,4),(2,
2),(0.,0.0266776685359664,0.0573602605554686),(0.,0.02),.UNSPECIFIED.);
#372=B_SPLINE_SURFACE_WITH_KNOTS('',3,1,((#8108,#8109),(#8110,#8111),(#8112,
#8113),(#8114,#8115),(#8116,#8117)),.UNSPECIFIED.,.F.,.F.,.F.,(4,1,4),(2,
2),(0.,0.0245740571992094,0.0493496490787653),(0.,0.02),.UNSPECIFIED.);
#373=B_SPLINE_SURFACE_WITH_KNOTS('',3,1,((#8131,#8132),(#8133,#8134),(#8135,
#8136),(#8137,#8138),(#8139,#8140)),.UNSPECIFIED.,.F.,.F.,.F.,(4,1,4),(2,
2),(0.,0.0320611358229903,0.059210029930832),(0.,0.02),.UNSPECIFIED.);
#374=B_SPLINE_SURFACE_WITH_KNOTS('',3,1,((#8154,#8155),(#8156,#8157),(#8158,
#8159),(#8160,#8161),(#8162,#8163)),.UNSPECIFIED.,.F.,.F.,.F.,(4,1,4),(2,
2),(0.,0.0379823305637372,0.0814164499974791),(0.,0.02),.UNSPECIFIED.);
#375=B_SPLINE_SURFACE_WITH_KNOTS('',3,1,((#8177,#8178),(#8179,#8180),(#8181,
#8182),(#8183,#8184),(#8185,#8186)),.UNSPECIFIED.,.F.,.F.,.F.,(4,1,4),(2,
2),(0.,0.0447096607113194,0.0831589380300614),(0.,0.02),.UNSPECIFIED.);
#376=B_SPLINE_SURFACE_WITH_KNOTS('',3,1,((#8200,#8201),(#8202,#8203),(#8204,
#8205),(#8206,#8207),(#8208,#8209)),.UNSPECIFIED.,.F.,.F.,.F.,(4,1,4),(2,
2),(0.,0.0385243649062663,0.0824070341115933),(0.,0.02),.UNSPECIFIED.);
#377=B_SPLINE_SURFACE_WITH_KNOTS('',3,1,((#8223,#8224),(#8225,#8226),(#8227,
#8228),(#8229,#8230),(#8231,#8232)),.UNSPECIFIED.,.F.,.F.,.F.,(4,1,4),(2,
2),(0.,0.0440848750792727,0.0826670702115544),(0.,0.02),.UNSPECIFIED.);
#378=B_SPLINE_SURFACE_WITH_KNOTS('',3,1,((#8246,#8247),(#8248,#8249),(#8250,
#8251),(#8252,#8253),(#8254,#8255)),.UNSPECIFIED.,.F.,.F.,.F.,(4,1,4),(2,
2),(0.,0.0282220643621699,0.0605344237183613),(0.,0.02),.UNSPECIFIED.);
#379=FACE_OUTER_BOUND('',#645,.T.);
#380=FACE_OUTER_BOUND('',#646,.T.);
#381=FACE_OUTER_BOUND('',#647,.T.);
#382=FACE_OUTER_BOUND('',#648,.T.);
#383=FACE_OUTER_BOUND('',#649,.T.);
#384=FACE_OUTER_BOUND('',#650,.T.);
#385=FACE_OUTER_BOUND('',#651,.T.);
#386=FACE_OUTER_BOUND('',#652,.T.);
#387=FACE_OUTER_BOUND('',#653,.T.);
#388=FACE_OUTER_BOUND('',#654,.T.);
#389=FACE_OUTER_BOUND('',#655,.T.);
#390=FACE_OUTER_BOUND('',#656,.T.);
#391=FACE_OUTER_BOUND('',#657,.T.);
#392=FACE_OUTER_BOUND('',#658,.T.);
#393=FACE_OUTER_BOUND('',#659,.T.);
#394=FACE_OUTER_BOUND('',#660,.T.);
#395=FACE_OUTER_BOUND('',#661,.T.);
#396=FACE_OUTER_BOUND('',#662,.T.);
#397=FACE_OUTER_BOUND('',#663,.T.);
#398=FACE_OUTER_BOUND('',#664,.T.);
#399=FACE_OUTER_BOUND('',#665,.T.);
#400=FACE_OUTER_BOUND('',#666,.T.);
#401=FACE_OUTER_BOUND('',#667,.T.);
#402=FACE_OUTER_BOUND('',#669,.T.);
#403=FACE_OUTER_BOUND('',#670,.T.);
#404=FACE_OUTER_BOUND('',#671,.T.);
#405=FACE_OUTER_BOUND('',#672,.T.);
#406=FACE_OUTER_BOUND('',#673,.T.);
#407=FACE_OUTER_BOUND('',#674,.T.);
#408=FACE_OUTER_BOUND('',#675,.T.);
#409=FACE_OUTER_BOUND('',#676,.T.);
#410=FACE_OUTER_BOUND('',#677,.T.);
#411=FACE_OUTER_BOUND('',#678,.T.);
#412=FACE_OUTER_BOUND('',#679,.T.);
#413=FACE_OUTER_BOUND('',#680,.T.);
#414=FACE_OUTER_BOUND('',#681,.T.);
#415=FACE_OUTER_BOUND('',#682,.T.);
#416=FACE_OUTER_BOUND('',#683,.T.);
#417=FACE_OUTER_BOUND('',#684,.T.);
#418=FACE_OUTER_BOUND('',#685,.T.);
#419=FACE_OUTER_BOUND('',#686,.T.);
#420=FACE_OUTER_BOUND('',#687,.T.);
#421=FACE_OUTER_BOUND('',#688,.T.);
#422=FACE_OUTER_BOUND('',#689,.T.);
#423=FACE_OUTER_BOUND('',#690,.T.);
#424=FACE_OUTER_BOUND('',#691,.T.);
#425=FACE_OUTER_BOUND('',#692,.T.);
#426=FACE_OUTER_BOUND('',#693,.T.);
#427=FACE_OUTER_BOUND('',#694,.T.);
#428=FACE_OUTER_BOUND('',#695,.T.);
#429=FACE_OUTER_BOUND('',#696,.T.);
#430=FACE_OUTER_BOUND('',#697,.T.);
#431=FACE_OUTER_BOUND('',#698,.T.);
#432=FACE_OUTER_BOUND('',#699,.T.);
#433=FACE_OUTER_BOUND('',#700,.T.);
#434=FACE_OUTER_BOUND('',#701,.T.);
#435=FACE_OUTER_BOUND('',#702,.T.);
#436=FACE_OUTER_BOUND('',#703,.T.);
#437=FACE_OUTER_BOUND('',#704,.T.);
#438=FACE_OUTER_BOUND('',#705,.T.);
#439=FACE_OUTER_BOUND('',#706,.T.);
#440=FACE_OUTER_BOUND('',#707,.T.);
#441=FACE_OUTER_BOUND('',#709,.T.);
#442=FACE_OUTER_BOUND('',#710,.T.);
#443=FACE_OUTER_BOUND('',#711,.T.);
#444=FACE_OUTER_BOUND('',#712,.T.);
#445=FACE_OUTER_BOUND('',#713,.T.);
#446=FACE_OUTER_BOUND('',#714,.T.);
#447=FACE_OUTER_BOUND('',#715,.T.);
#448=FACE_OUTER_BOUND('',#716,.T.);
#449=FACE_OUTER_BOUND('',#717,.T.);
#450=FACE_OUTER_BOUND('',#718,.T.);
#451=FACE_OUTER_BOUND('',#719,.T.);
#452=FACE_OUTER_BOUND('',#720,.T.);
#453=FACE_OUTER_BOUND('',#721,.T.);
#454=FACE_OUTER_BOUND('',#722,.T.);
#455=FACE_OUTER_BOUND('',#723,.T.);
#456=FACE_OUTER_BOUND('',#724,.T.);
#457=FACE_OUTER_BOUND('',#725,.T.);
#458=FACE_OUTER_BOUND('',#726,.T.);
#459=FACE_OUTER_BOUND('',#727,.T.);
#460=FACE_OUTER_BOUND('',#728,.T.);
#461=FACE_OUTER_BOUND('',#729,.T.);
#462=FACE_OUTER_BOUND('',#730,.T.);
#463=FACE_OUTER_BOUND('',#731,.T.);
#464=FACE_OUTER_BOUND('',#732,.T.);
#465=FACE_OUTER_BOUND('',#733,.T.);
#466=FACE_OUTER_BOUND('',#734,.T.);
#467=FACE_OUTER_BOUND('',#735,.T.);
#468=FACE_OUTER_BOUND('',#736,.T.);
#469=FACE_OUTER_BOUND('',#737,.T.);
#470=FACE_OUTER_BOUND('',#738,.T.);
#471=FACE_OUTER_BOUND('',#739,.T.);
#472=FACE_OUTER_BOUND('',#740,.T.);
#473=FACE_OUTER_BOUND('',#741,.T.);
#474=FACE_OUTER_BOUND('',#742,.T.);
#475=FACE_OUTER_BOUND('',#744,.T.);
#476=FACE_OUTER_BOUND('',#745,.T.);
#477=FACE_OUTER_BOUND('',#746,.T.);
#478=FACE_OUTER_BOUND('',#747,.T.);
#479=FACE_OUTER_BOUND('',#748,.T.);
#480=FACE_OUTER_BOUND('',#749,.T.);
#481=FACE_OUTER_BOUND('',#750,.T.);
#482=FACE_OUTER_BOUND('',#751,.T.);
#483=FACE_OUTER_BOUND('',#752,.T.);
#484=FACE_OUTER_BOUND('',#753,.T.);
#485=FACE_OUTER_BOUND('',#754,.T.);
#486=FACE_OUTER_BOUND('',#755,.T.);
#487=FACE_OUTER_BOUND('',#756,.T.);
#488=FACE_OUTER_BOUND('',#757,.T.);
#489=FACE_OUTER_BOUND('',#758,.T.);
#490=FACE_OUTER_BOUND('',#759,.T.);
#491=FACE_OUTER_BOUND('',#760,.T.);
#492=FACE_OUTER_BOUND('',#761,.T.);
#493=FACE_OUTER_BOUND('',#762,.T.);
#494=FACE_OUTER_BOUND('',#763,.T.);
#495=FACE_OUTER_BOUND('',#765,.T.);
#496=FACE_OUTER_BOUND('',#766,.T.);
#497=FACE_OUTER_BOUND('',#767,.T.);
#498=FACE_OUTER_BOUND('',#768,.T.);
#499=FACE_OUTER_BOUND('',#769,.T.);
#500=FACE_OUTER_BOUND('',#770,.T.);
#501=FACE_OUTER_BOUND('',#771,.T.);
#502=FACE_OUTER_BOUND('',#772,.T.);
#503=FACE_OUTER_BOUND('',#773,.T.);
#504=FACE_OUTER_BOUND('',#774,.T.);
#505=FACE_OUTER_BOUND('',#775,.T.);
#506=FACE_OUTER_BOUND('',#776,.T.);
#507=FACE_OUTER_BOUND('',#777,.T.);
#508=FACE_OUTER_BOUND('',#778,.T.);
#509=FACE_OUTER_BOUND('',#779,.T.);
#510=FACE_OUTER_BOUND('',#780,.T.);
#511=FACE_OUTER_BOUND('',#781,.T.);
#512=FACE_OUTER_BOUND('',#782,.T.);
#513=FACE_OUTER_BOUND('',#783,.T.);
#514=FACE_OUTER_BOUND('',#784,.T.);
#515=FACE_OUTER_BOUND('',#785,.T.);
#516=FACE_OUTER_BOUND('',#786,.T.);
#517=FACE_OUTER_BOUND('',#787,.T.);
#518=FACE_OUTER_BOUND('',#788,.T.);
#519=FACE_OUTER_BOUND('',#789,.T.);
#520=FACE_OUTER_BOUND('',#790,.T.);
#521=FACE_OUTER_BOUND('',#791,.T.);
#522=FACE_OUTER_BOUND('',#792,.T.);
#523=FACE_OUTER_BOUND('',#793,.T.);
#524=FACE_OUTER_BOUND('',#794,.T.);
#525=FACE_OUTER_BOUND('',#795,.T.);
#526=FACE_OUTER_BOUND('',#796,.T.);
#527=FACE_OUTER_BOUND('',#797,.T.);
#528=FACE_OUTER_BOUND('',#798,.T.);
#529=FACE_OUTER_BOUND('',#799,.T.);
#530=FACE_OUTER_BOUND('',#800,.T.);
#531=FACE_OUTER_BOUND('',#801,.T.);
#532=FACE_OUTER_BOUND('',#802,.T.);
#533=FACE_OUTER_BOUND('',#803,.T.);
#534=FACE_OUTER_BOUND('',#805,.T.);
#535=FACE_OUTER_BOUND('',#806,.T.);
#536=FACE_OUTER_BOUND('',#807,.T.);
#537=FACE_OUTER_BOUND('',#808,.T.);
#538=FACE_OUTER_BOUND('',#809,.T.);
#539=FACE_OUTER_BOUND('',#810,.T.);
#540=FACE_OUTER_BOUND('',#811,.T.);
#541=FACE_OUTER_BOUND('',#812,.T.);
#542=FACE_OUTER_BOUND('',#813,.T.);
#543=FACE_OUTER_BOUND('',#814,.T.);
#544=FACE_OUTER_BOUND('',#815,.T.);
#545=FACE_OUTER_BOUND('',#816,.T.);
#546=FACE_OUTER_BOUND('',#833,.T.);
#547=FACE_OUTER_BOUND('',#834,.T.);
#548=FACE_OUTER_BOUND('',#835,.T.);
#549=FACE_OUTER_BOUND('',#836,.T.);
#550=FACE_OUTER_BOUND('',#837,.T.);
#551=FACE_OUTER_BOUND('',#838,.T.);
#552=FACE_OUTER_BOUND('',#839,.T.);
#553=FACE_OUTER_BOUND('',#840,.T.);
#554=FACE_OUTER_BOUND('',#841,.T.);
#555=FACE_OUTER_BOUND('',#842,.T.);
#556=FACE_OUTER_BOUND('',#843,.T.);
#557=FACE_OUTER_BOUND('',#844,.T.);
#558=FACE_OUTER_BOUND('',#845,.T.);
#559=FACE_OUTER_BOUND('',#846,.T.);
#560=FACE_OUTER_BOUND('',#847,.T.);
#561=FACE_OUTER_BOUND('',#848,.T.);
#562=FACE_OUTER_BOUND('',#849,.T.);
#563=FACE_OUTER_BOUND('',#850,.T.);
#564=FACE_OUTER_BOUND('',#851,.T.);
#565=FACE_OUTER_BOUND('',#852,.T.);
#566=FACE_OUTER_BOUND('',#853,.T.);
#567=FACE_OUTER_BOUND('',#854,.T.);
#568=FACE_OUTER_BOUND('',#855,.T.);
#569=FACE_OUTER_BOUND('',#856,.T.);
#570=FACE_OUTER_BOUND('',#857,.T.);
#571=FACE_OUTER_BOUND('',#858,.T.);
#572=FACE_OUTER_BOUND('',#859,.T.);
#573=FACE_OUTER_BOUND('',#860,.T.);
#574=FACE_OUTER_BOUND('',#861,.T.);
#575=FACE_OUTER_BOUND('',#862,.T.);
#576=FACE_OUTER_BOUND('',#863,.T.);
#577=FACE_OUTER_BOUND('',#864,.T.);
#578=FACE_OUTER_BOUND('',#865,.T.);
#579=FACE_OUTER_BOUND('',#866,.T.);
#580=FACE_OUTER_BOUND('',#867,.T.);
#581=FACE_OUTER_BOUND('',#868,.T.);
#582=FACE_OUTER_BOUND('',#869,.T.);
#583=FACE_OUTER_BOUND('',#870,.T.);
#584=FACE_OUTER_BOUND('',#871,.T.);
#585=FACE_OUTER_BOUND('',#872,.T.);
#586=FACE_OUTER_BOUND('',#873,.T.);
#587=FACE_OUTER_BOUND('',#874,.T.);
#588=FACE_OUTER_BOUND('',#875,.T.);
#589=FACE_OUTER_BOUND('',#876,.T.);
#590=FACE_OUTER_BOUND('',#877,.T.);
#591=FACE_OUTER_BOUND('',#878,.T.);
#592=FACE_OUTER_BOUND('',#879,.T.);
#593=FACE_OUTER_BOUND('',#880,.T.);
#594=FACE_OUTER_BOUND('',#881,.T.);
#595=FACE_OUTER_BOUND('',#882,.T.);
#596=FACE_OUTER_BOUND('',#883,.T.);
#597=FACE_OUTER_BOUND('',#884,.T.);
#598=FACE_OUTER_BOUND('',#885,.T.);
#599=FACE_OUTER_BOUND('',#886,.T.);
#600=FACE_OUTER_BOUND('',#887,.T.);
#601=FACE_OUTER_BOUND('',#888,.T.);
#602=FACE_OUTER_BOUND('',#889,.T.);
#603=FACE_OUTER_BOUND('',#890,.T.);
#604=FACE_OUTER_BOUND('',#891,.T.);
#605=FACE_OUTER_BOUND('',#892,.T.);
#606=FACE_OUTER_BOUND('',#893,.T.);
#607=FACE_OUTER_BOUND('',#894,.T.);
#608=FACE_OUTER_BOUND('',#895,.T.);
#609=FACE_OUTER_BOUND('',#896,.T.);
#610=FACE_OUTER_BOUND('',#897,.T.);
#611=FACE_OUTER_BOUND('',#898,.T.);
#612=FACE_OUTER_BOUND('',#899,.T.);
#613=FACE_OUTER_BOUND('',#900,.T.);
#614=FACE_OUTER_BOUND('',#902,.T.);
#615=FACE_OUTER_BOUND('',#904,.T.);
#616=FACE_OUTER_BOUND('',#906,.T.);
#617=FACE_OUTER_BOUND('',#908,.T.);
#618=FACE_OUTER_BOUND('',#909,.T.);
#619=FACE_OUTER_BOUND('',#910,.T.);
#620=FACE_OUTER_BOUND('',#911,.T.);
#621=FACE_OUTER_BOUND('',#912,.T.);
#622=FACE_OUTER_BOUND('',#913,.T.);
#623=FACE_OUTER_BOUND('',#914,.T.);
#624=FACE_OUTER_BOUND('',#915,.T.);
#625=FACE_OUTER_BOUND('',#916,.T.);
#626=FACE_OUTER_BOUND('',#917,.T.);
#627=FACE_OUTER_BOUND('',#918,.T.);
#628=FACE_OUTER_BOUND('',#919,.T.);
#629=FACE_OUTER_BOUND('',#920,.T.);
#630=FACE_OUTER_BOUND('',#921,.T.);
#631=FACE_OUTER_BOUND('',#922,.T.);
#632=FACE_OUTER_BOUND('',#923,.T.);
#633=FACE_OUTER_BOUND('',#924,.T.);
#634=FACE_OUTER_BOUND('',#925,.T.);
#635=FACE_OUTER_BOUND('',#926,.T.);
#636=FACE_OUTER_BOUND('',#927,.T.);
#637=FACE_OUTER_BOUND('',#933,.T.);
#638=FACE_OUTER_BOUND('',#934,.T.);
#639=FACE_OUTER_BOUND('',#935,.T.);
#640=FACE_OUTER_BOUND('',#936,.T.);
#641=FACE_OUTER_BOUND('',#937,.T.);
#642=FACE_OUTER_BOUND('',#938,.T.);
#643=FACE_OUTER_BOUND('',#939,.T.);
#644=FACE_OUTER_BOUND('',#940,.T.);
#645=EDGE_LOOP('',(#3067,#3068,#3069,#3070));
#646=EDGE_LOOP('',(#3071,#3072,#3073,#3074));
#647=EDGE_LOOP('',(#3075,#3076,#3077,#3078));
#648=EDGE_LOOP('',(#3079,#3080,#3081));
#649=EDGE_LOOP('',(#3082,#3083,#3084,#3085));
#650=EDGE_LOOP('',(#3086,#3087,#3088,#3089));
#651=EDGE_LOOP('',(#3090,#3091,#3092,#3093));
#652=EDGE_LOOP('',(#3094,#3095,#3096,#3097));
#653=EDGE_LOOP('',(#3098,#3099,#3100,#3101));
#654=EDGE_LOOP('',(#3102,#3103,#3104,#3105));
#655=EDGE_LOOP('',(#3106,#3107,#3108,#3109));
#656=EDGE_LOOP('',(#3110,#3111,#3112,#3113));
#657=EDGE_LOOP('',(#3114,#3115,#3116,#3117));
#658=EDGE_LOOP('',(#3118,#3119,#3120,#3121));
#659=EDGE_LOOP('',(#3122,#3123,#3124,#3125));
#660=EDGE_LOOP('',(#3126,#3127,#3128,#3129));
#661=EDGE_LOOP('',(#3130,#3131,#3132,#3133));
#662=EDGE_LOOP('',(#3134,#3135,#3136,#3137));
#663=EDGE_LOOP('',(#3138,#3139,#3140,#3141));
#664=EDGE_LOOP('',(#3142,#3143,#3144,#3145));
#665=EDGE_LOOP('',(#3146,#3147,#3148,#3149));
#666=EDGE_LOOP('',(#3150,#3151,#3152,#3153));
#667=EDGE_LOOP('',(#3154,#3155,#3156,#3157,#3158,#3159,#3160,#3161,#3162,
#3163));
#668=EDGE_LOOP('',(#3164,#3165,#3166,#3167,#3168,#3169,#3170,#3171));
#669=EDGE_LOOP('',(#3172,#3173,#3174,#3175));
#670=EDGE_LOOP('',(#3176,#3177,#3178,#3179));
#671=EDGE_LOOP('',(#3180,#3181,#3182,#3183));
#672=EDGE_LOOP('',(#3184,#3185,#3186,#3187));
#673=EDGE_LOOP('',(#3188,#3189,#3190,#3191));
#674=EDGE_LOOP('',(#3192,#3193,#3194,#3195));
#675=EDGE_LOOP('',(#3196,#3197,#3198,#3199));
#676=EDGE_LOOP('',(#3200,#3201,#3202,#3203));
#677=EDGE_LOOP('',(#3204,#3205,#3206,#3207));
#678=EDGE_LOOP('',(#3208,#3209,#3210,#3211));
#679=EDGE_LOOP('',(#3212,#3213,#3214,#3215,#3216,#3217,#3218,#3219,#3220,
#3221));
#680=EDGE_LOOP('',(#3222,#3223,#3224,#3225));
#681=EDGE_LOOP('',(#3226,#3227,#3228,#3229));
#682=EDGE_LOOP('',(#3230,#3231,#3232,#3233));
#683=EDGE_LOOP('',(#3234,#3235,#3236,#3237));
#684=EDGE_LOOP('',(#3238,#3239,#3240,#3241));
#685=EDGE_LOOP('',(#3242,#3243,#3244,#3245));
#686=EDGE_LOOP('',(#3246,#3247,#3248,#3249));
#687=EDGE_LOOP('',(#3250,#3251,#3252,#3253));
#688=EDGE_LOOP('',(#3254,#3255,#3256,#3257));
#689=EDGE_LOOP('',(#3258,#3259,#3260,#3261));
#690=EDGE_LOOP('',(#3262,#3263,#3264,#3265,#3266,#3267,#3268,#3269,#3270,
#3271));
#691=EDGE_LOOP('',(#3272,#3273,#3274,#3275));
#692=EDGE_LOOP('',(#3276,#3277,#3278,#3279));
#693=EDGE_LOOP('',(#3280,#3281,#3282,#3283));
#694=EDGE_LOOP('',(#3284,#3285,#3286,#3287));
#695=EDGE_LOOP('',(#3288,#3289,#3290,#3291));
#696=EDGE_LOOP('',(#3292,#3293,#3294,#3295));
#697=EDGE_LOOP('',(#3296,#3297,#3298,#3299));
#698=EDGE_LOOP('',(#3300,#3301,#3302,#3303));
#699=EDGE_LOOP('',(#3304,#3305,#3306,#3307));
#700=EDGE_LOOP('',(#3308,#3309,#3310,#3311));
#701=EDGE_LOOP('',(#3312,#3313,#3314,#3315));
#702=EDGE_LOOP('',(#3316,#3317,#3318,#3319));
#703=EDGE_LOOP('',(#3320,#3321,#3322,#3323));
#704=EDGE_LOOP('',(#3324,#3325,#3326,#3327));
#705=EDGE_LOOP('',(#3328,#3329,#3330,#3331));
#706=EDGE_LOOP('',(#3332,#3333,#3334,#3335));
#707=EDGE_LOOP('',(#3336,#3337,#3338,#3339,#3340,#3341,#3342,#3343,#3344));
#708=EDGE_LOOP('',(#3345,#3346,#3347,#3348,#3349,#3350,#3351));
#709=EDGE_LOOP('',(#3352,#3353,#3354,#3355));
#710=EDGE_LOOP('',(#3356,#3357,#3358,#3359));
#711=EDGE_LOOP('',(#3360,#3361,#3362,#3363));
#712=EDGE_LOOP('',(#3364,#3365,#3366,#3367));
#713=EDGE_LOOP('',(#3368,#3369,#3370,#3371));
#714=EDGE_LOOP('',(#3372,#3373,#3374,#3375));
#715=EDGE_LOOP('',(#3376,#3377,#3378,#3379));
#716=EDGE_LOOP('',(#3380,#3381,#3382,#3383));
#717=EDGE_LOOP('',(#3384,#3385,#3386,#3387));
#718=EDGE_LOOP('',(#3388,#3389,#3390,#3391));
#719=EDGE_LOOP('',(#3392,#3393,#3394,#3395));
#720=EDGE_LOOP('',(#3396,#3397,#3398,#3399));
#721=EDGE_LOOP('',(#3400,#3401,#3402,#3403,#3404,#3405,#3406,#3407,#3408,
#3409,#3410,#3411));
#722=EDGE_LOOP('',(#3412,#3413,#3414,#3415));
#723=EDGE_LOOP('',(#3416,#3417,#3418,#3419));
#724=EDGE_LOOP('',(#3420,#3421,#3422,#3423));
#725=EDGE_LOOP('',(#3424,#3425,#3426,#3427));
#726=EDGE_LOOP('',(#3428,#3429,#3430,#3431));
#727=EDGE_LOOP('',(#3432,#3433,#3434,#3435));
#728=EDGE_LOOP('',(#3436,#3437,#3438,#3439));
#729=EDGE_LOOP('',(#3440,#3441,#3442,#3443));
#730=EDGE_LOOP('',(#3444,#3445,#3446,#3447,#3448,#3449,#3450,#3451));
#731=EDGE_LOOP('',(#3452,#3453,#3454,#3455));
#732=EDGE_LOOP('',(#3456,#3457,#3458,#3459));
#733=EDGE_LOOP('',(#3460,#3461,#3462,#3463));
#734=EDGE_LOOP('',(#3464,#3465,#3466,#3467));
#735=EDGE_LOOP('',(#3468,#3469,#3470,#3471));
#736=EDGE_LOOP('',(#3472,#3473,#3474,#3475));
#737=EDGE_LOOP('',(#3476,#3477,#3478,#3479));
#738=EDGE_LOOP('',(#3480,#3481,#3482,#3483));
#739=EDGE_LOOP('',(#3484,#3485,#3486,#3487));
#740=EDGE_LOOP('',(#3488,#3489,#3490,#3491));
#741=EDGE_LOOP('',(#3492,#3493,#3494,#3495));
#742=EDGE_LOOP('',(#3496,#3497,#3498,#3499,#3500,#3501,#3502,#3503));
#743=EDGE_LOOP('',(#3504,#3505,#3506));
#744=EDGE_LOOP('',(#3507,#3508,#3509,#3510));
#745=EDGE_LOOP('',(#3511,#3512,#3513,#3514));
#746=EDGE_LOOP('',(#3515,#3516,#3517,#3518));
#747=EDGE_LOOP('',(#3519,#3520,#3521,#3522));
#748=EDGE_LOOP('',(#3523,#3524,#3525,#3526));
#749=EDGE_LOOP('',(#3527,#3528,#3529,#3530));
#750=EDGE_LOOP('',(#3531,#3532,#3533,#3534));
#751=EDGE_LOOP('',(#3535,#3536,#3537,#3538));
#752=EDGE_LOOP('',(#3539,#3540,#3541,#3542));
#753=EDGE_LOOP('',(#3543,#3544,#3545,#3546));
#754=EDGE_LOOP('',(#3547,#3548,#3549,#3550));
#755=EDGE_LOOP('',(#3551,#3552,#3553,#3554));
#756=EDGE_LOOP('',(#3555,#3556,#3557,#3558));
#757=EDGE_LOOP('',(#3559,#3560,#3561,#3562));
#758=EDGE_LOOP('',(#3563,#3564,#3565,#3566));
#759=EDGE_LOOP('',(#3567,#3568,#3569,#3570));
#760=EDGE_LOOP('',(#3571,#3572,#3573,#3574));
#761=EDGE_LOOP('',(#3575,#3576,#3577,#3578));
#762=EDGE_LOOP('',(#3579,#3580,#3581,#3582));
#763=EDGE_LOOP('',(#3583,#3584,#3585,#3586,#3587,#3588,#3589,#3590,#3591,
#3592,#3593));
#764=EDGE_LOOP('',(#3594,#3595,#3596,#3597,#3598,#3599,#3600,#3601));
#765=EDGE_LOOP('',(#3602,#3603,#3604,#3605));
#766=EDGE_LOOP('',(#3606,#3607,#3608,#3609));
#767=EDGE_LOOP('',(#3610,#3611,#3612,#3613));
#768=EDGE_LOOP('',(#3614,#3615,#3616,#3617));
#769=EDGE_LOOP('',(#3618,#3619,#3620,#3621));
#770=EDGE_LOOP('',(#3622,#3623,#3624,#3625));
#771=EDGE_LOOP('',(#3626,#3627,#3628,#3629));
#772=EDGE_LOOP('',(#3630,#3631,#3632,#3633));
#773=EDGE_LOOP('',(#3634,#3635,#3636,#3637));
#774=EDGE_LOOP('',(#3638,#3639,#3640,#3641));
#775=EDGE_LOOP('',(#3642,#3643,#3644,#3645));
#776=EDGE_LOOP('',(#3646,#3647,#3648,#3649));
#777=EDGE_LOOP('',(#3650,#3651,#3652,#3653));
#778=EDGE_LOOP('',(#3654,#3655,#3656,#3657));
#779=EDGE_LOOP('',(#3658,#3659,#3660,#3661));
#780=EDGE_LOOP('',(#3662,#3663,#3664,#3665));
#781=EDGE_LOOP('',(#3666,#3667,#3668,#3669));
#782=EDGE_LOOP('',(#3670,#3671,#3672,#3673));
#783=EDGE_LOOP('',(#3674,#3675,#3676,#3677));
#784=EDGE_LOOP('',(#3678,#3679,#3680,#3681,#3682,#3683,#3684,#3685,#3686,
#3687,#3688,#3689,#3690,#3691,#3692,#3693,#3694,#3695,#3696));
#785=EDGE_LOOP('',(#3697,#3698,#3699,#3700));
#786=EDGE_LOOP('',(#3701,#3702,#3703,#3704));
#787=EDGE_LOOP('',(#3705,#3706,#3707,#3708));
#788=EDGE_LOOP('',(#3709,#3710,#3711,#3712));
#789=EDGE_LOOP('',(#3713,#3714,#3715,#3716));
#790=EDGE_LOOP('',(#3717,#3718,#3719,#3720));
#791=EDGE_LOOP('',(#3721,#3722,#3723,#3724));
#792=EDGE_LOOP('',(#3725,#3726,#3727,#3728));
#793=EDGE_LOOP('',(#3729,#3730,#3731,#3732));
#794=EDGE_LOOP('',(#3733,#3734,#3735,#3736));
#795=EDGE_LOOP('',(#3737,#3738,#3739,#3740));
#796=EDGE_LOOP('',(#3741,#3742,#3743,#3744));
#797=EDGE_LOOP('',(#3745,#3746,#3747,#3748));
#798=EDGE_LOOP('',(#3749,#3750,#3751,#3752));
#799=EDGE_LOOP('',(#3753,#3754,#3755,#3756));
#800=EDGE_LOOP('',(#3757,#3758,#3759,#3760));
#801=EDGE_LOOP('',(#3761,#3762,#3763,#3764));
#802=EDGE_LOOP('',(#3765,#3766,#3767,#3768));
#803=EDGE_LOOP('',(#3769,#3770,#3771,#3772,#3773,#3774,#3775,#3776,#3777,
#3778));
#804=EDGE_LOOP('',(#3779,#3780,#3781,#3782,#3783,#3784,#3785,#3786));
#805=EDGE_LOOP('',(#3787,#3788,#3789,#3790));
#806=EDGE_LOOP('',(#3791,#3792,#3793,#3794));
#807=EDGE_LOOP('',(#3795,#3796,#3797,#3798));
#808=EDGE_LOOP('',(#3799,#3800,#3801,#3802));
#809=EDGE_LOOP('',(#3803,#3804,#3805,#3806));
#810=EDGE_LOOP('',(#3807,#3808,#3809,#3810));
#811=EDGE_LOOP('',(#3811,#3812,#3813,#3814));
#812=EDGE_LOOP('',(#3815,#3816,#3817,#3818));
#813=EDGE_LOOP('',(#3819,#3820,#3821,#3822));
#814=EDGE_LOOP('',(#3823,#3824,#3825,#3826));
#815=EDGE_LOOP('',(#3827,#3828,#3829,#3830,#3831,#3832,#3833,#3834,#3835,
#3836));
#816=EDGE_LOOP('',(#3837,#3838,#3839,#3840,#3841,#3842,#3843,#3844,#3845,
#3846,#3847,#3848,#3849,#3850,#3851,#3852));
#817=EDGE_LOOP('',(#3853));
#818=EDGE_LOOP('',(#3854));
#819=EDGE_LOOP('',(#3855));
#820=EDGE_LOOP('',(#3856));
#821=EDGE_LOOP('',(#3857,#3858,#3859,#3860,#3861,#3862,#3863,#3864,#3865,
#3866));
#822=EDGE_LOOP('',(#3867,#3868,#3869,#3870,#3871,#3872,#3873,#3874,#3875,
#3876));
#823=EDGE_LOOP('',(#3877,#3878,#3879,#3880,#3881,#3882,#3883,#3884,#3885,
#3886,#3887,#3888,#3889,#3890,#3891,#3892,#3893,#3894,#3895));
#824=EDGE_LOOP('',(#3896,#3897,#3898,#3899,#3900,#3901,#3902,#3903,#3904,
#3905,#3906));
#825=EDGE_LOOP('',(#3907,#3908,#3909,#3910,#3911,#3912,#3913,#3914));
#826=EDGE_LOOP('',(#3915,#3916,#3917,#3918,#3919,#3920,#3921,#3922));
#827=EDGE_LOOP('',(#3923,#3924,#3925,#3926,#3927,#3928,#3929,#3930,#3931,
#3932,#3933,#3934));
#828=EDGE_LOOP('',(#3935,#3936,#3937,#3938,#3939,#3940,#3941,#3942,#3943));
#829=EDGE_LOOP('',(#3944,#3945,#3946,#3947,#3948,#3949,#3950,#3951,#3952,
#3953));
#830=EDGE_LOOP('',(#3954,#3955,#3956,#3957,#3958,#3959,#3960,#3961,#3962,
#3963));
#831=EDGE_LOOP('',(#3964,#3965,#3966,#3967,#3968,#3969,#3970,#3971,#3972,
#3973));
#832=EDGE_LOOP('',(#3974,#3975,#3976));
#833=EDGE_LOOP('',(#3977,#3978,#3979,#3980,#3981,#3982,#3983,#3984));
#834=EDGE_LOOP('',(#3985,#3986,#3987,#3988,#3989,#3990,#3991,#3992));
#835=EDGE_LOOP('',(#3993,#3994,#3995));
#836=EDGE_LOOP('',(#3996,#3997,#3998,#3999,#4000,#4001,#4002));
#837=EDGE_LOOP('',(#4003,#4004,#4005,#4006));
#838=EDGE_LOOP('',(#4007,#4008,#4009,#4010));
#839=EDGE_LOOP('',(#4011,#4012,#4013,#4014));
#840=EDGE_LOOP('',(#4015,#4016,#4017,#4018));
#841=EDGE_LOOP('',(#4019,#4020,#4021,#4022));
#842=EDGE_LOOP('',(#4023,#4024,#4025,#4026));
#843=EDGE_LOOP('',(#4027,#4028,#4029,#4030));
#844=EDGE_LOOP('',(#4031,#4032,#4033,#4034));
#845=EDGE_LOOP('',(#4035,#4036,#4037,#4038));
#846=EDGE_LOOP('',(#4039,#4040,#4041,#4042));
#847=EDGE_LOOP('',(#4043,#4044,#4045,#4046));
#848=EDGE_LOOP('',(#4047,#4048,#4049,#4050));
#849=EDGE_LOOP('',(#4051,#4052,#4053,#4054,#4055,#4056,#4057,#4058));
#850=EDGE_LOOP('',(#4059,#4060,#4061,#4062));
#851=EDGE_LOOP('',(#4063,#4064,#4065,#4066));
#852=EDGE_LOOP('',(#4067,#4068,#4069,#4070));
#853=EDGE_LOOP('',(#4071,#4072,#4073,#4074));
#854=EDGE_LOOP('',(#4075,#4076,#4077,#4078));
#855=EDGE_LOOP('',(#4079,#4080,#4081,#4082));
#856=EDGE_LOOP('',(#4083,#4084,#4085,#4086));
#857=EDGE_LOOP('',(#4087,#4088,#4089,#4090,#4091,#4092,#4093,#4094));
#858=EDGE_LOOP('',(#4095,#4096,#4097,#4098,#4099,#4100,#4101,#4102));
#859=EDGE_LOOP('',(#4103,#4104,#4105,#4106));
#860=EDGE_LOOP('',(#4107,#4108,#4109,#4110));
#861=EDGE_LOOP('',(#4111,#4112,#4113,#4114));
#862=EDGE_LOOP('',(#4115,#4116,#4117,#4118));
#863=EDGE_LOOP('',(#4119,#4120,#4121,#4122));
#864=EDGE_LOOP('',(#4123,#4124,#4125,#4126));
#865=EDGE_LOOP('',(#4127,#4128,#4129,#4130,#4131,#4132,#4133,#4134,#4135,
#4136,#4137,#4138,#4139,#4140,#4141,#4142,#4143,#4144,#4145,#4146,#4147,
#4148,#4149,#4150,#4151,#4152,#4153,#4154,#4155,#4156,#4157,#4158));
#866=EDGE_LOOP('',(#4159,#4160,#4161,#4162));
#867=EDGE_LOOP('',(#4163,#4164,#4165,#4166,#4167,#4168,#4169,#4170,#4171,
#4172,#4173,#4174));
#868=EDGE_LOOP('',(#4175,#4176,#4177,#4178));
#869=EDGE_LOOP('',(#4179,#4180,#4181,#4182));
#870=EDGE_LOOP('',(#4183,#4184,#4185,#4186));
#871=EDGE_LOOP('',(#4187,#4188,#4189,#4190));
#872=EDGE_LOOP('',(#4191,#4192,#4193,#4194));
#873=EDGE_LOOP('',(#4195,#4196,#4197,#4198));
#874=EDGE_LOOP('',(#4199,#4200,#4201,#4202));
#875=EDGE_LOOP('',(#4203,#4204,#4205,#4206));
#876=EDGE_LOOP('',(#4207,#4208,#4209,#4210));
#877=EDGE_LOOP('',(#4211,#4212,#4213,#4214));
#878=EDGE_LOOP('',(#4215,#4216,#4217,#4218));
#879=EDGE_LOOP('',(#4219,#4220,#4221,#4222));
#880=EDGE_LOOP('',(#4223,#4224,#4225,#4226));
#881=EDGE_LOOP('',(#4227,#4228,#4229,#4230));
#882=EDGE_LOOP('',(#4231,#4232,#4233,#4234));
#883=EDGE_LOOP('',(#4235,#4236,#4237,#4238));
#884=EDGE_LOOP('',(#4239,#4240,#4241,#4242));
#885=EDGE_LOOP('',(#4243,#4244,#4245,#4246));
#886=EDGE_LOOP('',(#4247,#4248,#4249,#4250));
#887=EDGE_LOOP('',(#4251,#4252,#4253,#4254));
#888=EDGE_LOOP('',(#4255,#4256,#4257,#4258));
#889=EDGE_LOOP('',(#4259,#4260,#4261,#4262));
#890=EDGE_LOOP('',(#4263,#4264,#4265,#4266));
#891=EDGE_LOOP('',(#4267,#4268,#4269,#4270,#4271,#4272,#4273,#4274));
#892=EDGE_LOOP('',(#4275,#4276,#4277,#4278));
#893=EDGE_LOOP('',(#4279,#4280,#4281,#4282));
#894=EDGE_LOOP('',(#4283,#4284,#4285,#4286));
#895=EDGE_LOOP('',(#4287,#4288,#4289,#4290));
#896=EDGE_LOOP('',(#4291,#4292,#4293,#4294));
#897=EDGE_LOOP('',(#4295,#4296,#4297,#4298));
#898=EDGE_LOOP('',(#4299,#4300,#4301,#4302));
#899=EDGE_LOOP('',(#4303,#4304,#4305,#4306));
#900=EDGE_LOOP('',(#4307));
#901=EDGE_LOOP('',(#4308));
#902=EDGE_LOOP('',(#4309));
#903=EDGE_LOOP('',(#4310));
#904=EDGE_LOOP('',(#4311));
#905=EDGE_LOOP('',(#4312));
#906=EDGE_LOOP('',(#4313));
#907=EDGE_LOOP('',(#4314));
#908=EDGE_LOOP('',(#4315,#4316,#4317,#4318));
#909=EDGE_LOOP('',(#4319,#4320,#4321,#4322));
#910=EDGE_LOOP('',(#4323,#4324,#4325,#4326));
#911=EDGE_LOOP('',(#4327,#4328,#4329,#4330));
#912=EDGE_LOOP('',(#4331,#4332,#4333,#4334));
#913=EDGE_LOOP('',(#4335,#4336,#4337,#4338));
#914=EDGE_LOOP('',(#4339,#4340,#4341,#4342));
#915=EDGE_LOOP('',(#4343,#4344,#4345,#4346));
#916=EDGE_LOOP('',(#4347,#4348,#4349,#4350));
#917=EDGE_LOOP('',(#4351,#4352,#4353,#4354));
#918=EDGE_LOOP('',(#4355,#4356,#4357,#4358));
#919=EDGE_LOOP('',(#4359,#4360,#4361,#4362));
#920=EDGE_LOOP('',(#4363,#4364,#4365,#4366));
#921=EDGE_LOOP('',(#4367,#4368,#4369,#4370));
#922=EDGE_LOOP('',(#4371,#4372,#4373,#4374));
#923=EDGE_LOOP('',(#4375,#4376,#4377,#4378));
#924=EDGE_LOOP('',(#4379,#4380,#4381,#4382,#4383,#4384,#4385,#4386));
#925=EDGE_LOOP('',(#4387,#4388,#4389,#4390));
#926=EDGE_LOOP('',(#4391,#4392,#4393,#4394));
#927=EDGE_LOOP('',(#4395,#4396,#4397,#4398,#4399,#4400,#4401,#4402,#4403,
#4404,#4405,#4406,#4407,#4408,#4409,#4410));
#928=EDGE_LOOP('',(#4411,#4412,#4413,#4414,#4415,#4416,#4417,#4418));
#929=EDGE_LOOP('',(#4419));
#930=EDGE_LOOP('',(#4420));
#931=EDGE_LOOP('',(#4421));
#932=EDGE_LOOP('',(#4422));
#933=EDGE_LOOP('',(#4423,#4424,#4425,#4426));
#934=EDGE_LOOP('',(#4427,#4428,#4429,#4430));
#935=EDGE_LOOP('',(#4431,#4432,#4433,#4434));
#936=EDGE_LOOP('',(#4435,#4436,#4437,#4438));
#937=EDGE_LOOP('',(#4439,#4440,#4441,#4442));
#938=EDGE_LOOP('',(#4443,#4444,#4445,#4446));
#939=EDGE_LOOP('',(#4447,#4448,#4449,#4450,#4451,#4452,#4453,#4454,#4455,
#4456,#4457,#4458));
#940=EDGE_LOOP('',(#4459,#4460,#4461,#4462));
#941=LINE('',#6205,#1427);
#942=LINE('',#6207,#1428);
#943=LINE('',#6209,#1429);
#944=LINE('',#6210,#1430);
#945=LINE('',#6213,#1431);
#946=LINE('',#6215,#1432);
#947=LINE('',#6216,#1433);
#948=LINE('',#6218,#1434);
#949=LINE('',#6219,#1435);
#950=LINE('',#6239,#1436);
#951=LINE('',#6246,#1437);
#952=LINE('',#6264,#1438);
#953=LINE('',#6287,#1439);
#954=LINE('',#6310,#1440);
#955=LINE('',#6333,#1441);
#956=LINE('',#6356,#1442);
#957=LINE('',#6379,#1443);
#958=LINE('',#6423,#1444);
#959=LINE('',#6430,#1445);
#960=LINE('',#6448,#1446);
#961=LINE('',#6471,#1447);
#962=LINE('',#6494,#1448);
#963=LINE('',#6517,#1449);
#964=LINE('',#6540,#1450);
#965=LINE('',#6563,#1451);
#966=LINE('',#6586,#1452);
#967=LINE('',#6609,#1453);
#968=LINE('',#6639,#1454);
#969=LINE('',#6641,#1455);
#970=LINE('',#6643,#1456);
#971=LINE('',#6644,#1457);
#972=LINE('',#6647,#1458);
#973=LINE('',#6649,#1459);
#974=LINE('',#6650,#1460);
#975=LINE('',#6653,#1461);
#976=LINE('',#6655,#1462);
#977=LINE('',#6656,#1463);
#978=LINE('',#6659,#1464);
#979=LINE('',#6661,#1465);
#980=LINE('',#6662,#1466);
#981=LINE('',#6665,#1467);
#982=LINE('',#6667,#1468);
#983=LINE('',#6668,#1469);
#984=LINE('',#6671,#1470);
#985=LINE('',#6673,#1471);
#986=LINE('',#6674,#1472);
#987=LINE('',#6677,#1473);
#988=LINE('',#6679,#1474);
#989=LINE('',#6680,#1475);
#990=LINE('',#6683,#1476);
#991=LINE('',#6685,#1477);
#992=LINE('',#6686,#1478);
#993=LINE('',#6689,#1479);
#994=LINE('',#6691,#1480);
#995=LINE('',#6692,#1481);
#996=LINE('',#6694,#1482);
#997=LINE('',#6695,#1483);
#998=LINE('',#6700,#1484);
#999=LINE('',#6702,#1485);
#1000=LINE('',#6704,#1486);
#1001=LINE('',#6705,#1487);
#1002=LINE('',#6708,#1488);
#1003=LINE('',#6710,#1489);
#1004=LINE('',#6711,#1490);
#1005=LINE('',#6714,#1491);
#1006=LINE('',#6716,#1492);
#1007=LINE('',#6717,#1493);
#1008=LINE('',#6720,#1494);
#1009=LINE('',#6722,#1495);
#1010=LINE('',#6723,#1496);
#1011=LINE('',#6726,#1497);
#1012=LINE('',#6728,#1498);
#1013=LINE('',#6729,#1499);
#1014=LINE('',#6732,#1500);
#1015=LINE('',#6734,#1501);
#1016=LINE('',#6735,#1502);
#1017=LINE('',#6738,#1503);
#1018=LINE('',#6740,#1504);
#1019=LINE('',#6741,#1505);
#1020=LINE('',#6744,#1506);
#1021=LINE('',#6746,#1507);
#1022=LINE('',#6747,#1508);
#1023=LINE('',#6750,#1509);
#1024=LINE('',#6752,#1510);
#1025=LINE('',#6753,#1511);
#1026=LINE('',#6755,#1512);
#1027=LINE('',#6756,#1513);
#1028=LINE('',#6761,#1514);
#1029=LINE('',#6763,#1515);
#1030=LINE('',#6765,#1516);
#1031=LINE('',#6766,#1517);
#1032=LINE('',#6784,#1518);
#1033=LINE('',#6807,#1519);
#1034=LINE('',#6830,#1520);
#1035=LINE('',#6853,#1521);
#1036=LINE('',#6861,#1522);
#1037=LINE('',#6863,#1523);
#1038=LINE('',#6864,#1524);
#1039=LINE('',#6866,#1525);
#1040=LINE('',#6867,#1526);
#1041=LINE('',#6871,#1527);
#1042=LINE('',#6873,#1528);
#1043=LINE('',#6875,#1529);
#1044=LINE('',#6876,#1530);
#1045=LINE('',#6879,#1531);
#1046=LINE('',#6881,#1532);
#1047=LINE('',#6882,#1533);
#1048=LINE('',#6885,#1534);
#1049=LINE('',#6887,#1535);
#1050=LINE('',#6888,#1536);
#1051=LINE('',#6906,#1537);
#1052=LINE('',#6929,#1538);
#1053=LINE('',#6952,#1539);
#1054=LINE('',#6975,#1540);
#1055=LINE('',#6983,#1541);
#1056=LINE('',#6985,#1542);
#1057=LINE('',#6986,#1543);
#1058=LINE('',#6988,#1544);
#1059=LINE('',#6989,#1545);
#1060=LINE('',#6994,#1546);
#1061=LINE('',#6996,#1547);
#1062=LINE('',#6998,#1548);
#1063=LINE('',#6999,#1549);
#1064=LINE('',#7002,#1550);
#1065=LINE('',#7004,#1551);
#1066=LINE('',#7005,#1552);
#1067=LINE('',#7008,#1553);
#1068=LINE('',#7010,#1554);
#1069=LINE('',#7011,#1555);
#1070=LINE('',#7014,#1556);
#1071=LINE('',#7016,#1557);
#1072=LINE('',#7017,#1558);
#1073=LINE('',#7020,#1559);
#1074=LINE('',#7022,#1560);
#1075=LINE('',#7023,#1561);
#1076=LINE('',#7026,#1562);
#1077=LINE('',#7028,#1563);
#1078=LINE('',#7029,#1564);
#1079=LINE('',#7032,#1565);
#1080=LINE('',#7034,#1566);
#1081=LINE('',#7035,#1567);
#1082=LINE('',#7038,#1568);
#1083=LINE('',#7040,#1569);
#1084=LINE('',#7041,#1570);
#1085=LINE('',#7044,#1571);
#1086=LINE('',#7046,#1572);
#1087=LINE('',#7047,#1573);
#1088=LINE('',#7050,#1574);
#1089=LINE('',#7052,#1575);
#1090=LINE('',#7053,#1576);
#1091=LINE('',#7056,#1577);
#1092=LINE('',#7058,#1578);
#1093=LINE('',#7059,#1579);
#1094=LINE('',#7061,#1580);
#1095=LINE('',#7062,#1581);
#1096=LINE('',#7067,#1582);
#1097=LINE('',#7069,#1583);
#1098=LINE('',#7071,#1584);
#1099=LINE('',#7072,#1585);
#1100=LINE('',#7075,#1586);
#1101=LINE('',#7077,#1587);
#1102=LINE('',#7078,#1588);
#1103=LINE('',#7081,#1589);
#1104=LINE('',#7083,#1590);
#1105=LINE('',#7084,#1591);
#1106=LINE('',#7087,#1592);
#1107=LINE('',#7089,#1593);
#1108=LINE('',#7090,#1594);
#1109=LINE('',#7093,#1595);
#1110=LINE('',#7095,#1596);
#1111=LINE('',#7096,#1597);
#1112=LINE('',#7099,#1598);
#1113=LINE('',#7101,#1599);
#1114=LINE('',#7102,#1600);
#1115=LINE('',#7105,#1601);
#1116=LINE('',#7107,#1602);
#1117=LINE('',#7108,#1603);
#1118=LINE('',#7110,#1604);
#1119=LINE('',#7111,#1605);
#1120=LINE('',#7116,#1606);
#1121=LINE('',#7118,#1607);
#1122=LINE('',#7120,#1608);
#1123=LINE('',#7121,#1609);
#1124=LINE('',#7124,#1610);
#1125=LINE('',#7126,#1611);
#1126=LINE('',#7127,#1612);
#1127=LINE('',#7129,#1613);
#1128=LINE('',#7130,#1614);
#1129=LINE('',#7134,#1615);
#1130=LINE('',#7136,#1616);
#1131=LINE('',#7138,#1617);
#1132=LINE('',#7139,#1618);
#1133=LINE('',#7142,#1619);
#1134=LINE('',#7144,#1620);
#1135=LINE('',#7145,#1621);
#1136=LINE('',#7148,#1622);
#1137=LINE('',#7150,#1623);
#1138=LINE('',#7151,#1624);
#1139=LINE('',#7154,#1625);
#1140=LINE('',#7156,#1626);
#1141=LINE('',#7157,#1627);
#1142=LINE('',#7160,#1628);
#1143=LINE('',#7162,#1629);
#1144=LINE('',#7163,#1630);
#1145=LINE('',#7166,#1631);
#1146=LINE('',#7168,#1632);
#1147=LINE('',#7169,#1633);
#1148=LINE('',#7172,#1634);
#1149=LINE('',#7174,#1635);
#1150=LINE('',#7175,#1636);
#1151=LINE('',#7177,#1637);
#1152=LINE('',#7178,#1638);
#1153=LINE('',#7198,#1639);
#1154=LINE('',#7205,#1640);
#1155=LINE('',#7223,#1641);
#1156=LINE('',#7246,#1642);
#1157=LINE('',#7269,#1643);
#1158=LINE('',#7292,#1644);
#1159=LINE('',#7300,#1645);
#1160=LINE('',#7302,#1646);
#1161=LINE('',#7303,#1647);
#1162=LINE('',#7306,#1648);
#1163=LINE('',#7308,#1649);
#1164=LINE('',#7309,#1650);
#1165=LINE('',#7311,#1651);
#1166=LINE('',#7312,#1652);
#1167=LINE('',#7316,#1653);
#1168=LINE('',#7318,#1654);
#1169=LINE('',#7320,#1655);
#1170=LINE('',#7321,#1656);
#1171=LINE('',#7339,#1657);
#1172=LINE('',#7362,#1658);
#1173=LINE('',#7385,#1659);
#1174=LINE('',#7408,#1660);
#1175=LINE('',#7431,#1661);
#1176=LINE('',#7454,#1662);
#1177=LINE('',#7477,#1663);
#1178=LINE('',#7500,#1664);
#1179=LINE('',#7508,#1665);
#1180=LINE('',#7510,#1666);
#1181=LINE('',#7511,#1667);
#1182=LINE('',#7513,#1668);
#1183=LINE('',#7514,#1669);
#1184=LINE('',#7534,#1670);
#1185=LINE('',#7541,#1671);
#1186=LINE('',#7559,#1672);
#1187=LINE('',#7582,#1673);
#1188=LINE('',#7605,#1674);
#1189=LINE('',#7613,#1675);
#1190=LINE('',#7615,#1676);
#1191=LINE('',#7616,#1677);
#1192=LINE('',#7619,#1678);
#1193=LINE('',#7621,#1679);
#1194=LINE('',#7622,#1680);
#1195=LINE('',#7625,#1681);
#1196=LINE('',#7627,#1682);
#1197=LINE('',#7628,#1683);
#1198=LINE('',#7646,#1684);
#1199=LINE('',#7669,#1685);
#1200=LINE('',#7692,#1686);
#1201=LINE('',#7715,#1687);
#1202=LINE('',#7738,#1688);
#1203=LINE('',#7761,#1689);
#1204=LINE('',#7784,#1690);
#1205=LINE('',#7807,#1691);
#1206=LINE('',#7830,#1692);
#1207=LINE('',#7838,#1693);
#1208=LINE('',#7840,#1694);
#1209=LINE('',#7841,#1695);
#1210=LINE('',#7844,#1696);
#1211=LINE('',#7846,#1697);
#1212=LINE('',#7847,#1698);
#1213=LINE('',#7849,#1699);
#1214=LINE('',#7850,#1700);
#1215=LINE('',#7870,#1701);
#1216=LINE('',#7877,#1702);
#1217=LINE('',#7895,#1703);
#1218=LINE('',#7918,#1704);
#1219=LINE('',#7941,#1705);
#1220=LINE('',#7964,#1706);
#1221=LINE('',#7987,#1707);
#1222=LINE('',#8010,#1708);
#1223=LINE('',#8054,#1709);
#1224=LINE('',#8061,#1710);
#1225=LINE('',#8079,#1711);
#1226=LINE('',#8102,#1712);
#1227=LINE('',#8125,#1713);
#1228=LINE('',#8148,#1714);
#1229=LINE('',#8171,#1715);
#1230=LINE('',#8194,#1716);
#1231=LINE('',#8217,#1717);
#1232=LINE('',#8240,#1718);
#1233=LINE('',#8270,#1719);
#1234=LINE('',#8272,#1720);
#1235=LINE('',#8274,#1721);
#1236=LINE('',#8275,#1722);
#1237=LINE('',#8278,#1723);
#1238=LINE('',#8280,#1724);
#1239=LINE('',#8281,#1725);
#1240=LINE('',#8284,#1726);
#1241=LINE('',#8286,#1727);
#1242=LINE('',#8287,#1728);
#1243=LINE('',#8290,#1729);
#1244=LINE('',#8292,#1730);
#1245=LINE('',#8293,#1731);
#1246=LINE('',#8296,#1732);
#1247=LINE('',#8298,#1733);
#1248=LINE('',#8299,#1734);
#1249=LINE('',#8302,#1735);
#1250=LINE('',#8304,#1736);
#1251=LINE('',#8305,#1737);
#1252=LINE('',#8308,#1738);
#1253=LINE('',#8310,#1739);
#1254=LINE('',#8311,#1740);
#1255=LINE('',#8314,#1741);
#1256=LINE('',#8316,#1742);
#1257=LINE('',#8317,#1743);
#1258=LINE('',#8320,#1744);
#1259=LINE('',#8322,#1745);
#1260=LINE('',#8323,#1746);
#1261=LINE('',#8325,#1747);
#1262=LINE('',#8326,#1748);
#1263=LINE('',#8333,#1749);
#1264=LINE('',#8337,#1750);
#1265=LINE('',#8341,#1751);
#1266=LINE('',#8345,#1752);
#1267=LINE('',#8349,#1753);
#1268=LINE('',#8353,#1754);
#1269=LINE('',#8357,#1755);
#1270=LINE('',#8360,#1756);
#1271=LINE('',#8376,#1757);
#1272=LINE('',#8380,#1758);
#1273=LINE('',#8384,#1759);
#1274=LINE('',#8386,#1760);
#1275=LINE('',#8387,#1761);
#1276=LINE('',#8391,#1762);
#1277=LINE('',#8396,#1763);
#1278=LINE('',#8398,#1764);
#1279=LINE('',#8399,#1765);
#1280=LINE('',#8403,#1766);
#1281=LINE('',#8408,#1767);
#1282=LINE('',#8410,#1768);
#1283=LINE('',#8411,#1769);
#1284=LINE('',#8415,#1770);
#1285=LINE('',#8419,#1771);
#1286=LINE('',#8420,#1772);
#1287=LINE('',#8423,#1773);
#1288=LINE('',#8425,#1774);
#1289=LINE('',#8426,#1775);
#1290=LINE('',#8430,#1776);
#1291=LINE('',#8433,#1777);
#1292=LINE('',#8434,#1778);
#1293=LINE('',#8438,#1779);
#1294=LINE('',#8442,#1780);
#1295=LINE('',#8445,#1781);
#1296=LINE('',#8447,#1782);
#1297=LINE('',#8450,#1783);
#1298=LINE('',#8453,#1784);
#1299=LINE('',#8457,#1785);
#1300=LINE('',#8459,#1786);
#1301=LINE('',#8461,#1787);
#1302=LINE('',#8462,#1788);
#1303=LINE('',#8466,#1789);
#1304=LINE('',#8468,#1790);
#1305=LINE('',#8470,#1791);
#1306=LINE('',#8471,#1792);
#1307=LINE('',#8473,#1793);
#1308=LINE('',#8474,#1794);
#1309=LINE('',#8477,#1795);
#1310=LINE('',#8479,#1796);
#1311=LINE('',#8481,#1797);
#1312=LINE('',#8483,#1798);
#1313=LINE('',#8484,#1799);
#1314=LINE('',#8489,#1800);
#1315=LINE('',#8491,#1801);
#1316=LINE('',#8493,#1802);
#1317=LINE('',#8496,#1803);
#1318=LINE('',#8499,#1804);
#1319=LINE('',#8501,#1805);
#1320=LINE('',#8502,#1806);
#1321=LINE('',#8506,#1807);
#1322=LINE('',#8508,#1808);
#1323=LINE('',#8510,#1809);
#1324=LINE('',#8511,#1810);
#1325=LINE('',#8513,#1811);
#1326=LINE('',#8514,#1812);
#1327=LINE('',#8518,#1813);
#1328=LINE('',#8520,#1814);
#1329=LINE('',#8522,#1815);
#1330=LINE('',#8523,#1816);
#1331=LINE('',#8527,#1817);
#1332=LINE('',#8529,#1818);
#1333=LINE('',#8531,#1819);
#1334=LINE('',#8532,#1820);
#1335=LINE('',#8534,#1821);
#1336=LINE('',#8535,#1822);
#1337=LINE('',#8538,#1823);
#1338=LINE('',#8542,#1824);
#1339=LINE('',#8546,#1825);
#1340=LINE('',#8550,#1826);
#1341=LINE('',#8554,#1827);
#1342=LINE('',#8558,#1828);
#1343=LINE('',#8562,#1829);
#1344=LINE('',#8565,#1830);
#1345=LINE('',#8567,#1831);
#1346=LINE('',#8571,#1832);
#1347=LINE('',#8575,#1833);
#1348=LINE('',#8579,#1834);
#1349=LINE('',#8583,#1835);
#1350=LINE('',#8587,#1836);
#1351=LINE('',#8591,#1837);
#1352=LINE('',#8594,#1838);
#1353=LINE('',#8595,#1839);
#1354=LINE('',#8598,#1840);
#1355=LINE('',#8600,#1841);
#1356=LINE('',#8601,#1842);
#1357=LINE('',#8604,#1843);
#1358=LINE('',#8607,#1844);
#1359=LINE('',#8610,#1845);
#1360=LINE('',#8611,#1846);
#1361=LINE('',#8614,#1847);
#1362=LINE('',#8618,#1848);
#1363=LINE('',#8619,#1849);
#1364=LINE('',#8622,#1850);
#1365=LINE('',#8626,#1851);
#1366=LINE('',#8627,#1852);
#1367=LINE('',#8629,#1853);
#1368=LINE('',#8632,#1854);
#1369=LINE('',#8635,#1855);
#1370=LINE('',#8639,#1856);
#1371=LINE('',#8640,#1857);
#1372=LINE('',#8643,#1858);
#1373=LINE('',#8647,#1859);
#1374=LINE('',#8648,#1860);
#1375=LINE('',#8651,#1861);
#1376=LINE('',#8655,#1862);
#1377=LINE('',#8656,#1863);
#1378=LINE('',#8659,#1864);
#1379=LINE('',#8662,#1865);
#1380=LINE('',#8664,#1866);
#1381=LINE('',#8666,#1867);
#1382=LINE('',#8668,#1868);
#1383=LINE('',#8670,#1869);
#1384=LINE('',#8672,#1870);
#1385=LINE('',#8674,#1871);
#1386=LINE('',#8676,#1872);
#1387=LINE('',#8680,#1873);
#1388=LINE('',#8684,#1874);
#1389=LINE('',#8688,#1875);
#1390=LINE('',#8692,#1876);
#1391=LINE('',#8696,#1877);
#1392=LINE('',#8700,#1878);
#1393=LINE('',#8704,#1879);
#1394=LINE('',#8708,#1880);
#1395=LINE('',#8725,#1881);
#1396=LINE('',#8729,#1882);
#1397=LINE('',#8733,#1883);
#1398=LINE('',#8737,#1884);
#1399=LINE('',#8740,#1885);
#1400=LINE('',#8743,#1886);
#1401=LINE('',#8746,#1887);
#1402=LINE('',#8747,#1888);
#1403=LINE('',#8751,#1889);
#1404=LINE('',#8754,#1890);
#1405=LINE('',#8755,#1891);
#1406=LINE('',#8759,#1892);
#1407=LINE('',#8762,#1893);
#1408=LINE('',#8763,#1894);
#1409=LINE('',#8767,#1895);
#1410=LINE('',#8770,#1896);
#1411=LINE('',#8771,#1897);
#1412=LINE('',#8775,#1898);
#1413=LINE('',#8778,#1899);
#1414=LINE('',#8779,#1900);
#1415=LINE('',#8785,#1901);
#1416=LINE('',#8788,#1902);
#1417=LINE('',#8789,#1903);
#1418=LINE('',#8793,#1904);
#1419=LINE('',#8795,#1905);
#1420=LINE('',#8798,#1906);
#1421=LINE('',#8800,#1907);
#1422=LINE('',#8802,#1908);
#1423=LINE('',#8804,#1909);
#1424=LINE('',#8806,#1910);
#1425=LINE('',#8808,#1911);
#1426=LINE('',#8810,#1912);
#1427=VECTOR('',#5175,10.);
#1428=VECTOR('',#5176,10.);
#1429=VECTOR('',#5177,10.);
#1430=VECTOR('',#5178,10.);
#1431=VECTOR('',#5181,10.);
#1432=VECTOR('',#5182,10.);
#1433=VECTOR('',#5183,10.);
#1434=VECTOR('',#5186,10.);
#1435=VECTOR('',#5187,10.);
#1436=VECTOR('',#5190,10.);
#1437=VECTOR('',#5191,10.);
#1438=VECTOR('',#5192,10.);
#1439=VECTOR('',#5193,10.);
#1440=VECTOR('',#5194,10.);
#1441=VECTOR('',#5195,10.);
#1442=VECTOR('',#5196,10.);
#1443=VECTOR('',#5197,10.);
#1444=VECTOR('',#5198,10.);
#1445=VECTOR('',#5199,10.);
#1446=VECTOR('',#5200,10.);
#1447=VECTOR('',#5201,10.);
#1448=VECTOR('',#5202,10.);
#1449=VECTOR('',#5203,10.);
#1450=VECTOR('',#5204,10.);
#1451=VECTOR('',#5205,10.);
#1452=VECTOR('',#5206,10.);
#1453=VECTOR('',#5207,10.);
#1454=VECTOR('',#5212,10.);
#1455=VECTOR('',#5213,10.);
#1456=VECTOR('',#5214,10.);
#1457=VECTOR('',#5215,10.);
#1458=VECTOR('',#5218,10.);
#1459=VECTOR('',#5219,10.);
#1460=VECTOR('',#5220,10.);
#1461=VECTOR('',#5223,10.);
#1462=VECTOR('',#5224,10.);
#1463=VECTOR('',#5225,10.);
#1464=VECTOR('',#5228,10.);
#1465=VECTOR('',#5229,10.);
#1466=VECTOR('',#5230,10.);
#1467=VECTOR('',#5233,10.);
#1468=VECTOR('',#5234,10.);
#1469=VECTOR('',#5235,10.);
#1470=VECTOR('',#5238,10.);
#1471=VECTOR('',#5239,10.);
#1472=VECTOR('',#5240,10.);
#1473=VECTOR('',#5243,10.);
#1474=VECTOR('',#5244,10.);
#1475=VECTOR('',#5245,10.);
#1476=VECTOR('',#5248,10.);
#1477=VECTOR('',#5249,10.);
#1478=VECTOR('',#5250,10.);
#1479=VECTOR('',#5253,10.);
#1480=VECTOR('',#5254,10.);
#1481=VECTOR('',#5255,10.);
#1482=VECTOR('',#5258,10.);
#1483=VECTOR('',#5259,10.);
#1484=VECTOR('',#5264,10.);
#1485=VECTOR('',#5265,10.);
#1486=VECTOR('',#5266,10.);
#1487=VECTOR('',#5267,10.);
#1488=VECTOR('',#5270,10.);
#1489=VECTOR('',#5271,10.);
#1490=VECTOR('',#5272,10.);
#1491=VECTOR('',#5275,10.);
#1492=VECTOR('',#5276,10.);
#1493=VECTOR('',#5277,10.);
#1494=VECTOR('',#5280,10.);
#1495=VECTOR('',#5281,10.);
#1496=VECTOR('',#5282,10.);
#1497=VECTOR('',#5285,10.);
#1498=VECTOR('',#5286,10.);
#1499=VECTOR('',#5287,10.);
#1500=VECTOR('',#5290,10.);
#1501=VECTOR('',#5291,10.);
#1502=VECTOR('',#5292,10.);
#1503=VECTOR('',#5295,10.);
#1504=VECTOR('',#5296,10.);
#1505=VECTOR('',#5297,10.);
#1506=VECTOR('',#5300,10.);
#1507=VECTOR('',#5301,10.);
#1508=VECTOR('',#5302,10.);
#1509=VECTOR('',#5305,10.);
#1510=VECTOR('',#5306,10.);
#1511=VECTOR('',#5307,10.);
#1512=VECTOR('',#5310,10.);
#1513=VECTOR('',#5311,10.);
#1514=VECTOR('',#5316,10.);
#1515=VECTOR('',#5317,10.);
#1516=VECTOR('',#5318,10.);
#1517=VECTOR('',#5319,10.);
#1518=VECTOR('',#5320,10.);
#1519=VECTOR('',#5321,10.);
#1520=VECTOR('',#5322,10.);
#1521=VECTOR('',#5323,10.);
#1522=VECTOR('',#5326,10.);
#1523=VECTOR('',#5327,10.);
#1524=VECTOR('',#5328,10.);
#1525=VECTOR('',#5331,10.);
#1526=VECTOR('',#5332,10.);
#1527=VECTOR('',#5335,10.);
#1528=VECTOR('',#5336,10.);
#1529=VECTOR('',#5337,10.);
#1530=VECTOR('',#5338,10.);
#1531=VECTOR('',#5341,10.);
#1532=VECTOR('',#5342,10.);
#1533=VECTOR('',#5343,10.);
#1534=VECTOR('',#5346,10.);
#1535=VECTOR('',#5347,10.);
#1536=VECTOR('',#5348,10.);
#1537=VECTOR('',#5349,10.);
#1538=VECTOR('',#5350,10.);
#1539=VECTOR('',#5351,10.);
#1540=VECTOR('',#5352,10.);
#1541=VECTOR('',#5355,10.);
#1542=VECTOR('',#5356,10.);
#1543=VECTOR('',#5357,10.);
#1544=VECTOR('',#5360,10.);
#1545=VECTOR('',#5361,10.);
#1546=VECTOR('',#5366,10.);
#1547=VECTOR('',#5367,10.);
#1548=VECTOR('',#5368,10.);
#1549=VECTOR('',#5369,10.);
#1550=VECTOR('',#5372,10.);
#1551=VECTOR('',#5373,10.);
#1552=VECTOR('',#5374,10.);
#1553=VECTOR('',#5377,10.);
#1554=VECTOR('',#5378,10.);
#1555=VECTOR('',#5379,10.);
#1556=VECTOR('',#5382,10.);
#1557=VECTOR('',#5383,10.);
#1558=VECTOR('',#5384,10.);
#1559=VECTOR('',#5387,10.);
#1560=VECTOR('',#5388,10.);
#1561=VECTOR('',#5389,10.);
#1562=VECTOR('',#5392,10.);
#1563=VECTOR('',#5393,10.);
#1564=VECTOR('',#5394,10.);
#1565=VECTOR('',#5397,10.);
#1566=VECTOR('',#5398,10.);
#1567=VECTOR('',#5399,10.);
#1568=VECTOR('',#5402,10.);
#1569=VECTOR('',#5403,10.);
#1570=VECTOR('',#5404,10.);
#1571=VECTOR('',#5407,10.);
#1572=VECTOR('',#5408,10.);
#1573=VECTOR('',#5409,10.);
#1574=VECTOR('',#5412,10.);
#1575=VECTOR('',#5413,10.);
#1576=VECTOR('',#5414,10.);
#1577=VECTOR('',#5417,10.);
#1578=VECTOR('',#5418,10.);
#1579=VECTOR('',#5419,10.);
#1580=VECTOR('',#5422,10.);
#1581=VECTOR('',#5423,10.);
#1582=VECTOR('',#5428,10.);
#1583=VECTOR('',#5429,10.);
#1584=VECTOR('',#5430,10.);
#1585=VECTOR('',#5431,10.);
#1586=VECTOR('',#5434,10.);
#1587=VECTOR('',#5435,10.);
#1588=VECTOR('',#5436,10.);
#1589=VECTOR('',#5439,10.);
#1590=VECTOR('',#5440,10.);
#1591=VECTOR('',#5441,10.);
#1592=VECTOR('',#5444,10.);
#1593=VECTOR('',#5445,10.);
#1594=VECTOR('',#5446,10.);
#1595=VECTOR('',#5449,10.);
#1596=VECTOR('',#5450,10.);
#1597=VECTOR('',#5451,10.);
#1598=VECTOR('',#5454,10.);
#1599=VECTOR('',#5455,10.);
#1600=VECTOR('',#5456,10.);
#1601=VECTOR('',#5459,10.);
#1602=VECTOR('',#5460,10.);
#1603=VECTOR('',#5461,10.);
#1604=VECTOR('',#5464,10.);
#1605=VECTOR('',#5465,10.);
#1606=VECTOR('',#5470,10.);
#1607=VECTOR('',#5471,10.);
#1608=VECTOR('',#5472,10.);
#1609=VECTOR('',#5473,10.);
#1610=VECTOR('',#5476,10.);
#1611=VECTOR('',#5477,10.);
#1612=VECTOR('',#5478,10.);
#1613=VECTOR('',#5481,10.);
#1614=VECTOR('',#5482,10.);
#1615=VECTOR('',#5485,10.);
#1616=VECTOR('',#5486,10.);
#1617=VECTOR('',#5487,10.);
#1618=VECTOR('',#5488,10.);
#1619=VECTOR('',#5491,10.);
#1620=VECTOR('',#5492,10.);
#1621=VECTOR('',#5493,10.);
#1622=VECTOR('',#5496,10.);
#1623=VECTOR('',#5497,10.);
#1624=VECTOR('',#5498,10.);
#1625=VECTOR('',#5501,10.);
#1626=VECTOR('',#5502,10.);
#1627=VECTOR('',#5503,10.);
#1628=VECTOR('',#5506,10.);
#1629=VECTOR('',#5507,10.);
#1630=VECTOR('',#5508,10.);
#1631=VECTOR('',#5511,10.);
#1632=VECTOR('',#5512,10.);
#1633=VECTOR('',#5513,10.);
#1634=VECTOR('',#5516,10.);
#1635=VECTOR('',#5517,10.);
#1636=VECTOR('',#5518,10.);
#1637=VECTOR('',#5521,10.);
#1638=VECTOR('',#5522,10.);
#1639=VECTOR('',#5525,10.);
#1640=VECTOR('',#5526,10.);
#1641=VECTOR('',#5527,10.);
#1642=VECTOR('',#5528,10.);
#1643=VECTOR('',#5529,10.);
#1644=VECTOR('',#5530,10.);
#1645=VECTOR('',#5533,10.);
#1646=VECTOR('',#5534,10.);
#1647=VECTOR('',#5535,10.);
#1648=VECTOR('',#5538,10.);
#1649=VECTOR('',#5539,10.);
#1650=VECTOR('',#5540,10.);
#1651=VECTOR('',#5543,10.);
#1652=VECTOR('',#5544,10.);
#1653=VECTOR('',#5547,10.);
#1654=VECTOR('',#5548,10.);
#1655=VECTOR('',#5549,10.);
#1656=VECTOR('',#5550,10.);
#1657=VECTOR('',#5551,10.);
#1658=VECTOR('',#5552,10.);
#1659=VECTOR('',#5553,10.);
#1660=VECTOR('',#5554,10.);
#1661=VECTOR('',#5555,10.);
#1662=VECTOR('',#5556,10.);
#1663=VECTOR('',#5557,10.);
#1664=VECTOR('',#5558,10.);
#1665=VECTOR('',#5561,10.);
#1666=VECTOR('',#5562,10.);
#1667=VECTOR('',#5563,10.);
#1668=VECTOR('',#5566,10.);
#1669=VECTOR('',#5567,10.);
#1670=VECTOR('',#5570,10.);
#1671=VECTOR('',#5571,10.);
#1672=VECTOR('',#5572,10.);
#1673=VECTOR('',#5573,10.);
#1674=VECTOR('',#5574,10.);
#1675=VECTOR('',#5577,10.);
#1676=VECTOR('',#5578,10.);
#1677=VECTOR('',#5579,10.);
#1678=VECTOR('',#5582,10.);
#1679=VECTOR('',#5583,10.);
#1680=VECTOR('',#5584,10.);
#1681=VECTOR('',#5587,10.);
#1682=VECTOR('',#5588,10.);
#1683=VECTOR('',#5589,10.);
#1684=VECTOR('',#5590,10.);
#1685=VECTOR('',#5591,10.);
#1686=VECTOR('',#5592,10.);
#1687=VECTOR('',#5593,10.);
#1688=VECTOR('',#5594,10.);
#1689=VECTOR('',#5595,10.);
#1690=VECTOR('',#5596,10.);
#1691=VECTOR('',#5597,10.);
#1692=VECTOR('',#5598,10.);
#1693=VECTOR('',#5601,10.);
#1694=VECTOR('',#5602,10.);
#1695=VECTOR('',#5603,10.);
#1696=VECTOR('',#5606,10.);
#1697=VECTOR('',#5607,10.);
#1698=VECTOR('',#5608,10.);
#1699=VECTOR('',#5611,10.);
#1700=VECTOR('',#5612,10.);
#1701=VECTOR('',#5615,10.);
#1702=VECTOR('',#5616,10.);
#1703=VECTOR('',#5617,10.);
#1704=VECTOR('',#5618,10.);
#1705=VECTOR('',#5619,10.);
#1706=VECTOR('',#5620,10.);
#1707=VECTOR('',#5621,10.);
#1708=VECTOR('',#5622,10.);
#1709=VECTOR('',#5623,10.);
#1710=VECTOR('',#5624,10.);
#1711=VECTOR('',#5625,10.);
#1712=VECTOR('',#5626,10.);
#1713=VECTOR('',#5627,10.);
#1714=VECTOR('',#5628,10.);
#1715=VECTOR('',#5629,10.);
#1716=VECTOR('',#5630,10.);
#1717=VECTOR('',#5631,10.);
#1718=VECTOR('',#5632,10.);
#1719=VECTOR('',#5637,10.);
#1720=VECTOR('',#5638,10.);
#1721=VECTOR('',#5639,10.);
#1722=VECTOR('',#5640,10.);
#1723=VECTOR('',#5643,10.);
#1724=VECTOR('',#5644,10.);
#1725=VECTOR('',#5645,10.);
#1726=VECTOR('',#5648,10.);
#1727=VECTOR('',#5649,10.);
#1728=VECTOR('',#5650,10.);
#1729=VECTOR('',#5653,10.);
#1730=VECTOR('',#5654,10.);
#1731=VECTOR('',#5655,10.);
#1732=VECTOR('',#5658,10.);
#1733=VECTOR('',#5659,10.);
#1734=VECTOR('',#5660,10.);
#1735=VECTOR('',#5663,10.);
#1736=VECTOR('',#5664,10.);
#1737=VECTOR('',#5665,10.);
#1738=VECTOR('',#5668,10.);
#1739=VECTOR('',#5669,10.);
#1740=VECTOR('',#5670,10.);
#1741=VECTOR('',#5673,10.);
#1742=VECTOR('',#5674,10.);
#1743=VECTOR('',#5675,10.);
#1744=VECTOR('',#5678,10.);
#1745=VECTOR('',#5679,10.);
#1746=VECTOR('',#5680,10.);
#1747=VECTOR('',#5683,10.);
#1748=VECTOR('',#5684,10.);
#1749=VECTOR('',#5691,10.);
#1750=VECTOR('',#5694,10.);
#1751=VECTOR('',#5697,10.);
#1752=VECTOR('',#5700,10.);
#1753=VECTOR('',#5703,10.);
#1754=VECTOR('',#5706,10.);
#1755=VECTOR('',#5709,10.);
#1756=VECTOR('',#5712,10.);
#1757=VECTOR('',#5731,10.);
#1758=VECTOR('',#5734,10.);
#1759=VECTOR('',#5739,10.);
#1760=VECTOR('',#5740,10.);
#1761=VECTOR('',#5741,10.);
#1762=VECTOR('',#5744,10.);
#1763=VECTOR('',#5751,10.);
#1764=VECTOR('',#5752,10.);
#1765=VECTOR('',#5753,10.);
#1766=VECTOR('',#5756,10.);
#1767=VECTOR('',#5763,10.);
#1768=VECTOR('',#5764,10.);
#1769=VECTOR('',#5765,10.);
#1770=VECTOR('',#5768,10.);
#1771=VECTOR('',#5775,10.);
#1772=VECTOR('',#5776,10.);
#1773=VECTOR('',#5779,10.);
#1774=VECTOR('',#5780,10.);
#1775=VECTOR('',#5781,10.);
#1776=VECTOR('',#5786,10.);
#1777=VECTOR('',#5789,10.);
#1778=VECTOR('',#5790,10.);
#1779=VECTOR('',#5795,10.);
#1780=VECTOR('',#5800,10.);
#1781=VECTOR('',#5803,10.);
#1782=VECTOR('',#5806,10.);
#1783=VECTOR('',#5809,10.);
#1784=VECTOR('',#5814,10.);
#1785=VECTOR('',#5817,10.);
#1786=VECTOR('',#5818,10.);
#1787=VECTOR('',#5819,10.);
#1788=VECTOR('',#5820,10.);
#1789=VECTOR('',#5823,10.);
#1790=VECTOR('',#5824,10.);
#1791=VECTOR('',#5825,10.);
#1792=VECTOR('',#5826,10.);
#1793=VECTOR('',#5829,10.);
#1794=VECTOR('',#5830,10.);
#1795=VECTOR('',#5833,10.);
#1796=VECTOR('',#5834,10.);
#1797=VECTOR('',#5835,10.);
#1798=VECTOR('',#5836,10.);
#1799=VECTOR('',#5837,10.);
#1800=VECTOR('',#5842,10.);
#1801=VECTOR('',#5843,10.);
#1802=VECTOR('',#5844,10.);
#1803=VECTOR('',#5847,10.);
#1804=VECTOR('',#5850,10.);
#1805=VECTOR('',#5851,10.);
#1806=VECTOR('',#5852,10.);
#1807=VECTOR('',#5855,10.);
#1808=VECTOR('',#5856,10.);
#1809=VECTOR('',#5857,10.);
#1810=VECTOR('',#5858,10.);
#1811=VECTOR('',#5861,10.);
#1812=VECTOR('',#5862,10.);
#1813=VECTOR('',#5865,10.);
#1814=VECTOR('',#5866,10.);
#1815=VECTOR('',#5867,10.);
#1816=VECTOR('',#5868,10.);
#1817=VECTOR('',#5871,10.);
#1818=VECTOR('',#5872,10.);
#1819=VECTOR('',#5873,10.);
#1820=VECTOR('',#5874,10.);
#1821=VECTOR('',#5877,10.);
#1822=VECTOR('',#5878,10.);
#1823=VECTOR('',#5881,10.);
#1824=VECTOR('',#5884,10.);
#1825=VECTOR('',#5887,10.);
#1826=VECTOR('',#5890,10.);
#1827=VECTOR('',#5893,10.);
#1828=VECTOR('',#5896,10.);
#1829=VECTOR('',#5899,10.);
#1830=VECTOR('',#5902,10.);
#1831=VECTOR('',#5903,10.);
#1832=VECTOR('',#5906,10.);
#1833=VECTOR('',#5909,10.);
#1834=VECTOR('',#5912,10.);
#1835=VECTOR('',#5915,10.);
#1836=VECTOR('',#5918,10.);
#1837=VECTOR('',#5921,10.);
#1838=VECTOR('',#5926,10.);
#1839=VECTOR('',#5927,10.);
#1840=VECTOR('',#5930,10.);
#1841=VECTOR('',#5931,10.);
#1842=VECTOR('',#5932,10.);
#1843=VECTOR('',#5935,10.);
#1844=VECTOR('',#5938,10.);
#1845=VECTOR('',#5941,10.);
#1846=VECTOR('',#5942,10.);
#1847=VECTOR('',#5945,10.);
#1848=VECTOR('',#5950,10.);
#1849=VECTOR('',#5951,10.);
#1850=VECTOR('',#5954,10.);
#1851=VECTOR('',#5959,10.);
#1852=VECTOR('',#5960,10.);
#1853=VECTOR('',#5963,10.);
#1854=VECTOR('',#5968,10.);
#1855=VECTOR('',#5971,10.);
#1856=VECTOR('',#5976,10.);
#1857=VECTOR('',#5977,10.);
#1858=VECTOR('',#5980,10.);
#1859=VECTOR('',#5985,10.);
#1860=VECTOR('',#5986,10.);
#1861=VECTOR('',#5989,10.);
#1862=VECTOR('',#5994,10.);
#1863=VECTOR('',#5995,10.);
#1864=VECTOR('',#5998,10.);
#1865=VECTOR('',#6003,10.);
#1866=VECTOR('',#6006,10.);
#1867=VECTOR('',#6009,10.);
#1868=VECTOR('',#6012,10.);
#1869=VECTOR('',#6015,10.);
#1870=VECTOR('',#6018,10.);
#1871=VECTOR('',#6021,10.);
#1872=VECTOR('',#6024,10.);
#1873=VECTOR('',#6029,3.2);
#1874=VECTOR('',#6034,3.05);
#1875=VECTOR('',#6039,3.2);
#1876=VECTOR('',#6044,3.05);
#1877=VECTOR('',#6049,3.2);
#1878=VECTOR('',#6054,3.05);
#1879=VECTOR('',#6059,3.2);
#1880=VECTOR('',#6064,3.05);
#1881=VECTOR('',#6087,1.7);
#1882=VECTOR('',#6092,1.7);
#1883=VECTOR('',#6097,1.7);
#1884=VECTOR('',#6102,1.7);
#1885=VECTOR('',#6105,10.);
#1886=VECTOR('',#6108,10.);
#1887=VECTOR('',#6111,10.);
#1888=VECTOR('',#6112,10.);
#1889=VECTOR('',#6117,10.);
#1890=VECTOR('',#6120,10.);
#1891=VECTOR('',#6121,10.);
#1892=VECTOR('',#6126,10.);
#1893=VECTOR('',#6129,10.);
#1894=VECTOR('',#6130,10.);
#1895=VECTOR('',#6135,10.);
#1896=VECTOR('',#6138,10.);
#1897=VECTOR('',#6139,10.);
#1898=VECTOR('',#6144,10.);
#1899=VECTOR('',#6147,10.);
#1900=VECTOR('',#6148,10.);
#1901=VECTOR('',#6157,10.);
#1902=VECTOR('',#6160,10.);
#1903=VECTOR('',#6161,10.);
#1904=VECTOR('',#6166,10.);
#1905=VECTOR('',#6169,10.);
#1906=VECTOR('',#6174,10.);
#1907=VECTOR('',#6177,10.);
#1908=VECTOR('',#6180,10.);
#1909=VECTOR('',#6183,10.);
#1910=VECTOR('',#6186,10.);
#1911=VECTOR('',#6189,10.);
#1912=VECTOR('',#6192,10.);
#1913=VERTEX_POINT('',#6203);
#1914=VERTEX_POINT('',#6204);
#1915=VERTEX_POINT('',#6206);
#1916=VERTEX_POINT('',#6208);
#1917=VERTEX_POINT('',#6212);
#1918=VERTEX_POINT('',#6214);
#1919=VERTEX_POINT('',#6231);
#1920=VERTEX_POINT('',#6232);
#1921=VERTEX_POINT('',#6238);
#1922=VERTEX_POINT('',#6240);
#1923=VERTEX_POINT('',#6257);
#1924=VERTEX_POINT('',#6263);
#1925=VERTEX_POINT('',#6280);
#1926=VERTEX_POINT('',#6286);
#1927=VERTEX_POINT('',#6303);
#1928=VERTEX_POINT('',#6309);
#1929=VERTEX_POINT('',#6326);
#1930=VERTEX_POINT('',#6332);
#1931=VERTEX_POINT('',#6349);
#1932=VERTEX_POINT('',#6355);
#1933=VERTEX_POINT('',#6372);
#1934=VERTEX_POINT('',#6378);
#1935=VERTEX_POINT('',#6415);
#1936=VERTEX_POINT('',#6416);
#1937=VERTEX_POINT('',#6422);
#1938=VERTEX_POINT('',#6424);
#1939=VERTEX_POINT('',#6441);
#1940=VERTEX_POINT('',#6447);
#1941=VERTEX_POINT('',#6464);
#1942=VERTEX_POINT('',#6470);
#1943=VERTEX_POINT('',#6487);
#1944=VERTEX_POINT('',#6493);
#1945=VERTEX_POINT('',#6510);
#1946=VERTEX_POINT('',#6516);
#1947=VERTEX_POINT('',#6533);
#1948=VERTEX_POINT('',#6539);
#1949=VERTEX_POINT('',#6556);
#1950=VERTEX_POINT('',#6562);
#1951=VERTEX_POINT('',#6579);
#1952=VERTEX_POINT('',#6585);
#1953=VERTEX_POINT('',#6602);
#1954=VERTEX_POINT('',#6608);
#1955=VERTEX_POINT('',#6637);
#1956=VERTEX_POINT('',#6638);
#1957=VERTEX_POINT('',#6640);
#1958=VERTEX_POINT('',#6642);
#1959=VERTEX_POINT('',#6646);
#1960=VERTEX_POINT('',#6648);
#1961=VERTEX_POINT('',#6652);
#1962=VERTEX_POINT('',#6654);
#1963=VERTEX_POINT('',#6658);
#1964=VERTEX_POINT('',#6660);
#1965=VERTEX_POINT('',#6664);
#1966=VERTEX_POINT('',#6666);
#1967=VERTEX_POINT('',#6670);
#1968=VERTEX_POINT('',#6672);
#1969=VERTEX_POINT('',#6676);
#1970=VERTEX_POINT('',#6678);
#1971=VERTEX_POINT('',#6682);
#1972=VERTEX_POINT('',#6684);
#1973=VERTEX_POINT('',#6688);
#1974=VERTEX_POINT('',#6690);
#1975=VERTEX_POINT('',#6698);
#1976=VERTEX_POINT('',#6699);
#1977=VERTEX_POINT('',#6701);
#1978=VERTEX_POINT('',#6703);
#1979=VERTEX_POINT('',#6707);
#1980=VERTEX_POINT('',#6709);
#1981=VERTEX_POINT('',#6713);
#1982=VERTEX_POINT('',#6715);
#1983=VERTEX_POINT('',#6719);
#1984=VERTEX_POINT('',#6721);
#1985=VERTEX_POINT('',#6725);
#1986=VERTEX_POINT('',#6727);
#1987=VERTEX_POINT('',#6731);
#1988=VERTEX_POINT('',#6733);
#1989=VERTEX_POINT('',#6737);
#1990=VERTEX_POINT('',#6739);
#1991=VERTEX_POINT('',#6743);
#1992=VERTEX_POINT('',#6745);
#1993=VERTEX_POINT('',#6749);
#1994=VERTEX_POINT('',#6751);
#1995=VERTEX_POINT('',#6759);
#1996=VERTEX_POINT('',#6760);
#1997=VERTEX_POINT('',#6762);
#1998=VERTEX_POINT('',#6764);
#1999=VERTEX_POINT('',#6777);
#2000=VERTEX_POINT('',#6783);
#2001=VERTEX_POINT('',#6800);
#2002=VERTEX_POINT('',#6806);
#2003=VERTEX_POINT('',#6823);
#2004=VERTEX_POINT('',#6829);
#2005=VERTEX_POINT('',#6846);
#2006=VERTEX_POINT('',#6852);
#2007=VERTEX_POINT('',#6860);
#2008=VERTEX_POINT('',#6862);
#2009=VERTEX_POINT('',#6869);
#2010=VERTEX_POINT('',#6870);
#2011=VERTEX_POINT('',#6872);
#2012=VERTEX_POINT('',#6874);
#2013=VERTEX_POINT('',#6878);
#2014=VERTEX_POINT('',#6880);
#2015=VERTEX_POINT('',#6884);
#2016=VERTEX_POINT('',#6886);
#2017=VERTEX_POINT('',#6899);
#2018=VERTEX_POINT('',#6905);
#2019=VERTEX_POINT('',#6922);
#2020=VERTEX_POINT('',#6928);
#2021=VERTEX_POINT('',#6945);
#2022=VERTEX_POINT('',#6951);
#2023=VERTEX_POINT('',#6968);
#2024=VERTEX_POINT('',#6974);
#2025=VERTEX_POINT('',#6982);
#2026=VERTEX_POINT('',#6984);
#2027=VERTEX_POINT('',#6992);
#2028=VERTEX_POINT('',#6993);
#2029=VERTEX_POINT('',#6995);
#2030=VERTEX_POINT('',#6997);
#2031=VERTEX_POINT('',#7001);
#2032=VERTEX_POINT('',#7003);
#2033=VERTEX_POINT('',#7007);
#2034=VERTEX_POINT('',#7009);
#2035=VERTEX_POINT('',#7013);
#2036=VERTEX_POINT('',#7015);
#2037=VERTEX_POINT('',#7019);
#2038=VERTEX_POINT('',#7021);
#2039=VERTEX_POINT('',#7025);
#2040=VERTEX_POINT('',#7027);
#2041=VERTEX_POINT('',#7031);
#2042=VERTEX_POINT('',#7033);
#2043=VERTEX_POINT('',#7037);
#2044=VERTEX_POINT('',#7039);
#2045=VERTEX_POINT('',#7043);
#2046=VERTEX_POINT('',#7045);
#2047=VERTEX_POINT('',#7049);
#2048=VERTEX_POINT('',#7051);
#2049=VERTEX_POINT('',#7055);
#2050=VERTEX_POINT('',#7057);
#2051=VERTEX_POINT('',#7065);
#2052=VERTEX_POINT('',#7066);
#2053=VERTEX_POINT('',#7068);
#2054=VERTEX_POINT('',#7070);
#2055=VERTEX_POINT('',#7074);
#2056=VERTEX_POINT('',#7076);
#2057=VERTEX_POINT('',#7080);
#2058=VERTEX_POINT('',#7082);
#2059=VERTEX_POINT('',#7086);
#2060=VERTEX_POINT('',#7088);
#2061=VERTEX_POINT('',#7092);
#2062=VERTEX_POINT('',#7094);
#2063=VERTEX_POINT('',#7098);
#2064=VERTEX_POINT('',#7100);
#2065=VERTEX_POINT('',#7104);
#2066=VERTEX_POINT('',#7106);
#2067=VERTEX_POINT('',#7114);
#2068=VERTEX_POINT('',#7115);
#2069=VERTEX_POINT('',#7117);
#2070=VERTEX_POINT('',#7119);
#2071=VERTEX_POINT('',#7123);
#2072=VERTEX_POINT('',#7125);
#2073=VERTEX_POINT('',#7132);
#2074=VERTEX_POINT('',#7133);
#2075=VERTEX_POINT('',#7135);
#2076=VERTEX_POINT('',#7137);
#2077=VERTEX_POINT('',#7141);
#2078=VERTEX_POINT('',#7143);
#2079=VERTEX_POINT('',#7147);
#2080=VERTEX_POINT('',#7149);
#2081=VERTEX_POINT('',#7153);
#2082=VERTEX_POINT('',#7155);
#2083=VERTEX_POINT('',#7159);
#2084=VERTEX_POINT('',#7161);
#2085=VERTEX_POINT('',#7165);
#2086=VERTEX_POINT('',#7167);
#2087=VERTEX_POINT('',#7171);
#2088=VERTEX_POINT('',#7173);
#2089=VERTEX_POINT('',#7190);
#2090=VERTEX_POINT('',#7191);
#2091=VERTEX_POINT('',#7197);
#2092=VERTEX_POINT('',#7199);
#2093=VERTEX_POINT('',#7216);
#2094=VERTEX_POINT('',#7222);
#2095=VERTEX_POINT('',#7239);
#2096=VERTEX_POINT('',#7245);
#2097=VERTEX_POINT('',#7262);
#2098=VERTEX_POINT('',#7268);
#2099=VERTEX_POINT('',#7285);
#2100=VERTEX_POINT('',#7291);
#2101=VERTEX_POINT('',#7299);
#2102=VERTEX_POINT('',#7301);
#2103=VERTEX_POINT('',#7305);
#2104=VERTEX_POINT('',#7307);
#2105=VERTEX_POINT('',#7314);
#2106=VERTEX_POINT('',#7315);
#2107=VERTEX_POINT('',#7317);
#2108=VERTEX_POINT('',#7319);
#2109=VERTEX_POINT('',#7332);
#2110=VERTEX_POINT('',#7338);
#2111=VERTEX_POINT('',#7355);
#2112=VERTEX_POINT('',#7361);
#2113=VERTEX_POINT('',#7378);
#2114=VERTEX_POINT('',#7384);
#2115=VERTEX_POINT('',#7401);
#2116=VERTEX_POINT('',#7407);
#2117=VERTEX_POINT('',#7424);
#2118=VERTEX_POINT('',#7430);
#2119=VERTEX_POINT('',#7447);
#2120=VERTEX_POINT('',#7453);
#2121=VERTEX_POINT('',#7470);
#2122=VERTEX_POINT('',#7476);
#2123=VERTEX_POINT('',#7493);
#2124=VERTEX_POINT('',#7499);
#2125=VERTEX_POINT('',#7507);
#2126=VERTEX_POINT('',#7509);
#2127=VERTEX_POINT('',#7526);
#2128=VERTEX_POINT('',#7527);
#2129=VERTEX_POINT('',#7533);
#2130=VERTEX_POINT('',#7535);
#2131=VERTEX_POINT('',#7552);
#2132=VERTEX_POINT('',#7558);
#2133=VERTEX_POINT('',#7575);
#2134=VERTEX_POINT('',#7581);
#2135=VERTEX_POINT('',#7598);
#2136=VERTEX_POINT('',#7604);
#2137=VERTEX_POINT('',#7612);
#2138=VERTEX_POINT('',#7614);
#2139=VERTEX_POINT('',#7618);
#2140=VERTEX_POINT('',#7620);
#2141=VERTEX_POINT('',#7624);
#2142=VERTEX_POINT('',#7626);
#2143=VERTEX_POINT('',#7639);
#2144=VERTEX_POINT('',#7645);
#2145=VERTEX_POINT('',#7662);
#2146=VERTEX_POINT('',#7668);
#2147=VERTEX_POINT('',#7685);
#2148=VERTEX_POINT('',#7691);
#2149=VERTEX_POINT('',#7708);
#2150=VERTEX_POINT('',#7714);
#2151=VERTEX_POINT('',#7731);
#2152=VERTEX_POINT('',#7737);
#2153=VERTEX_POINT('',#7754);
#2154=VERTEX_POINT('',#7760);
#2155=VERTEX_POINT('',#7777);
#2156=VERTEX_POINT('',#7783);
#2157=VERTEX_POINT('',#7800);
#2158=VERTEX_POINT('',#7806);
#2159=VERTEX_POINT('',#7823);
#2160=VERTEX_POINT('',#7829);
#2161=VERTEX_POINT('',#7837);
#2162=VERTEX_POINT('',#7839);
#2163=VERTEX_POINT('',#7843);
#2164=VERTEX_POINT('',#7845);
#2165=VERTEX_POINT('',#7862);
#2166=VERTEX_POINT('',#7863);
#2167=VERTEX_POINT('',#7869);
#2168=VERTEX_POINT('',#7871);
#2169=VERTEX_POINT('',#7888);
#2170=VERTEX_POINT('',#7894);
#2171=VERTEX_POINT('',#7911);
#2172=VERTEX_POINT('',#7917);
#2173=VERTEX_POINT('',#7934);
#2174=VERTEX_POINT('',#7940);
#2175=VERTEX_POINT('',#7957);
#2176=VERTEX_POINT('',#7963);
#2177=VERTEX_POINT('',#7980);
#2178=VERTEX_POINT('',#7986);
#2179=VERTEX_POINT('',#8003);
#2180=VERTEX_POINT('',#8009);
#2181=VERTEX_POINT('',#8046);
#2182=VERTEX_POINT('',#8047);
#2183=VERTEX_POINT('',#8053);
#2184=VERTEX_POINT('',#8055);
#2185=VERTEX_POINT('',#8072);
#2186=VERTEX_POINT('',#8078);
#2187=VERTEX_POINT('',#8095);
#2188=VERTEX_POINT('',#8101);
#2189=VERTEX_POINT('',#8118);
#2190=VERTEX_POINT('',#8124);
#2191=VERTEX_POINT('',#8141);
#2192=VERTEX_POINT('',#8147);
#2193=VERTEX_POINT('',#8164);
#2194=VERTEX_POINT('',#8170);
#2195=VERTEX_POINT('',#8187);
#2196=VERTEX_POINT('',#8193);
#2197=VERTEX_POINT('',#8210);
#2198=VERTEX_POINT('',#8216);
#2199=VERTEX_POINT('',#8233);
#2200=VERTEX_POINT('',#8239);
#2201=VERTEX_POINT('',#8268);
#2202=VERTEX_POINT('',#8269);
#2203=VERTEX_POINT('',#8271);
#2204=VERTEX_POINT('',#8273);
#2205=VERTEX_POINT('',#8277);
#2206=VERTEX_POINT('',#8279);
#2207=VERTEX_POINT('',#8283);
#2208=VERTEX_POINT('',#8285);
#2209=VERTEX_POINT('',#8289);
#2210=VERTEX_POINT('',#8291);
#2211=VERTEX_POINT('',#8295);
#2212=VERTEX_POINT('',#8297);
#2213=VERTEX_POINT('',#8301);
#2214=VERTEX_POINT('',#8303);
#2215=VERTEX_POINT('',#8307);
#2216=VERTEX_POINT('',#8309);
#2217=VERTEX_POINT('',#8313);
#2218=VERTEX_POINT('',#8315);
#2219=VERTEX_POINT('',#8319);
#2220=VERTEX_POINT('',#8321);
#2221=VERTEX_POINT('',#8329);
#2222=VERTEX_POINT('',#8330);
#2223=VERTEX_POINT('',#8332);
#2224=VERTEX_POINT('',#8334);
#2225=VERTEX_POINT('',#8336);
#2226=VERTEX_POINT('',#8338);
#2227=VERTEX_POINT('',#8340);
#2228=VERTEX_POINT('',#8342);
#2229=VERTEX_POINT('',#8344);
#2230=VERTEX_POINT('',#8346);
#2231=VERTEX_POINT('',#8348);
#2232=VERTEX_POINT('',#8350);
#2233=VERTEX_POINT('',#8352);
#2234=VERTEX_POINT('',#8354);
#2235=VERTEX_POINT('',#8356);
#2236=VERTEX_POINT('',#8358);
#2237=VERTEX_POINT('',#8361);
#2238=VERTEX_POINT('',#8363);
#2239=VERTEX_POINT('',#8365);
#2240=VERTEX_POINT('',#8367);
#2241=VERTEX_POINT('',#8374);
#2242=VERTEX_POINT('',#8375);
#2243=VERTEX_POINT('',#8377);
#2244=VERTEX_POINT('',#8379);
#2245=VERTEX_POINT('',#8383);
#2246=VERTEX_POINT('',#8385);
#2247=VERTEX_POINT('',#8389);
#2248=VERTEX_POINT('',#8390);
#2249=VERTEX_POINT('',#8395);
#2250=VERTEX_POINT('',#8397);
#2251=VERTEX_POINT('',#8401);
#2252=VERTEX_POINT('',#8402);
#2253=VERTEX_POINT('',#8407);
#2254=VERTEX_POINT('',#8409);
#2255=VERTEX_POINT('',#8413);
#2256=VERTEX_POINT('',#8414);
#2257=VERTEX_POINT('',#8422);
#2258=VERTEX_POINT('',#8424);
#2259=VERTEX_POINT('',#8428);
#2260=VERTEX_POINT('',#8432);
#2261=VERTEX_POINT('',#8436);
#2262=VERTEX_POINT('',#8441);
#2263=VERTEX_POINT('',#8443);
#2264=VERTEX_POINT('',#8449);
#2265=VERTEX_POINT('',#8455);
#2266=VERTEX_POINT('',#8456);
#2267=VERTEX_POINT('',#8458);
#2268=VERTEX_POINT('',#8460);
#2269=VERTEX_POINT('',#8464);
#2270=VERTEX_POINT('',#8465);
#2271=VERTEX_POINT('',#8467);
#2272=VERTEX_POINT('',#8469);
#2273=VERTEX_POINT('',#8476);
#2274=VERTEX_POINT('',#8478);
#2275=VERTEX_POINT('',#8480);
#2276=VERTEX_POINT('',#8482);
#2277=VERTEX_POINT('',#8486);
#2278=VERTEX_POINT('',#8488);
#2279=VERTEX_POINT('',#8490);
#2280=VERTEX_POINT('',#8492);
#2281=VERTEX_POINT('',#8494);
#2282=VERTEX_POINT('',#8498);
#2283=VERTEX_POINT('',#8500);
#2284=VERTEX_POINT('',#8504);
#2285=VERTEX_POINT('',#8505);
#2286=VERTEX_POINT('',#8507);
#2287=VERTEX_POINT('',#8509);
#2288=VERTEX_POINT('',#8516);
#2289=VERTEX_POINT('',#8517);
#2290=VERTEX_POINT('',#8519);
#2291=VERTEX_POINT('',#8521);
#2292=VERTEX_POINT('',#8525);
#2293=VERTEX_POINT('',#8526);
#2294=VERTEX_POINT('',#8528);
#2295=VERTEX_POINT('',#8530);
#2296=VERTEX_POINT('',#8537);
#2297=VERTEX_POINT('',#8539);
#2298=VERTEX_POINT('',#8541);
#2299=VERTEX_POINT('',#8543);
#2300=VERTEX_POINT('',#8545);
#2301=VERTEX_POINT('',#8547);
#2302=VERTEX_POINT('',#8549);
#2303=VERTEX_POINT('',#8551);
#2304=VERTEX_POINT('',#8553);
#2305=VERTEX_POINT('',#8555);
#2306=VERTEX_POINT('',#8557);
#2307=VERTEX_POINT('',#8559);
#2308=VERTEX_POINT('',#8561);
#2309=VERTEX_POINT('',#8563);
#2310=VERTEX_POINT('',#8566);
#2311=VERTEX_POINT('',#8568);
#2312=VERTEX_POINT('',#8570);
#2313=VERTEX_POINT('',#8572);
#2314=VERTEX_POINT('',#8574);
#2315=VERTEX_POINT('',#8576);
#2316=VERTEX_POINT('',#8578);
#2317=VERTEX_POINT('',#8580);
#2318=VERTEX_POINT('',#8582);
#2319=VERTEX_POINT('',#8584);
#2320=VERTEX_POINT('',#8586);
#2321=VERTEX_POINT('',#8588);
#2322=VERTEX_POINT('',#8590);
#2323=VERTEX_POINT('',#8597);
#2324=VERTEX_POINT('',#8599);
#2325=VERTEX_POINT('',#8603);
#2326=VERTEX_POINT('',#8605);
#2327=VERTEX_POINT('',#8609);
#2328=VERTEX_POINT('',#8613);
#2329=VERTEX_POINT('',#8617);
#2330=VERTEX_POINT('',#8621);
#2331=VERTEX_POINT('',#8625);
#2332=VERTEX_POINT('',#8634);
#2333=VERTEX_POINT('',#8638);
#2334=VERTEX_POINT('',#8642);
#2335=VERTEX_POINT('',#8646);
#2336=VERTEX_POINT('',#8650);
#2337=VERTEX_POINT('',#8654);
#2338=VERTEX_POINT('',#8658);
#2339=VERTEX_POINT('',#8679);
#2340=VERTEX_POINT('',#8683);
#2341=VERTEX_POINT('',#8687);
#2342=VERTEX_POINT('',#8691);
#2343=VERTEX_POINT('',#8695);
#2344=VERTEX_POINT('',#8699);
#2345=VERTEX_POINT('',#8703);
#2346=VERTEX_POINT('',#8707);
#2347=VERTEX_POINT('',#8711);
#2348=VERTEX_POINT('',#8714);
#2349=VERTEX_POINT('',#8717);
#2350=VERTEX_POINT('',#8720);
#2351=VERTEX_POINT('',#8723);
#2352=VERTEX_POINT('',#8727);
#2353=VERTEX_POINT('',#8731);
#2354=VERTEX_POINT('',#8735);
#2355=VERTEX_POINT('',#8739);
#2356=VERTEX_POINT('',#8741);
#2357=VERTEX_POINT('',#8745);
#2358=VERTEX_POINT('',#8749);
#2359=VERTEX_POINT('',#8753);
#2360=VERTEX_POINT('',#8757);
#2361=VERTEX_POINT('',#8761);
#2362=VERTEX_POINT('',#8765);
#2363=VERTEX_POINT('',#8769);
#2364=VERTEX_POINT('',#8773);
#2365=VERTEX_POINT('',#8777);
#2366=VERTEX_POINT('',#8783);
#2367=VERTEX_POINT('',#8787);
#2368=VERTEX_POINT('',#8791);
#2369=EDGE_CURVE('',#1913,#1914,#941,.T.);
#2370=EDGE_CURVE('',#1913,#1915,#942,.T.);
#2371=EDGE_CURVE('',#1915,#1916,#943,.T.);
#2372=EDGE_CURVE('',#1914,#1916,#944,.T.);
#2373=EDGE_CURVE('',#1917,#1913,#945,.T.);
#2374=EDGE_CURVE('',#1917,#1918,#946,.T.);
#2375=EDGE_CURVE('',#1918,#1915,#947,.T.);
#2376=EDGE_CURVE('',#1914,#1917,#948,.T.);
#2377=EDGE_CURVE('',#1916,#1918,#949,.T.);
#2378=EDGE_CURVE('',#1919,#1920,#169,.T.);
#2379=EDGE_CURVE('',#1919,#1921,#950,.T.);
#2380=EDGE_CURVE('',#1921,#1922,#170,.T.);
#2381=EDGE_CURVE('',#1920,#1922,#951,.T.);
#2382=EDGE_CURVE('',#1923,#1919,#171,.T.);
#2383=EDGE_CURVE('',#1923,#1924,#952,.T.);
#2384=EDGE_CURVE('',#1924,#1921,#172,.T.);
#2385=EDGE_CURVE('',#1925,#1923,#173,.T.);
#2386=EDGE_CURVE('',#1925,#1926,#953,.T.);
#2387=EDGE_CURVE('',#1926,#1924,#174,.T.);
#2388=EDGE_CURVE('',#1927,#1925,#175,.T.);
#2389=EDGE_CURVE('',#1927,#1928,#954,.T.);
#2390=EDGE_CURVE('',#1928,#1926,#176,.T.);
#2391=EDGE_CURVE('',#1929,#1927,#177,.T.);
#2392=EDGE_CURVE('',#1929,#1930,#955,.T.);
#2393=EDGE_CURVE('',#1930,#1928,#178,.T.);
#2394=EDGE_CURVE('',#1931,#1929,#179,.T.);
#2395=EDGE_CURVE('',#1931,#1932,#956,.T.);
#2396=EDGE_CURVE('',#1932,#1930,#180,.T.);
#2397=EDGE_CURVE('',#1933,#1931,#181,.T.);
#2398=EDGE_CURVE('',#1933,#1934,#957,.T.);
#2399=EDGE_CURVE('',#1934,#1932,#182,.T.);
#2400=EDGE_CURVE('',#1920,#1933,#183,.T.);
#2401=EDGE_CURVE('',#1922,#1934,#184,.T.);
#2402=EDGE_CURVE('',#1935,#1936,#185,.T.);
#2403=EDGE_CURVE('',#1935,#1937,#958,.T.);
#2404=EDGE_CURVE('',#1937,#1938,#186,.T.);
#2405=EDGE_CURVE('',#1936,#1938,#959,.T.);
#2406=EDGE_CURVE('',#1939,#1935,#187,.T.);
#2407=EDGE_CURVE('',#1939,#1940,#960,.T.);
#2408=EDGE_CURVE('',#1940,#1937,#188,.T.);
#2409=EDGE_CURVE('',#1941,#1939,#189,.T.);
#2410=EDGE_CURVE('',#1941,#1942,#961,.T.);
#2411=EDGE_CURVE('',#1942,#1940,#190,.T.);
#2412=EDGE_CURVE('',#1943,#1941,#191,.T.);
#2413=EDGE_CURVE('',#1943,#1944,#962,.T.);
#2414=EDGE_CURVE('',#1944,#1942,#192,.T.);
#2415=EDGE_CURVE('',#1945,#1943,#193,.T.);
#2416=EDGE_CURVE('',#1945,#1946,#963,.T.);
#2417=EDGE_CURVE('',#1946,#1944,#194,.T.);
#2418=EDGE_CURVE('',#1947,#1945,#195,.T.);
#2419=EDGE_CURVE('',#1947,#1948,#964,.T.);
#2420=EDGE_CURVE('',#1948,#1946,#196,.T.);
#2421=EDGE_CURVE('',#1949,#1947,#197,.T.);
#2422=EDGE_CURVE('',#1949,#1950,#965,.T.);
#2423=EDGE_CURVE('',#1950,#1948,#198,.T.);
#2424=EDGE_CURVE('',#1951,#1949,#199,.T.);
#2425=EDGE_CURVE('',#1951,#1952,#966,.T.);
#2426=EDGE_CURVE('',#1952,#1950,#200,.T.);
#2427=EDGE_CURVE('',#1953,#1951,#201,.T.);
#2428=EDGE_CURVE('',#1953,#1954,#967,.T.);
#2429=EDGE_CURVE('',#1954,#1952,#202,.T.);
#2430=EDGE_CURVE('',#1936,#1953,#203,.T.);
#2431=EDGE_CURVE('',#1938,#1954,#204,.T.);
#2432=EDGE_CURVE('',#1955,#1956,#968,.T.);
#2433=EDGE_CURVE('',#1955,#1957,#969,.T.);
#2434=EDGE_CURVE('',#1957,#1958,#970,.T.);
#2435=EDGE_CURVE('',#1956,#1958,#971,.T.);
#2436=EDGE_CURVE('',#1959,#1955,#972,.T.);
#2437=EDGE_CURVE('',#1959,#1960,#973,.T.);
#2438=EDGE_CURVE('',#1960,#1957,#974,.T.);
#2439=EDGE_CURVE('',#1961,#1959,#975,.T.);
#2440=EDGE_CURVE('',#1961,#1962,#976,.T.);
#2441=EDGE_CURVE('',#1962,#1960,#977,.T.);
#2442=EDGE_CURVE('',#1963,#1961,#978,.T.);
#2443=EDGE_CURVE('',#1963,#1964,#979,.T.);
#2444=EDGE_CURVE('',#1964,#1962,#980,.T.);
#2445=EDGE_CURVE('',#1965,#1963,#981,.T.);
#2446=EDGE_CURVE('',#1965,#1966,#982,.T.);
#2447=EDGE_CURVE('',#1966,#1964,#983,.T.);
#2448=EDGE_CURVE('',#1967,#1965,#984,.T.);
#2449=EDGE_CURVE('',#1967,#1968,#985,.T.);
#2450=EDGE_CURVE('',#1968,#1966,#986,.T.);
#2451=EDGE_CURVE('',#1969,#1967,#987,.T.);
#2452=EDGE_CURVE('',#1969,#1970,#988,.T.);
#2453=EDGE_CURVE('',#1970,#1968,#989,.T.);
#2454=EDGE_CURVE('',#1971,#1969,#990,.T.);
#2455=EDGE_CURVE('',#1971,#1972,#991,.T.);
#2456=EDGE_CURVE('',#1972,#1970,#992,.T.);
#2457=EDGE_CURVE('',#1973,#1971,#993,.T.);
#2458=EDGE_CURVE('',#1973,#1974,#994,.T.);
#2459=EDGE_CURVE('',#1974,#1972,#995,.T.);
#2460=EDGE_CURVE('',#1956,#1973,#996,.T.);
#2461=EDGE_CURVE('',#1958,#1974,#997,.T.);
#2462=EDGE_CURVE('',#1975,#1976,#998,.T.);
#2463=EDGE_CURVE('',#1975,#1977,#999,.T.);
#2464=EDGE_CURVE('',#1977,#1978,#1000,.T.);
#2465=EDGE_CURVE('',#1976,#1978,#1001,.T.);
#2466=EDGE_CURVE('',#1979,#1975,#1002,.T.);
#2467=EDGE_CURVE('',#1979,#1980,#1003,.T.);
#2468=EDGE_CURVE('',#1980,#1977,#1004,.T.);
#2469=EDGE_CURVE('',#1981,#1979,#1005,.T.);
#2470=EDGE_CURVE('',#1981,#1982,#1006,.T.);
#2471=EDGE_CURVE('',#1982,#1980,#1007,.T.);
#2472=EDGE_CURVE('',#1983,#1981,#1008,.T.);
#2473=EDGE_CURVE('',#1983,#1984,#1009,.T.);
#2474=EDGE_CURVE('',#1984,#1982,#1010,.T.);
#2475=EDGE_CURVE('',#1985,#1983,#1011,.T.);
#2476=EDGE_CURVE('',#1985,#1986,#1012,.T.);
#2477=EDGE_CURVE('',#1986,#1984,#1013,.T.);
#2478=EDGE_CURVE('',#1987,#1985,#1014,.T.);
#2479=EDGE_CURVE('',#1987,#1988,#1015,.T.);
#2480=EDGE_CURVE('',#1988,#1986,#1016,.T.);
#2481=EDGE_CURVE('',#1989,#1987,#1017,.T.);
#2482=EDGE_CURVE('',#1989,#1990,#1018,.T.);
#2483=EDGE_CURVE('',#1990,#1988,#1019,.T.);
#2484=EDGE_CURVE('',#1991,#1989,#1020,.T.);
#2485=EDGE_CURVE('',#1991,#1992,#1021,.T.);
#2486=EDGE_CURVE('',#1992,#1990,#1022,.T.);
#2487=EDGE_CURVE('',#1993,#1991,#1023,.T.);
#2488=EDGE_CURVE('',#1993,#1994,#1024,.T.);
#2489=EDGE_CURVE('',#1994,#1992,#1025,.T.);
#2490=EDGE_CURVE('',#1976,#1993,#1026,.T.);
#2491=EDGE_CURVE('',#1978,#1994,#1027,.T.);
#2492=EDGE_CURVE('',#1995,#1996,#1028,.T.);
#2493=EDGE_CURVE('',#1995,#1997,#1029,.T.);
#2494=EDGE_CURVE('',#1997,#1998,#1030,.T.);
#2495=EDGE_CURVE('',#1996,#1998,#1031,.T.);
#2496=EDGE_CURVE('',#1999,#1995,#205,.T.);
#2497=EDGE_CURVE('',#1999,#2000,#1032,.T.);
#2498=EDGE_CURVE('',#2000,#1997,#206,.T.);
#2499=EDGE_CURVE('',#2001,#1999,#207,.T.);
#2500=EDGE_CURVE('',#2001,#2002,#1033,.T.);
#2501=EDGE_CURVE('',#2002,#2000,#208,.T.);
#2502=EDGE_CURVE('',#2003,#2001,#209,.T.);
#2503=EDGE_CURVE('',#2003,#2004,#1034,.T.);
#2504=EDGE_CURVE('',#2004,#2002,#210,.T.);
#2505=EDGE_CURVE('',#2005,#2003,#211,.T.);
#2506=EDGE_CURVE('',#2005,#2006,#1035,.T.);
#2507=EDGE_CURVE('',#2006,#2004,#212,.T.);
#2508=EDGE_CURVE('',#2007,#2005,#1036,.T.);
#2509=EDGE_CURVE('',#2007,#2008,#1037,.T.);
#2510=EDGE_CURVE('',#2008,#2006,#1038,.T.);
#2511=EDGE_CURVE('',#1996,#2007,#1039,.T.);
#2512=EDGE_CURVE('',#1998,#2008,#1040,.T.);
#2513=EDGE_CURVE('',#2009,#2010,#1041,.T.);
#2514=EDGE_CURVE('',#2009,#2011,#1042,.T.);
#2515=EDGE_CURVE('',#2011,#2012,#1043,.T.);
#2516=EDGE_CURVE('',#2010,#2012,#1044,.T.);
#2517=EDGE_CURVE('',#2013,#2009,#1045,.T.);
#2518=EDGE_CURVE('',#2013,#2014,#1046,.T.);
#2519=EDGE_CURVE('',#2014,#2011,#1047,.T.);
#2520=EDGE_CURVE('',#2015,#2013,#1048,.T.);
#2521=EDGE_CURVE('',#2015,#2016,#1049,.T.);
#2522=EDGE_CURVE('',#2016,#2014,#1050,.T.);
#2523=EDGE_CURVE('',#2017,#2015,#213,.T.);
#2524=EDGE_CURVE('',#2017,#2018,#1051,.T.);
#2525=EDGE_CURVE('',#2018,#2016,#214,.T.);
#2526=EDGE_CURVE('',#2019,#2017,#215,.T.);
#2527=EDGE_CURVE('',#2019,#2020,#1052,.T.);
#2528=EDGE_CURVE('',#2020,#2018,#216,.T.);
#2529=EDGE_CURVE('',#2021,#2019,#217,.T.);
#2530=EDGE_CURVE('',#2021,#2022,#1053,.T.);
#2531=EDGE_CURVE('',#2022,#2020,#218,.T.);
#2532=EDGE_CURVE('',#2023,#2021,#219,.T.);
#2533=EDGE_CURVE('',#2023,#2024,#1054,.T.);
#2534=EDGE_CURVE('',#2024,#2022,#220,.T.);
#2535=EDGE_CURVE('',#2025,#2023,#1055,.T.);
#2536=EDGE_CURVE('',#2025,#2026,#1056,.T.);
#2537=EDGE_CURVE('',#2026,#2024,#1057,.T.);
#2538=EDGE_CURVE('',#2010,#2025,#1058,.T.);
#2539=EDGE_CURVE('',#2012,#2026,#1059,.T.);
#2540=EDGE_CURVE('',#2027,#2028,#1060,.T.);
#2541=EDGE_CURVE('',#2027,#2029,#1061,.T.);
#2542=EDGE_CURVE('',#2029,#2030,#1062,.T.);
#2543=EDGE_CURVE('',#2028,#2030,#1063,.T.);
#2544=EDGE_CURVE('',#2031,#2027,#1064,.T.);
#2545=EDGE_CURVE('',#2031,#2032,#1065,.T.);
#2546=EDGE_CURVE('',#2032,#2029,#1066,.T.);
#2547=EDGE_CURVE('',#2033,#2031,#1067,.T.);
#2548=EDGE_CURVE('',#2033,#2034,#1068,.T.);
#2549=EDGE_CURVE('',#2034,#2032,#1069,.T.);
#2550=EDGE_CURVE('',#2035,#2033,#1070,.T.);
#2551=EDGE_CURVE('',#2035,#2036,#1071,.T.);
#2552=EDGE_CURVE('',#2036,#2034,#1072,.T.);
#2553=EDGE_CURVE('',#2037,#2035,#1073,.T.);
#2554=EDGE_CURVE('',#2037,#2038,#1074,.T.);
#2555=EDGE_CURVE('',#2038,#2036,#1075,.T.);
#2556=EDGE_CURVE('',#2039,#2037,#1076,.T.);
#2557=EDGE_CURVE('',#2039,#2040,#1077,.T.);
#2558=EDGE_CURVE('',#2040,#2038,#1078,.T.);
#2559=EDGE_CURVE('',#2041,#2039,#1079,.T.);
#2560=EDGE_CURVE('',#2041,#2042,#1080,.T.);
#2561=EDGE_CURVE('',#2042,#2040,#1081,.T.);
#2562=EDGE_CURVE('',#2043,#2041,#1082,.T.);
#2563=EDGE_CURVE('',#2043,#2044,#1083,.T.);
#2564=EDGE_CURVE('',#2044,#2042,#1084,.T.);
#2565=EDGE_CURVE('',#2045,#2043,#1085,.T.);
#2566=EDGE_CURVE('',#2045,#2046,#1086,.T.);
#2567=EDGE_CURVE('',#2046,#2044,#1087,.T.);
#2568=EDGE_CURVE('',#2047,#2045,#1088,.T.);
#2569=EDGE_CURVE('',#2047,#2048,#1089,.T.);
#2570=EDGE_CURVE('',#2048,#2046,#1090,.T.);
#2571=EDGE_CURVE('',#2049,#2047,#1091,.T.);
#2572=EDGE_CURVE('',#2049,#2050,#1092,.T.);
#2573=EDGE_CURVE('',#2050,#2048,#1093,.T.);
#2574=EDGE_CURVE('',#2028,#2049,#1094,.T.);
#2575=EDGE_CURVE('',#2030,#2050,#1095,.T.);
#2576=EDGE_CURVE('',#2051,#2052,#1096,.T.);
#2577=EDGE_CURVE('',#2051,#2053,#1097,.T.);
#2578=EDGE_CURVE('',#2053,#2054,#1098,.T.);
#2579=EDGE_CURVE('',#2052,#2054,#1099,.T.);
#2580=EDGE_CURVE('',#2055,#2051,#1100,.T.);
#2581=EDGE_CURVE('',#2055,#2056,#1101,.T.);
#2582=EDGE_CURVE('',#2056,#2053,#1102,.T.);
#2583=EDGE_CURVE('',#2057,#2055,#1103,.T.);
#2584=EDGE_CURVE('',#2057,#2058,#1104,.T.);
#2585=EDGE_CURVE('',#2058,#2056,#1105,.T.);
#2586=EDGE_CURVE('',#2059,#2057,#1106,.T.);
#2587=EDGE_CURVE('',#2059,#2060,#1107,.T.);
#2588=EDGE_CURVE('',#2060,#2058,#1108,.T.);
#2589=EDGE_CURVE('',#2061,#2059,#1109,.T.);
#2590=EDGE_CURVE('',#2061,#2062,#1110,.T.);
#2591=EDGE_CURVE('',#2062,#2060,#1111,.T.);
#2592=EDGE_CURVE('',#2063,#2061,#1112,.T.);
#2593=EDGE_CURVE('',#2063,#2064,#1113,.T.);
#2594=EDGE_CURVE('',#2064,#2062,#1114,.T.);
#2595=EDGE_CURVE('',#2065,#2063,#1115,.T.);
#2596=EDGE_CURVE('',#2065,#2066,#1116,.T.);
#2597=EDGE_CURVE('',#2066,#2064,#1117,.T.);
#2598=EDGE_CURVE('',#2052,#2065,#1118,.T.);
#2599=EDGE_CURVE('',#2054,#2066,#1119,.T.);
#2600=EDGE_CURVE('',#2067,#2068,#1120,.T.);
#2601=EDGE_CURVE('',#2067,#2069,#1121,.T.);
#2602=EDGE_CURVE('',#2069,#2070,#1122,.T.);
#2603=EDGE_CURVE('',#2068,#2070,#1123,.T.);
#2604=EDGE_CURVE('',#2071,#2067,#1124,.T.);
#2605=EDGE_CURVE('',#2071,#2072,#1125,.T.);
#2606=EDGE_CURVE('',#2072,#2069,#1126,.T.);
#2607=EDGE_CURVE('',#2068,#2071,#1127,.T.);
#2608=EDGE_CURVE('',#2070,#2072,#1128,.T.);
#2609=EDGE_CURVE('',#2073,#2074,#1129,.T.);
#2610=EDGE_CURVE('',#2073,#2075,#1130,.T.);
#2611=EDGE_CURVE('',#2075,#2076,#1131,.T.);
#2612=EDGE_CURVE('',#2074,#2076,#1132,.T.);
#2613=EDGE_CURVE('',#2077,#2073,#1133,.T.);
#2614=EDGE_CURVE('',#2077,#2078,#1134,.T.);
#2615=EDGE_CURVE('',#2078,#2075,#1135,.T.);
#2616=EDGE_CURVE('',#2079,#2077,#1136,.T.);
#2617=EDGE_CURVE('',#2079,#2080,#1137,.T.);
#2618=EDGE_CURVE('',#2080,#2078,#1138,.T.);
#2619=EDGE_CURVE('',#2081,#2079,#1139,.T.);
#2620=EDGE_CURVE('',#2081,#2082,#1140,.T.);
#2621=EDGE_CURVE('',#2082,#2080,#1141,.T.);
#2622=EDGE_CURVE('',#2083,#2081,#1142,.T.);
#2623=EDGE_CURVE('',#2083,#2084,#1143,.T.);
#2624=EDGE_CURVE('',#2084,#2082,#1144,.T.);
#2625=EDGE_CURVE('',#2085,#2083,#1145,.T.);
#2626=EDGE_CURVE('',#2085,#2086,#1146,.T.);
#2627=EDGE_CURVE('',#2086,#2084,#1147,.T.);
#2628=EDGE_CURVE('',#2087,#2085,#1148,.T.);
#2629=EDGE_CURVE('',#2087,#2088,#1149,.T.);
#2630=EDGE_CURVE('',#2088,#2086,#1150,.T.);
#2631=EDGE_CURVE('',#2074,#2087,#1151,.T.);
#2632=EDGE_CURVE('',#2076,#2088,#1152,.T.);
#2633=EDGE_CURVE('',#2089,#2090,#221,.T.);
#2634=EDGE_CURVE('',#2089,#2091,#1153,.T.);
#2635=EDGE_CURVE('',#2091,#2092,#222,.T.);
#2636=EDGE_CURVE('',#2090,#2092,#1154,.T.);
#2637=EDGE_CURVE('',#2093,#2089,#223,.T.);
#2638=EDGE_CURVE('',#2093,#2094,#1155,.T.);
#2639=EDGE_CURVE('',#2094,#2091,#224,.T.);
#2640=EDGE_CURVE('',#2095,#2093,#225,.T.);
#2641=EDGE_CURVE('',#2095,#2096,#1156,.T.);
#2642=EDGE_CURVE('',#2096,#2094,#226,.T.);
#2643=EDGE_CURVE('',#2097,#2095,#227,.T.);
#2644=EDGE_CURVE('',#2097,#2098,#1157,.T.);
#2645=EDGE_CURVE('',#2098,#2096,#228,.T.);
#2646=EDGE_CURVE('',#2099,#2097,#229,.T.);
#2647=EDGE_CURVE('',#2099,#2100,#1158,.T.);
#2648=EDGE_CURVE('',#2100,#2098,#230,.T.);
#2649=EDGE_CURVE('',#2101,#2099,#1159,.T.);
#2650=EDGE_CURVE('',#2101,#2102,#1160,.T.);
#2651=EDGE_CURVE('',#2102,#2100,#1161,.T.);
#2652=EDGE_CURVE('',#2103,#2101,#1162,.T.);
#2653=EDGE_CURVE('',#2103,#2104,#1163,.T.);
#2654=EDGE_CURVE('',#2104,#2102,#1164,.T.);
#2655=EDGE_CURVE('',#2090,#2103,#1165,.T.);
#2656=EDGE_CURVE('',#2092,#2104,#1166,.T.);
#2657=EDGE_CURVE('',#2105,#2106,#1167,.T.);
#2658=EDGE_CURVE('',#2105,#2107,#1168,.T.);
#2659=EDGE_CURVE('',#2107,#2108,#1169,.T.);
#2660=EDGE_CURVE('',#2106,#2108,#1170,.T.);
#2661=EDGE_CURVE('',#2109,#2105,#231,.T.);
#2662=EDGE_CURVE('',#2109,#2110,#1171,.T.);
#2663=EDGE_CURVE('',#2110,#2107,#232,.T.);
#2664=EDGE_CURVE('',#2111,#2109,#233,.T.);
#2665=EDGE_CURVE('',#2111,#2112,#1172,.T.);
#2666=EDGE_CURVE('',#2112,#2110,#234,.T.);
#2667=EDGE_CURVE('',#2113,#2111,#235,.T.);
#2668=EDGE_CURVE('',#2113,#2114,#1173,.T.);
#2669=EDGE_CURVE('',#2114,#2112,#236,.T.);
#2670=EDGE_CURVE('',#2115,#2113,#237,.T.);
#2671=EDGE_CURVE('',#2115,#2116,#1174,.T.);
#2672=EDGE_CURVE('',#2116,#2114,#238,.T.);
#2673=EDGE_CURVE('',#2117,#2115,#239,.T.);
#2674=EDGE_CURVE('',#2117,#2118,#1175,.T.);
#2675=EDGE_CURVE('',#2118,#2116,#240,.T.);
#2676=EDGE_CURVE('',#2119,#2117,#241,.T.);
#2677=EDGE_CURVE('',#2119,#2120,#1176,.T.);
#2678=EDGE_CURVE('',#2120,#2118,#242,.T.);
#2679=EDGE_CURVE('',#2121,#2119,#243,.T.);
#2680=EDGE_CURVE('',#2121,#2122,#1177,.T.);
#2681=EDGE_CURVE('',#2122,#2120,#244,.T.);
#2682=EDGE_CURVE('',#2123,#2121,#245,.T.);
#2683=EDGE_CURVE('',#2123,#2124,#1178,.T.);
#2684=EDGE_CURVE('',#2124,#2122,#246,.T.);
#2685=EDGE_CURVE('',#2125,#2123,#1179,.T.);
#2686=EDGE_CURVE('',#2125,#2126,#1180,.T.);
#2687=EDGE_CURVE('',#2126,#2124,#1181,.T.);
#2688=EDGE_CURVE('',#2106,#2125,#1182,.T.);
#2689=EDGE_CURVE('',#2108,#2126,#1183,.T.);
#2690=EDGE_CURVE('',#2127,#2128,#247,.T.);
#2691=EDGE_CURVE('',#2127,#2129,#1184,.T.);
#2692=EDGE_CURVE('',#2129,#2130,#248,.T.);
#2693=EDGE_CURVE('',#2128,#2130,#1185,.T.);
#2694=EDGE_CURVE('',#2131,#2127,#249,.T.);
#2695=EDGE_CURVE('',#2131,#2132,#1186,.T.);
#2696=EDGE_CURVE('',#2132,#2129,#250,.T.);
#2697=EDGE_CURVE('',#2133,#2131,#251,.T.);
#2698=EDGE_CURVE('',#2133,#2134,#1187,.T.);
#2699=EDGE_CURVE('',#2134,#2132,#252,.T.);
#2700=EDGE_CURVE('',#2135,#2133,#253,.T.);
#2701=EDGE_CURVE('',#2135,#2136,#1188,.T.);
#2702=EDGE_CURVE('',#2136,#2134,#254,.T.);
#2703=EDGE_CURVE('',#2137,#2135,#1189,.T.);
#2704=EDGE_CURVE('',#2137,#2138,#1190,.T.);
#2705=EDGE_CURVE('',#2138,#2136,#1191,.T.);
#2706=EDGE_CURVE('',#2139,#2137,#1192,.T.);
#2707=EDGE_CURVE('',#2139,#2140,#1193,.T.);
#2708=EDGE_CURVE('',#2140,#2138,#1194,.T.);
#2709=EDGE_CURVE('',#2141,#2139,#1195,.T.);
#2710=EDGE_CURVE('',#2141,#2142,#1196,.T.);
#2711=EDGE_CURVE('',#2142,#2140,#1197,.T.);
#2712=EDGE_CURVE('',#2143,#2141,#255,.T.);
#2713=EDGE_CURVE('',#2143,#2144,#1198,.T.);
#2714=EDGE_CURVE('',#2144,#2142,#256,.T.);
#2715=EDGE_CURVE('',#2145,#2143,#257,.T.);
#2716=EDGE_CURVE('',#2145,#2146,#1199,.T.);
#2717=EDGE_CURVE('',#2146,#2144,#258,.T.);
#2718=EDGE_CURVE('',#2147,#2145,#259,.T.);
#2719=EDGE_CURVE('',#2147,#2148,#1200,.T.);
#2720=EDGE_CURVE('',#2148,#2146,#260,.T.);
#2721=EDGE_CURVE('',#2149,#2147,#261,.T.);
#2722=EDGE_CURVE('',#2149,#2150,#1201,.T.);
#2723=EDGE_CURVE('',#2150,#2148,#262,.T.);
#2724=EDGE_CURVE('',#2151,#2149,#263,.T.);
#2725=EDGE_CURVE('',#2151,#2152,#1202,.T.);
#2726=EDGE_CURVE('',#2152,#2150,#264,.T.);
#2727=EDGE_CURVE('',#2153,#2151,#265,.T.);
#2728=EDGE_CURVE('',#2153,#2154,#1203,.T.);
#2729=EDGE_CURVE('',#2154,#2152,#266,.T.);
#2730=EDGE_CURVE('',#2155,#2153,#267,.T.);
#2731=EDGE_CURVE('',#2155,#2156,#1204,.T.);
#2732=EDGE_CURVE('',#2156,#2154,#268,.T.);
#2733=EDGE_CURVE('',#2157,#2155,#269,.T.);
#2734=EDGE_CURVE('',#2157,#2158,#1205,.T.);
#2735=EDGE_CURVE('',#2158,#2156,#270,.T.);
#2736=EDGE_CURVE('',#2159,#2157,#271,.T.);
#2737=EDGE_CURVE('',#2159,#2160,#1206,.T.);
#2738=EDGE_CURVE('',#2160,#2158,#272,.T.);
#2739=EDGE_CURVE('',#2161,#2159,#1207,.T.);
#2740=EDGE_CURVE('',#2161,#2162,#1208,.T.);
#2741=EDGE_CURVE('',#2162,#2160,#1209,.T.);
#2742=EDGE_CURVE('',#2163,#2161,#1210,.T.);
#2743=EDGE_CURVE('',#2163,#2164,#1211,.T.);
#2744=EDGE_CURVE('',#2164,#2162,#1212,.T.);
#2745=EDGE_CURVE('',#2128,#2163,#1213,.T.);
#2746=EDGE_CURVE('',#2130,#2164,#1214,.T.);
#2747=EDGE_CURVE('',#2165,#2166,#273,.T.);
#2748=EDGE_CURVE('',#2165,#2167,#1215,.T.);
#2749=EDGE_CURVE('',#2167,#2168,#274,.T.);
#2750=EDGE_CURVE('',#2166,#2168,#1216,.T.);
#2751=EDGE_CURVE('',#2169,#2165,#275,.T.);
#2752=EDGE_CURVE('',#2169,#2170,#1217,.T.);
#2753=EDGE_CURVE('',#2170,#2167,#276,.T.);
#2754=EDGE_CURVE('',#2171,#2169,#277,.T.);
#2755=EDGE_CURVE('',#2171,#2172,#1218,.T.);
#2756=EDGE_CURVE('',#2172,#2170,#278,.T.);
#2757=EDGE_CURVE('',#2173,#2171,#279,.T.);
#2758=EDGE_CURVE('',#2173,#2174,#1219,.T.);
#2759=EDGE_CURVE('',#2174,#2172,#280,.T.);
#2760=EDGE_CURVE('',#2175,#2173,#281,.T.);
#2761=EDGE_CURVE('',#2175,#2176,#1220,.T.);
#2762=EDGE_CURVE('',#2176,#2174,#282,.T.);
#2763=EDGE_CURVE('',#2177,#2175,#283,.T.);
#2764=EDGE_CURVE('',#2177,#2178,#1221,.T.);
#2765=EDGE_CURVE('',#2178,#2176,#284,.T.);
#2766=EDGE_CURVE('',#2179,#2177,#285,.T.);
#2767=EDGE_CURVE('',#2179,#2180,#1222,.T.);
#2768=EDGE_CURVE('',#2180,#2178,#286,.T.);
#2769=EDGE_CURVE('',#2166,#2179,#287,.T.);
#2770=EDGE_CURVE('',#2168,#2180,#288,.T.);
#2771=EDGE_CURVE('',#2181,#2182,#289,.T.);
#2772=EDGE_CURVE('',#2181,#2183,#1223,.T.);
#2773=EDGE_CURVE('',#2183,#2184,#290,.T.);
#2774=EDGE_CURVE('',#2182,#2184,#1224,.T.);
#2775=EDGE_CURVE('',#2185,#2181,#291,.T.);
#2776=EDGE_CURVE('',#2185,#2186,#1225,.T.);
#2777=EDGE_CURVE('',#2186,#2183,#292,.T.);
#2778=EDGE_CURVE('',#2187,#2185,#293,.T.);
#2779=EDGE_CURVE('',#2187,#2188,#1226,.T.);
#2780=EDGE_CURVE('',#2188,#2186,#294,.T.);
#2781=EDGE_CURVE('',#2189,#2187,#295,.T.);
#2782=EDGE_CURVE('',#2189,#2190,#1227,.T.);
#2783=EDGE_CURVE('',#2190,#2188,#296,.T.);
#2784=EDGE_CURVE('',#2191,#2189,#297,.T.);
#2785=EDGE_CURVE('',#2191,#2192,#1228,.T.);
#2786=EDGE_CURVE('',#2192,#2190,#298,.T.);
#2787=EDGE_CURVE('',#2193,#2191,#299,.T.);
#2788=EDGE_CURVE('',#2193,#2194,#1229,.T.);
#2789=EDGE_CURVE('',#2194,#2192,#300,.T.);
#2790=EDGE_CURVE('',#2195,#2193,#301,.T.);
#2791=EDGE_CURVE('',#2195,#2196,#1230,.T.);
#2792=EDGE_CURVE('',#2196,#2194,#302,.T.);
#2793=EDGE_CURVE('',#2197,#2195,#303,.T.);
#2794=EDGE_CURVE('',#2197,#2198,#1231,.T.);
#2795=EDGE_CURVE('',#2198,#2196,#304,.T.);
#2796=EDGE_CURVE('',#2199,#2197,#305,.T.);
#2797=EDGE_CURVE('',#2199,#2200,#1232,.T.);
#2798=EDGE_CURVE('',#2200,#2198,#306,.T.);
#2799=EDGE_CURVE('',#2182,#2199,#307,.T.);
#2800=EDGE_CURVE('',#2184,#2200,#308,.T.);
#2801=EDGE_CURVE('',#2201,#2202,#1233,.T.);
#2802=EDGE_CURVE('',#2201,#2203,#1234,.T.);
#2803=EDGE_CURVE('',#2203,#2204,#1235,.T.);
#2804=EDGE_CURVE('',#2202,#2204,#1236,.T.);
#2805=EDGE_CURVE('',#2205,#2201,#1237,.T.);
#2806=EDGE_CURVE('',#2205,#2206,#1238,.T.);
#2807=EDGE_CURVE('',#2206,#2203,#1239,.T.);
#2808=EDGE_CURVE('',#2207,#2205,#1240,.T.);
#2809=EDGE_CURVE('',#2207,#2208,#1241,.T.);
#2810=EDGE_CURVE('',#2208,#2206,#1242,.T.);
#2811=EDGE_CURVE('',#2209,#2207,#1243,.T.);
#2812=EDGE_CURVE('',#2209,#2210,#1244,.T.);
#2813=EDGE_CURVE('',#2210,#2208,#1245,.T.);
#2814=EDGE_CURVE('',#2211,#2209,#1246,.T.);
#2815=EDGE_CURVE('',#2211,#2212,#1247,.T.);
#2816=EDGE_CURVE('',#2212,#2210,#1248,.T.);
#2817=EDGE_CURVE('',#2213,#2211,#1249,.T.);
#2818=EDGE_CURVE('',#2213,#2214,#1250,.T.);
#2819=EDGE_CURVE('',#2214,#2212,#1251,.T.);
#2820=EDGE_CURVE('',#2215,#2213,#1252,.T.);
#2821=EDGE_CURVE('',#2215,#2216,#1253,.T.);
#2822=EDGE_CURVE('',#2216,#2214,#1254,.T.);
#2823=EDGE_CURVE('',#2217,#2215,#1255,.T.);
#2824=EDGE_CURVE('',#2217,#2218,#1256,.T.);
#2825=EDGE_CURVE('',#2218,#2216,#1257,.T.);
#2826=EDGE_CURVE('',#2219,#2217,#1258,.T.);
#2827=EDGE_CURVE('',#2219,#2220,#1259,.T.);
#2828=EDGE_CURVE('',#2220,#2218,#1260,.T.);
#2829=EDGE_CURVE('',#2202,#2219,#1261,.T.);
#2830=EDGE_CURVE('',#2204,#2220,#1262,.T.);
#2831=EDGE_CURVE('',#2221,#2222,#67,.T.);
#2832=EDGE_CURVE('',#2222,#2223,#1263,.T.);
#2833=EDGE_CURVE('',#2223,#2224,#68,.T.);
#2834=EDGE_CURVE('',#2224,#2225,#1264,.T.);
#2835=EDGE_CURVE('',#2225,#2226,#69,.T.);
#2836=EDGE_CURVE('',#2226,#2227,#1265,.T.);
#2837=EDGE_CURVE('',#2227,#2228,#70,.T.);
#2838=EDGE_CURVE('',#2228,#2229,#1266,.T.);
#2839=EDGE_CURVE('',#2229,#2230,#71,.T.);
#2840=EDGE_CURVE('',#2230,#2231,#1267,.T.);
#2841=EDGE_CURVE('',#2231,#2232,#72,.T.);
#2842=EDGE_CURVE('',#2232,#2233,#1268,.T.);
#2843=EDGE_CURVE('',#2233,#2234,#73,.T.);
#2844=EDGE_CURVE('',#2234,#2235,#1269,.T.);
#2845=EDGE_CURVE('',#2235,#2236,#74,.T.);
#2846=EDGE_CURVE('',#2236,#2221,#1270,.T.);
#2847=EDGE_CURVE('',#2237,#2237,#75,.T.);
#2848=EDGE_CURVE('',#2238,#2238,#76,.T.);
#2849=EDGE_CURVE('',#2239,#2239,#77,.T.);
#2850=EDGE_CURVE('',#2240,#2240,#78,.T.);
#2851=EDGE_CURVE('',#2241,#2242,#1271,.T.);
#2852=EDGE_CURVE('',#2243,#2241,#79,.T.);
#2853=EDGE_CURVE('',#2244,#2243,#1272,.T.);
#2854=EDGE_CURVE('',#2242,#2244,#80,.T.);
#2855=EDGE_CURVE('',#2245,#2242,#1273,.T.);
#2856=EDGE_CURVE('',#2246,#2245,#1274,.T.);
#2857=EDGE_CURVE('',#2241,#2246,#1275,.T.);
#2858=EDGE_CURVE('',#2247,#2248,#1276,.T.);
#2859=EDGE_CURVE('',#2246,#2247,#81,.T.);
#2860=EDGE_CURVE('',#2248,#2245,#82,.T.);
#2861=EDGE_CURVE('',#2249,#2248,#1277,.T.);
#2862=EDGE_CURVE('',#2250,#2249,#1278,.T.);
#2863=EDGE_CURVE('',#2247,#2250,#1279,.T.);
#2864=EDGE_CURVE('',#2251,#2252,#1280,.T.);
#2865=EDGE_CURVE('',#2250,#2251,#83,.T.);
#2866=EDGE_CURVE('',#2252,#2249,#84,.T.);
#2867=EDGE_CURVE('',#2253,#2252,#1281,.T.);
#2868=EDGE_CURVE('',#2254,#2253,#1282,.T.);
#2869=EDGE_CURVE('',#2251,#2254,#1283,.T.);
#2870=EDGE_CURVE('',#2255,#2256,#1284,.T.);
#2871=EDGE_CURVE('',#2254,#2255,#85,.T.);
#2872=EDGE_CURVE('',#2256,#2253,#86,.T.);
#2873=EDGE_CURVE('',#2244,#2256,#1285,.T.);
#2874=EDGE_CURVE('',#2255,#2243,#1286,.T.);
#2875=EDGE_CURVE('',#2250,#2257,#1287,.T.);
#2876=EDGE_CURVE('',#2257,#2258,#1288,.T.);
#2877=EDGE_CURVE('',#2247,#2258,#1289,.T.);
#2878=EDGE_CURVE('',#2258,#2259,#87,.T.);
#2879=EDGE_CURVE('',#2246,#2259,#1290,.T.);
#2880=EDGE_CURVE('',#2259,#2260,#1291,.T.);
#2881=EDGE_CURVE('',#2241,#2260,#1292,.T.);
#2882=EDGE_CURVE('',#2260,#2261,#88,.T.);
#2883=EDGE_CURVE('',#2243,#2261,#1293,.T.);
#2884=EDGE_CURVE('',#2255,#2262,#1294,.T.);
#2885=EDGE_CURVE('',#2262,#2263,#89,.T.);
#2886=EDGE_CURVE('',#2254,#2263,#1295,.T.);
#2887=EDGE_CURVE('',#2261,#2262,#1296,.T.);
#2888=EDGE_CURVE('',#2251,#2264,#1297,.T.);
#2889=EDGE_CURVE('',#2264,#2257,#90,.T.);
#2890=EDGE_CURVE('',#2263,#2264,#1298,.T.);
#2891=EDGE_CURVE('',#2265,#2266,#1299,.T.);
#2892=EDGE_CURVE('',#2266,#2267,#1300,.T.);
#2893=EDGE_CURVE('',#2267,#2268,#1301,.T.);
#2894=EDGE_CURVE('',#2265,#2268,#1302,.T.);
#2895=EDGE_CURVE('',#2269,#2270,#1303,.T.);
#2896=EDGE_CURVE('',#2271,#2270,#1304,.T.);
#2897=EDGE_CURVE('',#2271,#2272,#1305,.T.);
#2898=EDGE_CURVE('',#2272,#2269,#1306,.T.);
#2899=EDGE_CURVE('',#2270,#2265,#1307,.T.);
#2900=EDGE_CURVE('',#2268,#2271,#1308,.T.);
#2901=EDGE_CURVE('',#2267,#2273,#1309,.T.);
#2902=EDGE_CURVE('',#2273,#2274,#1310,.T.);
#2903=EDGE_CURVE('',#2274,#2275,#1311,.T.);
#2904=EDGE_CURVE('',#2276,#2275,#1312,.T.);
#2905=EDGE_CURVE('',#2276,#2272,#1313,.T.);
#2906=EDGE_CURVE('',#2277,#2276,#91,.T.);
#2907=EDGE_CURVE('',#2278,#2277,#1314,.T.);
#2908=EDGE_CURVE('',#2279,#2278,#1315,.T.);
#2909=EDGE_CURVE('',#2280,#2279,#1316,.T.);
#2910=EDGE_CURVE('',#2281,#2280,#92,.T.);
#2911=EDGE_CURVE('',#2269,#2281,#1317,.T.);
#2912=EDGE_CURVE('',#2278,#2282,#1318,.T.);
#2913=EDGE_CURVE('',#2283,#2282,#1319,.T.);
#2914=EDGE_CURVE('',#2283,#2279,#1320,.T.);
#2915=EDGE_CURVE('',#2284,#2285,#1321,.T.);
#2916=EDGE_CURVE('',#2285,#2286,#1322,.T.);
#2917=EDGE_CURVE('',#2287,#2286,#1323,.T.);
#2918=EDGE_CURVE('',#2287,#2284,#1324,.T.);
#2919=EDGE_CURVE('',#2286,#2283,#1325,.T.);
#2920=EDGE_CURVE('',#2282,#2287,#1326,.T.);
#2921=EDGE_CURVE('',#2288,#2289,#1327,.T.);
#2922=EDGE_CURVE('',#2289,#2290,#1328,.T.);
#2923=EDGE_CURVE('',#2291,#2290,#1329,.T.);
#2924=EDGE_CURVE('',#2291,#2288,#1330,.T.);
#2925=EDGE_CURVE('',#2292,#2293,#1331,.T.);
#2926=EDGE_CURVE('',#2293,#2294,#1332,.T.);
#2927=EDGE_CURVE('',#2295,#2294,#1333,.T.);
#2928=EDGE_CURVE('',#2295,#2292,#1334,.T.);
#2929=EDGE_CURVE('',#2294,#2291,#1335,.T.);
#2930=EDGE_CURVE('',#2290,#2295,#1336,.T.);
#2931=EDGE_CURVE('',#2296,#2266,#1337,.T.);
#2932=EDGE_CURVE('',#2297,#2296,#93,.T.);
#2933=EDGE_CURVE('',#2298,#2297,#1338,.T.);
#2934=EDGE_CURVE('',#2299,#2298,#94,.T.);
#2935=EDGE_CURVE('',#2300,#2299,#1339,.T.);
#2936=EDGE_CURVE('',#2301,#2300,#95,.T.);
#2937=EDGE_CURVE('',#2302,#2301,#1340,.T.);
#2938=EDGE_CURVE('',#2303,#2302,#96,.T.);
#2939=EDGE_CURVE('',#2304,#2303,#1341,.T.);
#2940=EDGE_CURVE('',#2305,#2304,#97,.T.);
#2941=EDGE_CURVE('',#2306,#2305,#1342,.T.);
#2942=EDGE_CURVE('',#2307,#2306,#98,.T.);
#2943=EDGE_CURVE('',#2308,#2307,#1343,.T.);
#2944=EDGE_CURVE('',#2309,#2308,#99,.T.);
#2945=EDGE_CURVE('',#2293,#2309,#1344,.T.);
#2946=EDGE_CURVE('',#2310,#2292,#1345,.T.);
#2947=EDGE_CURVE('',#2311,#2310,#100,.T.);
#2948=EDGE_CURVE('',#2312,#2311,#1346,.T.);
#2949=EDGE_CURVE('',#2313,#2312,#101,.T.);
#2950=EDGE_CURVE('',#2314,#2313,#1347,.T.);
#2951=EDGE_CURVE('',#2314,#2315,#102,.T.);
#2952=EDGE_CURVE('',#2316,#2315,#1348,.T.);
#2953=EDGE_CURVE('',#2317,#2316,#103,.T.);
#2954=EDGE_CURVE('',#2317,#2318,#1349,.T.);
#2955=EDGE_CURVE('',#2319,#2318,#104,.T.);
#2956=EDGE_CURVE('',#2319,#2320,#1350,.T.);
#2957=EDGE_CURVE('',#2321,#2320,#105,.T.);
#2958=EDGE_CURVE('',#2322,#2321,#1351,.T.);
#2959=EDGE_CURVE('',#2322,#2273,#106,.T.);
#2960=EDGE_CURVE('',#2289,#2284,#1352,.T.);
#2961=EDGE_CURVE('',#2285,#2288,#1353,.T.);
#2962=EDGE_CURVE('',#2309,#2323,#1354,.T.);
#2963=EDGE_CURVE('',#2324,#2323,#1355,.T.);
#2964=EDGE_CURVE('',#2280,#2324,#1356,.T.);
#2965=EDGE_CURVE('',#2325,#2221,#1357,.T.);
#2966=EDGE_CURVE('',#2326,#2325,#107,.T.);
#2967=EDGE_CURVE('',#2222,#2326,#1358,.T.);
#2968=EDGE_CURVE('',#2327,#2236,#1359,.T.);
#2969=EDGE_CURVE('',#2325,#2327,#1360,.T.);
#2970=EDGE_CURVE('',#2328,#2235,#1361,.T.);
#2971=EDGE_CURVE('',#2327,#2328,#108,.T.);
#2972=EDGE_CURVE('',#2329,#2234,#1362,.T.);
#2973=EDGE_CURVE('',#2328,#2329,#1363,.T.);
#2974=EDGE_CURVE('',#2330,#2233,#1364,.T.);
#2975=EDGE_CURVE('',#2329,#2330,#109,.T.);
#2976=EDGE_CURVE('',#2331,#2232,#1365,.T.);
#2977=EDGE_CURVE('',#2330,#2331,#1366,.T.);
#2978=EDGE_CURVE('',#2274,#2231,#1367,.T.);
#2979=EDGE_CURVE('',#2331,#2274,#110,.T.);
#2980=EDGE_CURVE('',#2275,#2230,#1368,.T.);
#2981=EDGE_CURVE('',#2332,#2229,#1369,.T.);
#2982=EDGE_CURVE('',#2275,#2332,#111,.T.);
#2983=EDGE_CURVE('',#2333,#2228,#1370,.T.);
#2984=EDGE_CURVE('',#2332,#2333,#1371,.T.);
#2985=EDGE_CURVE('',#2334,#2227,#1372,.T.);
#2986=EDGE_CURVE('',#2333,#2334,#112,.T.);
#2987=EDGE_CURVE('',#2335,#2226,#1373,.T.);
#2988=EDGE_CURVE('',#2334,#2335,#1374,.T.);
#2989=EDGE_CURVE('',#2336,#2225,#1375,.T.);
#2990=EDGE_CURVE('',#2335,#2336,#113,.T.);
#2991=EDGE_CURVE('',#2337,#2224,#1376,.T.);
#2992=EDGE_CURVE('',#2336,#2337,#1377,.T.);
#2993=EDGE_CURVE('',#2338,#2223,#1378,.T.);
#2994=EDGE_CURVE('',#2337,#2338,#114,.T.);
#2995=EDGE_CURVE('',#2338,#2326,#1379,.T.);
#2996=EDGE_CURVE('',#2322,#2331,#1380,.T.);
#2997=EDGE_CURVE('',#2321,#2330,#1381,.T.);
#2998=EDGE_CURVE('',#2320,#2329,#1382,.T.);
#2999=EDGE_CURVE('',#2319,#2328,#1383,.T.);
#3000=EDGE_CURVE('',#2318,#2327,#1384,.T.);
#3001=EDGE_CURVE('',#2317,#2325,#1385,.T.);
#3002=EDGE_CURVE('',#2316,#2326,#1386,.T.);
#3003=EDGE_CURVE('',#2240,#2339,#1387,.T.);
#3004=EDGE_CURVE('',#2339,#2339,#115,.T.);
#3005=EDGE_CURVE('',#2339,#2340,#1388,.T.);
#3006=EDGE_CURVE('',#2340,#2340,#116,.T.);
#3007=EDGE_CURVE('',#2237,#2341,#1389,.T.);
#3008=EDGE_CURVE('',#2341,#2341,#117,.T.);
#3009=EDGE_CURVE('',#2341,#2342,#1390,.T.);
#3010=EDGE_CURVE('',#2342,#2342,#118,.T.);
#3011=EDGE_CURVE('',#2239,#2343,#1391,.T.);
#3012=EDGE_CURVE('',#2343,#2343,#119,.T.);
#3013=EDGE_CURVE('',#2343,#2344,#1392,.T.);
#3014=EDGE_CURVE('',#2344,#2344,#120,.T.);
#3015=EDGE_CURVE('',#2238,#2345,#1393,.T.);
#3016=EDGE_CURVE('',#2345,#2345,#121,.T.);
#3017=EDGE_CURVE('',#2345,#2346,#1394,.T.);
#3018=EDGE_CURVE('',#2346,#2346,#122,.T.);
#3019=EDGE_CURVE('',#2347,#2347,#123,.T.);
#3020=EDGE_CURVE('',#2348,#2348,#124,.T.);
#3021=EDGE_CURVE('',#2349,#2349,#125,.T.);
#3022=EDGE_CURVE('',#2350,#2350,#126,.T.);
#3023=EDGE_CURVE('',#2351,#2351,#127,.T.);
#3024=EDGE_CURVE('',#2351,#2347,#1395,.T.);
#3025=EDGE_CURVE('',#2352,#2352,#128,.T.);
#3026=EDGE_CURVE('',#2352,#2348,#1396,.T.);
#3027=EDGE_CURVE('',#2353,#2353,#129,.T.);
#3028=EDGE_CURVE('',#2353,#2349,#1397,.T.);
#3029=EDGE_CURVE('',#2354,#2354,#130,.T.);
#3030=EDGE_CURVE('',#2354,#2350,#1398,.T.);
#3031=EDGE_CURVE('',#2298,#2355,#1399,.T.);
#3032=EDGE_CURVE('',#2356,#2355,#131,.T.);
#3033=EDGE_CURVE('',#2299,#2356,#1400,.T.);
#3034=EDGE_CURVE('',#2357,#2356,#1401,.T.);
#3035=EDGE_CURVE('',#2300,#2357,#1402,.T.);
#3036=EDGE_CURVE('',#2358,#2357,#132,.T.);
#3037=EDGE_CURVE('',#2301,#2358,#1403,.T.);
#3038=EDGE_CURVE('',#2359,#2358,#1404,.T.);
#3039=EDGE_CURVE('',#2302,#2359,#1405,.T.);
#3040=EDGE_CURVE('',#2360,#2359,#133,.T.);
#3041=EDGE_CURVE('',#2303,#2360,#1406,.T.);
#3042=EDGE_CURVE('',#2361,#2360,#1407,.T.);
#3043=EDGE_CURVE('',#2304,#2361,#1408,.T.);
#3044=EDGE_CURVE('',#2362,#2361,#134,.T.);
#3045=EDGE_CURVE('',#2305,#2362,#1409,.T.);
#3046=EDGE_CURVE('',#2363,#2362,#1410,.T.);
#3047=EDGE_CURVE('',#2306,#2363,#1411,.T.);
#3048=EDGE_CURVE('',#2364,#2363,#135,.T.);
#3049=EDGE_CURVE('',#2307,#2364,#1412,.T.);
#3050=EDGE_CURVE('',#2365,#2364,#1413,.T.);
#3051=EDGE_CURVE('',#2308,#2365,#1414,.T.);
#3052=EDGE_CURVE('',#2323,#2365,#136,.T.);
#3053=EDGE_CURVE('',#2366,#2324,#137,.T.);
#3054=EDGE_CURVE('',#2281,#2366,#1415,.T.);
#3055=EDGE_CURVE('',#2367,#2366,#1416,.T.);
#3056=EDGE_CURVE('',#2296,#2367,#1417,.T.);
#3057=EDGE_CURVE('',#2368,#2367,#138,.T.);
#3058=EDGE_CURVE('',#2297,#2368,#1418,.T.);
#3059=EDGE_CURVE('',#2355,#2368,#1419,.T.);
#3060=EDGE_CURVE('',#2315,#2338,#1420,.T.);
#3061=EDGE_CURVE('',#2314,#2337,#1421,.T.);
#3062=EDGE_CURVE('',#2313,#2336,#1422,.T.);
#3063=EDGE_CURVE('',#2312,#2335,#1423,.T.);
#3064=EDGE_CURVE('',#2311,#2334,#1424,.T.);
#3065=EDGE_CURVE('',#2310,#2333,#1425,.T.);
#3066=EDGE_CURVE('',#2277,#2332,#1426,.T.);
#3067=ORIENTED_EDGE('',*,*,#2369,.F.);
#3068=ORIENTED_EDGE('',*,*,#2370,.T.);
#3069=ORIENTED_EDGE('',*,*,#2371,.T.);
#3070=ORIENTED_EDGE('',*,*,#2372,.F.);
#3071=ORIENTED_EDGE('',*,*,#2373,.F.);
#3072=ORIENTED_EDGE('',*,*,#2374,.T.);
#3073=ORIENTED_EDGE('',*,*,#2375,.T.);
#3074=ORIENTED_EDGE('',*,*,#2370,.F.);
#3075=ORIENTED_EDGE('',*,*,#2376,.F.);
#3076=ORIENTED_EDGE('',*,*,#2372,.T.);
#3077=ORIENTED_EDGE('',*,*,#2377,.T.);
#3078=ORIENTED_EDGE('',*,*,#2374,.F.);
#3079=ORIENTED_EDGE('',*,*,#2377,.F.);
#3080=ORIENTED_EDGE('',*,*,#2371,.F.);
#3081=ORIENTED_EDGE('',*,*,#2375,.F.);
#3082=ORIENTED_EDGE('',*,*,#2378,.F.);
#3083=ORIENTED_EDGE('',*,*,#2379,.T.);
#3084=ORIENTED_EDGE('',*,*,#2380,.T.);
#3085=ORIENTED_EDGE('',*,*,#2381,.F.);
#3086=ORIENTED_EDGE('',*,*,#2382,.F.);
#3087=ORIENTED_EDGE('',*,*,#2383,.T.);
#3088=ORIENTED_EDGE('',*,*,#2384,.T.);
#3089=ORIENTED_EDGE('',*,*,#2379,.F.);
#3090=ORIENTED_EDGE('',*,*,#2385,.F.);
#3091=ORIENTED_EDGE('',*,*,#2386,.T.);
#3092=ORIENTED_EDGE('',*,*,#2387,.T.);
#3093=ORIENTED_EDGE('',*,*,#2383,.F.);
#3094=ORIENTED_EDGE('',*,*,#2388,.F.);
#3095=ORIENTED_EDGE('',*,*,#2389,.T.);
#3096=ORIENTED_EDGE('',*,*,#2390,.T.);
#3097=ORIENTED_EDGE('',*,*,#2386,.F.);
#3098=ORIENTED_EDGE('',*,*,#2391,.F.);
#3099=ORIENTED_EDGE('',*,*,#2392,.T.);
#3100=ORIENTED_EDGE('',*,*,#2393,.T.);
#3101=ORIENTED_EDGE('',*,*,#2389,.F.);
#3102=ORIENTED_EDGE('',*,*,#2394,.F.);
#3103=ORIENTED_EDGE('',*,*,#2395,.T.);
#3104=ORIENTED_EDGE('',*,*,#2396,.T.);
#3105=ORIENTED_EDGE('',*,*,#2392,.F.);
#3106=ORIENTED_EDGE('',*,*,#2397,.F.);
#3107=ORIENTED_EDGE('',*,*,#2398,.T.);
#3108=ORIENTED_EDGE('',*,*,#2399,.T.);
#3109=ORIENTED_EDGE('',*,*,#2395,.F.);
#3110=ORIENTED_EDGE('',*,*,#2400,.F.);
#3111=ORIENTED_EDGE('',*,*,#2381,.T.);
#3112=ORIENTED_EDGE('',*,*,#2401,.T.);
#3113=ORIENTED_EDGE('',*,*,#2398,.F.);
#3114=ORIENTED_EDGE('',*,*,#2402,.F.);
#3115=ORIENTED_EDGE('',*,*,#2403,.T.);
#3116=ORIENTED_EDGE('',*,*,#2404,.T.);
#3117=ORIENTED_EDGE('',*,*,#2405,.F.);
#3118=ORIENTED_EDGE('',*,*,#2406,.F.);
#3119=ORIENTED_EDGE('',*,*,#2407,.T.);
#3120=ORIENTED_EDGE('',*,*,#2408,.T.);
#3121=ORIENTED_EDGE('',*,*,#2403,.F.);
#3122=ORIENTED_EDGE('',*,*,#2409,.F.);
#3123=ORIENTED_EDGE('',*,*,#2410,.T.);
#3124=ORIENTED_EDGE('',*,*,#2411,.T.);
#3125=ORIENTED_EDGE('',*,*,#2407,.F.);
#3126=ORIENTED_EDGE('',*,*,#2412,.F.);
#3127=ORIENTED_EDGE('',*,*,#2413,.T.);
#3128=ORIENTED_EDGE('',*,*,#2414,.T.);
#3129=ORIENTED_EDGE('',*,*,#2410,.F.);
#3130=ORIENTED_EDGE('',*,*,#2415,.F.);
#3131=ORIENTED_EDGE('',*,*,#2416,.T.);
#3132=ORIENTED_EDGE('',*,*,#2417,.T.);
#3133=ORIENTED_EDGE('',*,*,#2413,.F.);
#3134=ORIENTED_EDGE('',*,*,#2418,.F.);
#3135=ORIENTED_EDGE('',*,*,#2419,.T.);
#3136=ORIENTED_EDGE('',*,*,#2420,.T.);
#3137=ORIENTED_EDGE('',*,*,#2416,.F.);
#3138=ORIENTED_EDGE('',*,*,#2421,.F.);
#3139=ORIENTED_EDGE('',*,*,#2422,.T.);
#3140=ORIENTED_EDGE('',*,*,#2423,.T.);
#3141=ORIENTED_EDGE('',*,*,#2419,.F.);
#3142=ORIENTED_EDGE('',*,*,#2424,.F.);
#3143=ORIENTED_EDGE('',*,*,#2425,.T.);
#3144=ORIENTED_EDGE('',*,*,#2426,.T.);
#3145=ORIENTED_EDGE('',*,*,#2422,.F.);
#3146=ORIENTED_EDGE('',*,*,#2427,.F.);
#3147=ORIENTED_EDGE('',*,*,#2428,.T.);
#3148=ORIENTED_EDGE('',*,*,#2429,.T.);
#3149=ORIENTED_EDGE('',*,*,#2425,.F.);
#3150=ORIENTED_EDGE('',*,*,#2430,.F.);
#3151=ORIENTED_EDGE('',*,*,#2405,.T.);
#3152=ORIENTED_EDGE('',*,*,#2431,.T.);
#3153=ORIENTED_EDGE('',*,*,#2428,.F.);
#3154=ORIENTED_EDGE('',*,*,#2431,.F.);
#3155=ORIENTED_EDGE('',*,*,#2404,.F.);
#3156=ORIENTED_EDGE('',*,*,#2408,.F.);
#3157=ORIENTED_EDGE('',*,*,#2411,.F.);
#3158=ORIENTED_EDGE('',*,*,#2414,.F.);
#3159=ORIENTED_EDGE('',*,*,#2417,.F.);
#3160=ORIENTED_EDGE('',*,*,#2420,.F.);
#3161=ORIENTED_EDGE('',*,*,#2423,.F.);
#3162=ORIENTED_EDGE('',*,*,#2426,.F.);
#3163=ORIENTED_EDGE('',*,*,#2429,.F.);
#3164=ORIENTED_EDGE('',*,*,#2401,.F.);
#3165=ORIENTED_EDGE('',*,*,#2380,.F.);
#3166=ORIENTED_EDGE('',*,*,#2384,.F.);
#3167=ORIENTED_EDGE('',*,*,#2387,.F.);
#3168=ORIENTED_EDGE('',*,*,#2390,.F.);
#3169=ORIENTED_EDGE('',*,*,#2393,.F.);
#3170=ORIENTED_EDGE('',*,*,#2396,.F.);
#3171=ORIENTED_EDGE('',*,*,#2399,.F.);
#3172=ORIENTED_EDGE('',*,*,#2432,.F.);
#3173=ORIENTED_EDGE('',*,*,#2433,.T.);
#3174=ORIENTED_EDGE('',*,*,#2434,.T.);
#3175=ORIENTED_EDGE('',*,*,#2435,.F.);
#3176=ORIENTED_EDGE('',*,*,#2436,.F.);
#3177=ORIENTED_EDGE('',*,*,#2437,.T.);
#3178=ORIENTED_EDGE('',*,*,#2438,.T.);
#3179=ORIENTED_EDGE('',*,*,#2433,.F.);
#3180=ORIENTED_EDGE('',*,*,#2439,.F.);
#3181=ORIENTED_EDGE('',*,*,#2440,.T.);
#3182=ORIENTED_EDGE('',*,*,#2441,.T.);
#3183=ORIENTED_EDGE('',*,*,#2437,.F.);
#3184=ORIENTED_EDGE('',*,*,#2442,.F.);
#3185=ORIENTED_EDGE('',*,*,#2443,.T.);
#3186=ORIENTED_EDGE('',*,*,#2444,.T.);
#3187=ORIENTED_EDGE('',*,*,#2440,.F.);
#3188=ORIENTED_EDGE('',*,*,#2445,.F.);
#3189=ORIENTED_EDGE('',*,*,#2446,.T.);
#3190=ORIENTED_EDGE('',*,*,#2447,.T.);
#3191=ORIENTED_EDGE('',*,*,#2443,.F.);
#3192=ORIENTED_EDGE('',*,*,#2448,.F.);
#3193=ORIENTED_EDGE('',*,*,#2449,.T.);
#3194=ORIENTED_EDGE('',*,*,#2450,.T.);
#3195=ORIENTED_EDGE('',*,*,#2446,.F.);
#3196=ORIENTED_EDGE('',*,*,#2451,.F.);
#3197=ORIENTED_EDGE('',*,*,#2452,.T.);
#3198=ORIENTED_EDGE('',*,*,#2453,.T.);
#3199=ORIENTED_EDGE('',*,*,#2449,.F.);
#3200=ORIENTED_EDGE('',*,*,#2454,.F.);
#3201=ORIENTED_EDGE('',*,*,#2455,.T.);
#3202=ORIENTED_EDGE('',*,*,#2456,.T.);
#3203=ORIENTED_EDGE('',*,*,#2452,.F.);
#3204=ORIENTED_EDGE('',*,*,#2457,.F.);
#3205=ORIENTED_EDGE('',*,*,#2458,.T.);
#3206=ORIENTED_EDGE('',*,*,#2459,.T.);
#3207=ORIENTED_EDGE('',*,*,#2455,.F.);
#3208=ORIENTED_EDGE('',*,*,#2460,.F.);
#3209=ORIENTED_EDGE('',*,*,#2435,.T.);
#3210=ORIENTED_EDGE('',*,*,#2461,.T.);
#3211=ORIENTED_EDGE('',*,*,#2458,.F.);
#3212=ORIENTED_EDGE('',*,*,#2461,.F.);
#3213=ORIENTED_EDGE('',*,*,#2434,.F.);
#3214=ORIENTED_EDGE('',*,*,#2438,.F.);
#3215=ORIENTED_EDGE('',*,*,#2441,.F.);
#3216=ORIENTED_EDGE('',*,*,#2444,.F.);
#3217=ORIENTED_EDGE('',*,*,#2447,.F.);
#3218=ORIENTED_EDGE('',*,*,#2450,.F.);
#3219=ORIENTED_EDGE('',*,*,#2453,.F.);
#3220=ORIENTED_EDGE('',*,*,#2456,.F.);
#3221=ORIENTED_EDGE('',*,*,#2459,.F.);
#3222=ORIENTED_EDGE('',*,*,#2462,.F.);
#3223=ORIENTED_EDGE('',*,*,#2463,.T.);
#3224=ORIENTED_EDGE('',*,*,#2464,.T.);
#3225=ORIENTED_EDGE('',*,*,#2465,.F.);
#3226=ORIENTED_EDGE('',*,*,#2466,.F.);
#3227=ORIENTED_EDGE('',*,*,#2467,.T.);
#3228=ORIENTED_EDGE('',*,*,#2468,.T.);
#3229=ORIENTED_EDGE('',*,*,#2463,.F.);
#3230=ORIENTED_EDGE('',*,*,#2469,.F.);
#3231=ORIENTED_EDGE('',*,*,#2470,.T.);
#3232=ORIENTED_EDGE('',*,*,#2471,.T.);
#3233=ORIENTED_EDGE('',*,*,#2467,.F.);
#3234=ORIENTED_EDGE('',*,*,#2472,.F.);
#3235=ORIENTED_EDGE('',*,*,#2473,.T.);
#3236=ORIENTED_EDGE('',*,*,#2474,.T.);
#3237=ORIENTED_EDGE('',*,*,#2470,.F.);
#3238=ORIENTED_EDGE('',*,*,#2475,.F.);
#3239=ORIENTED_EDGE('',*,*,#2476,.T.);
#3240=ORIENTED_EDGE('',*,*,#2477,.T.);
#3241=ORIENTED_EDGE('',*,*,#2473,.F.);
#3242=ORIENTED_EDGE('',*,*,#2478,.F.);
#3243=ORIENTED_EDGE('',*,*,#2479,.T.);
#3244=ORIENTED_EDGE('',*,*,#2480,.T.);
#3245=ORIENTED_EDGE('',*,*,#2476,.F.);
#3246=ORIENTED_EDGE('',*,*,#2481,.F.);
#3247=ORIENTED_EDGE('',*,*,#2482,.T.);
#3248=ORIENTED_EDGE('',*,*,#2483,.T.);
#3249=ORIENTED_EDGE('',*,*,#2479,.F.);
#3250=ORIENTED_EDGE('',*,*,#2484,.F.);
#3251=ORIENTED_EDGE('',*,*,#2485,.T.);
#3252=ORIENTED_EDGE('',*,*,#2486,.T.);
#3253=ORIENTED_EDGE('',*,*,#2482,.F.);
#3254=ORIENTED_EDGE('',*,*,#2487,.F.);
#3255=ORIENTED_EDGE('',*,*,#2488,.T.);
#3256=ORIENTED_EDGE('',*,*,#2489,.T.);
#3257=ORIENTED_EDGE('',*,*,#2485,.F.);
#3258=ORIENTED_EDGE('',*,*,#2490,.F.);
#3259=ORIENTED_EDGE('',*,*,#2465,.T.);
#3260=ORIENTED_EDGE('',*,*,#2491,.T.);
#3261=ORIENTED_EDGE('',*,*,#2488,.F.);
#3262=ORIENTED_EDGE('',*,*,#2491,.F.);
#3263=ORIENTED_EDGE('',*,*,#2464,.F.);
#3264=ORIENTED_EDGE('',*,*,#2468,.F.);
#3265=ORIENTED_EDGE('',*,*,#2471,.F.);
#3266=ORIENTED_EDGE('',*,*,#2474,.F.);
#3267=ORIENTED_EDGE('',*,*,#2477,.F.);
#3268=ORIENTED_EDGE('',*,*,#2480,.F.);
#3269=ORIENTED_EDGE('',*,*,#2483,.F.);
#3270=ORIENTED_EDGE('',*,*,#2486,.F.);
#3271=ORIENTED_EDGE('',*,*,#2489,.F.);
#3272=ORIENTED_EDGE('',*,*,#2492,.F.);
#3273=ORIENTED_EDGE('',*,*,#2493,.T.);
#3274=ORIENTED_EDGE('',*,*,#2494,.T.);
#3275=ORIENTED_EDGE('',*,*,#2495,.F.);
#3276=ORIENTED_EDGE('',*,*,#2496,.F.);
#3277=ORIENTED_EDGE('',*,*,#2497,.T.);
#3278=ORIENTED_EDGE('',*,*,#2498,.T.);
#3279=ORIENTED_EDGE('',*,*,#2493,.F.);
#3280=ORIENTED_EDGE('',*,*,#2499,.F.);
#3281=ORIENTED_EDGE('',*,*,#2500,.T.);
#3282=ORIENTED_EDGE('',*,*,#2501,.T.);
#3283=ORIENTED_EDGE('',*,*,#2497,.F.);
#3284=ORIENTED_EDGE('',*,*,#2502,.F.);
#3285=ORIENTED_EDGE('',*,*,#2503,.T.);
#3286=ORIENTED_EDGE('',*,*,#2504,.T.);
#3287=ORIENTED_EDGE('',*,*,#2500,.F.);
#3288=ORIENTED_EDGE('',*,*,#2505,.F.);
#3289=ORIENTED_EDGE('',*,*,#2506,.T.);
#3290=ORIENTED_EDGE('',*,*,#2507,.T.);
#3291=ORIENTED_EDGE('',*,*,#2503,.F.);
#3292=ORIENTED_EDGE('',*,*,#2508,.F.);
#3293=ORIENTED_EDGE('',*,*,#2509,.T.);
#3294=ORIENTED_EDGE('',*,*,#2510,.T.);
#3295=ORIENTED_EDGE('',*,*,#2506,.F.);
#3296=ORIENTED_EDGE('',*,*,#2511,.F.);
#3297=ORIENTED_EDGE('',*,*,#2495,.T.);
#3298=ORIENTED_EDGE('',*,*,#2512,.T.);
#3299=ORIENTED_EDGE('',*,*,#2509,.F.);
#3300=ORIENTED_EDGE('',*,*,#2513,.F.);
#3301=ORIENTED_EDGE('',*,*,#2514,.T.);
#3302=ORIENTED_EDGE('',*,*,#2515,.T.);
#3303=ORIENTED_EDGE('',*,*,#2516,.F.);
#3304=ORIENTED_EDGE('',*,*,#2517,.F.);
#3305=ORIENTED_EDGE('',*,*,#2518,.T.);
#3306=ORIENTED_EDGE('',*,*,#2519,.T.);
#3307=ORIENTED_EDGE('',*,*,#2514,.F.);
#3308=ORIENTED_EDGE('',*,*,#2520,.F.);
#3309=ORIENTED_EDGE('',*,*,#2521,.T.);
#3310=ORIENTED_EDGE('',*,*,#2522,.T.);
#3311=ORIENTED_EDGE('',*,*,#2518,.F.);
#3312=ORIENTED_EDGE('',*,*,#2523,.F.);
#3313=ORIENTED_EDGE('',*,*,#2524,.T.);
#3314=ORIENTED_EDGE('',*,*,#2525,.T.);
#3315=ORIENTED_EDGE('',*,*,#2521,.F.);
#3316=ORIENTED_EDGE('',*,*,#2526,.F.);
#3317=ORIENTED_EDGE('',*,*,#2527,.T.);
#3318=ORIENTED_EDGE('',*,*,#2528,.T.);
#3319=ORIENTED_EDGE('',*,*,#2524,.F.);
#3320=ORIENTED_EDGE('',*,*,#2529,.F.);
#3321=ORIENTED_EDGE('',*,*,#2530,.T.);
#3322=ORIENTED_EDGE('',*,*,#2531,.T.);
#3323=ORIENTED_EDGE('',*,*,#2527,.F.);
#3324=ORIENTED_EDGE('',*,*,#2532,.F.);
#3325=ORIENTED_EDGE('',*,*,#2533,.T.);
#3326=ORIENTED_EDGE('',*,*,#2534,.T.);
#3327=ORIENTED_EDGE('',*,*,#2530,.F.);
#3328=ORIENTED_EDGE('',*,*,#2535,.F.);
#3329=ORIENTED_EDGE('',*,*,#2536,.T.);
#3330=ORIENTED_EDGE('',*,*,#2537,.T.);
#3331=ORIENTED_EDGE('',*,*,#2533,.F.);
#3332=ORIENTED_EDGE('',*,*,#2538,.F.);
#3333=ORIENTED_EDGE('',*,*,#2516,.T.);
#3334=ORIENTED_EDGE('',*,*,#2539,.T.);
#3335=ORIENTED_EDGE('',*,*,#2536,.F.);
#3336=ORIENTED_EDGE('',*,*,#2539,.F.);
#3337=ORIENTED_EDGE('',*,*,#2515,.F.);
#3338=ORIENTED_EDGE('',*,*,#2519,.F.);
#3339=ORIENTED_EDGE('',*,*,#2522,.F.);
#3340=ORIENTED_EDGE('',*,*,#2525,.F.);
#3341=ORIENTED_EDGE('',*,*,#2528,.F.);
#3342=ORIENTED_EDGE('',*,*,#2531,.F.);
#3343=ORIENTED_EDGE('',*,*,#2534,.F.);
#3344=ORIENTED_EDGE('',*,*,#2537,.F.);
#3345=ORIENTED_EDGE('',*,*,#2512,.F.);
#3346=ORIENTED_EDGE('',*,*,#2494,.F.);
#3347=ORIENTED_EDGE('',*,*,#2498,.F.);
#3348=ORIENTED_EDGE('',*,*,#2501,.F.);
#3349=ORIENTED_EDGE('',*,*,#2504,.F.);
#3350=ORIENTED_EDGE('',*,*,#2507,.F.);
#3351=ORIENTED_EDGE('',*,*,#2510,.F.);
#3352=ORIENTED_EDGE('',*,*,#2540,.F.);
#3353=ORIENTED_EDGE('',*,*,#2541,.T.);
#3354=ORIENTED_EDGE('',*,*,#2542,.T.);
#3355=ORIENTED_EDGE('',*,*,#2543,.F.);
#3356=ORIENTED_EDGE('',*,*,#2544,.F.);
#3357=ORIENTED_EDGE('',*,*,#2545,.T.);
#3358=ORIENTED_EDGE('',*,*,#2546,.T.);
#3359=ORIENTED_EDGE('',*,*,#2541,.F.);
#3360=ORIENTED_EDGE('',*,*,#2547,.F.);
#3361=ORIENTED_EDGE('',*,*,#2548,.T.);
#3362=ORIENTED_EDGE('',*,*,#2549,.T.);
#3363=ORIENTED_EDGE('',*,*,#2545,.F.);
#3364=ORIENTED_EDGE('',*,*,#2550,.F.);
#3365=ORIENTED_EDGE('',*,*,#2551,.T.);
#3366=ORIENTED_EDGE('',*,*,#2552,.T.);
#3367=ORIENTED_EDGE('',*,*,#2548,.F.);
#3368=ORIENTED_EDGE('',*,*,#2553,.F.);
#3369=ORIENTED_EDGE('',*,*,#2554,.T.);
#3370=ORIENTED_EDGE('',*,*,#2555,.T.);
#3371=ORIENTED_EDGE('',*,*,#2551,.F.);
#3372=ORIENTED_EDGE('',*,*,#2556,.F.);
#3373=ORIENTED_EDGE('',*,*,#2557,.T.);
#3374=ORIENTED_EDGE('',*,*,#2558,.T.);
#3375=ORIENTED_EDGE('',*,*,#2554,.F.);
#3376=ORIENTED_EDGE('',*,*,#2559,.F.);
#3377=ORIENTED_EDGE('',*,*,#2560,.T.);
#3378=ORIENTED_EDGE('',*,*,#2561,.T.);
#3379=ORIENTED_EDGE('',*,*,#2557,.F.);
#3380=ORIENTED_EDGE('',*,*,#2562,.F.);
#3381=ORIENTED_EDGE('',*,*,#2563,.T.);
#3382=ORIENTED_EDGE('',*,*,#2564,.T.);
#3383=ORIENTED_EDGE('',*,*,#2560,.F.);
#3384=ORIENTED_EDGE('',*,*,#2565,.F.);
#3385=ORIENTED_EDGE('',*,*,#2566,.T.);
#3386=ORIENTED_EDGE('',*,*,#2567,.T.);
#3387=ORIENTED_EDGE('',*,*,#2563,.F.);
#3388=ORIENTED_EDGE('',*,*,#2568,.F.);
#3389=ORIENTED_EDGE('',*,*,#2569,.T.);
#3390=ORIENTED_EDGE('',*,*,#2570,.T.);
#3391=ORIENTED_EDGE('',*,*,#2566,.F.);
#3392=ORIENTED_EDGE('',*,*,#2571,.F.);
#3393=ORIENTED_EDGE('',*,*,#2572,.T.);
#3394=ORIENTED_EDGE('',*,*,#2573,.T.);
#3395=ORIENTED_EDGE('',*,*,#2569,.F.);
#3396=ORIENTED_EDGE('',*,*,#2574,.F.);
#3397=ORIENTED_EDGE('',*,*,#2543,.T.);
#3398=ORIENTED_EDGE('',*,*,#2575,.T.);
#3399=ORIENTED_EDGE('',*,*,#2572,.F.);
#3400=ORIENTED_EDGE('',*,*,#2575,.F.);
#3401=ORIENTED_EDGE('',*,*,#2542,.F.);
#3402=ORIENTED_EDGE('',*,*,#2546,.F.);
#3403=ORIENTED_EDGE('',*,*,#2549,.F.);
#3404=ORIENTED_EDGE('',*,*,#2552,.F.);
#3405=ORIENTED_EDGE('',*,*,#2555,.F.);
#3406=ORIENTED_EDGE('',*,*,#2558,.F.);
#3407=ORIENTED_EDGE('',*,*,#2561,.F.);
#3408=ORIENTED_EDGE('',*,*,#2564,.F.);
#3409=ORIENTED_EDGE('',*,*,#2567,.F.);
#3410=ORIENTED_EDGE('',*,*,#2570,.F.);
#3411=ORIENTED_EDGE('',*,*,#2573,.F.);
#3412=ORIENTED_EDGE('',*,*,#2576,.F.);
#3413=ORIENTED_EDGE('',*,*,#2577,.T.);
#3414=ORIENTED_EDGE('',*,*,#2578,.T.);
#3415=ORIENTED_EDGE('',*,*,#2579,.F.);
#3416=ORIENTED_EDGE('',*,*,#2580,.F.);
#3417=ORIENTED_EDGE('',*,*,#2581,.T.);
#3418=ORIENTED_EDGE('',*,*,#2582,.T.);
#3419=ORIENTED_EDGE('',*,*,#2577,.F.);
#3420=ORIENTED_EDGE('',*,*,#2583,.F.);
#3421=ORIENTED_EDGE('',*,*,#2584,.T.);
#3422=ORIENTED_EDGE('',*,*,#2585,.T.);
#3423=ORIENTED_EDGE('',*,*,#2581,.F.);
#3424=ORIENTED_EDGE('',*,*,#2586,.F.);
#3425=ORIENTED_EDGE('',*,*,#2587,.T.);
#3426=ORIENTED_EDGE('',*,*,#2588,.T.);
#3427=ORIENTED_EDGE('',*,*,#2584,.F.);
#3428=ORIENTED_EDGE('',*,*,#2589,.F.);
#3429=ORIENTED_EDGE('',*,*,#2590,.T.);
#3430=ORIENTED_EDGE('',*,*,#2591,.T.);
#3431=ORIENTED_EDGE('',*,*,#2587,.F.);
#3432=ORIENTED_EDGE('',*,*,#2592,.F.);
#3433=ORIENTED_EDGE('',*,*,#2593,.T.);
#3434=ORIENTED_EDGE('',*,*,#2594,.T.);
#3435=ORIENTED_EDGE('',*,*,#2590,.F.);
#3436=ORIENTED_EDGE('',*,*,#2595,.F.);
#3437=ORIENTED_EDGE('',*,*,#2596,.T.);
#3438=ORIENTED_EDGE('',*,*,#2597,.T.);
#3439=ORIENTED_EDGE('',*,*,#2593,.F.);
#3440=ORIENTED_EDGE('',*,*,#2598,.F.);
#3441=ORIENTED_EDGE('',*,*,#2579,.T.);
#3442=ORIENTED_EDGE('',*,*,#2599,.T.);
#3443=ORIENTED_EDGE('',*,*,#2596,.F.);
#3444=ORIENTED_EDGE('',*,*,#2599,.F.);
#3445=ORIENTED_EDGE('',*,*,#2578,.F.);
#3446=ORIENTED_EDGE('',*,*,#2582,.F.);
#3447=ORIENTED_EDGE('',*,*,#2585,.F.);
#3448=ORIENTED_EDGE('',*,*,#2588,.F.);
#3449=ORIENTED_EDGE('',*,*,#2591,.F.);
#3450=ORIENTED_EDGE('',*,*,#2594,.F.);
#3451=ORIENTED_EDGE('',*,*,#2597,.F.);
#3452=ORIENTED_EDGE('',*,*,#2600,.F.);
#3453=ORIENTED_EDGE('',*,*,#2601,.T.);
#3454=ORIENTED_EDGE('',*,*,#2602,.T.);
#3455=ORIENTED_EDGE('',*,*,#2603,.F.);
#3456=ORIENTED_EDGE('',*,*,#2604,.F.);
#3457=ORIENTED_EDGE('',*,*,#2605,.T.);
#3458=ORIENTED_EDGE('',*,*,#2606,.T.);
#3459=ORIENTED_EDGE('',*,*,#2601,.F.);
#3460=ORIENTED_EDGE('',*,*,#2607,.F.);
#3461=ORIENTED_EDGE('',*,*,#2603,.T.);
#3462=ORIENTED_EDGE('',*,*,#2608,.T.);
#3463=ORIENTED_EDGE('',*,*,#2605,.F.);
#3464=ORIENTED_EDGE('',*,*,#2609,.F.);
#3465=ORIENTED_EDGE('',*,*,#2610,.T.);
#3466=ORIENTED_EDGE('',*,*,#2611,.T.);
#3467=ORIENTED_EDGE('',*,*,#2612,.F.);
#3468=ORIENTED_EDGE('',*,*,#2613,.F.);
#3469=ORIENTED_EDGE('',*,*,#2614,.T.);
#3470=ORIENTED_EDGE('',*,*,#2615,.T.);
#3471=ORIENTED_EDGE('',*,*,#2610,.F.);
#3472=ORIENTED_EDGE('',*,*,#2616,.F.);
#3473=ORIENTED_EDGE('',*,*,#2617,.T.);
#3474=ORIENTED_EDGE('',*,*,#2618,.T.);
#3475=ORIENTED_EDGE('',*,*,#2614,.F.);
#3476=ORIENTED_EDGE('',*,*,#2619,.F.);
#3477=ORIENTED_EDGE('',*,*,#2620,.T.);
#3478=ORIENTED_EDGE('',*,*,#2621,.T.);
#3479=ORIENTED_EDGE('',*,*,#2617,.F.);
#3480=ORIENTED_EDGE('',*,*,#2622,.F.);
#3481=ORIENTED_EDGE('',*,*,#2623,.T.);
#3482=ORIENTED_EDGE('',*,*,#2624,.T.);
#3483=ORIENTED_EDGE('',*,*,#2620,.F.);
#3484=ORIENTED_EDGE('',*,*,#2625,.F.);
#3485=ORIENTED_EDGE('',*,*,#2626,.T.);
#3486=ORIENTED_EDGE('',*,*,#2627,.T.);
#3487=ORIENTED_EDGE('',*,*,#2623,.F.);
#3488=ORIENTED_EDGE('',*,*,#2628,.F.);
#3489=ORIENTED_EDGE('',*,*,#2629,.T.);
#3490=ORIENTED_EDGE('',*,*,#2630,.T.);
#3491=ORIENTED_EDGE('',*,*,#2626,.F.);
#3492=ORIENTED_EDGE('',*,*,#2631,.F.);
#3493=ORIENTED_EDGE('',*,*,#2612,.T.);
#3494=ORIENTED_EDGE('',*,*,#2632,.T.);
#3495=ORIENTED_EDGE('',*,*,#2629,.F.);
#3496=ORIENTED_EDGE('',*,*,#2632,.F.);
#3497=ORIENTED_EDGE('',*,*,#2611,.F.);
#3498=ORIENTED_EDGE('',*,*,#2615,.F.);
#3499=ORIENTED_EDGE('',*,*,#2618,.F.);
#3500=ORIENTED_EDGE('',*,*,#2621,.F.);
#3501=ORIENTED_EDGE('',*,*,#2624,.F.);
#3502=ORIENTED_EDGE('',*,*,#2627,.F.);
#3503=ORIENTED_EDGE('',*,*,#2630,.F.);
#3504=ORIENTED_EDGE('',*,*,#2608,.F.);
#3505=ORIENTED_EDGE('',*,*,#2602,.F.);
#3506=ORIENTED_EDGE('',*,*,#2606,.F.);
#3507=ORIENTED_EDGE('',*,*,#2633,.F.);
#3508=ORIENTED_EDGE('',*,*,#2634,.T.);
#3509=ORIENTED_EDGE('',*,*,#2635,.T.);
#3510=ORIENTED_EDGE('',*,*,#2636,.F.);
#3511=ORIENTED_EDGE('',*,*,#2637,.F.);
#3512=ORIENTED_EDGE('',*,*,#2638,.T.);
#3513=ORIENTED_EDGE('',*,*,#2639,.T.);
#3514=ORIENTED_EDGE('',*,*,#2634,.F.);
#3515=ORIENTED_EDGE('',*,*,#2640,.F.);
#3516=ORIENTED_EDGE('',*,*,#2641,.T.);
#3517=ORIENTED_EDGE('',*,*,#2642,.T.);
#3518=ORIENTED_EDGE('',*,*,#2638,.F.);
#3519=ORIENTED_EDGE('',*,*,#2643,.F.);
#3520=ORIENTED_EDGE('',*,*,#2644,.T.);
#3521=ORIENTED_EDGE('',*,*,#2645,.T.);
#3522=ORIENTED_EDGE('',*,*,#2641,.F.);
#3523=ORIENTED_EDGE('',*,*,#2646,.F.);
#3524=ORIENTED_EDGE('',*,*,#2647,.T.);
#3525=ORIENTED_EDGE('',*,*,#2648,.T.);
#3526=ORIENTED_EDGE('',*,*,#2644,.F.);
#3527=ORIENTED_EDGE('',*,*,#2649,.F.);
#3528=ORIENTED_EDGE('',*,*,#2650,.T.);
#3529=ORIENTED_EDGE('',*,*,#2651,.T.);
#3530=ORIENTED_EDGE('',*,*,#2647,.F.);
#3531=ORIENTED_EDGE('',*,*,#2652,.F.);
#3532=ORIENTED_EDGE('',*,*,#2653,.T.);
#3533=ORIENTED_EDGE('',*,*,#2654,.T.);
#3534=ORIENTED_EDGE('',*,*,#2650,.F.);
#3535=ORIENTED_EDGE('',*,*,#2655,.F.);
#3536=ORIENTED_EDGE('',*,*,#2636,.T.);
#3537=ORIENTED_EDGE('',*,*,#2656,.T.);
#3538=ORIENTED_EDGE('',*,*,#2653,.F.);
#3539=ORIENTED_EDGE('',*,*,#2657,.F.);
#3540=ORIENTED_EDGE('',*,*,#2658,.T.);
#3541=ORIENTED_EDGE('',*,*,#2659,.T.);
#3542=ORIENTED_EDGE('',*,*,#2660,.F.);
#3543=ORIENTED_EDGE('',*,*,#2661,.F.);
#3544=ORIENTED_EDGE('',*,*,#2662,.T.);
#3545=ORIENTED_EDGE('',*,*,#2663,.T.);
#3546=ORIENTED_EDGE('',*,*,#2658,.F.);
#3547=ORIENTED_EDGE('',*,*,#2664,.F.);
#3548=ORIENTED_EDGE('',*,*,#2665,.T.);
#3549=ORIENTED_EDGE('',*,*,#2666,.T.);
#3550=ORIENTED_EDGE('',*,*,#2662,.F.);
#3551=ORIENTED_EDGE('',*,*,#2667,.F.);
#3552=ORIENTED_EDGE('',*,*,#2668,.T.);
#3553=ORIENTED_EDGE('',*,*,#2669,.T.);
#3554=ORIENTED_EDGE('',*,*,#2665,.F.);
#3555=ORIENTED_EDGE('',*,*,#2670,.F.);
#3556=ORIENTED_EDGE('',*,*,#2671,.T.);
#3557=ORIENTED_EDGE('',*,*,#2672,.T.);
#3558=ORIENTED_EDGE('',*,*,#2668,.F.);
#3559=ORIENTED_EDGE('',*,*,#2673,.F.);
#3560=ORIENTED_EDGE('',*,*,#2674,.T.);
#3561=ORIENTED_EDGE('',*,*,#2675,.T.);
#3562=ORIENTED_EDGE('',*,*,#2671,.F.);
#3563=ORIENTED_EDGE('',*,*,#2676,.F.);
#3564=ORIENTED_EDGE('',*,*,#2677,.T.);
#3565=ORIENTED_EDGE('',*,*,#2678,.T.);
#3566=ORIENTED_EDGE('',*,*,#2674,.F.);
#3567=ORIENTED_EDGE('',*,*,#2679,.F.);
#3568=ORIENTED_EDGE('',*,*,#2680,.T.);
#3569=ORIENTED_EDGE('',*,*,#2681,.T.);
#3570=ORIENTED_EDGE('',*,*,#2677,.F.);
#3571=ORIENTED_EDGE('',*,*,#2682,.F.);
#3572=ORIENTED_EDGE('',*,*,#2683,.T.);
#3573=ORIENTED_EDGE('',*,*,#2684,.T.);
#3574=ORIENTED_EDGE('',*,*,#2680,.F.);
#3575=ORIENTED_EDGE('',*,*,#2685,.F.);
#3576=ORIENTED_EDGE('',*,*,#2686,.T.);
#3577=ORIENTED_EDGE('',*,*,#2687,.T.);
#3578=ORIENTED_EDGE('',*,*,#2683,.F.);
#3579=ORIENTED_EDGE('',*,*,#2688,.F.);
#3580=ORIENTED_EDGE('',*,*,#2660,.T.);
#3581=ORIENTED_EDGE('',*,*,#2689,.T.);
#3582=ORIENTED_EDGE('',*,*,#2686,.F.);
#3583=ORIENTED_EDGE('',*,*,#2689,.F.);
#3584=ORIENTED_EDGE('',*,*,#2659,.F.);
#3585=ORIENTED_EDGE('',*,*,#2663,.F.);
#3586=ORIENTED_EDGE('',*,*,#2666,.F.);
#3587=ORIENTED_EDGE('',*,*,#2669,.F.);
#3588=ORIENTED_EDGE('',*,*,#2672,.F.);
#3589=ORIENTED_EDGE('',*,*,#2675,.F.);
#3590=ORIENTED_EDGE('',*,*,#2678,.F.);
#3591=ORIENTED_EDGE('',*,*,#2681,.F.);
#3592=ORIENTED_EDGE('',*,*,#2684,.F.);
#3593=ORIENTED_EDGE('',*,*,#2687,.F.);
#3594=ORIENTED_EDGE('',*,*,#2656,.F.);
#3595=ORIENTED_EDGE('',*,*,#2635,.F.);
#3596=ORIENTED_EDGE('',*,*,#2639,.F.);
#3597=ORIENTED_EDGE('',*,*,#2642,.F.);
#3598=ORIENTED_EDGE('',*,*,#2645,.F.);
#3599=ORIENTED_EDGE('',*,*,#2648,.F.);
#3600=ORIENTED_EDGE('',*,*,#2651,.F.);
#3601=ORIENTED_EDGE('',*,*,#2654,.F.);
#3602=ORIENTED_EDGE('',*,*,#2690,.F.);
#3603=ORIENTED_EDGE('',*,*,#2691,.T.);
#3604=ORIENTED_EDGE('',*,*,#2692,.T.);
#3605=ORIENTED_EDGE('',*,*,#2693,.F.);
#3606=ORIENTED_EDGE('',*,*,#2694,.F.);
#3607=ORIENTED_EDGE('',*,*,#2695,.T.);
#3608=ORIENTED_EDGE('',*,*,#2696,.T.);
#3609=ORIENTED_EDGE('',*,*,#2691,.F.);
#3610=ORIENTED_EDGE('',*,*,#2697,.F.);
#3611=ORIENTED_EDGE('',*,*,#2698,.T.);
#3612=ORIENTED_EDGE('',*,*,#2699,.T.);
#3613=ORIENTED_EDGE('',*,*,#2695,.F.);
#3614=ORIENTED_EDGE('',*,*,#2700,.F.);
#3615=ORIENTED_EDGE('',*,*,#2701,.T.);
#3616=ORIENTED_EDGE('',*,*,#2702,.T.);
#3617=ORIENTED_EDGE('',*,*,#2698,.F.);
#3618=ORIENTED_EDGE('',*,*,#2703,.F.);
#3619=ORIENTED_EDGE('',*,*,#2704,.T.);
#3620=ORIENTED_EDGE('',*,*,#2705,.T.);
#3621=ORIENTED_EDGE('',*,*,#2701,.F.);
#3622=ORIENTED_EDGE('',*,*,#2706,.F.);
#3623=ORIENTED_EDGE('',*,*,#2707,.T.);
#3624=ORIENTED_EDGE('',*,*,#2708,.T.);
#3625=ORIENTED_EDGE('',*,*,#2704,.F.);
#3626=ORIENTED_EDGE('',*,*,#2709,.F.);
#3627=ORIENTED_EDGE('',*,*,#2710,.T.);
#3628=ORIENTED_EDGE('',*,*,#2711,.T.);
#3629=ORIENTED_EDGE('',*,*,#2707,.F.);
#3630=ORIENTED_EDGE('',*,*,#2712,.F.);
#3631=ORIENTED_EDGE('',*,*,#2713,.T.);
#3632=ORIENTED_EDGE('',*,*,#2714,.T.);
#3633=ORIENTED_EDGE('',*,*,#2710,.F.);
#3634=ORIENTED_EDGE('',*,*,#2715,.F.);
#3635=ORIENTED_EDGE('',*,*,#2716,.T.);
#3636=ORIENTED_EDGE('',*,*,#2717,.T.);
#3637=ORIENTED_EDGE('',*,*,#2713,.F.);
#3638=ORIENTED_EDGE('',*,*,#2718,.F.);
#3639=ORIENTED_EDGE('',*,*,#2719,.T.);
#3640=ORIENTED_EDGE('',*,*,#2720,.T.);
#3641=ORIENTED_EDGE('',*,*,#2716,.F.);
#3642=ORIENTED_EDGE('',*,*,#2721,.F.);
#3643=ORIENTED_EDGE('',*,*,#2722,.T.);
#3644=ORIENTED_EDGE('',*,*,#2723,.T.);
#3645=ORIENTED_EDGE('',*,*,#2719,.F.);
#3646=ORIENTED_EDGE('',*,*,#2724,.F.);
#3647=ORIENTED_EDGE('',*,*,#2725,.T.);
#3648=ORIENTED_EDGE('',*,*,#2726,.T.);
#3649=ORIENTED_EDGE('',*,*,#2722,.F.);
#3650=ORIENTED_EDGE('',*,*,#2727,.F.);
#3651=ORIENTED_EDGE('',*,*,#2728,.T.);
#3652=ORIENTED_EDGE('',*,*,#2729,.T.);
#3653=ORIENTED_EDGE('',*,*,#2725,.F.);
#3654=ORIENTED_EDGE('',*,*,#2730,.F.);
#3655=ORIENTED_EDGE('',*,*,#2731,.T.);
#3656=ORIENTED_EDGE('',*,*,#2732,.T.);
#3657=ORIENTED_EDGE('',*,*,#2728,.F.);
#3658=ORIENTED_EDGE('',*,*,#2733,.F.);
#3659=ORIENTED_EDGE('',*,*,#2734,.T.);
#3660=ORIENTED_EDGE('',*,*,#2735,.T.);
#3661=ORIENTED_EDGE('',*,*,#2731,.F.);
#3662=ORIENTED_EDGE('',*,*,#2736,.F.);
#3663=ORIENTED_EDGE('',*,*,#2737,.T.);
#3664=ORIENTED_EDGE('',*,*,#2738,.T.);
#3665=ORIENTED_EDGE('',*,*,#2734,.F.);
#3666=ORIENTED_EDGE('',*,*,#2739,.F.);
#3667=ORIENTED_EDGE('',*,*,#2740,.T.);
#3668=ORIENTED_EDGE('',*,*,#2741,.T.);
#3669=ORIENTED_EDGE('',*,*,#2737,.F.);
#3670=ORIENTED_EDGE('',*,*,#2742,.F.);
#3671=ORIENTED_EDGE('',*,*,#2743,.T.);
#3672=ORIENTED_EDGE('',*,*,#2744,.T.);
#3673=ORIENTED_EDGE('',*,*,#2740,.F.);
#3674=ORIENTED_EDGE('',*,*,#2745,.F.);
#3675=ORIENTED_EDGE('',*,*,#2693,.T.);
#3676=ORIENTED_EDGE('',*,*,#2746,.T.);
#3677=ORIENTED_EDGE('',*,*,#2743,.F.);
#3678=ORIENTED_EDGE('',*,*,#2746,.F.);
#3679=ORIENTED_EDGE('',*,*,#2692,.F.);
#3680=ORIENTED_EDGE('',*,*,#2696,.F.);
#3681=ORIENTED_EDGE('',*,*,#2699,.F.);
#3682=ORIENTED_EDGE('',*,*,#2702,.F.);
#3683=ORIENTED_EDGE('',*,*,#2705,.F.);
#3684=ORIENTED_EDGE('',*,*,#2708,.F.);
#3685=ORIENTED_EDGE('',*,*,#2711,.F.);
#3686=ORIENTED_EDGE('',*,*,#2714,.F.);
#3687=ORIENTED_EDGE('',*,*,#2717,.F.);
#3688=ORIENTED_EDGE('',*,*,#2720,.F.);
#3689=ORIENTED_EDGE('',*,*,#2723,.F.);
#3690=ORIENTED_EDGE('',*,*,#2726,.F.);
#3691=ORIENTED_EDGE('',*,*,#2729,.F.);
#3692=ORIENTED_EDGE('',*,*,#2732,.F.);
#3693=ORIENTED_EDGE('',*,*,#2735,.F.);
#3694=ORIENTED_EDGE('',*,*,#2738,.F.);
#3695=ORIENTED_EDGE('',*,*,#2741,.F.);
#3696=ORIENTED_EDGE('',*,*,#2744,.F.);
#3697=ORIENTED_EDGE('',*,*,#2747,.F.);
#3698=ORIENTED_EDGE('',*,*,#2748,.T.);
#3699=ORIENTED_EDGE('',*,*,#2749,.T.);
#3700=ORIENTED_EDGE('',*,*,#2750,.F.);
#3701=ORIENTED_EDGE('',*,*,#2751,.F.);
#3702=ORIENTED_EDGE('',*,*,#2752,.T.);
#3703=ORIENTED_EDGE('',*,*,#2753,.T.);
#3704=ORIENTED_EDGE('',*,*,#2748,.F.);
#3705=ORIENTED_EDGE('',*,*,#2754,.F.);
#3706=ORIENTED_EDGE('',*,*,#2755,.T.);
#3707=ORIENTED_EDGE('',*,*,#2756,.T.);
#3708=ORIENTED_EDGE('',*,*,#2752,.F.);
#3709=ORIENTED_EDGE('',*,*,#2757,.F.);
#3710=ORIENTED_EDGE('',*,*,#2758,.T.);
#3711=ORIENTED_EDGE('',*,*,#2759,.T.);
#3712=ORIENTED_EDGE('',*,*,#2755,.F.);
#3713=ORIENTED_EDGE('',*,*,#2760,.F.);
#3714=ORIENTED_EDGE('',*,*,#2761,.T.);
#3715=ORIENTED_EDGE('',*,*,#2762,.T.);
#3716=ORIENTED_EDGE('',*,*,#2758,.F.);
#3717=ORIENTED_EDGE('',*,*,#2763,.F.);
#3718=ORIENTED_EDGE('',*,*,#2764,.T.);
#3719=ORIENTED_EDGE('',*,*,#2765,.T.);
#3720=ORIENTED_EDGE('',*,*,#2761,.F.);
#3721=ORIENTED_EDGE('',*,*,#2766,.F.);
#3722=ORIENTED_EDGE('',*,*,#2767,.T.);
#3723=ORIENTED_EDGE('',*,*,#2768,.T.);
#3724=ORIENTED_EDGE('',*,*,#2764,.F.);
#3725=ORIENTED_EDGE('',*,*,#2769,.F.);
#3726=ORIENTED_EDGE('',*,*,#2750,.T.);
#3727=ORIENTED_EDGE('',*,*,#2770,.T.);
#3728=ORIENTED_EDGE('',*,*,#2767,.F.);
#3729=ORIENTED_EDGE('',*,*,#2771,.F.);
#3730=ORIENTED_EDGE('',*,*,#2772,.T.);
#3731=ORIENTED_EDGE('',*,*,#2773,.T.);
#3732=ORIENTED_EDGE('',*,*,#2774,.F.);
#3733=ORIENTED_EDGE('',*,*,#2775,.F.);
#3734=ORIENTED_EDGE('',*,*,#2776,.T.);
#3735=ORIENTED_EDGE('',*,*,#2777,.T.);
#3736=ORIENTED_EDGE('',*,*,#2772,.F.);
#3737=ORIENTED_EDGE('',*,*,#2778,.F.);
#3738=ORIENTED_EDGE('',*,*,#2779,.T.);
#3739=ORIENTED_EDGE('',*,*,#2780,.T.);
#3740=ORIENTED_EDGE('',*,*,#2776,.F.);
#3741=ORIENTED_EDGE('',*,*,#2781,.F.);
#3742=ORIENTED_EDGE('',*,*,#2782,.T.);
#3743=ORIENTED_EDGE('',*,*,#2783,.T.);
#3744=ORIENTED_EDGE('',*,*,#2779,.F.);
#3745=ORIENTED_EDGE('',*,*,#2784,.F.);
#3746=ORIENTED_EDGE('',*,*,#2785,.T.);
#3747=ORIENTED_EDGE('',*,*,#2786,.T.);
#3748=ORIENTED_EDGE('',*,*,#2782,.F.);
#3749=ORIENTED_EDGE('',*,*,#2787,.F.);
#3750=ORIENTED_EDGE('',*,*,#2788,.T.);
#3751=ORIENTED_EDGE('',*,*,#2789,.T.);
#3752=ORIENTED_EDGE('',*,*,#2785,.F.);
#3753=ORIENTED_EDGE('',*,*,#2790,.F.);
#3754=ORIENTED_EDGE('',*,*,#2791,.T.);
#3755=ORIENTED_EDGE('',*,*,#2792,.T.);
#3756=ORIENTED_EDGE('',*,*,#2788,.F.);
#3757=ORIENTED_EDGE('',*,*,#2793,.F.);
#3758=ORIENTED_EDGE('',*,*,#2794,.T.);
#3759=ORIENTED_EDGE('',*,*,#2795,.T.);
#3760=ORIENTED_EDGE('',*,*,#2791,.F.);
#3761=ORIENTED_EDGE('',*,*,#2796,.F.);
#3762=ORIENTED_EDGE('',*,*,#2797,.T.);
#3763=ORIENTED_EDGE('',*,*,#2798,.T.);
#3764=ORIENTED_EDGE('',*,*,#2794,.F.);
#3765=ORIENTED_EDGE('',*,*,#2799,.F.);
#3766=ORIENTED_EDGE('',*,*,#2774,.T.);
#3767=ORIENTED_EDGE('',*,*,#2800,.T.);
#3768=ORIENTED_EDGE('',*,*,#2797,.F.);
#3769=ORIENTED_EDGE('',*,*,#2800,.F.);
#3770=ORIENTED_EDGE('',*,*,#2773,.F.);
#3771=ORIENTED_EDGE('',*,*,#2777,.F.);
#3772=ORIENTED_EDGE('',*,*,#2780,.F.);
#3773=ORIENTED_EDGE('',*,*,#2783,.F.);
#3774=ORIENTED_EDGE('',*,*,#2786,.F.);
#3775=ORIENTED_EDGE('',*,*,#2789,.F.);
#3776=ORIENTED_EDGE('',*,*,#2792,.F.);
#3777=ORIENTED_EDGE('',*,*,#2795,.F.);
#3778=ORIENTED_EDGE('',*,*,#2798,.F.);
#3779=ORIENTED_EDGE('',*,*,#2770,.F.);
#3780=ORIENTED_EDGE('',*,*,#2749,.F.);
#3781=ORIENTED_EDGE('',*,*,#2753,.F.);
#3782=ORIENTED_EDGE('',*,*,#2756,.F.);
#3783=ORIENTED_EDGE('',*,*,#2759,.F.);
#3784=ORIENTED_EDGE('',*,*,#2762,.F.);
#3785=ORIENTED_EDGE('',*,*,#2765,.F.);
#3786=ORIENTED_EDGE('',*,*,#2768,.F.);
#3787=ORIENTED_EDGE('',*,*,#2801,.F.);
#3788=ORIENTED_EDGE('',*,*,#2802,.T.);
#3789=ORIENTED_EDGE('',*,*,#2803,.T.);
#3790=ORIENTED_EDGE('',*,*,#2804,.F.);
#3791=ORIENTED_EDGE('',*,*,#2805,.F.);
#3792=ORIENTED_EDGE('',*,*,#2806,.T.);
#3793=ORIENTED_EDGE('',*,*,#2807,.T.);
#3794=ORIENTED_EDGE('',*,*,#2802,.F.);
#3795=ORIENTED_EDGE('',*,*,#2808,.F.);
#3796=ORIENTED_EDGE('',*,*,#2809,.T.);
#3797=ORIENTED_EDGE('',*,*,#2810,.T.);
#3798=ORIENTED_EDGE('',*,*,#2806,.F.);
#3799=ORIENTED_EDGE('',*,*,#2811,.F.);
#3800=ORIENTED_EDGE('',*,*,#2812,.T.);
#3801=ORIENTED_EDGE('',*,*,#2813,.T.);
#3802=ORIENTED_EDGE('',*,*,#2809,.F.);
#3803=ORIENTED_EDGE('',*,*,#2814,.F.);
#3804=ORIENTED_EDGE('',*,*,#2815,.T.);
#3805=ORIENTED_EDGE('',*,*,#2816,.T.);
#3806=ORIENTED_EDGE('',*,*,#2812,.F.);
#3807=ORIENTED_EDGE('',*,*,#2817,.F.);
#3808=ORIENTED_EDGE('',*,*,#2818,.T.);
#3809=ORIENTED_EDGE('',*,*,#2819,.T.);
#3810=ORIENTED_EDGE('',*,*,#2815,.F.);
#3811=ORIENTED_EDGE('',*,*,#2820,.F.);
#3812=ORIENTED_EDGE('',*,*,#2821,.T.);
#3813=ORIENTED_EDGE('',*,*,#2822,.T.);
#3814=ORIENTED_EDGE('',*,*,#2818,.F.);
#3815=ORIENTED_EDGE('',*,*,#2823,.F.);
#3816=ORIENTED_EDGE('',*,*,#2824,.T.);
#3817=ORIENTED_EDGE('',*,*,#2825,.T.);
#3818=ORIENTED_EDGE('',*,*,#2821,.F.);
#3819=ORIENTED_EDGE('',*,*,#2826,.F.);
#3820=ORIENTED_EDGE('',*,*,#2827,.T.);
#3821=ORIENTED_EDGE('',*,*,#2828,.T.);
#3822=ORIENTED_EDGE('',*,*,#2824,.F.);
#3823=ORIENTED_EDGE('',*,*,#2829,.F.);
#3824=ORIENTED_EDGE('',*,*,#2804,.T.);
#3825=ORIENTED_EDGE('',*,*,#2830,.T.);
#3826=ORIENTED_EDGE('',*,*,#2827,.F.);
#3827=ORIENTED_EDGE('',*,*,#2830,.F.);
#3828=ORIENTED_EDGE('',*,*,#2803,.F.);
#3829=ORIENTED_EDGE('',*,*,#2807,.F.);
#3830=ORIENTED_EDGE('',*,*,#2810,.F.);
#3831=ORIENTED_EDGE('',*,*,#2813,.F.);
#3832=ORIENTED_EDGE('',*,*,#2816,.F.);
#3833=ORIENTED_EDGE('',*,*,#2819,.F.);
#3834=ORIENTED_EDGE('',*,*,#2822,.F.);
#3835=ORIENTED_EDGE('',*,*,#2825,.F.);
#3836=ORIENTED_EDGE('',*,*,#2828,.F.);
#3837=ORIENTED_EDGE('',*,*,#2831,.T.);
#3838=ORIENTED_EDGE('',*,*,#2832,.T.);
#3839=ORIENTED_EDGE('',*,*,#2833,.T.);
#3840=ORIENTED_EDGE('',*,*,#2834,.T.);
#3841=ORIENTED_EDGE('',*,*,#2835,.T.);
#3842=ORIENTED_EDGE('',*,*,#2836,.T.);
#3843=ORIENTED_EDGE('',*,*,#2837,.T.);
#3844=ORIENTED_EDGE('',*,*,#2838,.T.);
#3845=ORIENTED_EDGE('',*,*,#2839,.T.);
#3846=ORIENTED_EDGE('',*,*,#2840,.T.);
#3847=ORIENTED_EDGE('',*,*,#2841,.T.);
#3848=ORIENTED_EDGE('',*,*,#2842,.T.);
#3849=ORIENTED_EDGE('',*,*,#2843,.T.);
#3850=ORIENTED_EDGE('',*,*,#2844,.T.);
#3851=ORIENTED_EDGE('',*,*,#2845,.T.);
#3852=ORIENTED_EDGE('',*,*,#2846,.T.);
#3853=ORIENTED_EDGE('',*,*,#2847,.T.);
#3854=ORIENTED_EDGE('',*,*,#2848,.T.);
#3855=ORIENTED_EDGE('',*,*,#2849,.T.);
#3856=ORIENTED_EDGE('',*,*,#2850,.T.);
#3857=ORIENTED_EDGE('',*,*,#2801,.T.);
#3858=ORIENTED_EDGE('',*,*,#2829,.T.);
#3859=ORIENTED_EDGE('',*,*,#2826,.T.);
#3860=ORIENTED_EDGE('',*,*,#2823,.T.);
#3861=ORIENTED_EDGE('',*,*,#2820,.T.);
#3862=ORIENTED_EDGE('',*,*,#2817,.T.);
#3863=ORIENTED_EDGE('',*,*,#2814,.T.);
#3864=ORIENTED_EDGE('',*,*,#2811,.T.);
#3865=ORIENTED_EDGE('',*,*,#2808,.T.);
#3866=ORIENTED_EDGE('',*,*,#2805,.T.);
#3867=ORIENTED_EDGE('',*,*,#2771,.T.);
#3868=ORIENTED_EDGE('',*,*,#2799,.T.);
#3869=ORIENTED_EDGE('',*,*,#2796,.T.);
#3870=ORIENTED_EDGE('',*,*,#2793,.T.);
#3871=ORIENTED_EDGE('',*,*,#2790,.T.);
#3872=ORIENTED_EDGE('',*,*,#2787,.T.);
#3873=ORIENTED_EDGE('',*,*,#2784,.T.);
#3874=ORIENTED_EDGE('',*,*,#2781,.T.);
#3875=ORIENTED_EDGE('',*,*,#2778,.T.);
#3876=ORIENTED_EDGE('',*,*,#2775,.T.);
#3877=ORIENTED_EDGE('',*,*,#2690,.T.);
#3878=ORIENTED_EDGE('',*,*,#2745,.T.);
#3879=ORIENTED_EDGE('',*,*,#2742,.T.);
#3880=ORIENTED_EDGE('',*,*,#2739,.T.);
#3881=ORIENTED_EDGE('',*,*,#2736,.T.);
#3882=ORIENTED_EDGE('',*,*,#2733,.T.);
#3883=ORIENTED_EDGE('',*,*,#2730,.T.);
#3884=ORIENTED_EDGE('',*,*,#2727,.T.);
#3885=ORIENTED_EDGE('',*,*,#2724,.T.);
#3886=ORIENTED_EDGE('',*,*,#2721,.T.);
#3887=ORIENTED_EDGE('',*,*,#2718,.T.);
#3888=ORIENTED_EDGE('',*,*,#2715,.T.);
#3889=ORIENTED_EDGE('',*,*,#2712,.T.);
#3890=ORIENTED_EDGE('',*,*,#2709,.T.);
#3891=ORIENTED_EDGE('',*,*,#2706,.T.);
#3892=ORIENTED_EDGE('',*,*,#2703,.T.);
#3893=ORIENTED_EDGE('',*,*,#2700,.T.);
#3894=ORIENTED_EDGE('',*,*,#2697,.T.);
#3895=ORIENTED_EDGE('',*,*,#2694,.T.);
#3896=ORIENTED_EDGE('',*,*,#2657,.T.);
#3897=ORIENTED_EDGE('',*,*,#2688,.T.);
#3898=ORIENTED_EDGE('',*,*,#2685,.T.);
#3899=ORIENTED_EDGE('',*,*,#2682,.T.);
#3900=ORIENTED_EDGE('',*,*,#2679,.T.);
#3901=ORIENTED_EDGE('',*,*,#2676,.T.);
#3902=ORIENTED_EDGE('',*,*,#2673,.T.);
#3903=ORIENTED_EDGE('',*,*,#2670,.T.);
#3904=ORIENTED_EDGE('',*,*,#2667,.T.);
#3905=ORIENTED_EDGE('',*,*,#2664,.T.);
#3906=ORIENTED_EDGE('',*,*,#2661,.T.);
#3907=ORIENTED_EDGE('',*,*,#2609,.T.);
#3908=ORIENTED_EDGE('',*,*,#2631,.T.);
#3909=ORIENTED_EDGE('',*,*,#2628,.T.);
#3910=ORIENTED_EDGE('',*,*,#2625,.T.);
#3911=ORIENTED_EDGE('',*,*,#2622,.T.);
#3912=ORIENTED_EDGE('',*,*,#2619,.T.);
#3913=ORIENTED_EDGE('',*,*,#2616,.T.);
#3914=ORIENTED_EDGE('',*,*,#2613,.T.);
#3915=ORIENTED_EDGE('',*,*,#2576,.T.);
#3916=ORIENTED_EDGE('',*,*,#2598,.T.);
#3917=ORIENTED_EDGE('',*,*,#2595,.T.);
#3918=ORIENTED_EDGE('',*,*,#2592,.T.);
#3919=ORIENTED_EDGE('',*,*,#2589,.T.);
#3920=ORIENTED_EDGE('',*,*,#2586,.T.);
#3921=ORIENTED_EDGE('',*,*,#2583,.T.);
#3922=ORIENTED_EDGE('',*,*,#2580,.T.);
#3923=ORIENTED_EDGE('',*,*,#2540,.T.);
#3924=ORIENTED_EDGE('',*,*,#2574,.T.);
#3925=ORIENTED_EDGE('',*,*,#2571,.T.);
#3926=ORIENTED_EDGE('',*,*,#2568,.T.);
#3927=ORIENTED_EDGE('',*,*,#2565,.T.);
#3928=ORIENTED_EDGE('',*,*,#2562,.T.);
#3929=ORIENTED_EDGE('',*,*,#2559,.T.);
#3930=ORIENTED_EDGE('',*,*,#2556,.T.);
#3931=ORIENTED_EDGE('',*,*,#2553,.T.);
#3932=ORIENTED_EDGE('',*,*,#2550,.T.);
#3933=ORIENTED_EDGE('',*,*,#2547,.T.);
#3934=ORIENTED_EDGE('',*,*,#2544,.T.);
#3935=ORIENTED_EDGE('',*,*,#2513,.T.);
#3936=ORIENTED_EDGE('',*,*,#2538,.T.);
#3937=ORIENTED_EDGE('',*,*,#2535,.T.);
#3938=ORIENTED_EDGE('',*,*,#2532,.T.);
#3939=ORIENTED_EDGE('',*,*,#2529,.T.);
#3940=ORIENTED_EDGE('',*,*,#2526,.T.);
#3941=ORIENTED_EDGE('',*,*,#2523,.T.);
#3942=ORIENTED_EDGE('',*,*,#2520,.T.);
#3943=ORIENTED_EDGE('',*,*,#2517,.T.);
#3944=ORIENTED_EDGE('',*,*,#2462,.T.);
#3945=ORIENTED_EDGE('',*,*,#2490,.T.);
#3946=ORIENTED_EDGE('',*,*,#2487,.T.);
#3947=ORIENTED_EDGE('',*,*,#2484,.T.);
#3948=ORIENTED_EDGE('',*,*,#2481,.T.);
#3949=ORIENTED_EDGE('',*,*,#2478,.T.);
#3950=ORIENTED_EDGE('',*,*,#2475,.T.);
#3951=ORIENTED_EDGE('',*,*,#2472,.T.);
#3952=ORIENTED_EDGE('',*,*,#2469,.T.);
#3953=ORIENTED_EDGE('',*,*,#2466,.T.);
#3954=ORIENTED_EDGE('',*,*,#2432,.T.);
#3955=ORIENTED_EDGE('',*,*,#2460,.T.);
#3956=ORIENTED_EDGE('',*,*,#2457,.T.);
#3957=ORIENTED_EDGE('',*,*,#2454,.T.);
#3958=ORIENTED_EDGE('',*,*,#2451,.T.);
#3959=ORIENTED_EDGE('',*,*,#2448,.T.);
#3960=ORIENTED_EDGE('',*,*,#2445,.T.);
#3961=ORIENTED_EDGE('',*,*,#2442,.T.);
#3962=ORIENTED_EDGE('',*,*,#2439,.T.);
#3963=ORIENTED_EDGE('',*,*,#2436,.T.);
#3964=ORIENTED_EDGE('',*,*,#2402,.T.);
#3965=ORIENTED_EDGE('',*,*,#2430,.T.);
#3966=ORIENTED_EDGE('',*,*,#2427,.T.);
#3967=ORIENTED_EDGE('',*,*,#2424,.T.);
#3968=ORIENTED_EDGE('',*,*,#2421,.T.);
#3969=ORIENTED_EDGE('',*,*,#2418,.T.);
#3970=ORIENTED_EDGE('',*,*,#2415,.T.);
#3971=ORIENTED_EDGE('',*,*,#2412,.T.);
#3972=ORIENTED_EDGE('',*,*,#2409,.T.);
#3973=ORIENTED_EDGE('',*,*,#2406,.T.);
#3974=ORIENTED_EDGE('',*,*,#2369,.T.);
#3975=ORIENTED_EDGE('',*,*,#2376,.T.);
#3976=ORIENTED_EDGE('',*,*,#2373,.T.);
#3977=ORIENTED_EDGE('',*,*,#2747,.T.);
#3978=ORIENTED_EDGE('',*,*,#2769,.T.);
#3979=ORIENTED_EDGE('',*,*,#2766,.T.);
#3980=ORIENTED_EDGE('',*,*,#2763,.T.);
#3981=ORIENTED_EDGE('',*,*,#2760,.T.);
#3982=ORIENTED_EDGE('',*,*,#2757,.T.);
#3983=ORIENTED_EDGE('',*,*,#2754,.T.);
#3984=ORIENTED_EDGE('',*,*,#2751,.T.);
#3985=ORIENTED_EDGE('',*,*,#2633,.T.);
#3986=ORIENTED_EDGE('',*,*,#2655,.T.);
#3987=ORIENTED_EDGE('',*,*,#2652,.T.);
#3988=ORIENTED_EDGE('',*,*,#2649,.T.);
#3989=ORIENTED_EDGE('',*,*,#2646,.T.);
#3990=ORIENTED_EDGE('',*,*,#2643,.T.);
#3991=ORIENTED_EDGE('',*,*,#2640,.T.);
#3992=ORIENTED_EDGE('',*,*,#2637,.T.);
#3993=ORIENTED_EDGE('',*,*,#2600,.T.);
#3994=ORIENTED_EDGE('',*,*,#2607,.T.);
#3995=ORIENTED_EDGE('',*,*,#2604,.T.);
#3996=ORIENTED_EDGE('',*,*,#2492,.T.);
#3997=ORIENTED_EDGE('',*,*,#2511,.T.);
#3998=ORIENTED_EDGE('',*,*,#2508,.T.);
#3999=ORIENTED_EDGE('',*,*,#2505,.T.);
#4000=ORIENTED_EDGE('',*,*,#2502,.T.);
#4001=ORIENTED_EDGE('',*,*,#2499,.T.);
#4002=ORIENTED_EDGE('',*,*,#2496,.T.);
#4003=ORIENTED_EDGE('',*,*,#2851,.F.);
#4004=ORIENTED_EDGE('',*,*,#2852,.F.);
#4005=ORIENTED_EDGE('',*,*,#2853,.F.);
#4006=ORIENTED_EDGE('',*,*,#2854,.F.);
#4007=ORIENTED_EDGE('',*,*,#2851,.T.);
#4008=ORIENTED_EDGE('',*,*,#2855,.F.);
#4009=ORIENTED_EDGE('',*,*,#2856,.F.);
#4010=ORIENTED_EDGE('',*,*,#2857,.F.);
#4011=ORIENTED_EDGE('',*,*,#2858,.F.);
#4012=ORIENTED_EDGE('',*,*,#2859,.F.);
#4013=ORIENTED_EDGE('',*,*,#2856,.T.);
#4014=ORIENTED_EDGE('',*,*,#2860,.F.);
#4015=ORIENTED_EDGE('',*,*,#2858,.T.);
#4016=ORIENTED_EDGE('',*,*,#2861,.F.);
#4017=ORIENTED_EDGE('',*,*,#2862,.F.);
#4018=ORIENTED_EDGE('',*,*,#2863,.F.);
#4019=ORIENTED_EDGE('',*,*,#2864,.F.);
#4020=ORIENTED_EDGE('',*,*,#2865,.F.);
#4021=ORIENTED_EDGE('',*,*,#2862,.T.);
#4022=ORIENTED_EDGE('',*,*,#2866,.F.);
#4023=ORIENTED_EDGE('',*,*,#2864,.T.);
#4024=ORIENTED_EDGE('',*,*,#2867,.F.);
#4025=ORIENTED_EDGE('',*,*,#2868,.F.);
#4026=ORIENTED_EDGE('',*,*,#2869,.F.);
#4027=ORIENTED_EDGE('',*,*,#2870,.F.);
#4028=ORIENTED_EDGE('',*,*,#2871,.F.);
#4029=ORIENTED_EDGE('',*,*,#2868,.T.);
#4030=ORIENTED_EDGE('',*,*,#2872,.F.);
#4031=ORIENTED_EDGE('',*,*,#2870,.T.);
#4032=ORIENTED_EDGE('',*,*,#2873,.F.);
#4033=ORIENTED_EDGE('',*,*,#2853,.T.);
#4034=ORIENTED_EDGE('',*,*,#2874,.F.);
#4035=ORIENTED_EDGE('',*,*,#2863,.T.);
#4036=ORIENTED_EDGE('',*,*,#2875,.T.);
#4037=ORIENTED_EDGE('',*,*,#2876,.T.);
#4038=ORIENTED_EDGE('',*,*,#2877,.F.);
#4039=ORIENTED_EDGE('',*,*,#2859,.T.);
#4040=ORIENTED_EDGE('',*,*,#2877,.T.);
#4041=ORIENTED_EDGE('',*,*,#2878,.T.);
#4042=ORIENTED_EDGE('',*,*,#2879,.F.);
#4043=ORIENTED_EDGE('',*,*,#2857,.T.);
#4044=ORIENTED_EDGE('',*,*,#2879,.T.);
#4045=ORIENTED_EDGE('',*,*,#2880,.T.);
#4046=ORIENTED_EDGE('',*,*,#2881,.F.);
#4047=ORIENTED_EDGE('',*,*,#2852,.T.);
#4048=ORIENTED_EDGE('',*,*,#2881,.T.);
#4049=ORIENTED_EDGE('',*,*,#2882,.T.);
#4050=ORIENTED_EDGE('',*,*,#2883,.F.);
#4051=ORIENTED_EDGE('',*,*,#2854,.T.);
#4052=ORIENTED_EDGE('',*,*,#2873,.T.);
#4053=ORIENTED_EDGE('',*,*,#2872,.T.);
#4054=ORIENTED_EDGE('',*,*,#2867,.T.);
#4055=ORIENTED_EDGE('',*,*,#2866,.T.);
#4056=ORIENTED_EDGE('',*,*,#2861,.T.);
#4057=ORIENTED_EDGE('',*,*,#2860,.T.);
#4058=ORIENTED_EDGE('',*,*,#2855,.T.);
#4059=ORIENTED_EDGE('',*,*,#2871,.T.);
#4060=ORIENTED_EDGE('',*,*,#2884,.T.);
#4061=ORIENTED_EDGE('',*,*,#2885,.T.);
#4062=ORIENTED_EDGE('',*,*,#2886,.F.);
#4063=ORIENTED_EDGE('',*,*,#2874,.T.);
#4064=ORIENTED_EDGE('',*,*,#2883,.T.);
#4065=ORIENTED_EDGE('',*,*,#2887,.T.);
#4066=ORIENTED_EDGE('',*,*,#2884,.F.);
#4067=ORIENTED_EDGE('',*,*,#2865,.T.);
#4068=ORIENTED_EDGE('',*,*,#2888,.T.);
#4069=ORIENTED_EDGE('',*,*,#2889,.T.);
#4070=ORIENTED_EDGE('',*,*,#2875,.F.);
#4071=ORIENTED_EDGE('',*,*,#2869,.T.);
#4072=ORIENTED_EDGE('',*,*,#2886,.T.);
#4073=ORIENTED_EDGE('',*,*,#2890,.T.);
#4074=ORIENTED_EDGE('',*,*,#2888,.F.);
#4075=ORIENTED_EDGE('',*,*,#2891,.T.);
#4076=ORIENTED_EDGE('',*,*,#2892,.T.);
#4077=ORIENTED_EDGE('',*,*,#2893,.T.);
#4078=ORIENTED_EDGE('',*,*,#2894,.F.);
#4079=ORIENTED_EDGE('',*,*,#2895,.T.);
#4080=ORIENTED_EDGE('',*,*,#2896,.F.);
#4081=ORIENTED_EDGE('',*,*,#2897,.T.);
#4082=ORIENTED_EDGE('',*,*,#2898,.T.);
#4083=ORIENTED_EDGE('',*,*,#2899,.T.);
#4084=ORIENTED_EDGE('',*,*,#2894,.T.);
#4085=ORIENTED_EDGE('',*,*,#2900,.T.);
#4086=ORIENTED_EDGE('',*,*,#2896,.T.);
#4087=ORIENTED_EDGE('',*,*,#2893,.F.);
#4088=ORIENTED_EDGE('',*,*,#2901,.T.);
#4089=ORIENTED_EDGE('',*,*,#2902,.T.);
#4090=ORIENTED_EDGE('',*,*,#2903,.T.);
#4091=ORIENTED_EDGE('',*,*,#2904,.F.);
#4092=ORIENTED_EDGE('',*,*,#2905,.T.);
#4093=ORIENTED_EDGE('',*,*,#2897,.F.);
#4094=ORIENTED_EDGE('',*,*,#2900,.F.);
#4095=ORIENTED_EDGE('',*,*,#2898,.F.);
#4096=ORIENTED_EDGE('',*,*,#2905,.F.);
#4097=ORIENTED_EDGE('',*,*,#2906,.F.);
#4098=ORIENTED_EDGE('',*,*,#2907,.F.);
#4099=ORIENTED_EDGE('',*,*,#2908,.F.);
#4100=ORIENTED_EDGE('',*,*,#2909,.F.);
#4101=ORIENTED_EDGE('',*,*,#2910,.F.);
#4102=ORIENTED_EDGE('',*,*,#2911,.F.);
#4103=ORIENTED_EDGE('',*,*,#2908,.T.);
#4104=ORIENTED_EDGE('',*,*,#2912,.T.);
#4105=ORIENTED_EDGE('',*,*,#2913,.F.);
#4106=ORIENTED_EDGE('',*,*,#2914,.T.);
#4107=ORIENTED_EDGE('',*,*,#2915,.T.);
#4108=ORIENTED_EDGE('',*,*,#2916,.T.);
#4109=ORIENTED_EDGE('',*,*,#2917,.F.);
#4110=ORIENTED_EDGE('',*,*,#2918,.T.);
#4111=ORIENTED_EDGE('',*,*,#2917,.T.);
#4112=ORIENTED_EDGE('',*,*,#2919,.T.);
#4113=ORIENTED_EDGE('',*,*,#2913,.T.);
#4114=ORIENTED_EDGE('',*,*,#2920,.T.);
#4115=ORIENTED_EDGE('',*,*,#2921,.T.);
#4116=ORIENTED_EDGE('',*,*,#2922,.T.);
#4117=ORIENTED_EDGE('',*,*,#2923,.F.);
#4118=ORIENTED_EDGE('',*,*,#2924,.T.);
#4119=ORIENTED_EDGE('',*,*,#2925,.T.);
#4120=ORIENTED_EDGE('',*,*,#2926,.T.);
#4121=ORIENTED_EDGE('',*,*,#2927,.F.);
#4122=ORIENTED_EDGE('',*,*,#2928,.T.);
#4123=ORIENTED_EDGE('',*,*,#2927,.T.);
#4124=ORIENTED_EDGE('',*,*,#2929,.T.);
#4125=ORIENTED_EDGE('',*,*,#2923,.T.);
#4126=ORIENTED_EDGE('',*,*,#2930,.T.);
#4127=ORIENTED_EDGE('',*,*,#2892,.F.);
#4128=ORIENTED_EDGE('',*,*,#2931,.F.);
#4129=ORIENTED_EDGE('',*,*,#2932,.F.);
#4130=ORIENTED_EDGE('',*,*,#2933,.F.);
#4131=ORIENTED_EDGE('',*,*,#2934,.F.);
#4132=ORIENTED_EDGE('',*,*,#2935,.F.);
#4133=ORIENTED_EDGE('',*,*,#2936,.F.);
#4134=ORIENTED_EDGE('',*,*,#2937,.F.);
#4135=ORIENTED_EDGE('',*,*,#2938,.F.);
#4136=ORIENTED_EDGE('',*,*,#2939,.F.);
#4137=ORIENTED_EDGE('',*,*,#2940,.F.);
#4138=ORIENTED_EDGE('',*,*,#2941,.F.);
#4139=ORIENTED_EDGE('',*,*,#2942,.F.);
#4140=ORIENTED_EDGE('',*,*,#2943,.F.);
#4141=ORIENTED_EDGE('',*,*,#2944,.F.);
#4142=ORIENTED_EDGE('',*,*,#2945,.F.);
#4143=ORIENTED_EDGE('',*,*,#2925,.F.);
#4144=ORIENTED_EDGE('',*,*,#2946,.F.);
#4145=ORIENTED_EDGE('',*,*,#2947,.F.);
#4146=ORIENTED_EDGE('',*,*,#2948,.F.);
#4147=ORIENTED_EDGE('',*,*,#2949,.F.);
#4148=ORIENTED_EDGE('',*,*,#2950,.F.);
#4149=ORIENTED_EDGE('',*,*,#2951,.T.);
#4150=ORIENTED_EDGE('',*,*,#2952,.F.);
#4151=ORIENTED_EDGE('',*,*,#2953,.F.);
#4152=ORIENTED_EDGE('',*,*,#2954,.T.);
#4153=ORIENTED_EDGE('',*,*,#2955,.F.);
#4154=ORIENTED_EDGE('',*,*,#2956,.T.);
#4155=ORIENTED_EDGE('',*,*,#2957,.F.);
#4156=ORIENTED_EDGE('',*,*,#2958,.F.);
#4157=ORIENTED_EDGE('',*,*,#2959,.T.);
#4158=ORIENTED_EDGE('',*,*,#2901,.F.);
#4159=ORIENTED_EDGE('',*,*,#2915,.F.);
#4160=ORIENTED_EDGE('',*,*,#2960,.F.);
#4161=ORIENTED_EDGE('',*,*,#2921,.F.);
#4162=ORIENTED_EDGE('',*,*,#2961,.F.);
#4163=ORIENTED_EDGE('',*,*,#2916,.F.);
#4164=ORIENTED_EDGE('',*,*,#2961,.T.);
#4165=ORIENTED_EDGE('',*,*,#2924,.F.);
#4166=ORIENTED_EDGE('',*,*,#2929,.F.);
#4167=ORIENTED_EDGE('',*,*,#2926,.F.);
#4168=ORIENTED_EDGE('',*,*,#2945,.T.);
#4169=ORIENTED_EDGE('',*,*,#2962,.T.);
#4170=ORIENTED_EDGE('',*,*,#2963,.F.);
#4171=ORIENTED_EDGE('',*,*,#2964,.F.);
#4172=ORIENTED_EDGE('',*,*,#2909,.T.);
#4173=ORIENTED_EDGE('',*,*,#2914,.F.);
#4174=ORIENTED_EDGE('',*,*,#2919,.F.);
#4175=ORIENTED_EDGE('',*,*,#2965,.F.);
#4176=ORIENTED_EDGE('',*,*,#2966,.F.);
#4177=ORIENTED_EDGE('',*,*,#2967,.F.);
#4178=ORIENTED_EDGE('',*,*,#2831,.F.);
#4179=ORIENTED_EDGE('',*,*,#2968,.F.);
#4180=ORIENTED_EDGE('',*,*,#2969,.F.);
#4181=ORIENTED_EDGE('',*,*,#2965,.T.);
#4182=ORIENTED_EDGE('',*,*,#2846,.F.);
#4183=ORIENTED_EDGE('',*,*,#2970,.F.);
#4184=ORIENTED_EDGE('',*,*,#2971,.F.);
#4185=ORIENTED_EDGE('',*,*,#2968,.T.);
#4186=ORIENTED_EDGE('',*,*,#2845,.F.);
#4187=ORIENTED_EDGE('',*,*,#2972,.F.);
#4188=ORIENTED_EDGE('',*,*,#2973,.F.);
#4189=ORIENTED_EDGE('',*,*,#2970,.T.);
#4190=ORIENTED_EDGE('',*,*,#2844,.F.);
#4191=ORIENTED_EDGE('',*,*,#2974,.F.);
#4192=ORIENTED_EDGE('',*,*,#2975,.F.);
#4193=ORIENTED_EDGE('',*,*,#2972,.T.);
#4194=ORIENTED_EDGE('',*,*,#2843,.F.);
#4195=ORIENTED_EDGE('',*,*,#2976,.F.);
#4196=ORIENTED_EDGE('',*,*,#2977,.F.);
#4197=ORIENTED_EDGE('',*,*,#2974,.T.);
#4198=ORIENTED_EDGE('',*,*,#2842,.F.);
#4199=ORIENTED_EDGE('',*,*,#2978,.F.);
#4200=ORIENTED_EDGE('',*,*,#2979,.F.);
#4201=ORIENTED_EDGE('',*,*,#2976,.T.);
#4202=ORIENTED_EDGE('',*,*,#2841,.F.);
#4203=ORIENTED_EDGE('',*,*,#2980,.F.);
#4204=ORIENTED_EDGE('',*,*,#2903,.F.);
#4205=ORIENTED_EDGE('',*,*,#2978,.T.);
#4206=ORIENTED_EDGE('',*,*,#2840,.F.);
#4207=ORIENTED_EDGE('',*,*,#2981,.F.);
#4208=ORIENTED_EDGE('',*,*,#2982,.F.);
#4209=ORIENTED_EDGE('',*,*,#2980,.T.);
#4210=ORIENTED_EDGE('',*,*,#2839,.F.);
#4211=ORIENTED_EDGE('',*,*,#2983,.F.);
#4212=ORIENTED_EDGE('',*,*,#2984,.F.);
#4213=ORIENTED_EDGE('',*,*,#2981,.T.);
#4214=ORIENTED_EDGE('',*,*,#2838,.F.);
#4215=ORIENTED_EDGE('',*,*,#2985,.F.);
#4216=ORIENTED_EDGE('',*,*,#2986,.F.);
#4217=ORIENTED_EDGE('',*,*,#2983,.T.);
#4218=ORIENTED_EDGE('',*,*,#2837,.F.);
#4219=ORIENTED_EDGE('',*,*,#2987,.F.);
#4220=ORIENTED_EDGE('',*,*,#2988,.F.);
#4221=ORIENTED_EDGE('',*,*,#2985,.T.);
#4222=ORIENTED_EDGE('',*,*,#2836,.F.);
#4223=ORIENTED_EDGE('',*,*,#2989,.F.);
#4224=ORIENTED_EDGE('',*,*,#2990,.F.);
#4225=ORIENTED_EDGE('',*,*,#2987,.T.);
#4226=ORIENTED_EDGE('',*,*,#2835,.F.);
#4227=ORIENTED_EDGE('',*,*,#2991,.F.);
#4228=ORIENTED_EDGE('',*,*,#2992,.F.);
#4229=ORIENTED_EDGE('',*,*,#2989,.T.);
#4230=ORIENTED_EDGE('',*,*,#2834,.F.);
#4231=ORIENTED_EDGE('',*,*,#2993,.F.);
#4232=ORIENTED_EDGE('',*,*,#2994,.F.);
#4233=ORIENTED_EDGE('',*,*,#2991,.T.);
#4234=ORIENTED_EDGE('',*,*,#2833,.F.);
#4235=ORIENTED_EDGE('',*,*,#2967,.T.);
#4236=ORIENTED_EDGE('',*,*,#2995,.F.);
#4237=ORIENTED_EDGE('',*,*,#2993,.T.);
#4238=ORIENTED_EDGE('',*,*,#2832,.F.);
#4239=ORIENTED_EDGE('',*,*,#2979,.T.);
#4240=ORIENTED_EDGE('',*,*,#2902,.F.);
#4241=ORIENTED_EDGE('',*,*,#2959,.F.);
#4242=ORIENTED_EDGE('',*,*,#2996,.T.);
#4243=ORIENTED_EDGE('',*,*,#2977,.T.);
#4244=ORIENTED_EDGE('',*,*,#2996,.F.);
#4245=ORIENTED_EDGE('',*,*,#2958,.T.);
#4246=ORIENTED_EDGE('',*,*,#2997,.T.);
#4247=ORIENTED_EDGE('',*,*,#2975,.T.);
#4248=ORIENTED_EDGE('',*,*,#2997,.F.);
#4249=ORIENTED_EDGE('',*,*,#2957,.T.);
#4250=ORIENTED_EDGE('',*,*,#2998,.T.);
#4251=ORIENTED_EDGE('',*,*,#2973,.T.);
#4252=ORIENTED_EDGE('',*,*,#2998,.F.);
#4253=ORIENTED_EDGE('',*,*,#2956,.F.);
#4254=ORIENTED_EDGE('',*,*,#2999,.T.);
#4255=ORIENTED_EDGE('',*,*,#2971,.T.);
#4256=ORIENTED_EDGE('',*,*,#2999,.F.);
#4257=ORIENTED_EDGE('',*,*,#2955,.T.);
#4258=ORIENTED_EDGE('',*,*,#3000,.T.);
#4259=ORIENTED_EDGE('',*,*,#2969,.T.);
#4260=ORIENTED_EDGE('',*,*,#3000,.F.);
#4261=ORIENTED_EDGE('',*,*,#2954,.F.);
#4262=ORIENTED_EDGE('',*,*,#3001,.T.);
#4263=ORIENTED_EDGE('',*,*,#2966,.T.);
#4264=ORIENTED_EDGE('',*,*,#3001,.F.);
#4265=ORIENTED_EDGE('',*,*,#2953,.T.);
#4266=ORIENTED_EDGE('',*,*,#3002,.T.);
#4267=ORIENTED_EDGE('',*,*,#2378,.T.);
#4268=ORIENTED_EDGE('',*,*,#2400,.T.);
#4269=ORIENTED_EDGE('',*,*,#2397,.T.);
#4270=ORIENTED_EDGE('',*,*,#2394,.T.);
#4271=ORIENTED_EDGE('',*,*,#2391,.T.);
#4272=ORIENTED_EDGE('',*,*,#2388,.T.);
#4273=ORIENTED_EDGE('',*,*,#2385,.T.);
#4274=ORIENTED_EDGE('',*,*,#2382,.T.);
#4275=ORIENTED_EDGE('',*,*,#2850,.F.);
#4276=ORIENTED_EDGE('',*,*,#3003,.T.);
#4277=ORIENTED_EDGE('',*,*,#3004,.F.);
#4278=ORIENTED_EDGE('',*,*,#3003,.F.);
#4279=ORIENTED_EDGE('',*,*,#3004,.T.);
#4280=ORIENTED_EDGE('',*,*,#3005,.T.);
#4281=ORIENTED_EDGE('',*,*,#3006,.F.);
#4282=ORIENTED_EDGE('',*,*,#3005,.F.);
#4283=ORIENTED_EDGE('',*,*,#2847,.F.);
#4284=ORIENTED_EDGE('',*,*,#3007,.T.);
#4285=ORIENTED_EDGE('',*,*,#3008,.F.);
#4286=ORIENTED_EDGE('',*,*,#3007,.F.);
#4287=ORIENTED_EDGE('',*,*,#3008,.T.);
#4288=ORIENTED_EDGE('',*,*,#3009,.T.);
#4289=ORIENTED_EDGE('',*,*,#3010,.F.);
#4290=ORIENTED_EDGE('',*,*,#3009,.F.);
#4291=ORIENTED_EDGE('',*,*,#2849,.F.);
#4292=ORIENTED_EDGE('',*,*,#3011,.T.);
#4293=ORIENTED_EDGE('',*,*,#3012,.F.);
#4294=ORIENTED_EDGE('',*,*,#3011,.F.);
#4295=ORIENTED_EDGE('',*,*,#3012,.T.);
#4296=ORIENTED_EDGE('',*,*,#3013,.T.);
#4297=ORIENTED_EDGE('',*,*,#3014,.F.);
#4298=ORIENTED_EDGE('',*,*,#3013,.F.);
#4299=ORIENTED_EDGE('',*,*,#2848,.F.);
#4300=ORIENTED_EDGE('',*,*,#3015,.T.);
#4301=ORIENTED_EDGE('',*,*,#3016,.F.);
#4302=ORIENTED_EDGE('',*,*,#3015,.F.);
#4303=ORIENTED_EDGE('',*,*,#3016,.T.);
#4304=ORIENTED_EDGE('',*,*,#3017,.T.);
#4305=ORIENTED_EDGE('',*,*,#3018,.F.);
#4306=ORIENTED_EDGE('',*,*,#3017,.F.);
#4307=ORIENTED_EDGE('',*,*,#3018,.T.);
#4308=ORIENTED_EDGE('',*,*,#3019,.T.);
#4309=ORIENTED_EDGE('',*,*,#3014,.T.);
#4310=ORIENTED_EDGE('',*,*,#3020,.T.);
#4311=ORIENTED_EDGE('',*,*,#3010,.T.);
#4312=ORIENTED_EDGE('',*,*,#3021,.T.);
#4313=ORIENTED_EDGE('',*,*,#3006,.T.);
#4314=ORIENTED_EDGE('',*,*,#3022,.T.);
#4315=ORIENTED_EDGE('',*,*,#3023,.T.);
#4316=ORIENTED_EDGE('',*,*,#3024,.T.);
#4317=ORIENTED_EDGE('',*,*,#3019,.F.);
#4318=ORIENTED_EDGE('',*,*,#3024,.F.);
#4319=ORIENTED_EDGE('',*,*,#3025,.T.);
#4320=ORIENTED_EDGE('',*,*,#3026,.T.);
#4321=ORIENTED_EDGE('',*,*,#3020,.F.);
#4322=ORIENTED_EDGE('',*,*,#3026,.F.);
#4323=ORIENTED_EDGE('',*,*,#3027,.T.);
#4324=ORIENTED_EDGE('',*,*,#3028,.T.);
#4325=ORIENTED_EDGE('',*,*,#3021,.F.);
#4326=ORIENTED_EDGE('',*,*,#3028,.F.);
#4327=ORIENTED_EDGE('',*,*,#3029,.T.);
#4328=ORIENTED_EDGE('',*,*,#3030,.T.);
#4329=ORIENTED_EDGE('',*,*,#3022,.F.);
#4330=ORIENTED_EDGE('',*,*,#3030,.F.);
#4331=ORIENTED_EDGE('',*,*,#2934,.T.);
#4332=ORIENTED_EDGE('',*,*,#3031,.T.);
#4333=ORIENTED_EDGE('',*,*,#3032,.F.);
#4334=ORIENTED_EDGE('',*,*,#3033,.F.);
#4335=ORIENTED_EDGE('',*,*,#2935,.T.);
#4336=ORIENTED_EDGE('',*,*,#3033,.T.);
#4337=ORIENTED_EDGE('',*,*,#3034,.F.);
#4338=ORIENTED_EDGE('',*,*,#3035,.F.);
#4339=ORIENTED_EDGE('',*,*,#2936,.T.);
#4340=ORIENTED_EDGE('',*,*,#3035,.T.);
#4341=ORIENTED_EDGE('',*,*,#3036,.F.);
#4342=ORIENTED_EDGE('',*,*,#3037,.F.);
#4343=ORIENTED_EDGE('',*,*,#2937,.T.);
#4344=ORIENTED_EDGE('',*,*,#3037,.T.);
#4345=ORIENTED_EDGE('',*,*,#3038,.F.);
#4346=ORIENTED_EDGE('',*,*,#3039,.F.);
#4347=ORIENTED_EDGE('',*,*,#2938,.T.);
#4348=ORIENTED_EDGE('',*,*,#3039,.T.);
#4349=ORIENTED_EDGE('',*,*,#3040,.F.);
#4350=ORIENTED_EDGE('',*,*,#3041,.F.);
#4351=ORIENTED_EDGE('',*,*,#2939,.T.);
#4352=ORIENTED_EDGE('',*,*,#3041,.T.);
#4353=ORIENTED_EDGE('',*,*,#3042,.F.);
#4354=ORIENTED_EDGE('',*,*,#3043,.F.);
#4355=ORIENTED_EDGE('',*,*,#2940,.T.);
#4356=ORIENTED_EDGE('',*,*,#3043,.T.);
#4357=ORIENTED_EDGE('',*,*,#3044,.F.);
#4358=ORIENTED_EDGE('',*,*,#3045,.F.);
#4359=ORIENTED_EDGE('',*,*,#2941,.T.);
#4360=ORIENTED_EDGE('',*,*,#3045,.T.);
#4361=ORIENTED_EDGE('',*,*,#3046,.F.);
#4362=ORIENTED_EDGE('',*,*,#3047,.F.);
#4363=ORIENTED_EDGE('',*,*,#2942,.T.);
#4364=ORIENTED_EDGE('',*,*,#3047,.T.);
#4365=ORIENTED_EDGE('',*,*,#3048,.F.);
#4366=ORIENTED_EDGE('',*,*,#3049,.F.);
#4367=ORIENTED_EDGE('',*,*,#2943,.T.);
#4368=ORIENTED_EDGE('',*,*,#3049,.T.);
#4369=ORIENTED_EDGE('',*,*,#3050,.F.);
#4370=ORIENTED_EDGE('',*,*,#3051,.F.);
#4371=ORIENTED_EDGE('',*,*,#2944,.T.);
#4372=ORIENTED_EDGE('',*,*,#3051,.T.);
#4373=ORIENTED_EDGE('',*,*,#3052,.F.);
#4374=ORIENTED_EDGE('',*,*,#2962,.F.);
#4375=ORIENTED_EDGE('',*,*,#2910,.T.);
#4376=ORIENTED_EDGE('',*,*,#2964,.T.);
#4377=ORIENTED_EDGE('',*,*,#3053,.F.);
#4378=ORIENTED_EDGE('',*,*,#3054,.F.);
#4379=ORIENTED_EDGE('',*,*,#2891,.F.);
#4380=ORIENTED_EDGE('',*,*,#2899,.F.);
#4381=ORIENTED_EDGE('',*,*,#2895,.F.);
#4382=ORIENTED_EDGE('',*,*,#2911,.T.);
#4383=ORIENTED_EDGE('',*,*,#3054,.T.);
#4384=ORIENTED_EDGE('',*,*,#3055,.F.);
#4385=ORIENTED_EDGE('',*,*,#3056,.F.);
#4386=ORIENTED_EDGE('',*,*,#2931,.T.);
#4387=ORIENTED_EDGE('',*,*,#2932,.T.);
#4388=ORIENTED_EDGE('',*,*,#3056,.T.);
#4389=ORIENTED_EDGE('',*,*,#3057,.F.);
#4390=ORIENTED_EDGE('',*,*,#3058,.F.);
#4391=ORIENTED_EDGE('',*,*,#2933,.T.);
#4392=ORIENTED_EDGE('',*,*,#3058,.T.);
#4393=ORIENTED_EDGE('',*,*,#3059,.F.);
#4394=ORIENTED_EDGE('',*,*,#3031,.F.);
#4395=ORIENTED_EDGE('',*,*,#3059,.T.);
#4396=ORIENTED_EDGE('',*,*,#3057,.T.);
#4397=ORIENTED_EDGE('',*,*,#3055,.T.);
#4398=ORIENTED_EDGE('',*,*,#3053,.T.);
#4399=ORIENTED_EDGE('',*,*,#2963,.T.);
#4400=ORIENTED_EDGE('',*,*,#3052,.T.);
#4401=ORIENTED_EDGE('',*,*,#3050,.T.);
#4402=ORIENTED_EDGE('',*,*,#3048,.T.);
#4403=ORIENTED_EDGE('',*,*,#3046,.T.);
#4404=ORIENTED_EDGE('',*,*,#3044,.T.);
#4405=ORIENTED_EDGE('',*,*,#3042,.T.);
#4406=ORIENTED_EDGE('',*,*,#3040,.T.);
#4407=ORIENTED_EDGE('',*,*,#3038,.T.);
#4408=ORIENTED_EDGE('',*,*,#3036,.T.);
#4409=ORIENTED_EDGE('',*,*,#3034,.T.);
#4410=ORIENTED_EDGE('',*,*,#3032,.T.);
#4411=ORIENTED_EDGE('',*,*,#2880,.F.);
#4412=ORIENTED_EDGE('',*,*,#2878,.F.);
#4413=ORIENTED_EDGE('',*,*,#2876,.F.);
#4414=ORIENTED_EDGE('',*,*,#2889,.F.);
#4415=ORIENTED_EDGE('',*,*,#2890,.F.);
#4416=ORIENTED_EDGE('',*,*,#2885,.F.);
#4417=ORIENTED_EDGE('',*,*,#2887,.F.);
#4418=ORIENTED_EDGE('',*,*,#2882,.F.);
#4419=ORIENTED_EDGE('',*,*,#3023,.F.);
#4420=ORIENTED_EDGE('',*,*,#3025,.F.);
#4421=ORIENTED_EDGE('',*,*,#3027,.F.);
#4422=ORIENTED_EDGE('',*,*,#3029,.F.);
#4423=ORIENTED_EDGE('',*,*,#2995,.T.);
#4424=ORIENTED_EDGE('',*,*,#3002,.F.);
#4425=ORIENTED_EDGE('',*,*,#2952,.T.);
#4426=ORIENTED_EDGE('',*,*,#3060,.T.);
#4427=ORIENTED_EDGE('',*,*,#2994,.T.);
#4428=ORIENTED_EDGE('',*,*,#3060,.F.);
#4429=ORIENTED_EDGE('',*,*,#2951,.F.);
#4430=ORIENTED_EDGE('',*,*,#3061,.T.);
#4431=ORIENTED_EDGE('',*,*,#2992,.T.);
#4432=ORIENTED_EDGE('',*,*,#3061,.F.);
#4433=ORIENTED_EDGE('',*,*,#2950,.T.);
#4434=ORIENTED_EDGE('',*,*,#3062,.T.);
#4435=ORIENTED_EDGE('',*,*,#2990,.T.);
#4436=ORIENTED_EDGE('',*,*,#3062,.F.);
#4437=ORIENTED_EDGE('',*,*,#2949,.T.);
#4438=ORIENTED_EDGE('',*,*,#3063,.T.);
#4439=ORIENTED_EDGE('',*,*,#2988,.T.);
#4440=ORIENTED_EDGE('',*,*,#3063,.F.);
#4441=ORIENTED_EDGE('',*,*,#2948,.T.);
#4442=ORIENTED_EDGE('',*,*,#3064,.T.);
#4443=ORIENTED_EDGE('',*,*,#2986,.T.);
#4444=ORIENTED_EDGE('',*,*,#3064,.F.);
#4445=ORIENTED_EDGE('',*,*,#2947,.T.);
#4446=ORIENTED_EDGE('',*,*,#3065,.T.);
#4447=ORIENTED_EDGE('',*,*,#2918,.F.);
#4448=ORIENTED_EDGE('',*,*,#2920,.F.);
#4449=ORIENTED_EDGE('',*,*,#2912,.F.);
#4450=ORIENTED_EDGE('',*,*,#2907,.T.);
#4451=ORIENTED_EDGE('',*,*,#3066,.T.);
#4452=ORIENTED_EDGE('',*,*,#2984,.T.);
#4453=ORIENTED_EDGE('',*,*,#3065,.F.);
#4454=ORIENTED_EDGE('',*,*,#2946,.T.);
#4455=ORIENTED_EDGE('',*,*,#2928,.F.);
#4456=ORIENTED_EDGE('',*,*,#2930,.F.);
#4457=ORIENTED_EDGE('',*,*,#2922,.F.);
#4458=ORIENTED_EDGE('',*,*,#2960,.T.);
#4459=ORIENTED_EDGE('',*,*,#2982,.T.);
#4460=ORIENTED_EDGE('',*,*,#3066,.F.);
#4461=ORIENTED_EDGE('',*,*,#2906,.T.);
#4462=ORIENTED_EDGE('',*,*,#2904,.T.);
#4463=PLANE('',#4897);
#4464=PLANE('',#4898);
#4465=PLANE('',#4899);
#4466=PLANE('',#4900);
#4467=PLANE('',#4901);
#4468=PLANE('',#4902);
#4469=PLANE('',#4903);
#4470=PLANE('',#4904);
#4471=PLANE('',#4905);
#4472=PLANE('',#4906);
#4473=PLANE('',#4907);
#4474=PLANE('',#4908);
#4475=PLANE('',#4909);
#4476=PLANE('',#4910);
#4477=PLANE('',#4911);
#4478=PLANE('',#4912);
#4479=PLANE('',#4913);
#4480=PLANE('',#4914);
#4481=PLANE('',#4915);
#4482=PLANE('',#4916);
#4483=PLANE('',#4917);
#4484=PLANE('',#4918);
#4485=PLANE('',#4919);
#4486=PLANE('',#4920);
#4487=PLANE('',#4921);
#4488=PLANE('',#4922);
#4489=PLANE('',#4923);
#4490=PLANE('',#4924);
#4491=PLANE('',#4925);
#4492=PLANE('',#4926);
#4493=PLANE('',#4927);
#4494=PLANE('',#4928);
#4495=PLANE('',#4929);
#4496=PLANE('',#4930);
#4497=PLANE('',#4931);
#4498=PLANE('',#4932);
#4499=PLANE('',#4933);
#4500=PLANE('',#4934);
#4501=PLANE('',#4935);
#4502=PLANE('',#4936);
#4503=PLANE('',#4937);
#4504=PLANE('',#4938);
#4505=PLANE('',#4939);
#4506=PLANE('',#4940);
#4507=PLANE('',#4941);
#4508=PLANE('',#4942);
#4509=PLANE('',#4943);
#4510=PLANE('',#4944);
#4511=PLANE('',#4945);
#4512=PLANE('',#4946);
#4513=PLANE('',#4947);
#4514=PLANE('',#4948);
#4515=PLANE('',#4949);
#4516=PLANE('',#4950);
#4517=PLANE('',#4951);
#4518=PLANE('',#4952);
#4519=PLANE('',#4953);
#4520=PLANE('',#4954);
#4521=PLANE('',#4955);
#4522=PLANE('',#4956);
#4523=PLANE('',#4957);
#4524=PLANE('',#4958);
#4525=PLANE('',#4959);
#4526=PLANE('',#4960);
#4527=PLANE('',#4961);
#4528=PLANE('',#4962);
#4529=PLANE('',#4963);
#4530=PLANE('',#4964);
#4531=PLANE('',#4965);
#4532=PLANE('',#4966);
#4533=PLANE('',#4967);
#4534=PLANE('',#4968);
#4535=PLANE('',#4969);
#4536=PLANE('',#4970);
#4537=PLANE('',#4971);
#4538=PLANE('',#4972);
#4539=PLANE('',#4973);
#4540=PLANE('',#4974);
#4541=PLANE('',#4975);
#4542=PLANE('',#4976);
#4543=PLANE('',#4977);
#4544=PLANE('',#4978);
#4545=PLANE('',#4979);
#4546=PLANE('',#4980);
#4547=PLANE('',#4981);
#4548=PLANE('',#4982);
#4549=PLANE('',#4983);
#4550=PLANE('',#4984);
#4551=PLANE('',#4985);
#4552=PLANE('',#4986);
#4553=PLANE('',#4987);
#4554=PLANE('',#4988);
#4555=PLANE('',#4989);
#4556=PLANE('',#4990);
#4557=PLANE('',#4991);
#4558=PLANE('',#4992);
#4559=PLANE('',#4993);
#4560=PLANE('',#5006);
#4561=PLANE('',#5007);
#4562=PLANE('',#5008);
#4563=PLANE('',#5009);
#4564=PLANE('',#5013);
#4565=PLANE('',#5017);
#4566=PLANE('',#5021);
#4567=PLANE('',#5025);
#4568=PLANE('',#5026);
#4569=PLANE('',#5029);
#4570=PLANE('',#5032);
#4571=PLANE('',#5035);
#4572=PLANE('',#5038);
#4573=PLANE('',#5039);
#4574=PLANE('',#5040);
#4575=PLANE('',#5041);
#4576=PLANE('',#5042);
#4577=PLANE('',#5043);
#4578=PLANE('',#5046);
#4579=PLANE('',#5047);
#4580=PLANE('',#5048);
#4581=PLANE('',#5049);
#4582=PLANE('',#5050);
#4583=PLANE('',#5051);
#4584=PLANE('',#5052);
#4585=PLANE('',#5067);
#4586=PLANE('',#5068);
#4587=PLANE('',#5071);
#4588=PLANE('',#5074);
#4589=PLANE('',#5077);
#4590=PLANE('',#5080);
#4591=PLANE('',#5083);
#4592=PLANE('',#5086);
#4593=PLANE('',#5089);
#4594=PLANE('',#5092);
#4595=PLANE('',#5094);
#4596=PLANE('',#5096);
#4597=PLANE('',#5098);
#4598=PLANE('',#5100);
#4599=PLANE('',#5117);
#4600=PLANE('',#5119);
#4601=PLANE('',#5121);
#4602=PLANE('',#5123);
#4603=PLANE('',#5135);
#4604=PLANE('',#5138);
#4605=PLANE('',#5141);
#4606=PLANE('',#5144);
#4607=PLANE('',#5147);
#4608=PLANE('',#5152);
#4609=PLANE('',#5155);
#4610=PLANE('',#5156);
#4611=PLANE('',#5157);
#4612=PLANE('',#5159);
#4613=PLANE('',#5161);
#4614=PLANE('',#5163);
#4615=ADVANCED_FACE('',(#379),#4463,.F.);
#4616=ADVANCED_FACE('',(#380),#4464,.F.);
#4617=ADVANCED_FACE('',(#381),#4465,.F.);
#4618=ADVANCED_FACE('',(#382),#4466,.F.);
#4619=ADVANCED_FACE('',(#383),#309,.F.);
#4620=ADVANCED_FACE('',(#384),#310,.F.);
#4621=ADVANCED_FACE('',(#385),#311,.F.);
#4622=ADVANCED_FACE('',(#386),#312,.F.);
#4623=ADVANCED_FACE('',(#387),#313,.F.);
#4624=ADVANCED_FACE('',(#388),#314,.F.);
#4625=ADVANCED_FACE('',(#389),#315,.F.);
#4626=ADVANCED_FACE('',(#390),#316,.F.);
#4627=ADVANCED_FACE('',(#391),#317,.F.);
#4628=ADVANCED_FACE('',(#392),#318,.F.);
#4629=ADVANCED_FACE('',(#393),#319,.F.);
#4630=ADVANCED_FACE('',(#394),#320,.F.);
#4631=ADVANCED_FACE('',(#395),#321,.F.);
#4632=ADVANCED_FACE('',(#396),#322,.F.);
#4633=ADVANCED_FACE('',(#397),#323,.F.);
#4634=ADVANCED_FACE('',(#398),#324,.F.);
#4635=ADVANCED_FACE('',(#399),#325,.F.);
#4636=ADVANCED_FACE('',(#400),#326,.F.);
#4637=ADVANCED_FACE('',(#401,#139),#4467,.T.);
#4638=ADVANCED_FACE('',(#402),#4468,.F.);
#4639=ADVANCED_FACE('',(#403),#4469,.F.);
#4640=ADVANCED_FACE('',(#404),#4470,.F.);
#4641=ADVANCED_FACE('',(#405),#4471,.F.);
#4642=ADVANCED_FACE('',(#406),#4472,.F.);
#4643=ADVANCED_FACE('',(#407),#4473,.F.);
#4644=ADVANCED_FACE('',(#408),#4474,.F.);
#4645=ADVANCED_FACE('',(#409),#4475,.F.);
#4646=ADVANCED_FACE('',(#410),#4476,.F.);
#4647=ADVANCED_FACE('',(#411),#4477,.F.);
#4648=ADVANCED_FACE('',(#412),#4478,.F.);
#4649=ADVANCED_FACE('',(#413),#4479,.F.);
#4650=ADVANCED_FACE('',(#414),#4480,.F.);
#4651=ADVANCED_FACE('',(#415),#4481,.F.);
#4652=ADVANCED_FACE('',(#416),#4482,.F.);
#4653=ADVANCED_FACE('',(#417),#4483,.F.);
#4654=ADVANCED_FACE('',(#418),#4484,.F.);
#4655=ADVANCED_FACE('',(#419),#4485,.F.);
#4656=ADVANCED_FACE('',(#420),#4486,.F.);
#4657=ADVANCED_FACE('',(#421),#4487,.F.);
#4658=ADVANCED_FACE('',(#422),#4488,.F.);
#4659=ADVANCED_FACE('',(#423),#4489,.F.);
#4660=ADVANCED_FACE('',(#424),#4490,.F.);
#4661=ADVANCED_FACE('',(#425),#327,.F.);
#4662=ADVANCED_FACE('',(#426),#328,.F.);
#4663=ADVANCED_FACE('',(#427),#329,.F.);
#4664=ADVANCED_FACE('',(#428),#330,.F.);
#4665=ADVANCED_FACE('',(#429),#4491,.F.);
#4666=ADVANCED_FACE('',(#430),#4492,.F.);
#4667=ADVANCED_FACE('',(#431),#4493,.F.);
#4668=ADVANCED_FACE('',(#432),#4494,.F.);
#4669=ADVANCED_FACE('',(#433),#4495,.F.);
#4670=ADVANCED_FACE('',(#434),#331,.F.);
#4671=ADVANCED_FACE('',(#435),#332,.F.);
#4672=ADVANCED_FACE('',(#436),#333,.F.);
#4673=ADVANCED_FACE('',(#437),#334,.F.);
#4674=ADVANCED_FACE('',(#438),#4496,.F.);
#4675=ADVANCED_FACE('',(#439),#4497,.F.);
#4676=ADVANCED_FACE('',(#440,#140),#4498,.T.);
#4677=ADVANCED_FACE('',(#441),#4499,.F.);
#4678=ADVANCED_FACE('',(#442),#4500,.F.);
#4679=ADVANCED_FACE('',(#443),#4501,.F.);
#4680=ADVANCED_FACE('',(#444),#4502,.F.);
#4681=ADVANCED_FACE('',(#445),#4503,.F.);
#4682=ADVANCED_FACE('',(#446),#4504,.F.);
#4683=ADVANCED_FACE('',(#447),#4505,.F.);
#4684=ADVANCED_FACE('',(#448),#4506,.F.);
#4685=ADVANCED_FACE('',(#449),#4507,.F.);
#4686=ADVANCED_FACE('',(#450),#4508,.F.);
#4687=ADVANCED_FACE('',(#451),#4509,.F.);
#4688=ADVANCED_FACE('',(#452),#4510,.F.);
#4689=ADVANCED_FACE('',(#453),#4511,.F.);
#4690=ADVANCED_FACE('',(#454),#4512,.F.);
#4691=ADVANCED_FACE('',(#455),#4513,.F.);
#4692=ADVANCED_FACE('',(#456),#4514,.F.);
#4693=ADVANCED_FACE('',(#457),#4515,.F.);
#4694=ADVANCED_FACE('',(#458),#4516,.F.);
#4695=ADVANCED_FACE('',(#459),#4517,.F.);
#4696=ADVANCED_FACE('',(#460),#4518,.F.);
#4697=ADVANCED_FACE('',(#461),#4519,.F.);
#4698=ADVANCED_FACE('',(#462),#4520,.F.);
#4699=ADVANCED_FACE('',(#463),#4521,.F.);
#4700=ADVANCED_FACE('',(#464),#4522,.F.);
#4701=ADVANCED_FACE('',(#465),#4523,.F.);
#4702=ADVANCED_FACE('',(#466),#4524,.F.);
#4703=ADVANCED_FACE('',(#467),#4525,.F.);
#4704=ADVANCED_FACE('',(#468),#4526,.F.);
#4705=ADVANCED_FACE('',(#469),#4527,.F.);
#4706=ADVANCED_FACE('',(#470),#4528,.F.);
#4707=ADVANCED_FACE('',(#471),#4529,.F.);
#4708=ADVANCED_FACE('',(#472),#4530,.F.);
#4709=ADVANCED_FACE('',(#473),#4531,.F.);
#4710=ADVANCED_FACE('',(#474,#141),#4532,.F.);
#4711=ADVANCED_FACE('',(#475),#335,.F.);
#4712=ADVANCED_FACE('',(#476),#336,.F.);
#4713=ADVANCED_FACE('',(#477),#337,.F.);
#4714=ADVANCED_FACE('',(#478),#338,.F.);
#4715=ADVANCED_FACE('',(#479),#339,.F.);
#4716=ADVANCED_FACE('',(#480),#4533,.F.);
#4717=ADVANCED_FACE('',(#481),#4534,.F.);
#4718=ADVANCED_FACE('',(#482),#4535,.F.);
#4719=ADVANCED_FACE('',(#483),#4536,.F.);
#4720=ADVANCED_FACE('',(#484),#340,.F.);
#4721=ADVANCED_FACE('',(#485),#341,.F.);
#4722=ADVANCED_FACE('',(#486),#342,.F.);
#4723=ADVANCED_FACE('',(#487),#343,.F.);
#4724=ADVANCED_FACE('',(#488),#344,.F.);
#4725=ADVANCED_FACE('',(#489),#345,.F.);
#4726=ADVANCED_FACE('',(#490),#346,.F.);
#4727=ADVANCED_FACE('',(#491),#347,.F.);
#4728=ADVANCED_FACE('',(#492),#4537,.F.);
#4729=ADVANCED_FACE('',(#493),#4538,.F.);
#4730=ADVANCED_FACE('',(#494,#142),#4539,.T.);
#4731=ADVANCED_FACE('',(#495),#348,.F.);
#4732=ADVANCED_FACE('',(#496),#349,.F.);
#4733=ADVANCED_FACE('',(#497),#350,.F.);
#4734=ADVANCED_FACE('',(#498),#351,.F.);
#4735=ADVANCED_FACE('',(#499),#4540,.F.);
#4736=ADVANCED_FACE('',(#500),#4541,.F.);
#4737=ADVANCED_FACE('',(#501),#4542,.F.);
#4738=ADVANCED_FACE('',(#502),#352,.F.);
#4739=ADVANCED_FACE('',(#503),#353,.F.);
#4740=ADVANCED_FACE('',(#504),#354,.F.);
#4741=ADVANCED_FACE('',(#505),#355,.F.);
#4742=ADVANCED_FACE('',(#506),#356,.F.);
#4743=ADVANCED_FACE('',(#507),#357,.F.);
#4744=ADVANCED_FACE('',(#508),#358,.F.);
#4745=ADVANCED_FACE('',(#509),#359,.F.);
#4746=ADVANCED_FACE('',(#510),#360,.F.);
#4747=ADVANCED_FACE('',(#511),#4543,.F.);
#4748=ADVANCED_FACE('',(#512),#4544,.F.);
#4749=ADVANCED_FACE('',(#513),#4545,.F.);
#4750=ADVANCED_FACE('',(#514),#4546,.T.);
#4751=ADVANCED_FACE('',(#515),#361,.F.);
#4752=ADVANCED_FACE('',(#516),#362,.F.);
#4753=ADVANCED_FACE('',(#517),#363,.F.);
#4754=ADVANCED_FACE('',(#518),#364,.F.);
#4755=ADVANCED_FACE('',(#519),#365,.F.);
#4756=ADVANCED_FACE('',(#520),#366,.F.);
#4757=ADVANCED_FACE('',(#521),#367,.F.);
#4758=ADVANCED_FACE('',(#522),#368,.F.);
#4759=ADVANCED_FACE('',(#523),#369,.F.);
#4760=ADVANCED_FACE('',(#524),#370,.F.);
#4761=ADVANCED_FACE('',(#525),#371,.F.);
#4762=ADVANCED_FACE('',(#526),#372,.F.);
#4763=ADVANCED_FACE('',(#527),#373,.F.);
#4764=ADVANCED_FACE('',(#528),#374,.F.);
#4765=ADVANCED_FACE('',(#529),#375,.F.);
#4766=ADVANCED_FACE('',(#530),#376,.F.);
#4767=ADVANCED_FACE('',(#531),#377,.F.);
#4768=ADVANCED_FACE('',(#532),#378,.F.);
#4769=ADVANCED_FACE('',(#533,#143),#4547,.T.);
#4770=ADVANCED_FACE('',(#534),#4548,.F.);
#4771=ADVANCED_FACE('',(#535),#4549,.F.);
#4772=ADVANCED_FACE('',(#536),#4550,.F.);
#4773=ADVANCED_FACE('',(#537),#4551,.F.);
#4774=ADVANCED_FACE('',(#538),#4552,.F.);
#4775=ADVANCED_FACE('',(#539),#4553,.F.);
#4776=ADVANCED_FACE('',(#540),#4554,.F.);
#4777=ADVANCED_FACE('',(#541),#4555,.F.);
#4778=ADVANCED_FACE('',(#542),#4556,.F.);
#4779=ADVANCED_FACE('',(#543),#4557,.F.);
#4780=ADVANCED_FACE('',(#544),#4558,.F.);
#4781=ADVANCED_FACE('',(#545,#144,#145,#146,#147,#148,#149,#150,#151,#152,
#153,#154,#155,#156,#157,#158,#159),#4559,.T.);
#4782=ADVANCED_FACE('',(#546),#4560,.T.);
#4783=ADVANCED_FACE('',(#547),#4561,.T.);
#4784=ADVANCED_FACE('',(#548),#4562,.T.);
#4785=ADVANCED_FACE('',(#549),#4563,.T.);
#4786=ADVANCED_FACE('',(#550),#51,.T.);
#4787=ADVANCED_FACE('',(#551),#4564,.F.);
#4788=ADVANCED_FACE('',(#552),#52,.T.);
#4789=ADVANCED_FACE('',(#553),#4565,.F.);
#4790=ADVANCED_FACE('',(#554),#53,.T.);
#4791=ADVANCED_FACE('',(#555),#4566,.F.);
#4792=ADVANCED_FACE('',(#556),#54,.T.);
#4793=ADVANCED_FACE('',(#557),#4567,.F.);
#4794=ADVANCED_FACE('',(#558),#4568,.F.);
#4795=ADVANCED_FACE('',(#559),#23,.T.);
#4796=ADVANCED_FACE('',(#560),#4569,.F.);
#4797=ADVANCED_FACE('',(#561),#24,.T.);
#4798=ADVANCED_FACE('',(#562),#4570,.F.);
#4799=ADVANCED_FACE('',(#563),#25,.T.);
#4800=ADVANCED_FACE('',(#564),#4571,.F.);
#4801=ADVANCED_FACE('',(#565),#26,.T.);
#4802=ADVANCED_FACE('',(#566),#4572,.F.);
#4803=ADVANCED_FACE('',(#567),#4573,.T.);
#4804=ADVANCED_FACE('',(#568),#4574,.T.);
#4805=ADVANCED_FACE('',(#569),#4575,.T.);
#4806=ADVANCED_FACE('',(#570),#4576,.F.);
#4807=ADVANCED_FACE('',(#571),#4577,.F.);
#4808=ADVANCED_FACE('',(#572),#4578,.T.);
#4809=ADVANCED_FACE('',(#573),#4579,.T.);
#4810=ADVANCED_FACE('',(#574),#4580,.T.);
#4811=ADVANCED_FACE('',(#575),#4581,.T.);
#4812=ADVANCED_FACE('',(#576),#4582,.T.);
#4813=ADVANCED_FACE('',(#577),#4583,.T.);
#4814=ADVANCED_FACE('',(#578),#4584,.F.);
#4815=ADVANCED_FACE('',(#579),#4585,.F.);
#4816=ADVANCED_FACE('',(#580),#4586,.T.);
#4817=ADVANCED_FACE('',(#581),#55,.T.);
#4818=ADVANCED_FACE('',(#582),#4587,.F.);
#4819=ADVANCED_FACE('',(#583),#56,.T.);
#4820=ADVANCED_FACE('',(#584),#4588,.F.);
#4821=ADVANCED_FACE('',(#585),#57,.T.);
#4822=ADVANCED_FACE('',(#586),#4589,.F.);
#4823=ADVANCED_FACE('',(#587),#58,.F.);
#4824=ADVANCED_FACE('',(#588),#4590,.F.);
#4825=ADVANCED_FACE('',(#589),#59,.T.);
#4826=ADVANCED_FACE('',(#590),#4591,.F.);
#4827=ADVANCED_FACE('',(#591),#60,.T.);
#4828=ADVANCED_FACE('',(#592),#4592,.F.);
#4829=ADVANCED_FACE('',(#593),#61,.T.);
#4830=ADVANCED_FACE('',(#594),#4593,.F.);
#4831=ADVANCED_FACE('',(#595),#62,.F.);
#4832=ADVANCED_FACE('',(#596),#4594,.F.);
#4833=ADVANCED_FACE('',(#597),#27,.F.);
#4834=ADVANCED_FACE('',(#598),#4595,.F.);
#4835=ADVANCED_FACE('',(#599),#28,.T.);
#4836=ADVANCED_FACE('',(#600),#4596,.F.);
#4837=ADVANCED_FACE('',(#601),#29,.T.);
#4838=ADVANCED_FACE('',(#602),#4597,.F.);
#4839=ADVANCED_FACE('',(#603),#30,.T.);
#4840=ADVANCED_FACE('',(#604),#4598,.T.);
#4841=ADVANCED_FACE('',(#605),#63,.F.);
#4842=ADVANCED_FACE('',(#606),#31,.F.);
#4843=ADVANCED_FACE('',(#607),#64,.F.);
#4844=ADVANCED_FACE('',(#608),#32,.F.);
#4845=ADVANCED_FACE('',(#609),#65,.F.);
#4846=ADVANCED_FACE('',(#610),#33,.F.);
#4847=ADVANCED_FACE('',(#611),#66,.F.);
#4848=ADVANCED_FACE('',(#612),#34,.F.);
#4849=ADVANCED_FACE('',(#613,#160),#4599,.T.);
#4850=ADVANCED_FACE('',(#614,#161),#4600,.T.);
#4851=ADVANCED_FACE('',(#615,#162),#4601,.T.);
#4852=ADVANCED_FACE('',(#616,#163),#4602,.T.);
#4853=ADVANCED_FACE('',(#617),#35,.F.);
#4854=ADVANCED_FACE('',(#618),#36,.F.);
#4855=ADVANCED_FACE('',(#619),#37,.F.);
#4856=ADVANCED_FACE('',(#620),#38,.F.);
#4857=ADVANCED_FACE('',(#621),#39,.F.);
#4858=ADVANCED_FACE('',(#622),#4603,.T.);
#4859=ADVANCED_FACE('',(#623),#40,.F.);
#4860=ADVANCED_FACE('',(#624),#4604,.T.);
#4861=ADVANCED_FACE('',(#625),#41,.F.);
#4862=ADVANCED_FACE('',(#626),#4605,.T.);
#4863=ADVANCED_FACE('',(#627),#42,.T.);
#4864=ADVANCED_FACE('',(#628),#4606,.T.);
#4865=ADVANCED_FACE('',(#629),#43,.F.);
#4866=ADVANCED_FACE('',(#630),#4607,.T.);
#4867=ADVANCED_FACE('',(#631),#44,.F.);
#4868=ADVANCED_FACE('',(#632),#45,.F.);
#4869=ADVANCED_FACE('',(#633),#4608,.T.);
#4870=ADVANCED_FACE('',(#634),#46,.T.);
#4871=ADVANCED_FACE('',(#635),#4609,.T.);
#4872=ADVANCED_FACE('',(#636,#164,#165,#166,#167,#168),#4610,.F.);
#4873=ADVANCED_FACE('',(#637),#4611,.F.);
#4874=ADVANCED_FACE('',(#638),#47,.F.);
#4875=ADVANCED_FACE('',(#639),#4612,.F.);
#4876=ADVANCED_FACE('',(#640),#48,.T.);
#4877=ADVANCED_FACE('',(#641),#4613,.F.);
#4878=ADVANCED_FACE('',(#642),#49,.T.);
#4879=ADVANCED_FACE('',(#643),#4614,.F.);
#4880=ADVANCED_FACE('',(#644),#50,.T.);
#4881=CLOSED_SHELL('',(#4615,#4616,#4617,#4618,#4619,#4620,#4621,#4622,
#4623,#4624,#4625,#4626,#4627,#4628,#4629,#4630,#4631,#4632,#4633,#4634,
#4635,#4636,#4637,#4638,#4639,#4640,#4641,#4642,#4643,#4644,#4645,#4646,
#4647,#4648,#4649,#4650,#4651,#4652,#4653,#4654,#4655,#4656,#4657,#4658,
#4659,#4660,#4661,#4662,#4663,#4664,#4665,#4666,#4667,#4668,#4669,#4670,
#4671,#4672,#4673,#4674,#4675,#4676,#4677,#4678,#4679,#4680,#4681,#4682,
#4683,#4684,#4685,#4686,#4687,#4688,#4689,#4690,#4691,#4692,#4693,#4694,
#4695,#4696,#4697,#4698,#4699,#4700,#4701,#4702,#4703,#4704,#4705,#4706,
#4707,#4708,#4709,#4710,#4711,#4712,#4713,#4714,#4715,#4716,#4717,#4718,
#4719,#4720,#4721,#4722,#4723,#4724,#4725,#4726,#4727,#4728,#4729,#4730,
#4731,#4732,#4733,#4734,#4735,#4736,#4737,#4738,#4739,#4740,#4741,#4742,
#4743,#4744,#4745,#4746,#4747,#4748,#4749,#4750,#4751,#4752,#4753,#4754,
#4755,#4756,#4757,#4758,#4759,#4760,#4761,#4762,#4763,#4764,#4765,#4766,
#4767,#4768,#4769,#4770,#4771,#4772,#4773,#4774,#4775,#4776,#4777,#4778,
#4779,#4780,#4781,#4782,#4783,#4784,#4785,#4786,#4787,#4788,#4789,#4790,
#4791,#4792,#4793,#4794,#4795,#4796,#4797,#4798,#4799,#4800,#4801,#4802,
#4803,#4804,#4805,#4806,#4807,#4808,#4809,#4810,#4811,#4812,#4813,#4814,
#4815,#4816,#4817,#4818,#4819,#4820,#4821,#4822,#4823,#4824,#4825,#4826,
#4827,#4828,#4829,#4830,#4831,#4832,#4833,#4834,#4835,#4836,#4837,#4838,
#4839,#4840,#4841,#4842,#4843,#4844,#4845,#4846,#4847,#4848,#4849,#4850,
#4851,#4852,#4853,#4854,#4855,#4856,#4857,#4858,#4859,#4860,#4861,#4862,
#4863,#4864,#4865,#4866,#4867,#4868,#4869,#4870,#4871,#4872,#4873,#4874,
#4875,#4876,#4877,#4878,#4879,#4880));
#4882=DERIVED_UNIT_ELEMENT(#4884,1.);
#4883=DERIVED_UNIT_ELEMENT(#8823,-3.);
#4884=(
MASS_UNIT()
NAMED_UNIT(*)
SI_UNIT(.KILO.,.GRAM.)
);
#4885=DERIVED_UNIT((#4882,#4883));
#4886=MEASURE_REPRESENTATION_ITEM('density measure',
POSITIVE_RATIO_MEASURE(7850.),#4885);
#4887=PROPERTY_DEFINITION_REPRESENTATION(#4892,#4889);
#4888=PROPERTY_DEFINITION_REPRESENTATION(#4893,#4890);
#4889=REPRESENTATION('material name',(#4891),#8820);
#4890=REPRESENTATION('density',(#4886),#8820);
#4891=DESCRIPTIVE_REPRESENTATION_ITEM('Steel','Steel');
#4892=PROPERTY_DEFINITION('material property','material name',#8840);
#4893=PROPERTY_DEFINITION('material property','density of part',#8840);
#4894=AXIS2_PLACEMENT_3D('',#6199,#5167,#5168);
#4895=AXIS2_PLACEMENT_3D('',#6200,#5169,#5170);
#4896=AXIS2_PLACEMENT_3D('',#6201,#5171,#5172);
#4897=AXIS2_PLACEMENT_3D('',#6202,#5173,#5174);
#4898=AXIS2_PLACEMENT_3D('',#6211,#5179,#5180);
#4899=AXIS2_PLACEMENT_3D('',#6217,#5184,#5185);
#4900=AXIS2_PLACEMENT_3D('',#6220,#5188,#5189);
#4901=AXIS2_PLACEMENT_3D('',#6635,#5208,#5209);
#4902=AXIS2_PLACEMENT_3D('',#6636,#5210,#5211);
#4903=AXIS2_PLACEMENT_3D('',#6645,#5216,#5217);
#4904=AXIS2_PLACEMENT_3D('',#6651,#5221,#5222);
#4905=AXIS2_PLACEMENT_3D('',#6657,#5226,#5227);
#4906=AXIS2_PLACEMENT_3D('',#6663,#5231,#5232);
#4907=AXIS2_PLACEMENT_3D('',#6669,#5236,#5237);
#4908=AXIS2_PLACEMENT_3D('',#6675,#5241,#5242);
#4909=AXIS2_PLACEMENT_3D('',#6681,#5246,#5247);
#4910=AXIS2_PLACEMENT_3D('',#6687,#5251,#5252);
#4911=AXIS2_PLACEMENT_3D('',#6693,#5256,#5257);
#4912=AXIS2_PLACEMENT_3D('',#6696,#5260,#5261);
#4913=AXIS2_PLACEMENT_3D('',#6697,#5262,#5263);
#4914=AXIS2_PLACEMENT_3D('',#6706,#5268,#5269);
#4915=AXIS2_PLACEMENT_3D('',#6712,#5273,#5274);
#4916=AXIS2_PLACEMENT_3D('',#6718,#5278,#5279);
#4917=AXIS2_PLACEMENT_3D('',#6724,#5283,#5284);
#4918=AXIS2_PLACEMENT_3D('',#6730,#5288,#5289);
#4919=AXIS2_PLACEMENT_3D('',#6736,#5293,#5294);
#4920=AXIS2_PLACEMENT_3D('',#6742,#5298,#5299);
#4921=AXIS2_PLACEMENT_3D('',#6748,#5303,#5304);
#4922=AXIS2_PLACEMENT_3D('',#6754,#5308,#5309);
#4923=AXIS2_PLACEMENT_3D('',#6757,#5312,#5313);
#4924=AXIS2_PLACEMENT_3D('',#6758,#5314,#5315);
#4925=AXIS2_PLACEMENT_3D('',#6859,#5324,#5325);
#4926=AXIS2_PLACEMENT_3D('',#6865,#5329,#5330);
#4927=AXIS2_PLACEMENT_3D('',#6868,#5333,#5334);
#4928=AXIS2_PLACEMENT_3D('',#6877,#5339,#5340);
#4929=AXIS2_PLACEMENT_3D('',#6883,#5344,#5345);
#4930=AXIS2_PLACEMENT_3D('',#6981,#5353,#5354);
#4931=AXIS2_PLACEMENT_3D('',#6987,#5358,#5359);
#4932=AXIS2_PLACEMENT_3D('',#6990,#5362,#5363);
#4933=AXIS2_PLACEMENT_3D('',#6991,#5364,#5365);
#4934=AXIS2_PLACEMENT_3D('',#7000,#5370,#5371);
#4935=AXIS2_PLACEMENT_3D('',#7006,#5375,#5376);
#4936=AXIS2_PLACEMENT_3D('',#7012,#5380,#5381);
#4937=AXIS2_PLACEMENT_3D('',#7018,#5385,#5386);
#4938=AXIS2_PLACEMENT_3D('',#7024,#5390,#5391);
#4939=AXIS2_PLACEMENT_3D('',#7030,#5395,#5396);
#4940=AXIS2_PLACEMENT_3D('',#7036,#5400,#5401);
#4941=AXIS2_PLACEMENT_3D('',#7042,#5405,#5406);
#4942=AXIS2_PLACEMENT_3D('',#7048,#5410,#5411);
#4943=AXIS2_PLACEMENT_3D('',#7054,#5415,#5416);
#4944=AXIS2_PLACEMENT_3D('',#7060,#5420,#5421);
#4945=AXIS2_PLACEMENT_3D('',#7063,#5424,#5425);
#4946=AXIS2_PLACEMENT_3D('',#7064,#5426,#5427);
#4947=AXIS2_PLACEMENT_3D('',#7073,#5432,#5433);
#4948=AXIS2_PLACEMENT_3D('',#7079,#5437,#5438);
#4949=AXIS2_PLACEMENT_3D('',#7085,#5442,#5443);
#4950=AXIS2_PLACEMENT_3D('',#7091,#5447,#5448);
#4951=AXIS2_PLACEMENT_3D('',#7097,#5452,#5453);
#4952=AXIS2_PLACEMENT_3D('',#7103,#5457,#5458);
#4953=AXIS2_PLACEMENT_3D('',#7109,#5462,#5463);
#4954=AXIS2_PLACEMENT_3D('',#7112,#5466,#5467);
#4955=AXIS2_PLACEMENT_3D('',#7113,#5468,#5469);
#4956=AXIS2_PLACEMENT_3D('',#7122,#5474,#5475);
#4957=AXIS2_PLACEMENT_3D('',#7128,#5479,#5480);
#4958=AXIS2_PLACEMENT_3D('',#7131,#5483,#5484);
#4959=AXIS2_PLACEMENT_3D('',#7140,#5489,#5490);
#4960=AXIS2_PLACEMENT_3D('',#7146,#5494,#5495);
#4961=AXIS2_PLACEMENT_3D('',#7152,#5499,#5500);
#4962=AXIS2_PLACEMENT_3D('',#7158,#5504,#5505);
#4963=AXIS2_PLACEMENT_3D('',#7164,#5509,#5510);
#4964=AXIS2_PLACEMENT_3D('',#7170,#5514,#5515);
#4965=AXIS2_PLACEMENT_3D('',#7176,#5519,#5520);
#4966=AXIS2_PLACEMENT_3D('',#7179,#5523,#5524);
#4967=AXIS2_PLACEMENT_3D('',#7298,#5531,#5532);
#4968=AXIS2_PLACEMENT_3D('',#7304,#5536,#5537);
#4969=AXIS2_PLACEMENT_3D('',#7310,#5541,#5542);
#4970=AXIS2_PLACEMENT_3D('',#7313,#5545,#5546);
#4971=AXIS2_PLACEMENT_3D('',#7506,#5559,#5560);
#4972=AXIS2_PLACEMENT_3D('',#7512,#5564,#5565);
#4973=AXIS2_PLACEMENT_3D('',#7515,#5568,#5569);
#4974=AXIS2_PLACEMENT_3D('',#7611,#5575,#5576);
#4975=AXIS2_PLACEMENT_3D('',#7617,#5580,#5581);
#4976=AXIS2_PLACEMENT_3D('',#7623,#5585,#5586);
#4977=AXIS2_PLACEMENT_3D('',#7836,#5599,#5600);
#4978=AXIS2_PLACEMENT_3D('',#7842,#5604,#5605);
#4979=AXIS2_PLACEMENT_3D('',#7848,#5609,#5610);
#4980=AXIS2_PLACEMENT_3D('',#7851,#5613,#5614);
#4981=AXIS2_PLACEMENT_3D('',#8266,#5633,#5634);
#4982=AXIS2_PLACEMENT_3D('',#8267,#5635,#5636);
#4983=AXIS2_PLACEMENT_3D('',#8276,#5641,#5642);
#4984=AXIS2_PLACEMENT_3D('',#8282,#5646,#5647);
#4985=AXIS2_PLACEMENT_3D('',#8288,#5651,#5652);
#4986=AXIS2_PLACEMENT_3D('',#8294,#5656,#5657);
#4987=AXIS2_PLACEMENT_3D('',#8300,#5661,#5662);
#4988=AXIS2_PLACEMENT_3D('',#8306,#5666,#5667);
#4989=AXIS2_PLACEMENT_3D('',#8312,#5671,#5672);
#4990=AXIS2_PLACEMENT_3D('',#8318,#5676,#5677);
#4991=AXIS2_PLACEMENT_3D('',#8324,#5681,#5682);
#4992=AXIS2_PLACEMENT_3D('',#8327,#5685,#5686);
#4993=AXIS2_PLACEMENT_3D('',#8328,#5687,#5688);
#4994=AXIS2_PLACEMENT_3D('',#8331,#5689,#5690);
#4995=AXIS2_PLACEMENT_3D('',#8335,#5692,#5693);
#4996=AXIS2_PLACEMENT_3D('',#8339,#5695,#5696);
#4997=AXIS2_PLACEMENT_3D('',#8343,#5698,#5699);
#4998=AXIS2_PLACEMENT_3D('',#8347,#5701,#5702);
#4999=AXIS2_PLACEMENT_3D('',#8351,#5704,#5705);
#5000=AXIS2_PLACEMENT_3D('',#8355,#5707,#5708);
#5001=AXIS2_PLACEMENT_3D('',#8359,#5710,#5711);
#5002=AXIS2_PLACEMENT_3D('',#8362,#5713,#5714);
#5003=AXIS2_PLACEMENT_3D('',#8364,#5715,#5716);
#5004=AXIS2_PLACEMENT_3D('',#8366,#5717,#5718);
#5005=AXIS2_PLACEMENT_3D('',#8368,#5719,#5720);
#5006=AXIS2_PLACEMENT_3D('',#8369,#5721,#5722);
#5007=AXIS2_PLACEMENT_3D('',#8370,#5723,#5724);
#5008=AXIS2_PLACEMENT_3D('',#8371,#5725,#5726);
#5009=AXIS2_PLACEMENT_3D('',#8372,#5727,#5728);
#5010=AXIS2_PLACEMENT_3D('',#8373,#5729,#5730);
#5011=AXIS2_PLACEMENT_3D('',#8378,#5732,#5733);
#5012=AXIS2_PLACEMENT_3D('',#8381,#5735,#5736);
#5013=AXIS2_PLACEMENT_3D('',#8382,#5737,#5738);
#5014=AXIS2_PLACEMENT_3D('',#8388,#5742,#5743);
#5015=AXIS2_PLACEMENT_3D('',#8392,#5745,#5746);
#5016=AXIS2_PLACEMENT_3D('',#8393,#5747,#5748);
#5017=AXIS2_PLACEMENT_3D('',#8394,#5749,#5750);
#5018=AXIS2_PLACEMENT_3D('',#8400,#5754,#5755);
#5019=AXIS2_PLACEMENT_3D('',#8404,#5757,#5758);
#5020=AXIS2_PLACEMENT_3D('',#8405,#5759,#5760);
#5021=AXIS2_PLACEMENT_3D('',#8406,#5761,#5762);
#5022=AXIS2_PLACEMENT_3D('',#8412,#5766,#5767);
#5023=AXIS2_PLACEMENT_3D('',#8416,#5769,#5770);
#5024=AXIS2_PLACEMENT_3D('',#8417,#5771,#5772);
#5025=AXIS2_PLACEMENT_3D('',#8418,#5773,#5774);
#5026=AXIS2_PLACEMENT_3D('',#8421,#5777,#5778);
#5027=AXIS2_PLACEMENT_3D('',#8427,#5782,#5783);
#5028=AXIS2_PLACEMENT_3D('',#8429,#5784,#5785);
#5029=AXIS2_PLACEMENT_3D('',#8431,#5787,#5788);
#5030=AXIS2_PLACEMENT_3D('',#8435,#5791,#5792);
#5031=AXIS2_PLACEMENT_3D('',#8437,#5793,#5794);
#5032=AXIS2_PLACEMENT_3D('',#8439,#5796,#5797);
#5033=AXIS2_PLACEMENT_3D('',#8440,#5798,#5799);
#5034=AXIS2_PLACEMENT_3D('',#8444,#5801,#5802);
#5035=AXIS2_PLACEMENT_3D('',#8446,#5804,#5805);
#5036=AXIS2_PLACEMENT_3D('',#8448,#5807,#5808);
#5037=AXIS2_PLACEMENT_3D('',#8451,#5810,#5811);
#5038=AXIS2_PLACEMENT_3D('',#8452,#5812,#5813);
#5039=AXIS2_PLACEMENT_3D('',#8454,#5815,#5816);
#5040=AXIS2_PLACEMENT_3D('',#8463,#5821,#5822);
#5041=AXIS2_PLACEMENT_3D('',#8472,#5827,#5828);
#5042=AXIS2_PLACEMENT_3D('',#8475,#5831,#5832);
#5043=AXIS2_PLACEMENT_3D('',#8485,#5838,#5839);
#5044=AXIS2_PLACEMENT_3D('',#8487,#5840,#5841);
#5045=AXIS2_PLACEMENT_3D('',#8495,#5845,#5846);
#5046=AXIS2_PLACEMENT_3D('',#8497,#5848,#5849);
#5047=AXIS2_PLACEMENT_3D('',#8503,#5853,#5854);
#5048=AXIS2_PLACEMENT_3D('',#8512,#5859,#5860);
#5049=AXIS2_PLACEMENT_3D('',#8515,#5863,#5864);
#5050=AXIS2_PLACEMENT_3D('',#8524,#5869,#5870);
#5051=AXIS2_PLACEMENT_3D('',#8533,#5875,#5876);
#5052=AXIS2_PLACEMENT_3D('',#8536,#5879,#5880);
#5053=AXIS2_PLACEMENT_3D('',#8540,#5882,#5883);
#5054=AXIS2_PLACEMENT_3D('',#8544,#5885,#5886);
#5055=AXIS2_PLACEMENT_3D('',#8548,#5888,#5889);
#5056=AXIS2_PLACEMENT_3D('',#8552,#5891,#5892);
#5057=AXIS2_PLACEMENT_3D('',#8556,#5894,#5895);
#5058=AXIS2_PLACEMENT_3D('',#8560,#5897,#5898);
#5059=AXIS2_PLACEMENT_3D('',#8564,#5900,#5901);
#5060=AXIS2_PLACEMENT_3D('',#8569,#5904,#5905);
#5061=AXIS2_PLACEMENT_3D('',#8573,#5907,#5908);
#5062=AXIS2_PLACEMENT_3D('',#8577,#5910,#5911);
#5063=AXIS2_PLACEMENT_3D('',#8581,#5913,#5914);
#5064=AXIS2_PLACEMENT_3D('',#8585,#5916,#5917);
#5065=AXIS2_PLACEMENT_3D('',#8589,#5919,#5920);
#5066=AXIS2_PLACEMENT_3D('',#8592,#5922,#5923);
#5067=AXIS2_PLACEMENT_3D('',#8593,#5924,#5925);
#5068=AXIS2_PLACEMENT_3D('',#8596,#5928,#5929);
#5069=AXIS2_PLACEMENT_3D('',#8602,#5933,#5934);
#5070=AXIS2_PLACEMENT_3D('',#8606,#5936,#5937);
#5071=AXIS2_PLACEMENT_3D('',#8608,#5939,#5940);
#5072=AXIS2_PLACEMENT_3D('',#8612,#5943,#5944);
#5073=AXIS2_PLACEMENT_3D('',#8615,#5946,#5947);
#5074=AXIS2_PLACEMENT_3D('',#8616,#5948,#5949);
#5075=AXIS2_PLACEMENT_3D('',#8620,#5952,#5953);
#5076=AXIS2_PLACEMENT_3D('',#8623,#5955,#5956);
#5077=AXIS2_PLACEMENT_3D('',#8624,#5957,#5958);
#5078=AXIS2_PLACEMENT_3D('',#8628,#5961,#5962);
#5079=AXIS2_PLACEMENT_3D('',#8630,#5964,#5965);
#5080=AXIS2_PLACEMENT_3D('',#8631,#5966,#5967);
#5081=AXIS2_PLACEMENT_3D('',#8633,#5969,#5970);
#5082=AXIS2_PLACEMENT_3D('',#8636,#5972,#5973);
#5083=AXIS2_PLACEMENT_3D('',#8637,#5974,#5975);
#5084=AXIS2_PLACEMENT_3D('',#8641,#5978,#5979);
#5085=AXIS2_PLACEMENT_3D('',#8644,#5981,#5982);
#5086=AXIS2_PLACEMENT_3D('',#8645,#5983,#5984);
#5087=AXIS2_PLACEMENT_3D('',#8649,#5987,#5988);
#5088=AXIS2_PLACEMENT_3D('',#8652,#5990,#5991);
#5089=AXIS2_PLACEMENT_3D('',#8653,#5992,#5993);
#5090=AXIS2_PLACEMENT_3D('',#8657,#5996,#5997);
#5091=AXIS2_PLACEMENT_3D('',#8660,#5999,#6000);
#5092=AXIS2_PLACEMENT_3D('',#8661,#6001,#6002);
#5093=AXIS2_PLACEMENT_3D('',#8663,#6004,#6005);
#5094=AXIS2_PLACEMENT_3D('',#8665,#6007,#6008);
#5095=AXIS2_PLACEMENT_3D('',#8667,#6010,#6011);
#5096=AXIS2_PLACEMENT_3D('',#8669,#6013,#6014);
#5097=AXIS2_PLACEMENT_3D('',#8671,#6016,#6017);
#5098=AXIS2_PLACEMENT_3D('',#8673,#6019,#6020);
#5099=AXIS2_PLACEMENT_3D('',#8675,#6022,#6023);
#5100=AXIS2_PLACEMENT_3D('',#8677,#6025,#6026);
#5101=AXIS2_PLACEMENT_3D('',#8678,#6027,#6028);
#5102=AXIS2_PLACEMENT_3D('',#8681,#6030,#6031);
#5103=AXIS2_PLACEMENT_3D('',#8682,#6032,#6033);
#5104=AXIS2_PLACEMENT_3D('',#8685,#6035,#6036);
#5105=AXIS2_PLACEMENT_3D('',#8686,#6037,#6038);
#5106=AXIS2_PLACEMENT_3D('',#8689,#6040,#6041);
#5107=AXIS2_PLACEMENT_3D('',#8690,#6042,#6043);
#5108=AXIS2_PLACEMENT_3D('',#8693,#6045,#6046);
#5109=AXIS2_PLACEMENT_3D('',#8694,#6047,#6048);
#5110=AXIS2_PLACEMENT_3D('',#8697,#6050,#6051);
#5111=AXIS2_PLACEMENT_3D('',#8698,#6052,#6053);
#5112=AXIS2_PLACEMENT_3D('',#8701,#6055,#6056);
#5113=AXIS2_PLACEMENT_3D('',#8702,#6057,#6058);
#5114=AXIS2_PLACEMENT_3D('',#8705,#6060,#6061);
#5115=AXIS2_PLACEMENT_3D('',#8706,#6062,#6063);
#5116=AXIS2_PLACEMENT_3D('',#8709,#6065,#6066);
#5117=AXIS2_PLACEMENT_3D('',#8710,#6067,#6068);
#5118=AXIS2_PLACEMENT_3D('',#8712,#6069,#6070);
#5119=AXIS2_PLACEMENT_3D('',#8713,#6071,#6072);
#5120=AXIS2_PLACEMENT_3D('',#8715,#6073,#6074);
#5121=AXIS2_PLACEMENT_3D('',#8716,#6075,#6076);
#5122=AXIS2_PLACEMENT_3D('',#8718,#6077,#6078);
#5123=AXIS2_PLACEMENT_3D('',#8719,#6079,#6080);
#5124=AXIS2_PLACEMENT_3D('',#8721,#6081,#6082);
#5125=AXIS2_PLACEMENT_3D('',#8722,#6083,#6084);
#5126=AXIS2_PLACEMENT_3D('',#8724,#6085,#6086);
#5127=AXIS2_PLACEMENT_3D('',#8726,#6088,#6089);
#5128=AXIS2_PLACEMENT_3D('',#8728,#6090,#6091);
#5129=AXIS2_PLACEMENT_3D('',#8730,#6093,#6094);
#5130=AXIS2_PLACEMENT_3D('',#8732,#6095,#6096);
#5131=AXIS2_PLACEMENT_3D('',#8734,#6098,#6099);
#5132=AXIS2_PLACEMENT_3D('',#8736,#6100,#6101);
#5133=AXIS2_PLACEMENT_3D('',#8738,#6103,#6104);
#5134=AXIS2_PLACEMENT_3D('',#8742,#6106,#6107);
#5135=AXIS2_PLACEMENT_3D('',#8744,#6109,#6110);
#5136=AXIS2_PLACEMENT_3D('',#8748,#6113,#6114);
#5137=AXIS2_PLACEMENT_3D('',#8750,#6115,#6116);
#5138=AXIS2_PLACEMENT_3D('',#8752,#6118,#6119);
#5139=AXIS2_PLACEMENT_3D('',#8756,#6122,#6123);
#5140=AXIS2_PLACEMENT_3D('',#8758,#6124,#6125);
#5141=AXIS2_PLACEMENT_3D('',#8760,#6127,#6128);
#5142=AXIS2_PLACEMENT_3D('',#8764,#6131,#6132);
#5143=AXIS2_PLACEMENT_3D('',#8766,#6133,#6134);
#5144=AXIS2_PLACEMENT_3D('',#8768,#6136,#6137);
#5145=AXIS2_PLACEMENT_3D('',#8772,#6140,#6141);
#5146=AXIS2_PLACEMENT_3D('',#8774,#6142,#6143);
#5147=AXIS2_PLACEMENT_3D('',#8776,#6145,#6146);
#5148=AXIS2_PLACEMENT_3D('',#8780,#6149,#6150);
#5149=AXIS2_PLACEMENT_3D('',#8781,#6151,#6152);
#5150=AXIS2_PLACEMENT_3D('',#8782,#6153,#6154);
#5151=AXIS2_PLACEMENT_3D('',#8784,#6155,#6156);
#5152=AXIS2_PLACEMENT_3D('',#8786,#6158,#6159);
#5153=AXIS2_PLACEMENT_3D('',#8790,#6162,#6163);
#5154=AXIS2_PLACEMENT_3D('',#8792,#6164,#6165);
#5155=AXIS2_PLACEMENT_3D('',#8794,#6167,#6168);
#5156=AXIS2_PLACEMENT_3D('',#8796,#6170,#6171);
#5157=AXIS2_PLACEMENT_3D('',#8797,#6172,#6173);
#5158=AXIS2_PLACEMENT_3D('',#8799,#6175,#6176);
#5159=AXIS2_PLACEMENT_3D('',#8801,#6178,#6179);
#5160=AXIS2_PLACEMENT_3D('',#8803,#6181,#6182);
#5161=AXIS2_PLACEMENT_3D('',#8805,#6184,#6185);
#5162=AXIS2_PLACEMENT_3D('',#8807,#6187,#6188);
#5163=AXIS2_PLACEMENT_3D('',#8809,#6190,#6191);
#5164=AXIS2_PLACEMENT_3D('',#8811,#6193,#6194);
#5165=AXIS2_PLACEMENT_3D('',#8812,#6195,#6196);
#5166=AXIS2_PLACEMENT_3D('',#8813,#6197,#6198);
#5167=DIRECTION('axis',(0.,0.,1.));
#5168=DIRECTION('refdir',(1.,0.,0.));
#5169=DIRECTION('axis',(0.,0.,1.));
#5170=DIRECTION('refdir',(1.,0.,0.));
#5171=DIRECTION('axis',(0.,0.,1.));
#5172=DIRECTION('refdir',(1.,0.,0.));
#5173=DIRECTION('center_axis',(-0.5,0.,0.866025403784438));
#5174=DIRECTION('ref_axis',(0.866025403784438,0.,0.5));
#5175=DIRECTION('',(0.866025403784438,0.,0.5));
#5176=DIRECTION('',(0.,1.,0.));
#5177=DIRECTION('',(0.866025403784438,0.,0.5));
#5178=DIRECTION('',(0.,1.,0.));
#5179=DIRECTION('center_axis',(-0.499999999999999,0.,-0.866025403784439));
#5180=DIRECTION('ref_axis',(-0.866025403784439,0.,0.499999999999999));
#5181=DIRECTION('',(-0.866025403784439,0.,0.499999999999999));
#5182=DIRECTION('',(0.,1.,0.));
#5183=DIRECTION('',(-0.866025403784439,0.,0.499999999999999));
#5184=DIRECTION('center_axis',(1.,0.,2.56395024851142E-15));
#5185=DIRECTION('ref_axis',(2.56395024851142E-15,0.,-1.));
#5186=DIRECTION('',(2.56395024851142E-15,0.,-1.));
#5187=DIRECTION('',(2.56395024851142E-15,0.,-1.));
#5188=DIRECTION('center_axis',(0.,1.,0.));
#5189=DIRECTION('ref_axis',(0.,0.,1.));
#5190=DIRECTION('',(0.,1.,0.));
#5191=DIRECTION('',(0.,1.,0.));
#5192=DIRECTION('',(0.,1.,0.));
#5193=DIRECTION('',(0.,1.,0.));
#5194=DIRECTION('',(0.,1.,0.));
#5195=DIRECTION('',(0.,1.,0.));
#5196=DIRECTION('',(0.,1.,0.));
#5197=DIRECTION('',(0.,1.,0.));
#5198=DIRECTION('',(0.,1.,0.));
#5199=DIRECTION('',(0.,1.,0.));
#5200=DIRECTION('',(0.,1.,0.));
#5201=DIRECTION('',(0.,1.,0.));
#5202=DIRECTION('',(0.,1.,0.));
#5203=DIRECTION('',(0.,1.,0.));
#5204=DIRECTION('',(0.,1.,0.));
#5205=DIRECTION('',(0.,1.,0.));
#5206=DIRECTION('',(0.,1.,0.));
#5207=DIRECTION('',(0.,1.,0.));
#5208=DIRECTION('center_axis',(0.,-1.,0.));
#5209=DIRECTION('ref_axis',(1.,0.,0.));
#5210=DIRECTION('center_axis',(-0.000557037498882882,0.,0.9999998448546));
#5211=DIRECTION('ref_axis',(0.9999998448546,0.,0.000557037498882882));
#5212=DIRECTION('',(0.9999998448546,0.,0.000557037498882882));
#5213=DIRECTION('',(0.,1.,0.));
#5214=DIRECTION('',(0.9999998448546,0.,0.000557037498882882));
#5215=DIRECTION('',(0.,1.,0.));
#5216=DIRECTION('center_axis',(-0.9999998448546,0.,-0.000557037498848573));
#5217=DIRECTION('ref_axis',(-0.000557037498848573,0.,0.9999998448546));
#5218=DIRECTION('',(-0.000557037498848573,0.,0.9999998448546));
#5219=DIRECTION('',(0.,1.,0.));
#5220=DIRECTION('',(-0.000557037498848573,0.,0.9999998448546));
#5221=DIRECTION('center_axis',(-0.000557037498882937,0.,0.9999998448546));
#5222=DIRECTION('ref_axis',(0.9999998448546,0.,0.000557037498882937));
#5223=DIRECTION('',(0.9999998448546,0.,0.000557037498882937));
#5224=DIRECTION('',(0.,1.,0.));
#5225=DIRECTION('',(0.9999998448546,0.,0.000557037498882937));
#5226=DIRECTION('center_axis',(-0.9999998448546,0.,-0.000557037498860947));
#5227=DIRECTION('ref_axis',(-0.000557037498860947,0.,0.9999998448546));
#5228=DIRECTION('',(-0.000557037498860947,0.,0.9999998448546));
#5229=DIRECTION('',(0.,1.,0.));
#5230=DIRECTION('',(-0.000557037498860947,0.,0.9999998448546));
#5231=DIRECTION('center_axis',(0.000557037498882937,0.,-0.9999998448546));
#5232=DIRECTION('ref_axis',(-0.9999998448546,0.,-0.000557037498882937));
#5233=DIRECTION('',(-0.9999998448546,0.,-0.000557037498882937));
#5234=DIRECTION('',(0.,1.,0.));
#5235=DIRECTION('',(-0.9999998448546,0.,-0.000557037498882937));
#5236=DIRECTION('center_axis',(-0.9999998448546,0.,-0.000557037498855606));
#5237=DIRECTION('ref_axis',(-0.000557037498855606,0.,0.9999998448546));
#5238=DIRECTION('',(-0.000557037498855606,0.,0.9999998448546));
#5239=DIRECTION('',(0.,1.,0.));
#5240=DIRECTION('',(-0.000557037498855606,0.,0.9999998448546));
#5241=DIRECTION('center_axis',(-0.000557037498882886,0.,0.9999998448546));
#5242=DIRECTION('ref_axis',(0.9999998448546,0.,0.000557037498882886));
#5243=DIRECTION('',(0.9999998448546,0.,0.000557037498882886));
#5244=DIRECTION('',(0.,1.,0.));
#5245=DIRECTION('',(0.9999998448546,0.,0.000557037498882886));
#5246=DIRECTION('center_axis',(-0.9999998448546,0.,-0.000557037498854779));
#5247=DIRECTION('ref_axis',(-0.000557037498854779,0.,0.9999998448546));
#5248=DIRECTION('',(-0.000557037498854779,0.,0.9999998448546));
#5249=DIRECTION('',(0.,1.,0.));
#5250=DIRECTION('',(-0.000557037498854779,0.,0.9999998448546));
#5251=DIRECTION('center_axis',(0.000557037498882839,0.,-0.9999998448546));
#5252=DIRECTION('ref_axis',(-0.9999998448546,0.,-0.000557037498882839));
#5253=DIRECTION('',(-0.9999998448546,0.,-0.000557037498882839));
#5254=DIRECTION('',(0.,1.,0.));
#5255=DIRECTION('',(-0.9999998448546,0.,-0.000557037498882839));
#5256=DIRECTION('center_axis',(0.9999998448546,0.,0.000557037498853633));
#5257=DIRECTION('ref_axis',(0.000557037498853633,0.,-0.9999998448546));
#5258=DIRECTION('',(0.000557037498853633,0.,-0.9999998448546));
#5259=DIRECTION('',(0.000557037498853633,0.,-0.9999998448546));
#5260=DIRECTION('center_axis',(0.,1.,0.));
#5261=DIRECTION('ref_axis',(0.,0.,1.));
#5262=DIRECTION('center_axis',(-0.000557037498882923,0.,0.9999998448546));
#5263=DIRECTION('ref_axis',(0.9999998448546,0.,0.000557037498882923));
#5264=DIRECTION('',(0.9999998448546,0.,0.000557037498882923));
#5265=DIRECTION('',(0.,1.,0.));
#5266=DIRECTION('',(0.9999998448546,0.,0.000557037498882923));
#5267=DIRECTION('',(0.,1.,0.));
#5268=DIRECTION('center_axis',(-0.9999998448546,0.,-0.000557037498848573));
#5269=DIRECTION('ref_axis',(-0.000557037498848573,0.,0.9999998448546));
#5270=DIRECTION('',(-0.000557037498848573,0.,0.9999998448546));
#5271=DIRECTION('',(0.,1.,0.));
#5272=DIRECTION('',(-0.000557037498848573,0.,0.9999998448546));
#5273=DIRECTION('center_axis',(-0.000557037498882885,0.,0.9999998448546));
#5274=DIRECTION('ref_axis',(0.9999998448546,0.,0.000557037498882885));
#5275=DIRECTION('',(0.9999998448546,0.,0.000557037498882885));
#5276=DIRECTION('',(0.,1.,0.));
#5277=DIRECTION('',(0.9999998448546,0.,0.000557037498882885));
#5278=DIRECTION('center_axis',(-0.9999998448546,0.,-0.000557037498860947));
#5279=DIRECTION('ref_axis',(-0.000557037498860947,0.,0.9999998448546));
#5280=DIRECTION('',(-0.000557037498860947,0.,0.9999998448546));
#5281=DIRECTION('',(0.,1.,0.));
#5282=DIRECTION('',(-0.000557037498860947,0.,0.9999998448546));
#5283=DIRECTION('center_axis',(0.000557037498882885,0.,-0.9999998448546));
#5284=DIRECTION('ref_axis',(-0.9999998448546,0.,-0.000557037498882885));
#5285=DIRECTION('',(-0.9999998448546,0.,-0.000557037498882885));
#5286=DIRECTION('',(0.,1.,0.));
#5287=DIRECTION('',(-0.9999998448546,0.,-0.000557037498882885));
#5288=DIRECTION('center_axis',(-0.9999998448546,0.,-0.000557037498855606));
#5289=DIRECTION('ref_axis',(-0.000557037498855606,0.,0.9999998448546));
#5290=DIRECTION('',(-0.000557037498855606,0.,0.9999998448546));
#5291=DIRECTION('',(0.,1.,0.));
#5292=DIRECTION('',(-0.000557037498855606,0.,0.9999998448546));
#5293=DIRECTION('center_axis',(-0.000557037498882836,0.,0.9999998448546));
#5294=DIRECTION('ref_axis',(0.9999998448546,0.,0.000557037498882836));
#5295=DIRECTION('',(0.9999998448546,0.,0.000557037498882836));
#5296=DIRECTION('',(0.,1.,0.));
#5297=DIRECTION('',(0.9999998448546,0.,0.000557037498882836));
#5298=DIRECTION('center_axis',(-0.9999998448546,0.,-0.000557037498854779));
#5299=DIRECTION('ref_axis',(-0.000557037498854779,0.,0.9999998448546));
#5300=DIRECTION('',(-0.000557037498854779,0.,0.9999998448546));
#5301=DIRECTION('',(0.,1.,0.));
#5302=DIRECTION('',(-0.000557037498854779,0.,0.9999998448546));
#5303=DIRECTION('center_axis',(0.000557037498882826,0.,-0.9999998448546));
#5304=DIRECTION('ref_axis',(-0.9999998448546,0.,-0.000557037498882826));
#5305=DIRECTION('',(-0.9999998448546,0.,-0.000557037498882826));
#5306=DIRECTION('',(0.,1.,0.));
#5307=DIRECTION('',(-0.9999998448546,0.,-0.000557037498882826));
#5308=DIRECTION('center_axis',(0.9999998448546,0.,0.000557037498853633));
#5309=DIRECTION('ref_axis',(0.000557037498853633,0.,-0.9999998448546));
#5310=DIRECTION('',(0.000557037498853633,0.,-0.9999998448546));
#5311=DIRECTION('',(0.000557037498853633,0.,-0.9999998448546));
#5312=DIRECTION('center_axis',(0.,1.,0.));
#5313=DIRECTION('ref_axis',(0.,0.,1.));
#5314=DIRECTION('center_axis',(0.,0.,1.));
#5315=DIRECTION('ref_axis',(1.,0.,0.));
#5316=DIRECTION('',(1.,0.,0.));
#5317=DIRECTION('',(0.,1.,0.));
#5318=DIRECTION('',(1.,0.,0.));
#5319=DIRECTION('',(0.,1.,0.));
#5320=DIRECTION('',(0.,1.,0.));
#5321=DIRECTION('',(0.,1.,0.));
#5322=DIRECTION('',(0.,1.,0.));
#5323=DIRECTION('',(0.,1.,0.));
#5324=DIRECTION('center_axis',(0.,0.,-1.));
#5325=DIRECTION('ref_axis',(-1.,0.,0.));
#5326=DIRECTION('',(-1.,0.,0.));
#5327=DIRECTION('',(0.,1.,0.));
#5328=DIRECTION('',(-1.,0.,0.));
#5329=DIRECTION('center_axis',(-1.,0.,0.));
#5330=DIRECTION('ref_axis',(0.,0.,1.));
#5331=DIRECTION('',(0.,0.,1.));
#5332=DIRECTION('',(0.,0.,1.));
#5333=DIRECTION('center_axis',(0.,0.,1.));
#5334=DIRECTION('ref_axis',(1.,0.,0.));
#5335=DIRECTION('',(1.,0.,0.));
#5336=DIRECTION('',(0.,1.,0.));
#5337=DIRECTION('',(1.,0.,0.));
#5338=DIRECTION('',(0.,1.,0.));
#5339=DIRECTION('center_axis',(-1.,0.,0.));
#5340=DIRECTION('ref_axis',(0.,0.,1.));
#5341=DIRECTION('',(0.,0.,1.));
#5342=DIRECTION('',(0.,1.,0.));
#5343=DIRECTION('',(0.,0.,1.));
#5344=DIRECTION('center_axis',(0.,0.,1.));
#5345=DIRECTION('ref_axis',(1.,0.,0.));
#5346=DIRECTION('',(1.,0.,0.));
#5347=DIRECTION('',(0.,1.,0.));
#5348=DIRECTION('',(1.,0.,0.));
#5349=DIRECTION('',(0.,1.,0.));
#5350=DIRECTION('',(0.,1.,0.));
#5351=DIRECTION('',(0.,1.,0.));
#5352=DIRECTION('',(0.,1.,0.));
#5353=DIRECTION('center_axis',(0.,0.,-1.));
#5354=DIRECTION('ref_axis',(-1.,0.,0.));
#5355=DIRECTION('',(-1.,0.,0.));
#5356=DIRECTION('',(0.,1.,0.));
#5357=DIRECTION('',(-1.,0.,0.));
#5358=DIRECTION('center_axis',(1.,0.,0.));
#5359=DIRECTION('ref_axis',(0.,0.,-1.));
#5360=DIRECTION('',(0.,0.,-1.));
#5361=DIRECTION('',(0.,0.,-1.));
#5362=DIRECTION('center_axis',(0.,-1.,0.));
#5363=DIRECTION('ref_axis',(1.,0.,0.));
#5364=DIRECTION('center_axis',(0.,0.,1.));
#5365=DIRECTION('ref_axis',(1.,0.,0.));
#5366=DIRECTION('',(1.,0.,0.));
#5367=DIRECTION('',(0.,1.,0.));
#5368=DIRECTION('',(1.,0.,0.));
#5369=DIRECTION('',(0.,1.,0.));
#5370=DIRECTION('center_axis',(-1.,0.,0.));
#5371=DIRECTION('ref_axis',(0.,0.,1.));
#5372=DIRECTION('',(0.,0.,1.));
#5373=DIRECTION('',(0.,1.,0.));
#5374=DIRECTION('',(0.,0.,1.));
#5375=DIRECTION('center_axis',(0.,0.,-1.));
#5376=DIRECTION('ref_axis',(-1.,0.,0.));
#5377=DIRECTION('',(-1.,0.,0.));
#5378=DIRECTION('',(0.,1.,0.));
#5379=DIRECTION('',(-1.,0.,0.));
#5380=DIRECTION('center_axis',(-1.,0.,0.));
#5381=DIRECTION('ref_axis',(0.,0.,1.));
#5382=DIRECTION('',(0.,0.,1.));
#5383=DIRECTION('',(0.,1.,0.));
#5384=DIRECTION('',(0.,0.,1.));
#5385=DIRECTION('center_axis',(0.,0.,1.));
#5386=DIRECTION('ref_axis',(1.,0.,0.));
#5387=DIRECTION('',(1.,0.,0.));
#5388=DIRECTION('',(0.,1.,0.));
#5389=DIRECTION('',(1.,0.,0.));
#5390=DIRECTION('center_axis',(-1.,0.,0.));
#5391=DIRECTION('ref_axis',(0.,0.,1.));
#5392=DIRECTION('',(0.,0.,1.));
#5393=DIRECTION('',(0.,1.,0.));
#5394=DIRECTION('',(0.,0.,1.));
#5395=DIRECTION('center_axis',(0.,0.,-1.));
#5396=DIRECTION('ref_axis',(-1.,0.,0.));
#5397=DIRECTION('',(-1.,0.,0.));
#5398=DIRECTION('',(0.,1.,0.));
#5399=DIRECTION('',(-1.,0.,0.));
#5400=DIRECTION('center_axis',(-1.,0.,0.));
#5401=DIRECTION('ref_axis',(0.,0.,1.));
#5402=DIRECTION('',(0.,0.,1.));
#5403=DIRECTION('',(0.,1.,0.));
#5404=DIRECTION('',(0.,0.,1.));
#5405=DIRECTION('center_axis',(0.,0.,1.));
#5406=DIRECTION('ref_axis',(1.,0.,0.));
#5407=DIRECTION('',(1.,0.,0.));
#5408=DIRECTION('',(0.,1.,0.));
#5409=DIRECTION('',(1.,0.,0.));
#5410=DIRECTION('center_axis',(-1.,0.,0.));
#5411=DIRECTION('ref_axis',(0.,0.,1.));
#5412=DIRECTION('',(0.,0.,1.));
#5413=DIRECTION('',(0.,1.,0.));
#5414=DIRECTION('',(0.,0.,1.));
#5415=DIRECTION('center_axis',(0.,0.,-1.));
#5416=DIRECTION('ref_axis',(-1.,0.,0.));
#5417=DIRECTION('',(-1.,0.,0.));
#5418=DIRECTION('',(0.,1.,0.));
#5419=DIRECTION('',(-1.,0.,0.));
#5420=DIRECTION('center_axis',(1.,0.,0.));
#5421=DIRECTION('ref_axis',(0.,0.,-1.));
#5422=DIRECTION('',(0.,0.,-1.));
#5423=DIRECTION('',(0.,0.,-1.));
#5424=DIRECTION('center_axis',(0.,1.,0.));
#5425=DIRECTION('ref_axis',(0.,0.,1.));
#5426=DIRECTION('center_axis',(0.,0.,1.));
#5427=DIRECTION('ref_axis',(1.,0.,0.));
#5428=DIRECTION('',(1.,0.,0.));
#5429=DIRECTION('',(0.,1.,0.));
#5430=DIRECTION('',(1.,0.,0.));
#5431=DIRECTION('',(0.,1.,0.));
#5432=DIRECTION('center_axis',(1.,0.,0.));
#5433=DIRECTION('ref_axis',(0.,0.,-1.));
#5434=DIRECTION('',(0.,0.,-1.));
#5435=DIRECTION('',(0.,1.,0.));
#5436=DIRECTION('',(0.,0.,-1.));
#5437=DIRECTION('center_axis',(0.,0.,1.));
#5438=DIRECTION('ref_axis',(1.,0.,0.));
#5439=DIRECTION('',(1.,0.,0.));
#5440=DIRECTION('',(0.,1.,0.));
#5441=DIRECTION('',(1.,0.,0.));
#5442=DIRECTION('center_axis',(-1.,0.,0.));
#5443=DIRECTION('ref_axis',(0.,0.,1.));
#5444=DIRECTION('',(0.,0.,1.));
#5445=DIRECTION('',(0.,1.,0.));
#5446=DIRECTION('',(0.,0.,1.));
#5447=DIRECTION('center_axis',(0.,0.,1.));
#5448=DIRECTION('ref_axis',(1.,0.,0.));
#5449=DIRECTION('',(1.,0.,0.));
#5450=DIRECTION('',(0.,1.,0.));
#5451=DIRECTION('',(1.,0.,0.));
#5452=DIRECTION('center_axis',(-1.,0.,0.));
#5453=DIRECTION('ref_axis',(0.,0.,1.));
#5454=DIRECTION('',(0.,0.,1.));
#5455=DIRECTION('',(0.,1.,0.));
#5456=DIRECTION('',(0.,0.,1.));
#5457=DIRECTION('center_axis',(0.,0.,-1.));
#5458=DIRECTION('ref_axis',(-1.,0.,0.));
#5459=DIRECTION('',(-1.,0.,0.));
#5460=DIRECTION('',(0.,1.,0.));
#5461=DIRECTION('',(-1.,0.,0.));
#5462=DIRECTION('center_axis',(1.,0.,0.));
#5463=DIRECTION('ref_axis',(0.,0.,-1.));
#5464=DIRECTION('',(0.,0.,-1.));
#5465=DIRECTION('',(0.,0.,-1.));
#5466=DIRECTION('center_axis',(0.,1.,0.));
#5467=DIRECTION('ref_axis',(0.,0.,1.));
#5468=DIRECTION('center_axis',(-0.956365800024766,0.,0.29217196399208));
#5469=DIRECTION('ref_axis',(0.29217196399208,0.,0.956365800024766));
#5470=DIRECTION('',(0.29217196399208,0.,0.956365800024766));
#5471=DIRECTION('',(0.,1.,0.));
#5472=DIRECTION('',(0.29217196399208,0.,0.956365800024766));
#5473=DIRECTION('',(0.,1.,0.));
#5474=DIRECTION('center_axis',(0.955857293627567,0.,0.29383130231305));
#5475=DIRECTION('ref_axis',(0.293831302313049,0.,-0.955857293627567));
#5476=DIRECTION('',(0.293831302313049,0.,-0.955857293627567));
#5477=DIRECTION('',(0.,1.,0.));
#5478=DIRECTION('',(0.293831302313049,0.,-0.955857293627567));
#5479=DIRECTION('center_axis',(0.,0.,-1.));
#5480=DIRECTION('ref_axis',(-1.,0.,0.));
#5481=DIRECTION('',(-1.,0.,0.));
#5482=DIRECTION('',(-1.,0.,0.));
#5483=DIRECTION('center_axis',(0.,0.,1.));
#5484=DIRECTION('ref_axis',(1.,0.,0.));
#5485=DIRECTION('',(1.,0.,0.));
#5486=DIRECTION('',(0.,1.,0.));
#5487=DIRECTION('',(1.,0.,0.));
#5488=DIRECTION('',(0.,1.,0.));
#5489=DIRECTION('center_axis',(-0.936066536676869,0.,-0.351823022148596));
#5490=DIRECTION('ref_axis',(-0.351823022148596,0.,0.936066536676869));
#5491=DIRECTION('',(-0.351823022148596,0.,0.936066536676869));
#5492=DIRECTION('',(0.,1.,0.));
#5493=DIRECTION('',(-0.351823022148596,0.,0.936066536676869));
#5494=DIRECTION('center_axis',(0.,0.,-1.));
#5495=DIRECTION('ref_axis',(-1.,0.,0.));
#5496=DIRECTION('',(-1.,0.,0.));
#5497=DIRECTION('',(0.,1.,0.));
#5498=DIRECTION('',(-1.,0.,0.));
#5499=DIRECTION('center_axis',(0.936066536676869,0.,-0.351823022148596));
#5500=DIRECTION('ref_axis',(-0.351823022148596,0.,-0.936066536676869));
#5501=DIRECTION('',(-0.351823022148596,0.,-0.936066536676869));
#5502=DIRECTION('',(0.,1.,0.));
#5503=DIRECTION('',(-0.351823022148596,0.,-0.936066536676869));
#5504=DIRECTION('center_axis',(0.,0.,1.));
#5505=DIRECTION('ref_axis',(1.,0.,0.));
#5506=DIRECTION('',(1.,0.,0.));
#5507=DIRECTION('',(0.,1.,0.));
#5508=DIRECTION('',(1.,0.,0.));
#5509=DIRECTION('center_axis',(-0.959554631499227,0.,0.281522484303442));
#5510=DIRECTION('ref_axis',(0.281522484303442,0.,0.959554631499227));
#5511=DIRECTION('',(0.281522484303442,0.,0.959554631499227));
#5512=DIRECTION('',(0.,1.,0.));
#5513=DIRECTION('',(0.281522484303442,0.,0.959554631499227));
#5514=DIRECTION('center_axis',(0.,0.,1.));
#5515=DIRECTION('ref_axis',(1.,0.,0.));
#5516=DIRECTION('',(1.,0.,0.));
#5517=DIRECTION('',(0.,1.,0.));
#5518=DIRECTION('',(1.,0.,0.));
#5519=DIRECTION('center_axis',(0.958478185007209,0.,0.285165862026445));
#5520=DIRECTION('ref_axis',(0.285165862026445,0.,-0.958478185007209));
#5521=DIRECTION('',(0.285165862026445,0.,-0.958478185007209));
#5522=DIRECTION('',(0.285165862026445,0.,-0.958478185007209));
#5523=DIRECTION('center_axis',(0.,1.,0.));
#5524=DIRECTION('ref_axis',(0.,0.,1.));
#5525=DIRECTION('',(0.,1.,0.));
#5526=DIRECTION('',(0.,1.,0.));
#5527=DIRECTION('',(0.,1.,0.));
#5528=DIRECTION('',(0.,1.,0.));
#5529=DIRECTION('',(0.,1.,0.));
#5530=DIRECTION('',(0.,1.,0.));
#5531=DIRECTION('center_axis',(0.,0.,-1.));
#5532=DIRECTION('ref_axis',(-1.,0.,0.));
#5533=DIRECTION('',(-1.,0.,0.));
#5534=DIRECTION('',(0.,1.,0.));
#5535=DIRECTION('',(-1.,0.,0.));
#5536=DIRECTION('center_axis',(-1.,0.,0.));
#5537=DIRECTION('ref_axis',(0.,0.,1.));
#5538=DIRECTION('',(0.,0.,1.));
#5539=DIRECTION('',(0.,1.,0.));
#5540=DIRECTION('',(0.,0.,1.));
#5541=DIRECTION('center_axis',(0.,0.,1.));
#5542=DIRECTION('ref_axis',(1.,0.,0.));
#5543=DIRECTION('',(1.,0.,0.));
#5544=DIRECTION('',(1.,0.,0.));
#5545=DIRECTION('center_axis',(0.,0.,1.));
#5546=DIRECTION('ref_axis',(1.,0.,0.));
#5547=DIRECTION('',(1.,0.,0.));
#5548=DIRECTION('',(0.,1.,0.));
#5549=DIRECTION('',(1.,0.,0.));
#5550=DIRECTION('',(0.,1.,0.));
#5551=DIRECTION('',(0.,1.,0.));
#5552=DIRECTION('',(0.,1.,0.));
#5553=DIRECTION('',(0.,1.,0.));
#5554=DIRECTION('',(0.,1.,0.));
#5555=DIRECTION('',(0.,1.,0.));
#5556=DIRECTION('',(0.,1.,0.));
#5557=DIRECTION('',(0.,1.,0.));
#5558=DIRECTION('',(0.,1.,0.));
#5559=DIRECTION('center_axis',(0.,0.,-1.));
#5560=DIRECTION('ref_axis',(-1.,0.,0.));
#5561=DIRECTION('',(-1.,0.,0.));
#5562=DIRECTION('',(0.,1.,0.));
#5563=DIRECTION('',(-1.,0.,0.));
#5564=DIRECTION('center_axis',(1.,0.,0.));
#5565=DIRECTION('ref_axis',(0.,0.,-1.));
#5566=DIRECTION('',(0.,0.,-1.));
#5567=DIRECTION('',(0.,0.,-1.));
#5568=DIRECTION('center_axis',(0.,-1.,0.));
#5569=DIRECTION('ref_axis',(1.,0.,0.));
#5570=DIRECTION('',(0.,1.,0.));
#5571=DIRECTION('',(0.,1.,0.));
#5572=DIRECTION('',(0.,1.,0.));
#5573=DIRECTION('',(0.,1.,0.));
#5574=DIRECTION('',(0.,1.,0.));
#5575=DIRECTION('center_axis',(-1.,0.,0.));
#5576=DIRECTION('ref_axis',(0.,0.,1.));
#5577=DIRECTION('',(0.,0.,1.));
#5578=DIRECTION('',(0.,1.,0.));
#5579=DIRECTION('',(0.,0.,1.));
#5580=DIRECTION('center_axis',(0.,0.,-1.));
#5581=DIRECTION('ref_axis',(-1.,0.,0.));
#5582=DIRECTION('',(-1.,0.,0.));
#5583=DIRECTION('',(0.,1.,0.));
#5584=DIRECTION('',(-1.,0.,0.));
#5585=DIRECTION('center_axis',(1.,0.,0.));
#5586=DIRECTION('ref_axis',(0.,0.,-1.));
#5587=DIRECTION('',(0.,0.,-1.));
#5588=DIRECTION('',(0.,1.,0.));
#5589=DIRECTION('',(0.,0.,-1.));
#5590=DIRECTION('',(0.,1.,0.));
#5591=DIRECTION('',(0.,1.,0.));
#5592=DIRECTION('',(0.,1.,0.));
#5593=DIRECTION('',(0.,1.,0.));
#5594=DIRECTION('',(0.,1.,0.));
#5595=DIRECTION('',(0.,1.,0.));
#5596=DIRECTION('',(0.,1.,0.));
#5597=DIRECTION('',(0.,1.,0.));
#5598=DIRECTION('',(0.,1.,0.));
#5599=DIRECTION('center_axis',(-1.,0.,0.));
#5600=DIRECTION('ref_axis',(0.,0.,1.));
#5601=DIRECTION('',(0.,0.,1.));
#5602=DIRECTION('',(0.,1.,0.));
#5603=DIRECTION('',(0.,0.,1.));
#5604=DIRECTION('center_axis',(0.,0.,-1.));
#5605=DIRECTION('ref_axis',(-1.,0.,0.));
#5606=DIRECTION('',(-1.,0.,0.));
#5607=DIRECTION('',(0.,1.,0.));
#5608=DIRECTION('',(-1.,0.,0.));
#5609=DIRECTION('center_axis',(1.,0.,0.));
#5610=DIRECTION('ref_axis',(0.,0.,-1.));
#5611=DIRECTION('',(0.,0.,-1.));
#5612=DIRECTION('',(0.,0.,-1.));
#5613=DIRECTION('center_axis',(0.,-1.,0.));
#5614=DIRECTION('ref_axis',(1.,0.,0.));
#5615=DIRECTION('',(0.,1.,0.));
#5616=DIRECTION('',(0.,1.,0.));
#5617=DIRECTION('',(0.,1.,0.));
#5618=DIRECTION('',(0.,1.,0.));
#5619=DIRECTION('',(0.,1.,0.));
#5620=DIRECTION('',(0.,1.,0.));
#5621=DIRECTION('',(0.,1.,0.));
#5622=DIRECTION('',(0.,1.,0.));
#5623=DIRECTION('',(0.,1.,0.));
#5624=DIRECTION('',(0.,1.,0.));
#5625=DIRECTION('',(0.,1.,0.));
#5626=DIRECTION('',(0.,1.,0.));
#5627=DIRECTION('',(0.,1.,0.));
#5628=DIRECTION('',(0.,1.,0.));
#5629=DIRECTION('',(0.,1.,0.));
#5630=DIRECTION('',(0.,1.,0.));
#5631=DIRECTION('',(0.,1.,0.));
#5632=DIRECTION('',(0.,1.,0.));
#5633=DIRECTION('center_axis',(0.,-1.,0.));
#5634=DIRECTION('ref_axis',(1.,0.,0.));
#5635=DIRECTION('center_axis',(-0.000557037498882542,0.,0.9999998448546));
#5636=DIRECTION('ref_axis',(0.9999998448546,0.,0.000557037498882542));
#5637=DIRECTION('',(0.9999998448546,0.,0.000557037498882542));
#5638=DIRECTION('',(0.,1.,0.));
#5639=DIRECTION('',(0.9999998448546,0.,0.000557037498882542));
#5640=DIRECTION('',(0.,1.,0.));
#5641=DIRECTION('center_axis',(-0.9999998448546,0.,-0.000557037498853052));
#5642=DIRECTION('ref_axis',(-0.000557037498853051,0.,0.9999998448546));
#5643=DIRECTION('',(-0.000557037498853051,0.,0.9999998448546));
#5644=DIRECTION('',(0.,1.,0.));
#5645=DIRECTION('',(-0.000557037498853051,0.,0.9999998448546));
#5646=DIRECTION('center_axis',(0.825848125650022,0.,0.56389260800293));
#5647=DIRECTION('ref_axis',(0.56389260800293,0.,-0.825848125650022));
#5648=DIRECTION('',(0.56389260800293,0.,-0.825848125650022));
#5649=DIRECTION('',(0.,1.,0.));
#5650=DIRECTION('',(0.56389260800293,0.,-0.825848125650022));
#5651=DIRECTION('center_axis',(-0.000557037498883362,0.,0.9999998448546));
#5652=DIRECTION('ref_axis',(0.9999998448546,0.,0.000557037498883362));
#5653=DIRECTION('',(0.9999998448546,0.,0.000557037498883362));
#5654=DIRECTION('',(0.,1.,0.));
#5655=DIRECTION('',(0.9999998448546,0.,0.000557037498883362));
#5656=DIRECTION('center_axis',(-0.9999998448546,0.,-0.000557037498851242));
#5657=DIRECTION('ref_axis',(-0.000557037498851242,0.,0.9999998448546));
#5658=DIRECTION('',(-0.000557037498851242,0.,0.9999998448546));
#5659=DIRECTION('',(0.,1.,0.));
#5660=DIRECTION('',(-0.000557037498851242,0.,0.9999998448546));
#5661=DIRECTION('center_axis',(0.000557037498883362,0.,-0.9999998448546));
#5662=DIRECTION('ref_axis',(-0.9999998448546,0.,-0.000557037498883362));
#5663=DIRECTION('',(-0.9999998448546,0.,-0.000557037498883362));
#5664=DIRECTION('',(0.,1.,0.));
#5665=DIRECTION('',(-0.9999998448546,0.,-0.000557037498883362));
#5666=DIRECTION('center_axis',(0.9999998448546,0.,0.000557037498849071));
#5667=DIRECTION('ref_axis',(0.000557037498849071,0.,-0.9999998448546));
#5668=DIRECTION('',(0.000557037498849071,0.,-0.9999998448546));
#5669=DIRECTION('',(0.,1.,0.));
#5670=DIRECTION('',(0.000557037498849071,0.,-0.9999998448546));
#5671=DIRECTION('center_axis',(-0.826366198201162,0.,-0.563133116119588));
#5672=DIRECTION('ref_axis',(-0.563133116119588,0.,0.826366198201162));
#5673=DIRECTION('',(-0.563133116119588,0.,0.826366198201162));
#5674=DIRECTION('',(0.,1.,0.));
#5675=DIRECTION('',(-0.563133116119588,0.,0.826366198201162));
#5676=DIRECTION('center_axis',(0.0005570374988839,0.,-0.9999998448546));
#5677=DIRECTION('ref_axis',(-0.9999998448546,0.,-0.0005570374988839));
#5678=DIRECTION('',(-0.9999998448546,0.,-0.0005570374988839));
#5679=DIRECTION('',(0.,1.,0.));
#5680=DIRECTION('',(-0.9999998448546,0.,-0.0005570374988839));
#5681=DIRECTION('center_axis',(0.9999998448546,0.,0.000557037498851242));
#5682=DIRECTION('ref_axis',(0.000557037498851242,0.,-0.9999998448546));
#5683=DIRECTION('',(0.000557037498851242,0.,-0.9999998448546));
#5684=DIRECTION('',(0.000557037498851242,0.,-0.9999998448546));
#5685=DIRECTION('center_axis',(0.,1.,0.));
#5686=DIRECTION('ref_axis',(0.,0.,1.));
#5687=DIRECTION('center_axis',(0.,-1.,0.));
#5688=DIRECTION('ref_axis',(-1.,0.,-6.40128590774865E-16));
#5689=DIRECTION('center_axis',(0.,-1.,0.));
#5690=DIRECTION('ref_axis',(1.,0.,6.40128590774865E-16));
#5691=DIRECTION('',(-1.,0.,-6.40128590774865E-16));
#5692=DIRECTION('center_axis',(0.,1.,0.));
#5693=DIRECTION('ref_axis',(-1.,0.,-6.40128590774865E-16));
#5694=DIRECTION('',(-6.40128590774865E-16,0.,1.));
#5695=DIRECTION('center_axis',(0.,-1.,0.));
#5696=DIRECTION('ref_axis',(1.,0.,6.40128590774865E-16));
#5697=DIRECTION('',(-1.,0.,-6.40128590774865E-16));
#5698=DIRECTION('center_axis',(0.,-1.,0.));
#5699=DIRECTION('ref_axis',(-6.40128590774865E-16,0.,1.));
#5700=DIRECTION('',(6.40128590774865E-16,0.,-1.));
#5701=DIRECTION('center_axis',(0.,-1.,0.));
#5702=DIRECTION('ref_axis',(-1.,0.,-6.40128590774865E-16));
#5703=DIRECTION('',(1.,0.,6.40128590774865E-16));
#5704=DIRECTION('center_axis',(0.,1.,0.));
#5705=DIRECTION('ref_axis',(1.,0.,6.40128590774865E-16));
#5706=DIRECTION('',(6.40128590774865E-16,0.,-1.));
#5707=DIRECTION('center_axis',(0.,-1.,0.));
#5708=DIRECTION('ref_axis',(-1.,0.,-6.40128590774865E-16));
#5709=DIRECTION('',(1.,0.,6.40128590774865E-16));
#5710=DIRECTION('center_axis',(0.,-1.,0.));
#5711=DIRECTION('ref_axis',(6.40128590774865E-16,0.,-1.));
#5712=DIRECTION('',(-6.40128590774865E-16,0.,1.));
#5713=DIRECTION('center_axis',(0.,1.,0.));
#5714=DIRECTION('ref_axis',(-1.,0.,-6.40128590774865E-16));
#5715=DIRECTION('center_axis',(0.,1.,0.));
#5716=DIRECTION('ref_axis',(-1.,0.,-6.40128590774865E-16));
#5717=DIRECTION('center_axis',(0.,1.,0.));
#5718=DIRECTION('ref_axis',(-1.,0.,-6.40128590774865E-16));
#5719=DIRECTION('center_axis',(0.,1.,0.));
#5720=DIRECTION('ref_axis',(-1.,0.,-6.40128590774865E-16));
#5721=DIRECTION('center_axis',(0.,-1.,0.));
#5722=DIRECTION('ref_axis',(-1.,0.,-6.40128590774865E-16));
#5723=DIRECTION('center_axis',(0.,-1.,0.));
#5724=DIRECTION('ref_axis',(-1.,0.,-6.40128590774865E-16));
#5725=DIRECTION('center_axis',(0.,-1.,0.));
#5726=DIRECTION('ref_axis',(-1.,0.,-6.40128590774865E-16));
#5727=DIRECTION('center_axis',(0.,-1.,0.));
#5728=DIRECTION('ref_axis',(-1.,0.,-6.40128590774865E-16));
#5729=DIRECTION('center_axis',(0.,-1.,0.));
#5730=DIRECTION('ref_axis',(-1.58031745847546E-15,0.,-1.));
#5731=DIRECTION('',(-0.707106781186546,0.707106781186549,-4.52639267368295E-16));
#5732=DIRECTION('center_axis',(0.,-1.,0.));
#5733=DIRECTION('ref_axis',(-1.58031745847546E-15,0.,-1.));
#5734=DIRECTION('',(-2.68754564999926E-15,-0.707106781186549,-0.707106781186546));
#5735=DIRECTION('center_axis',(0.,1.,0.));
#5736=DIRECTION('ref_axis',(-1.58031745847546E-15,0.,-1.));
#5737=DIRECTION('center_axis',(-0.707106781186547,-0.707106781186548,-4.52639267368295E-16));
#5738=DIRECTION('ref_axis',(-6.40128590774865E-16,0.,1.));
#5739=DIRECTION('',(6.40128590774865E-16,0.,-1.));
#5740=DIRECTION('',(-0.707106781186548,0.707106781186547,-4.52639267368296E-16));
#5741=DIRECTION('',(-6.40128590774865E-16,0.,1.));
#5742=DIRECTION('center_axis',(0.,-1.,0.));
#5743=DIRECTION('ref_axis',(1.,0.,6.40128590774865E-16));
#5744=DIRECTION('',(4.52639267368295E-16,0.707106781186549,-0.707106781186546));
#5745=DIRECTION('center_axis',(0.,-1.,0.));
#5746=DIRECTION('ref_axis',(1.,0.,6.40128590774865E-16));
#5747=DIRECTION('center_axis',(0.,1.,0.));
#5748=DIRECTION('ref_axis',(1.,0.,6.40128590774865E-16));
#5749=DIRECTION('center_axis',(4.52639267368296E-16,-0.707106781186546,
-0.707106781186549));
#5750=DIRECTION('ref_axis',(-1.,0.,-6.40128590774865E-16));
#5751=DIRECTION('',(1.,0.,6.40128590774865E-16));
#5752=DIRECTION('',(4.52639267368295E-16,0.707106781186549,-0.707106781186546));
#5753=DIRECTION('',(-1.,0.,-6.40128590774865E-16));
#5754=DIRECTION('center_axis',(0.,-1.,0.));
#5755=DIRECTION('ref_axis',(4.70094433850295E-16,0.,1.));
#5756=DIRECTION('',(0.707106781186546,0.707106781186549,4.52639267368295E-16));
#5757=DIRECTION('center_axis',(0.,-1.,0.));
#5758=DIRECTION('ref_axis',(4.70094433850296E-16,0.,1.));
#5759=DIRECTION('center_axis',(0.,1.,0.));
#5760=DIRECTION('ref_axis',(4.70094433850295E-16,0.,1.));
#5761=DIRECTION('center_axis',(0.707106781186547,-0.707106781186548,4.52639267368295E-16));
#5762=DIRECTION('ref_axis',(6.40128590774865E-16,0.,-1.));
#5763=DIRECTION('',(-6.40128590774865E-16,0.,1.));
#5764=DIRECTION('',(0.707106781186548,0.707106781186547,4.52639267368296E-16));
#5765=DIRECTION('',(6.40128590774865E-16,0.,-1.));
#5766=DIRECTION('center_axis',(0.,-1.,0.));
#5767=DIRECTION('ref_axis',(-1.,0.,1.58031745847546E-15));
#5768=DIRECTION('',(-3.59282418473585E-15,0.707106781186549,0.707106781186546));
#5769=DIRECTION('center_axis',(0.,-1.,0.));
#5770=DIRECTION('ref_axis',(-1.,0.,1.58031745847546E-15));
#5771=DIRECTION('center_axis',(0.,1.,0.));
#5772=DIRECTION('ref_axis',(-1.,0.,1.58031745847546E-15));
#5773=DIRECTION('center_axis',(-4.52639267368296E-16,-0.707106781186546,
0.707106781186549));
#5774=DIRECTION('ref_axis',(1.,0.,6.40128590774865E-16));
#5775=DIRECTION('',(-1.,0.,-6.40128590774865E-16));
#5776=DIRECTION('',(1.,0.,6.40128590774865E-16));
#5777=DIRECTION('center_axis',(6.40128590774865E-16,0.,-1.));
#5778=DIRECTION('ref_axis',(1.,0.,6.40128590774865E-16));
#5779=DIRECTION('',(0.,-1.,0.));
#5780=DIRECTION('',(1.,0.,6.40128590774865E-16));
#5781=DIRECTION('',(0.,-1.,0.));
#5782=DIRECTION('center_axis',(0.,1.,0.));
#5783=DIRECTION('ref_axis',(1.,0.,6.40128590774865E-16));
#5784=DIRECTION('center_axis',(0.,1.,0.));
#5785=DIRECTION('ref_axis',(1.,0.,6.40128590774865E-16));
#5786=DIRECTION('',(0.,-1.,0.));
#5787=DIRECTION('center_axis',(-1.,0.,-6.40128590774865E-16));
#5788=DIRECTION('ref_axis',(6.40128590774865E-16,0.,-1.));
#5789=DIRECTION('',(6.40128590774865E-16,0.,-1.));
#5790=DIRECTION('',(0.,-1.,0.));
#5791=DIRECTION('center_axis',(0.,1.,0.));
#5792=DIRECTION('ref_axis',(-1.58031745847546E-15,0.,-1.));
#5793=DIRECTION('center_axis',(0.,1.,0.));
#5794=DIRECTION('ref_axis',(-1.58031745847546E-15,0.,-1.));
#5795=DIRECTION('',(0.,-1.,0.));
#5796=DIRECTION('center_axis',(0.,-1.,0.));
#5797=DIRECTION('ref_axis',(-1.,0.,-6.40128590774865E-16));
#5798=DIRECTION('center_axis',(0.,1.,0.));
#5799=DIRECTION('ref_axis',(-1.,0.,1.58031745847546E-15));
#5800=DIRECTION('',(0.,-1.,0.));
#5801=DIRECTION('center_axis',(0.,1.,0.));
#5802=DIRECTION('ref_axis',(-1.,0.,1.58031745847546E-15));
#5803=DIRECTION('',(0.,-1.,0.));
#5804=DIRECTION('center_axis',(-6.40128590774865E-16,0.,1.));
#5805=DIRECTION('ref_axis',(-1.,0.,-6.40128590774865E-16));
#5806=DIRECTION('',(-1.,0.,-6.40128590774865E-16));
#5807=DIRECTION('center_axis',(0.,1.,0.));
#5808=DIRECTION('ref_axis',(4.70094433850296E-16,0.,1.));
#5809=DIRECTION('',(0.,-1.,0.));
#5810=DIRECTION('center_axis',(0.,1.,0.));
#5811=DIRECTION('ref_axis',(4.70094433850296E-16,0.,1.));
#5812=DIRECTION('center_axis',(1.,0.,6.40128590774865E-16));
#5813=DIRECTION('ref_axis',(-6.40128590774865E-16,0.,1.));
#5814=DIRECTION('',(-6.40128590774865E-16,0.,1.));
#5815=DIRECTION('center_axis',(-1.,0.,-6.89899074953207E-16));
#5816=DIRECTION('ref_axis',(6.89899074953207E-16,0.,-1.));
#5817=DIRECTION('',(0.,1.,0.));
#5818=DIRECTION('',(6.89899074953207E-16,0.,-1.));
#5819=DIRECTION('',(0.,-1.,0.));
#5820=DIRECTION('',(6.89899074953207E-16,0.,-1.));
#5821=DIRECTION('center_axis',(1.,0.,6.40128590774865E-16));
#5822=DIRECTION('ref_axis',(-6.40128590774865E-16,0.,1.));
#5823=DIRECTION('',(0.,-1.,0.));
#5824=DIRECTION('',(-6.40128590774865E-16,0.,1.));
#5825=DIRECTION('',(0.,1.,0.));
#5826=DIRECTION('',(-6.40128590774865E-16,0.,1.));
#5827=DIRECTION('center_axis',(0.,1.,0.));
#5828=DIRECTION('ref_axis',(6.40128590774865E-16,0.,-1.));
#5829=DIRECTION('',(1.,0.,2.98521506274817E-16));
#5830=DIRECTION('',(-1.,0.,-6.40128590774865E-16));
#5831=DIRECTION('center_axis',(-6.40128590774865E-16,0.,1.));
#5832=DIRECTION('ref_axis',(-1.,0.,-6.40128590774865E-16));
#5833=DIRECTION('',(1.,0.,6.40128590774865E-16));
#5834=DIRECTION('',(0.,-1.,0.));
#5835=DIRECTION('',(-1.,0.,-6.40128590774865E-16));
#5836=DIRECTION('',(0.,-1.,0.));
#5837=DIRECTION('',(1.,0.,6.40128590774865E-16));
#5838=DIRECTION('center_axis',(0.,-1.,0.));
#5839=DIRECTION('ref_axis',(-1.,0.,-6.40128590774865E-16));
#5840=DIRECTION('center_axis',(0.,-1.,0.));
#5841=DIRECTION('ref_axis',(-1.,0.,-6.40128590774865E-16));
#5842=DIRECTION('',(6.40128590774865E-16,0.,-1.));
#5843=DIRECTION('',(-1.,0.,-6.40128590774865E-16));
#5844=DIRECTION('',(-6.40128590774865E-16,0.,1.));
#5845=DIRECTION('center_axis',(0.,1.,0.));
#5846=DIRECTION('ref_axis',(-1.,0.,-6.40128590774865E-16));
#5847=DIRECTION('',(-1.,0.,-2.98521506274817E-16));
#5848=DIRECTION('center_axis',(-6.40128590774865E-16,0.,1.));
#5849=DIRECTION('ref_axis',(-1.,0.,-6.40128590774865E-16));
#5850=DIRECTION('',(0.,-1.,0.));
#5851=DIRECTION('',(-1.,0.,-6.40128590774865E-16));
#5852=DIRECTION('',(0.,1.,0.));
#5853=DIRECTION('center_axis',(6.40128590774865E-16,0.,-1.));
#5854=DIRECTION('ref_axis',(1.,0.,6.40128590774865E-16));
#5855=DIRECTION('',(1.,0.,6.40128590774865E-16));
#5856=DIRECTION('',(0.,-1.,0.));
#5857=DIRECTION('',(1.,0.,6.40128590774865E-16));
#5858=DIRECTION('',(0.,1.,0.));
#5859=DIRECTION('center_axis',(0.,1.,0.));
#5860=DIRECTION('ref_axis',(6.40128590774865E-16,0.,-1.));
#5861=DIRECTION('',(6.40128590774865E-16,0.,-1.));
#5862=DIRECTION('',(-6.40128590774865E-16,0.,1.));
#5863=DIRECTION('center_axis',(-6.40128590774865E-16,0.,1.));
#5864=DIRECTION('ref_axis',(-1.,0.,-6.40128590774865E-16));
#5865=DIRECTION('',(-1.,0.,-6.40128590774865E-16));
#5866=DIRECTION('',(0.,-1.,0.));
#5867=DIRECTION('',(-1.,0.,-6.40128590774865E-16));
#5868=DIRECTION('',(0.,1.,0.));
#5869=DIRECTION('center_axis',(6.40128590774865E-16,0.,-1.));
#5870=DIRECTION('ref_axis',(1.,0.,6.40128590774865E-16));
#5871=DIRECTION('',(1.,0.,6.40128590774865E-16));
#5872=DIRECTION('',(0.,-1.,0.));
#5873=DIRECTION('',(1.,0.,6.40128590774865E-16));
#5874=DIRECTION('',(0.,1.,0.));
#5875=DIRECTION('center_axis',(0.,1.,0.));
#5876=DIRECTION('ref_axis',(6.40128590774865E-16,0.,-1.));
#5877=DIRECTION('',(6.40128590774865E-16,0.,-1.));
#5878=DIRECTION('',(-6.40128590774865E-16,0.,1.));
#5879=DIRECTION('center_axis',(0.,-1.,0.));
#5880=DIRECTION('ref_axis',(-1.,0.,-6.40128590774865E-16));
#5881=DIRECTION('',(-1.,0.,-2.98521506274817E-16));
#5882=DIRECTION('center_axis',(0.,-1.,0.));
#5883=DIRECTION('ref_axis',(1.,0.,6.40128590774865E-16));
#5884=DIRECTION('',(-6.40128590774865E-16,0.,1.));
#5885=DIRECTION('center_axis',(0.,1.,0.));
#5886=DIRECTION('ref_axis',(-1.,0.,-6.40128590774865E-16));
#5887=DIRECTION('',(-1.,0.,-6.40128590774865E-16));
#5888=DIRECTION('center_axis',(0.,1.,0.));
#5889=DIRECTION('ref_axis',(6.40128590774865E-16,0.,-1.));
#5890=DIRECTION('',(6.40128590774865E-16,0.,-1.));
#5891=DIRECTION('center_axis',(0.,1.,0.));
#5892=DIRECTION('ref_axis',(1.,0.,6.40128590774865E-16));
#5893=DIRECTION('',(1.,0.,9.0927356644157E-16));
#5894=DIRECTION('center_axis',(0.,-1.,0.));
#5895=DIRECTION('ref_axis',(-1.,0.,-6.40128590774865E-16));
#5896=DIRECTION('',(6.40128590774865E-16,0.,-1.));
#5897=DIRECTION('center_axis',(0.,1.,0.));
#5898=DIRECTION('ref_axis',(1.,0.,6.40128590774865E-16));
#5899=DIRECTION('',(1.,0.,6.40128590774865E-16));
#5900=DIRECTION('center_axis',(0.,1.,0.));
#5901=DIRECTION('ref_axis',(-6.40128590774865E-16,0.,1.));
#5902=DIRECTION('',(-6.40128590774865E-16,0.,1.));
#5903=DIRECTION('',(6.40128590774865E-16,0.,-1.));
#5904=DIRECTION('center_axis',(0.,-1.,0.));
#5905=DIRECTION('ref_axis',(-6.40128590774865E-16,0.,1.));
#5906=DIRECTION('',(-1.,0.,-6.40128590774865E-16));
#5907=DIRECTION('center_axis',(0.,-1.,0.));
#5908=DIRECTION('ref_axis',(1.,0.,6.40128590774865E-16));
#5909=DIRECTION('',(-6.40128590774865E-16,0.,1.));
#5910=DIRECTION('center_axis',(0.,-1.,0.));
#5911=DIRECTION('ref_axis',(-1.,0.,-6.40128590774865E-16));
#5912=DIRECTION('',(-1.,0.,-6.40128590774865E-16));
#5913=DIRECTION('center_axis',(0.,-1.,0.));
#5914=DIRECTION('ref_axis',(1.,0.,6.40128590774865E-16));
#5915=DIRECTION('',(6.40128590774865E-16,0.,-1.));
#5916=DIRECTION('center_axis',(0.,-1.,0.));
#5917=DIRECTION('ref_axis',(6.40128590774865E-16,0.,-1.));
#5918=DIRECTION('',(-1.,0.,-6.40128590774865E-16));
#5919=DIRECTION('center_axis',(0.,-1.,0.));
#5920=DIRECTION('ref_axis',(-1.,0.,-6.40128590774865E-16));
#5921=DIRECTION('',(6.40128590774865E-16,0.,-1.));
#5922=DIRECTION('center_axis',(0.,-1.,0.));
#5923=DIRECTION('ref_axis',(1.,0.,6.40128590774865E-16));
#5924=DIRECTION('center_axis',(0.,-1.,0.));
#5925=DIRECTION('ref_axis',(-1.,0.,-6.40128590774865E-16));
#5926=DIRECTION('',(6.40128590774865E-16,0.,-1.));
#5927=DIRECTION('',(-6.40128590774865E-16,0.,1.));
#5928=DIRECTION('center_axis',(1.,0.,6.40128590774865E-16));
#5929=DIRECTION('ref_axis',(-6.40128590774865E-16,0.,1.));
#5930=DIRECTION('',(0.,-1.,0.));
#5931=DIRECTION('',(-6.40128590774865E-16,0.,1.));
#5932=DIRECTION('',(0.,-1.,0.));
#5933=DIRECTION('center_axis',(0.,1.,0.));
#5934=DIRECTION('ref_axis',(1.,0.,6.40128590774865E-16));
#5935=DIRECTION('',(-0.707106781186561,-0.707106781186534,-4.52639267368304E-16));
#5936=DIRECTION('center_axis',(0.,1.,0.));
#5937=DIRECTION('ref_axis',(1.,0.,6.40128590774865E-16));
#5938=DIRECTION('',(-4.52639267368297E-16,0.707106781186545,0.70710678118655));
#5939=DIRECTION('center_axis',(-0.707106781186555,0.70710678118654,-4.526392673683E-16));
#5940=DIRECTION('ref_axis',(-6.40128590774865E-16,0.,1.));
#5941=DIRECTION('',(-0.70710678118654,-0.707106781186555,-4.5263926736829E-16));
#5942=DIRECTION('',(6.40128590774865E-16,0.,-1.));
#5943=DIRECTION('center_axis',(0.,1.,0.));
#5944=DIRECTION('ref_axis',(6.40128590774865E-16,0.,-1.));
#5945=DIRECTION('',(-4.52639267368297E-16,-0.707106781186545,0.70710678118655));
#5946=DIRECTION('center_axis',(0.,1.,0.));
#5947=DIRECTION('ref_axis',(6.40128590774865E-16,0.,-1.));
#5948=DIRECTION('center_axis',(-4.52639267368294E-16,0.70710678118655,0.707106781186545));
#5949=DIRECTION('ref_axis',(1.,0.,6.40128590774865E-16));
#5950=DIRECTION('',(-4.52639267368297E-16,-0.707106781186545,0.70710678118655));
#5951=DIRECTION('',(-1.,0.,-6.40128590774865E-16));
#5952=DIRECTION('center_axis',(0.,1.,0.));
#5953=DIRECTION('ref_axis',(-1.,0.,-6.40128590774865E-16));
#5954=DIRECTION('',(0.707106781186551,-0.707106781186544,4.52639267368298E-16));
#5955=DIRECTION('center_axis',(0.,1.,0.));
#5956=DIRECTION('ref_axis',(-1.,0.,-6.40128590774865E-16));
#5957=DIRECTION('center_axis',(0.707106781186548,0.707106781186548,4.52639267368295E-16));
#5958=DIRECTION('ref_axis',(6.40128590774865E-16,0.,-1.));
#5959=DIRECTION('',(0.707106781186548,-0.707106781186548,4.52639267368295E-16));
#5960=DIRECTION('',(-6.40128590774865E-16,0.,1.));
#5961=DIRECTION('center_axis',(0.,-1.,0.));
#5962=DIRECTION('ref_axis',(1.,0.,6.40128590774865E-16));
#5963=DIRECTION('',(-4.52639267368287E-16,-0.707106781186561,0.707106781186534));
#5964=DIRECTION('center_axis',(0.,-1.,0.));
#5965=DIRECTION('ref_axis',(1.,0.,6.40128590774865E-16));
#5966=DIRECTION('center_axis',(-4.52639267368297E-16,0.707106781186545,
0.70710678118655));
#5967=DIRECTION('ref_axis',(1.,0.,6.40128590774865E-16));
#5968=DIRECTION('',(1.00146437905234E-14,-0.70710678118654,0.707106781186555));
#5969=DIRECTION('center_axis',(0.,1.,0.));
#5970=DIRECTION('ref_axis',(-1.,0.,-6.40128590774865E-16));
#5971=DIRECTION('',(0.707106781186545,-0.70710678118655,4.52639267368294E-16));
#5972=DIRECTION('center_axis',(0.,1.,0.));
#5973=DIRECTION('ref_axis',(-1.,0.,-6.40128590774865E-16));
#5974=DIRECTION('center_axis',(0.707106781186545,0.70710678118655,4.52639267368294E-16));
#5975=DIRECTION('ref_axis',(6.40128590774865E-16,0.,-1.));
#5976=DIRECTION('',(0.707106781186529,-0.707106781186566,4.52639267368284E-16));
#5977=DIRECTION('',(-6.40128590774865E-16,0.,1.));
#5978=DIRECTION('center_axis',(0.,1.,0.));
#5979=DIRECTION('ref_axis',(-6.40128590774865E-16,0.,1.));
#5980=DIRECTION('',(4.52639267368294E-16,-0.70710678118655,-0.707106781186545));
#5981=DIRECTION('center_axis',(0.,1.,0.));
#5982=DIRECTION('ref_axis',(-6.40128590774865E-16,0.,1.));
#5983=DIRECTION('center_axis',(4.526392673683E-16,0.70710678118654,-0.707106781186555));
#5984=DIRECTION('ref_axis',(-1.,0.,-6.40128590774865E-16));
#5985=DIRECTION('',(4.5263926736829E-16,-0.707106781186555,-0.70710678118654));
#5986=DIRECTION('',(1.,0.,6.40128590774865E-16));
#5987=DIRECTION('center_axis',(0.,1.,0.));
#5988=DIRECTION('ref_axis',(1.,0.,6.40128590774865E-16));
#5989=DIRECTION('',(-0.707106781186545,-0.70710678118655,-4.52639267368294E-16));
#5990=DIRECTION('center_axis',(0.,1.,0.));
#5991=DIRECTION('ref_axis',(1.,0.,6.40128590774865E-16));
#5992=DIRECTION('center_axis',(-0.70710678118655,0.707106781186545,-4.52639267368297E-16));
#5993=DIRECTION('ref_axis',(-6.40128590774865E-16,0.,1.));
#5994=DIRECTION('',(-0.707106781186545,-0.70710678118655,-4.52639267368294E-16));
#5995=DIRECTION('',(6.40128590774865E-16,0.,-1.));
#5996=DIRECTION('center_axis',(0.,-1.,0.));
#5997=DIRECTION('ref_axis',(-1.,0.,-6.40128590774865E-16));
#5998=DIRECTION('',(4.52639267368308E-16,-0.707106781186529,-0.707106781186567));
#5999=DIRECTION('center_axis',(0.,-1.,0.));
#6000=DIRECTION('ref_axis',(-1.,0.,-6.40128590774865E-16));
#6001=DIRECTION('center_axis',(4.52639267368296E-16,0.707106781186546,-0.707106781186549));
#6002=DIRECTION('ref_axis',(-1.,0.,-6.40128590774865E-16));
#6003=DIRECTION('',(1.,0.,6.40128590774865E-16));
#6004=DIRECTION('center_axis',(0.,1.,0.));
#6005=DIRECTION('ref_axis',(1.,0.,6.40128590774865E-16));
#6006=DIRECTION('',(0.,-1.,0.));
#6007=DIRECTION('center_axis',(1.,0.,6.40128590774865E-16));
#6008=DIRECTION('ref_axis',(-6.40128590774865E-16,0.,1.));
#6009=DIRECTION('',(0.,-1.,0.));
#6010=DIRECTION('center_axis',(0.,1.,0.));
#6011=DIRECTION('ref_axis',(-1.,0.,-6.40128590774865E-16));
#6012=DIRECTION('',(0.,-1.,0.));
#6013=DIRECTION('center_axis',(-6.40128590774865E-16,0.,1.));
#6014=DIRECTION('ref_axis',(-1.,0.,-6.40128590774865E-16));
#6015=DIRECTION('',(0.,-1.,0.));
#6016=DIRECTION('center_axis',(0.,1.,0.));
#6017=DIRECTION('ref_axis',(6.40128590774865E-16,0.,-1.));
#6018=DIRECTION('',(0.,-1.,0.));
#6019=DIRECTION('center_axis',(-1.,0.,-6.40128590774865E-16));
#6020=DIRECTION('ref_axis',(6.40128590774865E-16,0.,-1.));
#6021=DIRECTION('',(0.,-1.,0.));
#6022=DIRECTION('center_axis',(0.,1.,0.));
#6023=DIRECTION('ref_axis',(1.,0.,6.40128590774865E-16));
#6024=DIRECTION('',(0.,-1.,0.));
#6025=DIRECTION('center_axis',(0.,-1.,0.));
#6026=DIRECTION('ref_axis',(-1.,0.,-6.40128590774865E-16));
#6027=DIRECTION('center_axis',(0.,-1.,0.));
#6028=DIRECTION('ref_axis',(-1.,0.,-6.40128590774865E-16));
#6029=DIRECTION('',(-0.707106781186548,0.707106781186548,-3.66043661744746E-16));
#6030=DIRECTION('center_axis',(0.,-1.,0.));
#6031=DIRECTION('ref_axis',(-1.,0.,-6.40128590774865E-16));
#6032=DIRECTION('center_axis',(0.,-1.,0.));
#6033=DIRECTION('ref_axis',(-1.,0.,-6.40128590774865E-16));
#6034=DIRECTION('',(0.,1.,0.));
#6035=DIRECTION('center_axis',(0.,-1.,0.));
#6036=DIRECTION('ref_axis',(-1.,0.,-6.40128590774865E-16));
#6037=DIRECTION('center_axis',(0.,-1.,0.));
#6038=DIRECTION('ref_axis',(-1.,0.,-6.40128590774865E-16));
#6039=DIRECTION('',(-0.70710678118655,0.707106781186545,-3.66043661744747E-16));
#6040=DIRECTION('center_axis',(0.,-1.,0.));
#6041=DIRECTION('ref_axis',(-1.,0.,-6.40128590774865E-16));
#6042=DIRECTION('center_axis',(0.,-1.,0.));
#6043=DIRECTION('ref_axis',(-1.,0.,-6.40128590774865E-16));
#6044=DIRECTION('',(0.,1.,0.));
#6045=DIRECTION('center_axis',(0.,-1.,0.));
#6046=DIRECTION('ref_axis',(-1.,0.,-6.40128590774865E-16));
#6047=DIRECTION('center_axis',(0.,-1.,0.));
#6048=DIRECTION('ref_axis',(-1.,0.,-6.40128590774865E-16));
#6049=DIRECTION('',(-0.707106781186547,0.707106781186547,-3.66043661744746E-16));
#6050=DIRECTION('center_axis',(0.,-1.,0.));
#6051=DIRECTION('ref_axis',(-1.,0.,-6.40128590774865E-16));
#6052=DIRECTION('center_axis',(0.,-1.,0.));
#6053=DIRECTION('ref_axis',(-1.,0.,-6.40128590774865E-16));
#6054=DIRECTION('',(0.,1.,0.));
#6055=DIRECTION('center_axis',(0.,-1.,0.));
#6056=DIRECTION('ref_axis',(-1.,0.,-6.40128590774865E-16));
#6057=DIRECTION('center_axis',(0.,-1.,0.));
#6058=DIRECTION('ref_axis',(-1.,0.,-6.40128590774865E-16));
#6059=DIRECTION('',(-0.70710678118655,0.707106781186545,-3.66043661744747E-16));
#6060=DIRECTION('center_axis',(0.,-1.,0.));
#6061=DIRECTION('ref_axis',(-1.,0.,-6.40128590774865E-16));
#6062=DIRECTION('center_axis',(0.,-1.,0.));
#6063=DIRECTION('ref_axis',(-1.,0.,-6.40128590774865E-16));
#6064=DIRECTION('',(0.,1.,0.));
#6065=DIRECTION('center_axis',(0.,-1.,0.));
#6066=DIRECTION('ref_axis',(-1.,0.,-6.40128590774865E-16));
#6067=DIRECTION('center_axis',(0.,-1.,0.));
#6068=DIRECTION('ref_axis',(-1.,0.,-6.40128590774865E-16));
#6069=DIRECTION('center_axis',(0.,1.,0.));
#6070=DIRECTION('ref_axis',(-1.,0.,-6.40128590774865E-16));
#6071=DIRECTION('center_axis',(0.,-1.,0.));
#6072=DIRECTION('ref_axis',(-1.,0.,-6.40128590774865E-16));
#6073=DIRECTION('center_axis',(0.,1.,0.));
#6074=DIRECTION('ref_axis',(-1.,0.,-6.40128590774865E-16));
#6075=DIRECTION('center_axis',(0.,-1.,0.));
#6076=DIRECTION('ref_axis',(-1.,0.,-6.40128590774865E-16));
#6077=DIRECTION('center_axis',(0.,1.,0.));
#6078=DIRECTION('ref_axis',(-1.,0.,-6.40128590774865E-16));
#6079=DIRECTION('center_axis',(0.,-1.,0.));
#6080=DIRECTION('ref_axis',(-1.,0.,-6.40128590774865E-16));
#6081=DIRECTION('center_axis',(0.,1.,0.));
#6082=DIRECTION('ref_axis',(-1.,0.,-6.40128590774865E-16));
#6083=DIRECTION('center_axis',(0.,1.,0.));
#6084=DIRECTION('ref_axis',(-1.,0.,-6.40128590774865E-16));
#6085=DIRECTION('center_axis',(0.,1.,0.));
#6086=DIRECTION('ref_axis',(-1.,0.,-6.40128590774865E-16));
#6087=DIRECTION('',(0.,-1.,0.));
#6088=DIRECTION('center_axis',(0.,1.,0.));
#6089=DIRECTION('ref_axis',(-1.,0.,-6.40128590774865E-16));
#6090=DIRECTION('center_axis',(0.,1.,0.));
#6091=DIRECTION('ref_axis',(-1.,0.,-6.40128590774865E-16));
#6092=DIRECTION('',(0.,-1.,0.));
#6093=DIRECTION('center_axis',(0.,1.,0.));
#6094=DIRECTION('ref_axis',(-1.,0.,-6.40128590774865E-16));
#6095=DIRECTION('center_axis',(0.,1.,0.));
#6096=DIRECTION('ref_axis',(-1.,0.,-6.40128590774865E-16));
#6097=DIRECTION('',(0.,-1.,0.));
#6098=DIRECTION('center_axis',(0.,1.,0.));
#6099=DIRECTION('ref_axis',(-1.,0.,-6.40128590774865E-16));
#6100=DIRECTION('center_axis',(0.,1.,0.));
#6101=DIRECTION('ref_axis',(-1.,0.,-6.40128590774865E-16));
#6102=DIRECTION('',(0.,-1.,0.));
#6103=DIRECTION('center_axis',(0.,1.,0.));
#6104=DIRECTION('ref_axis',(-1.,0.,-6.40128590774865E-16));
#6105=DIRECTION('',(0.,-1.,0.));
#6106=DIRECTION('center_axis',(0.,1.,0.));
#6107=DIRECTION('ref_axis',(-1.,0.,-6.40128590774865E-16));
#6108=DIRECTION('',(0.,-1.,0.));
#6109=DIRECTION('center_axis',(-6.40128590774865E-16,0.,1.));
#6110=DIRECTION('ref_axis',(-1.,0.,-6.40128590774865E-16));
#6111=DIRECTION('',(-1.,0.,-6.40128590774865E-16));
#6112=DIRECTION('',(0.,-1.,0.));
#6113=DIRECTION('center_axis',(0.,1.,0.));
#6114=DIRECTION('ref_axis',(6.40128590774865E-16,0.,-1.));
#6115=DIRECTION('center_axis',(0.,1.,0.));
#6116=DIRECTION('ref_axis',(6.40128590774865E-16,0.,-1.));
#6117=DIRECTION('',(0.,-1.,0.));
#6118=DIRECTION('center_axis',(-1.,0.,-6.40128590774865E-16));
#6119=DIRECTION('ref_axis',(6.40128590774865E-16,0.,-1.));
#6120=DIRECTION('',(6.40128590774865E-16,0.,-1.));
#6121=DIRECTION('',(0.,-1.,0.));
#6122=DIRECTION('center_axis',(0.,1.,0.));
#6123=DIRECTION('ref_axis',(1.,0.,6.40128590774865E-16));
#6124=DIRECTION('center_axis',(0.,1.,0.));
#6125=DIRECTION('ref_axis',(1.,0.,6.40128590774865E-16));
#6126=DIRECTION('',(0.,-1.,0.));
#6127=DIRECTION('center_axis',(9.0927356644157E-16,0.,-1.));
#6128=DIRECTION('ref_axis',(1.,0.,9.0927356644157E-16));
#6129=DIRECTION('',(1.,0.,9.0927356644157E-16));
#6130=DIRECTION('',(0.,-1.,0.));
#6131=DIRECTION('center_axis',(0.,1.,0.));
#6132=DIRECTION('ref_axis',(-1.,0.,-6.40128590774865E-16));
#6133=DIRECTION('center_axis',(0.,-1.,0.));
#6134=DIRECTION('ref_axis',(-1.,0.,-6.40128590774865E-16));
#6135=DIRECTION('',(0.,-1.,0.));
#6136=DIRECTION('center_axis',(-1.,0.,-6.40128590774865E-16));
#6137=DIRECTION('ref_axis',(6.40128590774865E-16,0.,-1.));
#6138=DIRECTION('',(6.40128590774865E-16,0.,-1.));
#6139=DIRECTION('',(0.,-1.,0.));
#6140=DIRECTION('center_axis',(0.,1.,0.));
#6141=DIRECTION('ref_axis',(1.,0.,6.40128590774865E-16));
#6142=DIRECTION('center_axis',(0.,1.,0.));
#6143=DIRECTION('ref_axis',(1.,0.,6.40128590774865E-16));
#6144=DIRECTION('',(0.,-1.,0.));
#6145=DIRECTION('center_axis',(6.40128590774865E-16,0.,-1.));
#6146=DIRECTION('ref_axis',(1.,0.,6.40128590774865E-16));
#6147=DIRECTION('',(1.,0.,6.40128590774865E-16));
#6148=DIRECTION('',(0.,-1.,0.));
#6149=DIRECTION('center_axis',(0.,1.,0.));
#6150=DIRECTION('ref_axis',(-6.40128590774865E-16,0.,1.));
#6151=DIRECTION('center_axis',(0.,1.,0.));
#6152=DIRECTION('ref_axis',(-6.40128590774865E-16,0.,1.));
#6153=DIRECTION('center_axis',(0.,1.,0.));
#6154=DIRECTION('ref_axis',(-1.,0.,-6.40128590774865E-16));
#6155=DIRECTION('center_axis',(0.,1.,0.));
#6156=DIRECTION('ref_axis',(-1.,0.,-6.40128590774865E-16));
#6157=DIRECTION('',(0.,-1.,0.));
#6158=DIRECTION('center_axis',(-2.98521506274817E-16,0.,1.));
#6159=DIRECTION('ref_axis',(-1.,0.,-2.98521506274817E-16));
#6160=DIRECTION('',(-1.,0.,-2.98521506274817E-16));
#6161=DIRECTION('',(0.,-1.,0.));
#6162=DIRECTION('center_axis',(0.,1.,0.));
#6163=DIRECTION('ref_axis',(1.,0.,6.40128590774865E-16));
#6164=DIRECTION('center_axis',(0.,-1.,0.));
#6165=DIRECTION('ref_axis',(1.,0.,6.40128590774865E-16));
#6166=DIRECTION('',(0.,-1.,0.));
#6167=DIRECTION('center_axis',(1.,0.,6.40128590774865E-16));
#6168=DIRECTION('ref_axis',(-6.40128590774865E-16,0.,1.));
#6169=DIRECTION('',(-6.40128590774865E-16,0.,1.));
#6170=DIRECTION('center_axis',(0.,-1.,0.));
#6171=DIRECTION('ref_axis',(-1.,0.,-6.40128590774865E-16));
#6172=DIRECTION('center_axis',(6.40128590774865E-16,0.,-1.));
#6173=DIRECTION('ref_axis',(1.,0.,6.40128590774865E-16));
#6174=DIRECTION('',(0.,-1.,0.));
#6175=DIRECTION('center_axis',(0.,1.,0.));
#6176=DIRECTION('ref_axis',(-1.,0.,-6.40128590774865E-16));
#6177=DIRECTION('',(0.,-1.,0.));
#6178=DIRECTION('center_axis',(-1.,0.,-6.40128590774865E-16));
#6179=DIRECTION('ref_axis',(6.40128590774865E-16,0.,-1.));
#6180=DIRECTION('',(0.,-1.,0.));
#6181=DIRECTION('center_axis',(0.,1.,0.));
#6182=DIRECTION('ref_axis',(1.,0.,6.40128590774865E-16));
#6183=DIRECTION('',(0.,-1.,0.));
#6184=DIRECTION('center_axis',(6.40128590774865E-16,0.,-1.));
#6185=DIRECTION('ref_axis',(1.,0.,6.40128590774865E-16));
#6186=DIRECTION('',(0.,-1.,0.));
#6187=DIRECTION('center_axis',(0.,1.,0.));
#6188=DIRECTION('ref_axis',(-6.40128590774865E-16,0.,1.));
#6189=DIRECTION('',(0.,-1.,0.));
#6190=DIRECTION('center_axis',(1.,0.,6.40128590774865E-16));
#6191=DIRECTION('ref_axis',(-6.40128590774865E-16,0.,1.));
#6192=DIRECTION('',(0.,-1.,0.));
#6193=DIRECTION('center_axis',(0.,1.,0.));
#6194=DIRECTION('ref_axis',(-1.,0.,-6.40128590774865E-16));
#6195=DIRECTION('',(0.,0.,1.));
#6196=DIRECTION('',(1.,0.,0.));
#6197=DIRECTION('',(0.,0.,1.));
#6198=DIRECTION('',(1.,0.,0.));
#6199=CARTESIAN_POINT('',(0.,0.,0.));
#6200=CARTESIAN_POINT('',(0.,0.,0.));
#6201=CARTESIAN_POINT('',(0.,0.,0.));
#6202=CARTESIAN_POINT('Origin',(81.7181503341264,-6.2,-5.33488261689442));
#6203=CARTESIAN_POINT('',(81.7181503341264,-6.2,-5.33488261689442));
#6204=CARTESIAN_POINT('',(84.7181503341264,-6.2,-3.60283180932554));
#6205=CARTESIAN_POINT('',(103.390259258963,-6.2,7.17751530476664));
#6206=CARTESIAN_POINT('',(81.7181503341264,-6.,-5.33488261689442));
#6207=CARTESIAN_POINT('',(81.7181503341264,-6.2,-5.33488261689442));
#6208=CARTESIAN_POINT('',(84.7181503341264,-6.,-3.60283180932554));
#6209=CARTESIAN_POINT('',(81.7181503341264,-6.,-5.33488261689442));
#6210=CARTESIAN_POINT('',(84.7181503341264,-6.2,-3.60283180932554));
#6211=CARTESIAN_POINT('Origin',(84.7181503341264,-6.2,-7.06693342446329));
#6212=CARTESIAN_POINT('',(84.7181503341264,-6.2,-7.06693342446329));
#6213=CARTESIAN_POINT('',(110.807428658695,-6.2,-22.1295852881163));
#6214=CARTESIAN_POINT('',(84.7181503341264,-6.,-7.06693342446329));
#6215=CARTESIAN_POINT('',(84.7181503341264,-6.2,-7.06693342446329));
#6216=CARTESIAN_POINT('',(84.7181503341264,-6.,-7.06693342446329));
#6217=CARTESIAN_POINT('Origin',(84.7181503341264,-6.2,-3.60283180932554));
#6218=CARTESIAN_POINT('',(84.7181503341264,-6.2,-11.3014159046628));
#6219=CARTESIAN_POINT('',(84.7181503341264,-6.,-3.60283180932554));
#6220=CARTESIAN_POINT('Origin',(83.2181503341264,-6.,-5.33488261689441));
#6221=CARTESIAN_POINT('Ctrl Pts',(89.5325514455549,-6.2,-9.82801856157652));
#6222=CARTESIAN_POINT('Ctrl Pts',(89.5325514455549,-6.,-9.82801856157652));
#6223=CARTESIAN_POINT('Ctrl Pts',(89.5913783114745,-6.2,-9.82293352378322));
#6224=CARTESIAN_POINT('Ctrl Pts',(89.5913783114745,-6.,-9.82293352378322));
#6225=CARTESIAN_POINT('Ctrl Pts',(89.7066916568998,-6.2,-9.81296575292897));
#6226=CARTESIAN_POINT('Ctrl Pts',(89.7066916568998,-6.,-9.81296575292897));
#6227=CARTESIAN_POINT('Ctrl Pts',(89.7912116168608,-6.2,-9.7341342685647));
#6228=CARTESIAN_POINT('Ctrl Pts',(89.7912116168608,-6.,-9.7341342685647));
#6229=CARTESIAN_POINT('Ctrl Pts',(89.8326138931416,-6.2,-9.69551850375862));
#6230=CARTESIAN_POINT('Ctrl Pts',(89.8326138931416,-6.,-9.69551850375862));
#6231=CARTESIAN_POINT('',(89.5325514455549,-6.2,-9.82801856157652));
#6232=CARTESIAN_POINT('',(89.8326138931416,-6.2,-9.69551850375862));
#6233=CARTESIAN_POINT('Ctrl Pts',(89.5325514455549,-6.2,-9.82801856157652));
#6234=CARTESIAN_POINT('Ctrl Pts',(89.5913783114745,-6.2,-9.82293352378322));
#6235=CARTESIAN_POINT('Ctrl Pts',(89.7066916568998,-6.2,-9.81296575292897));
#6236=CARTESIAN_POINT('Ctrl Pts',(89.7912116168608,-6.2,-9.7341342685647));
#6237=CARTESIAN_POINT('Ctrl Pts',(89.8326138931416,-6.2,-9.69551850375862));
#6238=CARTESIAN_POINT('',(89.5325514455549,-6.,-9.82801856157652));
#6239=CARTESIAN_POINT('',(89.5325514455549,-6.2,-9.82801856157652));
#6240=CARTESIAN_POINT('',(89.8326138931416,-6.,-9.69551850375862));
#6241=CARTESIAN_POINT('Ctrl Pts',(89.5325514455549,-6.,-9.82801856157652));
#6242=CARTESIAN_POINT('Ctrl Pts',(89.5913783114745,-6.,-9.82293352378322));
#6243=CARTESIAN_POINT('Ctrl Pts',(89.7066916568998,-6.,-9.81296575292897));
#6244=CARTESIAN_POINT('Ctrl Pts',(89.7912116168608,-6.,-9.7341342685647));
#6245=CARTESIAN_POINT('Ctrl Pts',(89.8326138931416,-6.,-9.69551850375862));
#6246=CARTESIAN_POINT('',(89.8326138931416,-6.2,-9.69551850375862));
#6247=CARTESIAN_POINT('Ctrl Pts',(89.2241562284705,-6.2,-9.69722163906586));
#6248=CARTESIAN_POINT('Ctrl Pts',(89.2241562284705,-6.,-9.69722163906586));
#6249=CARTESIAN_POINT('Ctrl Pts',(89.2663801741145,-6.2,-9.73538494945196));
#6250=CARTESIAN_POINT('Ctrl Pts',(89.2663801741145,-6.,-9.73538494945196));
#6251=CARTESIAN_POINT('Ctrl Pts',(89.3538226689175,-6.2,-9.81441818566932));
#6252=CARTESIAN_POINT('Ctrl Pts',(89.3538226689175,-6.,-9.81441818566932));
#6253=CARTESIAN_POINT('Ctrl Pts',(89.4716303512295,-6.2,-9.8233827676149));
#6254=CARTESIAN_POINT('Ctrl Pts',(89.4716303512295,-6.,-9.8233827676149));
#6255=CARTESIAN_POINT('Ctrl Pts',(89.5325514455549,-6.2,-9.82801856157652));
#6256=CARTESIAN_POINT('Ctrl Pts',(89.5325514455549,-6.,-9.82801856157652));
#6257=CARTESIAN_POINT('',(89.2241562284705,-6.2,-9.69722163906586));
#6258=CARTESIAN_POINT('Ctrl Pts',(89.2241562284705,-6.2,-9.69722163906586));
#6259=CARTESIAN_POINT('Ctrl Pts',(89.2663801741145,-6.2,-9.73538494945196));
#6260=CARTESIAN_POINT('Ctrl Pts',(89.3538226689175,-6.2,-9.81441818566932));
#6261=CARTESIAN_POINT('Ctrl Pts',(89.4716303512295,-6.2,-9.8233827676149));
#6262=CARTESIAN_POINT('Ctrl Pts',(89.5325514455549,-6.2,-9.82801856157652));
#6263=CARTESIAN_POINT('',(89.2241562284705,-6.,-9.69722163906586));
#6264=CARTESIAN_POINT('',(89.2241562284705,-6.2,-9.69722163906586));
#6265=CARTESIAN_POINT('Ctrl Pts',(89.2241562284705,-6.,-9.69722163906586));
#6266=CARTESIAN_POINT('Ctrl Pts',(89.2663801741145,-6.,-9.73538494945196));
#6267=CARTESIAN_POINT('Ctrl Pts',(89.3538226689175,-6.,-9.81441818566932));
#6268=CARTESIAN_POINT('Ctrl Pts',(89.4716303512295,-6.,-9.8233827676149));
#6269=CARTESIAN_POINT('Ctrl Pts',(89.5325514455549,-6.,-9.82801856157652));
#6270=CARTESIAN_POINT('Ctrl Pts',(89.1093296616903,-6.2,-9.28528020276606));
#6271=CARTESIAN_POINT('Ctrl Pts',(89.1093296616903,-6.,-9.28528020276606));
#6272=CARTESIAN_POINT('Ctrl Pts',(89.1110551147333,-6.2,-9.36907217716785));
#6273=CARTESIAN_POINT('Ctrl Pts',(89.1110551147333,-6.,-9.36907217716785));
#6274=CARTESIAN_POINT('Ctrl Pts',(89.1141036153704,-6.2,-9.51711439041387));
#6275=CARTESIAN_POINT('Ctrl Pts',(89.1141036153704,-6.,-9.51711439041387));
#6276=CARTESIAN_POINT('Ctrl Pts',(89.190848842327,-6.2,-9.64271224115967));
#6277=CARTESIAN_POINT('Ctrl Pts',(89.190848842327,-6.,-9.64271224115967));
#6278=CARTESIAN_POINT('Ctrl Pts',(89.2241562284705,-6.2,-9.69722163906586));
#6279=CARTESIAN_POINT('Ctrl Pts',(89.2241562284705,-6.,-9.69722163906586));
#6280=CARTESIAN_POINT('',(89.1093296616903,-6.2,-9.28528020276606));
#6281=CARTESIAN_POINT('Ctrl Pts',(89.1093296616903,-6.2,-9.28528020276606));
#6282=CARTESIAN_POINT('Ctrl Pts',(89.1110551147333,-6.2,-9.36907217716785));
#6283=CARTESIAN_POINT('Ctrl Pts',(89.1141036153704,-6.2,-9.51711439041387));
#6284=CARTESIAN_POINT('Ctrl Pts',(89.190848842327,-6.2,-9.64271224115967));
#6285=CARTESIAN_POINT('Ctrl Pts',(89.2241562284705,-6.2,-9.69722163906586));
#6286=CARTESIAN_POINT('',(89.1093296616903,-6.,-9.28528020276606));
#6287=CARTESIAN_POINT('',(89.1093296616903,-6.2,-9.28528020276606));
#6288=CARTESIAN_POINT('Ctrl Pts',(89.1093296616903,-6.,-9.28528020276606));
#6289=CARTESIAN_POINT('Ctrl Pts',(89.1110551147333,-6.,-9.36907217716785));
#6290=CARTESIAN_POINT('Ctrl Pts',(89.1141036153704,-6.,-9.51711439041387));
#6291=CARTESIAN_POINT('Ctrl Pts',(89.190848842327,-6.,-9.64271224115967));
#6292=CARTESIAN_POINT('Ctrl Pts',(89.2241562284705,-6.,-9.69722163906586));
#6293=CARTESIAN_POINT('Ctrl Pts',(89.218210781377,-6.2,-8.82000790945171));
#6294=CARTESIAN_POINT('Ctrl Pts',(89.218210781377,-6.,-8.82000790945171));
#6295=CARTESIAN_POINT('Ctrl Pts',(89.1866584589138,-6.2,-8.87924934789137));
#6296=CARTESIAN_POINT('Ctrl Pts',(89.1866584589138,-6.,-8.87924934789137));
#6297=CARTESIAN_POINT('Ctrl Pts',(89.1097943435157,-6.2,-9.02356648226044));
#6298=CARTESIAN_POINT('Ctrl Pts',(89.1097943435157,-6.,-9.02356648226044));
#6299=CARTESIAN_POINT('Ctrl Pts',(89.1095019998127,-6.2,-9.18821754881424));
#6300=CARTESIAN_POINT('Ctrl Pts',(89.1095019998127,-6.,-9.18821754881424));
#6301=CARTESIAN_POINT('Ctrl Pts',(89.1093296616903,-6.2,-9.28528020276606));
#6302=CARTESIAN_POINT('Ctrl Pts',(89.1093296616903,-6.,-9.28528020276606));
#6303=CARTESIAN_POINT('',(89.218210781377,-6.2,-8.82000790945171));
#6304=CARTESIAN_POINT('Ctrl Pts',(89.218210781377,-6.2,-8.82000790945171));
#6305=CARTESIAN_POINT('Ctrl Pts',(89.1866584589138,-6.2,-8.87924934789137));
#6306=CARTESIAN_POINT('Ctrl Pts',(89.1097943435157,-6.2,-9.02356648226044));
#6307=CARTESIAN_POINT('Ctrl Pts',(89.1095019998127,-6.2,-9.18821754881424));
#6308=CARTESIAN_POINT('Ctrl Pts',(89.1093296616903,-6.2,-9.28528020276606));
#6309=CARTESIAN_POINT('',(89.218210781377,-6.,-8.82000790945171));
#6310=CARTESIAN_POINT('',(89.218210781377,-6.2,-8.82000790945171));
#6311=CARTESIAN_POINT('Ctrl Pts',(89.218210781377,-6.,-8.82000790945171));
#6312=CARTESIAN_POINT('Ctrl Pts',(89.1866584589138,-6.,-8.87924934789137));
#6313=CARTESIAN_POINT('Ctrl Pts',(89.1097943435157,-6.,-9.02356648226044));
#6314=CARTESIAN_POINT('Ctrl Pts',(89.1095019998127,-6.,-9.18821754881424));
#6315=CARTESIAN_POINT('Ctrl Pts',(89.1093296616903,-6.,-9.28528020276606));
#6316=CARTESIAN_POINT('Ctrl Pts',(89.5264602534664,-6.2,-8.69023184320297));
#6317=CARTESIAN_POINT('Ctrl Pts',(89.5264602534664,-6.,-8.69023184320297));
#6318=CARTESIAN_POINT('Ctrl Pts',(89.464766509671,-6.2,-8.69458783719107));
#6319=CARTESIAN_POINT('Ctrl Pts',(89.464766509671,-6.,-8.69458783719107));
#6320=CARTESIAN_POINT('Ctrl Pts',(89.3468645201395,-6.2,-8.70291251204443));
#6321=CARTESIAN_POINT('Ctrl Pts',(89.3468645201395,-6.,-8.70291251204443));
#6322=CARTESIAN_POINT('Ctrl Pts',(89.2597442440831,-6.2,-8.78220584191723));
#6323=CARTESIAN_POINT('Ctrl Pts',(89.2597442440831,-6.,-8.78220584191723));
#6324=CARTESIAN_POINT('Ctrl Pts',(89.218210781377,-6.2,-8.82000790945171));
#6325=CARTESIAN_POINT('Ctrl Pts',(89.218210781377,-6.,-8.82000790945171));
#6326=CARTESIAN_POINT('',(89.5264602534664,-6.2,-8.69023184320297));
#6327=CARTESIAN_POINT('Ctrl Pts',(89.5264602534664,-6.2,-8.69023184320297));
#6328=CARTESIAN_POINT('Ctrl Pts',(89.464766509671,-6.2,-8.69458783719107));
#6329=CARTESIAN_POINT('Ctrl Pts',(89.3468645201395,-6.2,-8.70291251204443));
#6330=CARTESIAN_POINT('Ctrl Pts',(89.2597442440831,-6.2,-8.78220584191723));
#6331=CARTESIAN_POINT('Ctrl Pts',(89.218210781377,-6.2,-8.82000790945171));
#6332=CARTESIAN_POINT('',(89.5264602534664,-6.,-8.69023184320297));
#6333=CARTESIAN_POINT('',(89.5264602534664,-6.2,-8.69023184320297));
#6334=CARTESIAN_POINT('Ctrl Pts',(89.5264602534664,-6.,-8.69023184320297));
#6335=CARTESIAN_POINT('Ctrl Pts',(89.464766509671,-6.,-8.69458783719107));
#6336=CARTESIAN_POINT('Ctrl Pts',(89.3468645201395,-6.,-8.70291251204443));
#6337=CARTESIAN_POINT('Ctrl Pts',(89.2597442440831,-6.,-8.78220584191723));
#6338=CARTESIAN_POINT('Ctrl Pts',(89.218210781377,-6.,-8.82000790945171));
#6339=CARTESIAN_POINT('Ctrl Pts',(89.8334918802718,-6.2,-8.82239357779199));
#6340=CARTESIAN_POINT('Ctrl Pts',(89.8334918802718,-6.,-8.82239357779199));
#6341=CARTESIAN_POINT('Ctrl Pts',(89.7914369906485,-6.2,-8.78382999482015));
#6342=CARTESIAN_POINT('Ctrl Pts',(89.7914369906485,-6.,-8.78382999482015));
#6343=CARTESIAN_POINT('Ctrl Pts',(89.7046734822633,-6.2,-8.70426940663384));
#6344=CARTESIAN_POINT('Ctrl Pts',(89.7046734822633,-6.,-8.70426940663384));
#6345=CARTESIAN_POINT('Ctrl Pts',(89.5870637249208,-6.2,-8.69500547914692));
#6346=CARTESIAN_POINT('Ctrl Pts',(89.5870637249208,-6.,-8.69500547914692));
#6347=CARTESIAN_POINT('Ctrl Pts',(89.5264602534664,-6.2,-8.69023184320297));
#6348=CARTESIAN_POINT('Ctrl Pts',(89.5264602534664,-6.,-8.69023184320297));
#6349=CARTESIAN_POINT('',(89.8334918802718,-6.2,-8.82239357779199));
#6350=CARTESIAN_POINT('Ctrl Pts',(89.8334918802718,-6.2,-8.82239357779199));
#6351=CARTESIAN_POINT('Ctrl Pts',(89.7914369906485,-6.2,-8.78382999482015));
#6352=CARTESIAN_POINT('Ctrl Pts',(89.7046734822633,-6.2,-8.70426940663384));
#6353=CARTESIAN_POINT('Ctrl Pts',(89.5870637249208,-6.2,-8.69500547914692));
#6354=CARTESIAN_POINT('Ctrl Pts',(89.5264602534664,-6.2,-8.69023184320297));
#6355=CARTESIAN_POINT('',(89.8334918802718,-6.,-8.82239357779199));
#6356=CARTESIAN_POINT('',(89.8334918802718,-6.2,-8.82239357779199));
#6357=CARTESIAN_POINT('Ctrl Pts',(89.8334918802718,-6.,-8.82239357779199));
#6358=CARTESIAN_POINT('Ctrl Pts',(89.7914369906485,-6.,-8.78382999482015));
#6359=CARTESIAN_POINT('Ctrl Pts',(89.7046734822633,-6.,-8.70426940663384));
#6360=CARTESIAN_POINT('Ctrl Pts',(89.5870637249208,-6.,-8.69500547914692));
#6361=CARTESIAN_POINT('Ctrl Pts',(89.5264602534664,-6.,-8.69023184320297));
#6362=CARTESIAN_POINT('Ctrl Pts',(89.9456032620398,-6.2,-9.25752914446706));
#6363=CARTESIAN_POINT('Ctrl Pts',(89.9456032620398,-6.,-9.25752914446706));
#6364=CARTESIAN_POINT('Ctrl Pts',(89.9443859374917,-6.2,-9.16846645928992));
#6365=CARTESIAN_POINT('Ctrl Pts',(89.9443859374917,-6.,-9.16846645928992));
#6366=CARTESIAN_POINT('Ctrl Pts',(89.9422661086892,-6.2,-9.01337417467922));
#6367=CARTESIAN_POINT('Ctrl Pts',(89.9422661086892,-6.,-9.01337417467922));
#6368=CARTESIAN_POINT('Ctrl Pts',(89.8659731462584,-6.2,-8.87942263381035));
#6369=CARTESIAN_POINT('Ctrl Pts',(89.8659731462584,-6.,-8.87942263381035));
#6370=CARTESIAN_POINT('Ctrl Pts',(89.8334918802718,-6.2,-8.82239357779199));
#6371=CARTESIAN_POINT('Ctrl Pts',(89.8334918802718,-6.,-8.82239357779199));
#6372=CARTESIAN_POINT('',(89.9456032620398,-6.2,-9.25752914446706));
#6373=CARTESIAN_POINT('Ctrl Pts',(89.9456032620398,-6.2,-9.25752914446706));
#6374=CARTESIAN_POINT('Ctrl Pts',(89.9443859374917,-6.2,-9.16846645928992));
#6375=CARTESIAN_POINT('Ctrl Pts',(89.9422661086892,-6.2,-9.01337417467922));
#6376=CARTESIAN_POINT('Ctrl Pts',(89.8659731462584,-6.2,-8.87942263381035));
#6377=CARTESIAN_POINT('Ctrl Pts',(89.8334918802718,-6.2,-8.82239357779199));
#6378=CARTESIAN_POINT('',(89.9456032620398,-6.,-9.25752914446706));
#6379=CARTESIAN_POINT('',(89.9456032620398,-6.2,-9.25752914446706));
#6380=CARTESIAN_POINT('Ctrl Pts',(89.9456032620398,-6.,-9.25752914446706));
#6381=CARTESIAN_POINT('Ctrl Pts',(89.9443859374917,-6.,-9.16846645928992));
#6382=CARTESIAN_POINT('Ctrl Pts',(89.9422661086892,-6.,-9.01337417467922));
#6383=CARTESIAN_POINT('Ctrl Pts',(89.8659731462584,-6.,-8.87942263381035));
#6384=CARTESIAN_POINT('Ctrl Pts',(89.8334918802718,-6.,-8.82239357779199));
#6385=CARTESIAN_POINT('Ctrl Pts',(89.8326138931416,-6.2,-9.69551850375862));
#6386=CARTESIAN_POINT('Ctrl Pts',(89.8326138931416,-6.,-9.69551850375862));
#6387=CARTESIAN_POINT('Ctrl Pts',(89.8654243046601,-6.2,-9.63824944697783));
#6388=CARTESIAN_POINT('Ctrl Pts',(89.8654243046601,-6.,-9.63824944697783));
#6389=CARTESIAN_POINT('Ctrl Pts',(89.942598587436,-6.2,-9.50354530345205));
#6390=CARTESIAN_POINT('Ctrl Pts',(89.942598587436,-6.,-9.50354530345205));
#6391=CARTESIAN_POINT('Ctrl Pts',(89.9445064953631,-6.2,-9.34732999170948));
#6392=CARTESIAN_POINT('Ctrl Pts',(89.9445064953631,-6.,-9.34732999170948));
#6393=CARTESIAN_POINT('Ctrl Pts',(89.9456032620398,-6.2,-9.25752914446706));
#6394=CARTESIAN_POINT('Ctrl Pts',(89.9456032620398,-6.,-9.25752914446706));
#6395=CARTESIAN_POINT('Ctrl Pts',(89.8326138931416,-6.2,-9.69551850375862));
#6396=CARTESIAN_POINT('Ctrl Pts',(89.8654243046601,-6.2,-9.63824944697783));
#6397=CARTESIAN_POINT('Ctrl Pts',(89.942598587436,-6.2,-9.50354530345205));
#6398=CARTESIAN_POINT('Ctrl Pts',(89.9445064953631,-6.2,-9.34732999170948));
#6399=CARTESIAN_POINT('Ctrl Pts',(89.9456032620398,-6.2,-9.25752914446706));
#6400=CARTESIAN_POINT('Ctrl Pts',(89.8326138931416,-6.,-9.69551850375862));
#6401=CARTESIAN_POINT('Ctrl Pts',(89.8654243046601,-6.,-9.63824944697783));
#6402=CARTESIAN_POINT('Ctrl Pts',(89.942598587436,-6.,-9.50354530345205));
#6403=CARTESIAN_POINT('Ctrl Pts',(89.9445064953631,-6.,-9.34732999170948));
#6404=CARTESIAN_POINT('Ctrl Pts',(89.9456032620398,-6.,-9.25752914446706));
#6405=CARTESIAN_POINT('Ctrl Pts',(90.0665083561555,-6.2,-8.33522431606889));
#6406=CARTESIAN_POINT('Ctrl Pts',(90.0665083561555,-6.,-8.33522431606889));
#6407=CARTESIAN_POINT('Ctrl Pts',(90.1372931036314,-6.2,-8.37730081379081));
#6408=CARTESIAN_POINT('Ctrl Pts',(90.1372931036314,-6.,-8.37730081379081));
#6409=CARTESIAN_POINT('Ctrl Pts',(90.2826175393178,-6.2,-8.46368585442651));
#6410=CARTESIAN_POINT('Ctrl Pts',(90.2826175393178,-6.,-8.46368585442651));
#6411=CARTESIAN_POINT('Ctrl Pts',(90.3770575780702,-6.2,-8.60407840467698));
#6412=CARTESIAN_POINT('Ctrl Pts',(90.3770575780702,-6.,-8.60407840467698));
#6413=CARTESIAN_POINT('Ctrl Pts',(90.4254976838923,-6.2,-8.67608843432763));
#6414=CARTESIAN_POINT('Ctrl Pts',(90.4254976838923,-6.,-8.67608843432763));
#6415=CARTESIAN_POINT('',(90.0665083561555,-6.2,-8.33522431606889));
#6416=CARTESIAN_POINT('',(90.4254976838923,-6.2,-8.67608843432763));
#6417=CARTESIAN_POINT('Ctrl Pts',(90.0665083561555,-6.2,-8.33522431606889));
#6418=CARTESIAN_POINT('Ctrl Pts',(90.1372931036314,-6.2,-8.37730081379081));
#6419=CARTESIAN_POINT('Ctrl Pts',(90.2826175393178,-6.2,-8.46368585442651));
#6420=CARTESIAN_POINT('Ctrl Pts',(90.3770575780702,-6.2,-8.60407840467698));
#6421=CARTESIAN_POINT('Ctrl Pts',(90.4254976838923,-6.2,-8.67608843432763));
#6422=CARTESIAN_POINT('',(90.0665083561555,-6.,-8.33522431606889));
#6423=CARTESIAN_POINT('',(90.0665083561555,-6.2,-8.33522431606889));
#6424=CARTESIAN_POINT('',(90.4254976838923,-6.,-8.67608843432763));
#6425=CARTESIAN_POINT('Ctrl Pts',(90.0665083561555,-6.,-8.33522431606889));
#6426=CARTESIAN_POINT('Ctrl Pts',(90.1372931036314,-6.,-8.37730081379081));
#6427=CARTESIAN_POINT('Ctrl Pts',(90.2826175393178,-6.,-8.46368585442651));
#6428=CARTESIAN_POINT('Ctrl Pts',(90.3770575780702,-6.,-8.60407840467698));
#6429=CARTESIAN_POINT('Ctrl Pts',(90.4254976838923,-6.,-8.67608843432763));
#6430=CARTESIAN_POINT('',(90.4254976838923,-6.2,-8.67608843432763));
#6431=CARTESIAN_POINT('Ctrl Pts',(89.505739169696,-6.2,-8.22776044424825));
#6432=CARTESIAN_POINT('Ctrl Pts',(89.505739169696,-6.,-8.22776044424825));
#6433=CARTESIAN_POINT('Ctrl Pts',(89.6100931526448,-6.2,-8.23054816736396));
#6434=CARTESIAN_POINT('Ctrl Pts',(89.6100931526448,-6.,-8.23054816736396));
#6435=CARTESIAN_POINT('Ctrl Pts',(89.8031824182011,-6.2,-8.23570637401573));
#6436=CARTESIAN_POINT('Ctrl Pts',(89.8031824182011,-6.,-8.23570637401573));
#6437=CARTESIAN_POINT('Ctrl Pts',(89.9835975463112,-6.2,-8.30389009493684));
#6438=CARTESIAN_POINT('Ctrl Pts',(89.9835975463112,-6.,-8.30389009493684));
#6439=CARTESIAN_POINT('Ctrl Pts',(90.0665083561555,-6.2,-8.33522431606889));
#6440=CARTESIAN_POINT('Ctrl Pts',(90.0665083561555,-6.,-8.33522431606889));
#6441=CARTESIAN_POINT('',(89.505739169696,-6.2,-8.22776044424825));
#6442=CARTESIAN_POINT('Ctrl Pts',(89.505739169696,-6.2,-8.22776044424825));
#6443=CARTESIAN_POINT('Ctrl Pts',(89.6100931526448,-6.2,-8.23054816736396));
#6444=CARTESIAN_POINT('Ctrl Pts',(89.8031824182011,-6.2,-8.23570637401573));
#6445=CARTESIAN_POINT('Ctrl Pts',(89.9835975463112,-6.2,-8.30389009493684));
#6446=CARTESIAN_POINT('Ctrl Pts',(90.0665083561555,-6.2,-8.33522431606889));
#6447=CARTESIAN_POINT('',(89.505739169696,-6.,-8.22776044424825));
#6448=CARTESIAN_POINT('',(89.505739169696,-6.2,-8.22776044424825));
#6449=CARTESIAN_POINT('Ctrl Pts',(89.505739169696,-6.,-8.22776044424825));
#6450=CARTESIAN_POINT('Ctrl Pts',(89.6100931526448,-6.,-8.23054816736396));
#6451=CARTESIAN_POINT('Ctrl Pts',(89.8031824182011,-6.,-8.23570637401573));
#6452=CARTESIAN_POINT('Ctrl Pts',(89.9835975463112,-6.,-8.30389009493684));
#6453=CARTESIAN_POINT('Ctrl Pts',(90.0665083561555,-6.,-8.33522431606889));
#6454=CARTESIAN_POINT('Ctrl Pts',(88.9505559776837,-6.2,-8.35221695776101));
#6455=CARTESIAN_POINT('Ctrl Pts',(88.9505559776837,-6.,-8.35221695776101));
#6456=CARTESIAN_POINT('Ctrl Pts',(89.0326747343758,-6.2,-8.31600870776224));
#6457=CARTESIAN_POINT('Ctrl Pts',(89.0326747343758,-6.,-8.31600870776224));
#6458=CARTESIAN_POINT('Ctrl Pts',(89.2092405353306,-6.2,-8.23815635198225));
#6459=CARTESIAN_POINT('Ctrl Pts',(89.2092405353306,-6.,-8.23815635198225));
#6460=CARTESIAN_POINT('Ctrl Pts',(89.4024104155874,-6.2,-8.23138338233119));
#6461=CARTESIAN_POINT('Ctrl Pts',(89.4024104155874,-6.,-8.23138338233119));
#6462=CARTESIAN_POINT('Ctrl Pts',(89.505739169696,-6.2,-8.22776044424825));
#6463=CARTESIAN_POINT('Ctrl Pts',(89.505739169696,-6.,-8.22776044424825));
#6464=CARTESIAN_POINT('',(88.9505559776837,-6.2,-8.35221695776101));
#6465=CARTESIAN_POINT('Ctrl Pts',(88.9505559776837,-6.2,-8.35221695776101));
#6466=CARTESIAN_POINT('Ctrl Pts',(89.0326747343758,-6.2,-8.31600870776224));
#6467=CARTESIAN_POINT('Ctrl Pts',(89.2092405353306,-6.2,-8.23815635198225));
#6468=CARTESIAN_POINT('Ctrl Pts',(89.4024104155874,-6.2,-8.23138338233119));
#6469=CARTESIAN_POINT('Ctrl Pts',(89.505739169696,-6.2,-8.22776044424825));
#6470=CARTESIAN_POINT('',(88.9505559776837,-6.,-8.35221695776101));
#6471=CARTESIAN_POINT('',(88.9505559776837,-6.2,-8.35221695776101));
#6472=CARTESIAN_POINT('Ctrl Pts',(88.9505559776837,-6.,-8.35221695776101));
#6473=CARTESIAN_POINT('Ctrl Pts',(89.0326747343758,-6.,-8.31600870776224));
#6474=CARTESIAN_POINT('Ctrl Pts',(89.2092405353306,-6.,-8.23815635198225));
#6475=CARTESIAN_POINT('Ctrl Pts',(89.4024104155874,-6.,-8.23138338233119));
#6476=CARTESIAN_POINT('Ctrl Pts',(89.505739169696,-6.,-8.22776044424825));
#6477=CARTESIAN_POINT('Ctrl Pts',(88.6096862419398,-6.2,-8.70165672898274));
#6478=CARTESIAN_POINT('Ctrl Pts',(88.6096862419398,-6.,-8.70165672898274));
#6479=CARTESIAN_POINT('Ctrl Pts',(88.6533405622018,-6.2,-8.63106128822773));
#6480=CARTESIAN_POINT('Ctrl Pts',(88.6533405622018,-6.,-8.63106128822773));
#6481=CARTESIAN_POINT('Ctrl Pts',(88.7410070036616,-6.2,-8.48929179010878));
#6482=CARTESIAN_POINT('Ctrl Pts',(88.7410070036616,-6.,-8.48929179010878));
#6483=CARTESIAN_POINT('Ctrl Pts',(88.8805165220928,-6.2,-8.39803272315738));
#6484=CARTESIAN_POINT('Ctrl Pts',(88.8805165220928,-6.,-8.39803272315738));
#6485=CARTESIAN_POINT('Ctrl Pts',(88.9505559776837,-6.2,-8.35221695776101));
#6486=CARTESIAN_POINT('Ctrl Pts',(88.9505559776837,-6.,-8.35221695776101));
#6487=CARTESIAN_POINT('',(88.6096862419398,-6.2,-8.70165672898274));
#6488=CARTESIAN_POINT('Ctrl Pts',(88.6096862419398,-6.2,-8.70165672898274));
#6489=CARTESIAN_POINT('Ctrl Pts',(88.6533405622018,-6.2,-8.63106128822773));
#6490=CARTESIAN_POINT('Ctrl Pts',(88.7410070036616,-6.2,-8.48929179010878));
#6491=CARTESIAN_POINT('Ctrl Pts',(88.8805165220928,-6.2,-8.39803272315738));
#6492=CARTESIAN_POINT('Ctrl Pts',(88.9505559776837,-6.2,-8.35221695776101));
#6493=CARTESIAN_POINT('',(88.6096862419398,-6.,-8.70165672898274));
#6494=CARTESIAN_POINT('',(88.6096862419398,-6.2,-8.70165672898274));
#6495=CARTESIAN_POINT('Ctrl Pts',(88.6096862419398,-6.,-8.70165672898274));
#6496=CARTESIAN_POINT('Ctrl Pts',(88.6533405622018,-6.,-8.63106128822773));
#6497=CARTESIAN_POINT('Ctrl Pts',(88.7410070036616,-6.,-8.48929179010878));
#6498=CARTESIAN_POINT('Ctrl Pts',(88.8805165220928,-6.,-8.39803272315738));
#6499=CARTESIAN_POINT('Ctrl Pts',(88.9505559776837,-6.,-8.35221695776101));
#6500=CARTESIAN_POINT('Ctrl Pts',(88.4913168227699,-6.2,-9.27743895200859));
#6501=CARTESIAN_POINT('Ctrl Pts',(88.4913168227699,-6.,-9.27743895200859));
#6502=CARTESIAN_POINT('Ctrl Pts',(88.4943381673618,-6.2,-9.16954978043765));
#6503=CARTESIAN_POINT('Ctrl Pts',(88.4943381673618,-6.,-9.16954978043765));
#6504=CARTESIAN_POINT('Ctrl Pts',(88.4999179327793,-6.2,-8.97030197862538));
#6505=CARTESIAN_POINT('Ctrl Pts',(88.4999179327793,-6.,-8.97030197862538));
#6506=CARTESIAN_POINT('Ctrl Pts',(88.5751781193977,-6.2,-8.78611137045353));
#6507=CARTESIAN_POINT('Ctrl Pts',(88.5751781193977,-6.,-8.78611137045353));
#6508=CARTESIAN_POINT('Ctrl Pts',(88.6096862419398,-6.2,-8.70165672898274));
#6509=CARTESIAN_POINT('Ctrl Pts',(88.6096862419398,-6.,-8.70165672898274));
#6510=CARTESIAN_POINT('',(88.4913168227699,-6.2,-9.27743895200859));
#6511=CARTESIAN_POINT('Ctrl Pts',(88.4913168227699,-6.2,-9.27743895200859));
#6512=CARTESIAN_POINT('Ctrl Pts',(88.4943381673618,-6.2,-9.16954978043765));
#6513=CARTESIAN_POINT('Ctrl Pts',(88.4999179327793,-6.2,-8.97030197862538));
#6514=CARTESIAN_POINT('Ctrl Pts',(88.5751781193977,-6.2,-8.78611137045353));
#6515=CARTESIAN_POINT('Ctrl Pts',(88.6096862419398,-6.2,-8.70165672898274));
#6516=CARTESIAN_POINT('',(88.4913168227699,-6.,-9.27743895200859));
#6517=CARTESIAN_POINT('',(88.4913168227699,-6.2,-9.27743895200859));
#6518=CARTESIAN_POINT('Ctrl Pts',(88.4913168227699,-6.,-9.27743895200859));
#6519=CARTESIAN_POINT('Ctrl Pts',(88.4943381673618,-6.,-9.16954978043765));
#6520=CARTESIAN_POINT('Ctrl Pts',(88.4999179327793,-6.,-8.97030197862538));
#6521=CARTESIAN_POINT('Ctrl Pts',(88.5751781193977,-6.,-8.78611137045353));
#6522=CARTESIAN_POINT('Ctrl Pts',(88.6096862419398,-6.,-8.70165672898274));
#6523=CARTESIAN_POINT('Ctrl Pts',(88.7618576346219,-6.2,-10.0276293353904));
#6524=CARTESIAN_POINT('Ctrl Pts',(88.7618576346219,-6.,-10.0276293353904));
#6525=CARTESIAN_POINT('Ctrl Pts',(88.6831091520011,-6.2,-9.92477166038909));
#6526=CARTESIAN_POINT('Ctrl Pts',(88.6831091520011,-6.,-9.92477166038909));
#6527=CARTESIAN_POINT('Ctrl Pts',(88.5143092459251,-6.2,-9.70429292477952));
#6528=CARTESIAN_POINT('Ctrl Pts',(88.5143092459251,-6.,-9.70429292477952));
#6529=CARTESIAN_POINT('Ctrl Pts',(88.4993156243892,-6.2,-9.42593657775046));
#6530=CARTESIAN_POINT('Ctrl Pts',(88.4993156243892,-6.,-9.42593657775046));
#6531=CARTESIAN_POINT('Ctrl Pts',(88.4913168227699,-6.2,-9.27743895200859));
#6532=CARTESIAN_POINT('Ctrl Pts',(88.4913168227699,-6.,-9.27743895200859));
#6533=CARTESIAN_POINT('',(88.7618576346219,-6.2,-10.0276293353904));
#6534=CARTESIAN_POINT('Ctrl Pts',(88.7618576346219,-6.2,-10.0276293353904));
#6535=CARTESIAN_POINT('Ctrl Pts',(88.6831091520011,-6.2,-9.92477166038909));
#6536=CARTESIAN_POINT('Ctrl Pts',(88.5143092459251,-6.2,-9.70429292477952));
#6537=CARTESIAN_POINT('Ctrl Pts',(88.4993156243892,-6.2,-9.42593657775046));
#6538=CARTESIAN_POINT('Ctrl Pts',(88.4913168227699,-6.2,-9.27743895200859));
#6539=CARTESIAN_POINT('',(88.7618576346219,-6.,-10.0276293353904));
#6540=CARTESIAN_POINT('',(88.7618576346219,-6.2,-10.0276293353904));
#6541=CARTESIAN_POINT('Ctrl Pts',(88.7618576346219,-6.,-10.0276293353904));
#6542=CARTESIAN_POINT('Ctrl Pts',(88.6831091520011,-6.,-9.92477166038909));
#6543=CARTESIAN_POINT('Ctrl Pts',(88.5143092459251,-6.,-9.70429292477952));
#6544=CARTESIAN_POINT('Ctrl Pts',(88.4993156243892,-6.,-9.42593657775046));
#6545=CARTESIAN_POINT('Ctrl Pts',(88.4913168227699,-6.,-9.27743895200859));
#6546=CARTESIAN_POINT('Ctrl Pts',(89.5314477555598,-6.2,-10.2959592218496));
#6547=CARTESIAN_POINT('Ctrl Pts',(89.5314477555598,-6.,-10.2959592218496));
#6548=CARTESIAN_POINT('Ctrl Pts',(89.3786122588159,-6.2,-10.2886299804507));
#6549=CARTESIAN_POINT('Ctrl Pts',(89.3786122588159,-6.,-10.2886299804507));
#6550=CARTESIAN_POINT('Ctrl Pts',(89.0943416923023,-6.2,-10.2749977572503));
#6551=CARTESIAN_POINT('Ctrl Pts',(89.0943416923023,-6.,-10.2749977572503));
#6552=CARTESIAN_POINT('Ctrl Pts',(88.866980253861,-6.2,-10.1058406535642));
#6553=CARTESIAN_POINT('Ctrl Pts',(88.866980253861,-6.,-10.1058406535642));
#6554=CARTESIAN_POINT('Ctrl Pts',(88.7618576346219,-6.2,-10.0276293353904));
#6555=CARTESIAN_POINT('Ctrl Pts',(88.7618576346219,-6.,-10.0276293353904));
#6556=CARTESIAN_POINT('',(89.5314477555598,-6.2,-10.2959592218496));
#6557=CARTESIAN_POINT('Ctrl Pts',(89.5314477555598,-6.2,-10.2959592218496));
#6558=CARTESIAN_POINT('Ctrl Pts',(89.3786122588159,-6.2,-10.2886299804507));
#6559=CARTESIAN_POINT('Ctrl Pts',(89.0943416923023,-6.2,-10.2749977572503));
#6560=CARTESIAN_POINT('Ctrl Pts',(88.866980253861,-6.2,-10.1058406535642));
#6561=CARTESIAN_POINT('Ctrl Pts',(88.7618576346219,-6.2,-10.0276293353904));
#6562=CARTESIAN_POINT('',(89.5314477555598,-6.,-10.2959592218496));
#6563=CARTESIAN_POINT('',(89.5314477555598,-6.2,-10.2959592218496));
#6564=CARTESIAN_POINT('Ctrl Pts',(89.5314477555598,-6.,-10.2959592218496));
#6565=CARTESIAN_POINT('Ctrl Pts',(89.3786122588159,-6.,-10.2886299804507));
#6566=CARTESIAN_POINT('Ctrl Pts',(89.0943416923023,-6.,-10.2749977572503));
#6567=CARTESIAN_POINT('Ctrl Pts',(88.866980253861,-6.,-10.1058406535642));
#6568=CARTESIAN_POINT('Ctrl Pts',(88.7618576346219,-6.,-10.0276293353904));
#6569=CARTESIAN_POINT('Ctrl Pts',(90.2911863248117,-6.2,-10.0226846882612));
#6570=CARTESIAN_POINT('Ctrl Pts',(90.2911863248117,-6.,-10.0226846882612));
#6571=CARTESIAN_POINT('Ctrl Pts',(90.1866513589937,-6.2,-10.1022342563429));
#6572=CARTESIAN_POINT('Ctrl Pts',(90.1866513589937,-6.,-10.1022342563429));
#6573=CARTESIAN_POINT('Ctrl Pts',(89.9630417337282,-6.2,-10.2723978850347));
#6574=CARTESIAN_POINT('Ctrl Pts',(89.9630417337282,-6.,-10.2723978850347));
#6575=CARTESIAN_POINT('Ctrl Pts',(89.6814164242806,-6.2,-10.2877722162514));
#6576=CARTESIAN_POINT('Ctrl Pts',(89.6814164242806,-6.,-10.2877722162514));
#6577=CARTESIAN_POINT('Ctrl Pts',(89.5314477555598,-6.2,-10.2959592218496));
#6578=CARTESIAN_POINT('Ctrl Pts',(89.5314477555598,-6.,-10.2959592218496));
#6579=CARTESIAN_POINT('',(90.2911863248117,-6.2,-10.0226846882612));
#6580=CARTESIAN_POINT('Ctrl Pts',(90.2911863248117,-6.2,-10.0226846882612));
#6581=CARTESIAN_POINT('Ctrl Pts',(90.1866513589937,-6.2,-10.1022342563429));
#6582=CARTESIAN_POINT('Ctrl Pts',(89.9630417337282,-6.2,-10.2723978850347));
#6583=CARTESIAN_POINT('Ctrl Pts',(89.6814164242806,-6.2,-10.2877722162514));
#6584=CARTESIAN_POINT('Ctrl Pts',(89.5314477555598,-6.2,-10.2959592218496));
#6585=CARTESIAN_POINT('',(90.2911863248117,-6.,-10.0226846882612));
#6586=CARTESIAN_POINT('',(90.2911863248117,-6.2,-10.0226846882612));
#6587=CARTESIAN_POINT('Ctrl Pts',(90.2911863248117,-6.,-10.0226846882612));
#6588=CARTESIAN_POINT('Ctrl Pts',(90.1866513589937,-6.,-10.1022342563429));
#6589=CARTESIAN_POINT('Ctrl Pts',(89.9630417337282,-6.,-10.2723978850347));
#6590=CARTESIAN_POINT('Ctrl Pts',(89.6814164242806,-6.,-10.2877722162514));
#6591=CARTESIAN_POINT('Ctrl Pts',(89.5314477555598,-6.,-10.2959592218496));
#6592=CARTESIAN_POINT('Ctrl Pts',(90.5636127632089,-6.2,-9.25991344199636));
#6593=CARTESIAN_POINT('Ctrl Pts',(90.5636127632089,-6.,-9.25991344199636));
#6594=CARTESIAN_POINT('Ctrl Pts',(90.5556785710628,-6.2,-9.41059118502272));
#6595=CARTESIAN_POINT('Ctrl Pts',(90.5556785710628,-6.,-9.41059118502272));
#6596=CARTESIAN_POINT('Ctrl Pts',(90.5408005279811,-6.2,-9.69313916355801));
#6597=CARTESIAN_POINT('Ctrl Pts',(90.5408005279811,-6.,-9.69313916355801));
#6598=CARTESIAN_POINT('Ctrl Pts',(90.3706149856254,-6.2,-9.91782142578676));
#6599=CARTESIAN_POINT('Ctrl Pts',(90.3706149856254,-6.,-9.91782142578676));
#6600=CARTESIAN_POINT('Ctrl Pts',(90.2911863248117,-6.2,-10.0226846882612));
#6601=CARTESIAN_POINT('Ctrl Pts',(90.2911863248117,-6.,-10.0226846882612));
#6602=CARTESIAN_POINT('',(90.5636127632089,-6.2,-9.25991344199636));
#6603=CARTESIAN_POINT('Ctrl Pts',(90.5636127632089,-6.2,-9.25991344199636));
#6604=CARTESIAN_POINT('Ctrl Pts',(90.5556785710628,-6.2,-9.41059118502272));
#6605=CARTESIAN_POINT('Ctrl Pts',(90.5408005279811,-6.2,-9.69313916355801));
#6606=CARTESIAN_POINT('Ctrl Pts',(90.3706149856254,-6.2,-9.91782142578676));
#6607=CARTESIAN_POINT('Ctrl Pts',(90.2911863248117,-6.2,-10.0226846882612));
#6608=CARTESIAN_POINT('',(90.5636127632089,-6.,-9.25991344199636));
#6609=CARTESIAN_POINT('',(90.5636127632089,-6.2,-9.25991344199636));
#6610=CARTESIAN_POINT('Ctrl Pts',(90.5636127632089,-6.,-9.25991344199636));
#6611=CARTESIAN_POINT('Ctrl Pts',(90.5556785710628,-6.,-9.41059118502272));
#6612=CARTESIAN_POINT('Ctrl Pts',(90.5408005279811,-6.,-9.69313916355801));
#6613=CARTESIAN_POINT('Ctrl Pts',(90.3706149856254,-6.,-9.91782142578676));
#6614=CARTESIAN_POINT('Ctrl Pts',(90.2911863248117,-6.,-10.0226846882612));
#6615=CARTESIAN_POINT('Ctrl Pts',(90.4254976838923,-6.2,-8.67608843432763));
#6616=CARTESIAN_POINT('Ctrl Pts',(90.4254976838923,-6.,-8.67608843432763));
#6617=CARTESIAN_POINT('Ctrl Pts',(90.4656853303684,-6.2,-8.7622076989281));
#6618=CARTESIAN_POINT('Ctrl Pts',(90.4656853303684,-6.,-8.7622076989281));
#6619=CARTESIAN_POINT('Ctrl Pts',(90.5518851612982,-6.2,-8.94692779824459));
#6620=CARTESIAN_POINT('Ctrl Pts',(90.5518851612982,-6.,-8.94692779824459));
#6621=CARTESIAN_POINT('Ctrl Pts',(90.5595313445818,-6.2,-9.15098874910899));
#6622=CARTESIAN_POINT('Ctrl Pts',(90.5595313445818,-6.,-9.15098874910899));
#6623=CARTESIAN_POINT('Ctrl Pts',(90.5636127632089,-6.2,-9.25991344199636));
#6624=CARTESIAN_POINT('Ctrl Pts',(90.5636127632089,-6.,-9.25991344199636));
#6625=CARTESIAN_POINT('Ctrl Pts',(90.4254976838923,-6.2,-8.67608843432763));
#6626=CARTESIAN_POINT('Ctrl Pts',(90.4656853303684,-6.2,-8.7622076989281));
#6627=CARTESIAN_POINT('Ctrl Pts',(90.5518851612982,-6.2,-8.94692779824459));
#6628=CARTESIAN_POINT('Ctrl Pts',(90.5595313445818,-6.2,-9.15098874910899));
#6629=CARTESIAN_POINT('Ctrl Pts',(90.5636127632089,-6.2,-9.25991344199636));
#6630=CARTESIAN_POINT('Ctrl Pts',(90.4254976838923,-6.,-8.67608843432763));
#6631=CARTESIAN_POINT('Ctrl Pts',(90.4656853303684,-6.,-8.7622076989281));
#6632=CARTESIAN_POINT('Ctrl Pts',(90.5518851612982,-6.,-8.94692779824459));
#6633=CARTESIAN_POINT('Ctrl Pts',(90.5595313445818,-6.,-9.15098874910899));
#6634=CARTESIAN_POINT('Ctrl Pts',(90.5636127632089,-6.,-9.25991344199636));
#6635=CARTESIAN_POINT('Origin',(88.3595193939529,-6.,-5.3216927013314));
#6636=CARTESIAN_POINT('Origin',(86.3663085617477,-6.2,-0.383669341885149));
#6637=CARTESIAN_POINT('',(86.3663085617477,-6.2,-0.38366934188515));
#6638=CARTESIAN_POINT('',(86.9870443491562,-6.2,-0.383323568721019));
#6639=CARTESIAN_POINT('',(116.877959815448,-6.2,-0.366673205347129));
#6640=CARTESIAN_POINT('',(86.3663085617477,-6.,-0.38366934188515));
#6641=CARTESIAN_POINT('',(86.3663085617477,-6.2,-0.38366934188515));
#6642=CARTESIAN_POINT('',(86.9870443491562,-6.,-0.383323568721019));
#6643=CARTESIAN_POINT('',(86.3663085617477,-6.,-0.383669341885149));
#6644=CARTESIAN_POINT('',(86.9870443491562,-6.2,-0.383323568721019));
#6645=CARTESIAN_POINT('Origin',(86.366763766785,-6.2,-1.20085843171577));
#6646=CARTESIAN_POINT('',(86.366763766785,-6.2,-1.20085843171577));
#6647=CARTESIAN_POINT('',(86.3717306296914,-6.2,-10.1174253523948));
#6648=CARTESIAN_POINT('',(86.366763766785,-6.,-1.20085843171577));
#6649=CARTESIAN_POINT('',(86.366763766785,-6.2,-1.20085843171577));
#6650=CARTESIAN_POINT('',(86.366763766785,-6.,-1.20085843171577));
#6651=CARTESIAN_POINT('Origin',(85.5918653579542,-6.2,-1.20129007925428));
#6652=CARTESIAN_POINT('',(85.5918653579542,-6.2,-1.20129007925428));
#6653=CARTESIAN_POINT('',(116.49096581607,-6.2,-1.184078118947));
#6654=CARTESIAN_POINT('',(85.5918653579542,-6.,-1.20129007925428));
#6655=CARTESIAN_POINT('',(85.5918653579542,-6.2,-1.20129007925428));
#6656=CARTESIAN_POINT('',(85.5918653579542,-6.,-1.20129007925428));
#6657=CARTESIAN_POINT('Origin',(85.5920903009909,-6.2,-1.6051102928638));
#6658=CARTESIAN_POINT('',(85.5920903009909,-6.2,-1.6051102928638));
#6659=CARTESIAN_POINT('',(85.596944692379,-6.2,-10.3197671067385));
#6660=CARTESIAN_POINT('',(85.5920903009909,-6.,-1.6051102928638));
#6661=CARTESIAN_POINT('',(85.5920903009909,-6.2,-1.6051102928638));
#6662=CARTESIAN_POINT('',(85.5920903009909,-6.,-1.6051102928638));
#6663=CARTESIAN_POINT('Origin',(86.3669887098217,-6.2,-1.60467864532529));
#6664=CARTESIAN_POINT('',(86.3669887098217,-6.2,-1.60467864532529));
#6665=CARTESIAN_POINT('',(116.878639963522,-6.2,-1.58768250878727));
#6666=CARTESIAN_POINT('',(86.3669887098217,-6.,-1.60467864532529));
#6667=CARTESIAN_POINT('',(86.3669887098217,-6.2,-1.60467864532529));
#6668=CARTESIAN_POINT('',(86.3669887098217,-6.,-1.60467864532529));
#6669=CARTESIAN_POINT('Origin',(86.3671832550789,-6.2,-1.9539284309235));
#6670=CARTESIAN_POINT('',(86.3671832550789,-6.2,-1.9539284309235));
#6671=CARTESIAN_POINT('',(86.3719403738384,-6.2,-10.4939603519989));
#6672=CARTESIAN_POINT('',(86.3671832550789,-6.,-1.9539284309235));
#6673=CARTESIAN_POINT('',(86.3671832550789,-6.2,-1.9539284309235));
#6674=CARTESIAN_POINT('',(86.3671832550789,-6.,-1.9539284309235));
#6675=CARTESIAN_POINT('Origin',(85.4599518265416,-6.2,-1.95443379292776));
#6676=CARTESIAN_POINT('',(85.4599518265415,-6.2,-1.95443379292776));
#6677=CARTESIAN_POINT('',(116.425218794511,-6.2,-1.93718497538761));
#6678=CARTESIAN_POINT('',(85.4599518265415,-6.,-1.95443379292776));
#6679=CARTESIAN_POINT('',(85.4599518265415,-6.2,-1.95443379292776));
#6680=CARTESIAN_POINT('',(85.4599518265416,-6.,-1.95443379292776));
#6681=CARTESIAN_POINT('Origin',(85.4601912081416,-6.2,-2.38417427438934));
#6682=CARTESIAN_POINT('',(85.4601912081416,-6.2,-2.38417427438934));
#6683=CARTESIAN_POINT('',(85.4648286361011,-6.2,-10.7093359547339));
#6684=CARTESIAN_POINT('',(85.4601912081416,-6.,-2.38417427438934));
#6685=CARTESIAN_POINT('',(85.4601912081416,-6.2,-2.38417427438934));
#6686=CARTESIAN_POINT('',(85.4601912081416,-6.,-2.38417427438934));
#6687=CARTESIAN_POINT('Origin',(86.9881584240875,-6.2,-2.38332313922095));
#6688=CARTESIAN_POINT('',(86.9881584240875,-6.2,-2.38332313922095));
#6689=CARTESIAN_POINT('',(117.189441784084,-6.2,-2.36649988926499));
#6690=CARTESIAN_POINT('',(86.9881584240875,-6.,-2.38332313922095));
#6691=CARTESIAN_POINT('',(86.9881584240875,-6.2,-2.38332313922095));
#6692=CARTESIAN_POINT('',(86.9881584240875,-6.,-2.38332313922095));
#6693=CARTESIAN_POINT('Origin',(86.9870443491562,-6.2,-0.383323568721019));
#6694=CARTESIAN_POINT('',(86.9922388145812,-6.2,-9.70848503431556));
#6695=CARTESIAN_POINT('',(86.9870443491562,-6.,-0.383323568721019));
#6696=CARTESIAN_POINT('Origin',(88.3595193939529,-6.,-5.3216927013314));
#6697=CARTESIAN_POINT('Origin',(88.2298820622194,-6.2,-0.382631261402409));
#6698=CARTESIAN_POINT('',(88.2298820622194,-6.2,-0.38263126140241));
#6699=CARTESIAN_POINT('',(88.8506184456742,-6.2,-0.382285487906258));
#6700=CARTESIAN_POINT('',(117.809746565684,-6.2,-0.366154165105758));
#6701=CARTESIAN_POINT('',(88.2298820622194,-6.,-0.38263126140241));
#6702=CARTESIAN_POINT('',(88.2298820622194,-6.2,-0.38263126140241));
#6703=CARTESIAN_POINT('',(88.8506184456742,-6.,-0.382285487906258));
#6704=CARTESIAN_POINT('',(88.2298820622194,-6.,-0.382631261402409));
#6705=CARTESIAN_POINT('',(88.8506184456742,-6.2,-0.382285487906258));
#6706=CARTESIAN_POINT('Origin',(88.2303372672567,-6.2,-1.19982035123303));
#6707=CARTESIAN_POINT('',(88.2303372672567,-6.2,-1.19982035123303));
#6708=CARTESIAN_POINT('',(88.2353041301631,-6.2,-10.1163872719121));
#6709=CARTESIAN_POINT('',(88.2303372672567,-6.,-1.19982035123303));
#6710=CARTESIAN_POINT('',(88.2303372672567,-6.2,-1.19982035123303));
#6711=CARTESIAN_POINT('',(88.2303372672567,-6.,-1.19982035123303));
#6712=CARTESIAN_POINT('Origin',(87.4554400505186,-6.2,-1.2002519981075));
#6713=CARTESIAN_POINT('',(87.4554400505186,-6.2,-1.2002519981075));
#6714=CARTESIAN_POINT('',(117.422753162353,-6.2,-1.18355907837362));
#6715=CARTESIAN_POINT('',(87.4554400505186,-6.,-1.2002519981075));
#6716=CARTESIAN_POINT('',(87.4554400505186,-6.2,-1.2002519981075));
#6717=CARTESIAN_POINT('',(87.4554400505186,-6.,-1.2002519981075));
#6718=CARTESIAN_POINT('Origin',(87.4556649935553,-6.2,-1.60407221171702));
#6719=CARTESIAN_POINT('',(87.4556649935553,-6.2,-1.60407221171702));
#6720=CARTESIAN_POINT('',(87.4605193849434,-6.2,-10.3187290255917));
#6721=CARTESIAN_POINT('',(87.4556649935553,-6.,-1.60407221171702));
#6722=CARTESIAN_POINT('',(87.4556649935553,-6.2,-1.60407221171702));
#6723=CARTESIAN_POINT('',(87.4556649935553,-6.,-1.60407221171702));
#6724=CARTESIAN_POINT('Origin',(88.2305622102933,-6.2,-1.60364056484255));
#6725=CARTESIAN_POINT('',(88.2305622102933,-6.2,-1.60364056484255));
#6726=CARTESIAN_POINT('',(117.810426713758,-6.2,-1.5871634685459));
#6727=CARTESIAN_POINT('',(88.2305622102933,-6.,-1.60364056484255));
#6728=CARTESIAN_POINT('',(88.2305622102933,-6.2,-1.60364056484255));
#6729=CARTESIAN_POINT('',(88.2305622102933,-6.,-1.60364056484255));
#6730=CARTESIAN_POINT('Origin',(88.2307567555506,-6.2,-1.95289035044076));
#6731=CARTESIAN_POINT('',(88.2307567555506,-6.2,-1.95289035044076));
#6732=CARTESIAN_POINT('',(88.2355138743101,-6.2,-10.4929222715162));
#6733=CARTESIAN_POINT('',(88.2307567555506,-6.,-1.95289035044076));
#6734=CARTESIAN_POINT('',(88.2307567555506,-6.2,-1.95289035044076));
#6735=CARTESIAN_POINT('',(88.2307567555506,-6.,-1.95289035044076));
#6736=CARTESIAN_POINT('Origin',(87.3235265191059,-6.2,-1.95339571178098));
#6737=CARTESIAN_POINT('',(87.3235265191059,-6.2,-1.95339571178098));
#6738=CARTESIAN_POINT('',(117.357006140793,-6.2,-1.93666593481422));
#6739=CARTESIAN_POINT('',(87.3235265191059,-6.,-1.95339571178098));
#6740=CARTESIAN_POINT('',(87.3235265191059,-6.2,-1.95339571178098));
#6741=CARTESIAN_POINT('',(87.3235265191059,-6.,-1.95339571178098));
#6742=CARTESIAN_POINT('Origin',(87.323765900706,-6.2,-2.38313619324256));
#6743=CARTESIAN_POINT('',(87.323765900706,-6.2,-2.38313619324256));
#6744=CARTESIAN_POINT('',(87.3284033286655,-6.2,-10.7082978735872));
#6745=CARTESIAN_POINT('',(87.323765900706,-6.,-2.38313619324256));
#6746=CARTESIAN_POINT('',(87.323765900706,-6.2,-2.38313619324256));
#6747=CARTESIAN_POINT('',(87.323765900706,-6.,-2.38313619324256));
#6748=CARTESIAN_POINT('Origin',(88.8517325206055,-6.2,-2.38228505840619));
#6749=CARTESIAN_POINT('',(88.8517325206055,-6.2,-2.38228505840619));
#6750=CARTESIAN_POINT('',(118.121228832343,-6.2,-2.36598084885761));
#6751=CARTESIAN_POINT('',(88.8517325206055,-6.,-2.38228505840619));
#6752=CARTESIAN_POINT('',(88.8517325206055,-6.2,-2.38228505840619));
#6753=CARTESIAN_POINT('',(88.8517325206055,-6.,-2.38228505840619));
#6754=CARTESIAN_POINT('Origin',(88.8506184456742,-6.2,-0.382285487906258));
#6755=CARTESIAN_POINT('',(88.8558129110993,-6.2,-9.70744695350083));
#6756=CARTESIAN_POINT('',(88.8506184456742,-6.,-0.382285487906258));
#6757=CARTESIAN_POINT('Origin',(88.3595193939529,-6.,-5.3216927013314));
#6758=CARTESIAN_POINT('Origin',(91.0971303699693,-6.2,-16.4296263676273));
#6759=CARTESIAN_POINT('',(91.0971303699693,-6.2,-16.4296263676273));
#6760=CARTESIAN_POINT('',(91.2731193421564,-6.2,-16.4296263676273));
#6761=CARTESIAN_POINT('',(119.248565184985,-6.2,-16.4296263676273));
#6762=CARTESIAN_POINT('',(91.0971303699693,-6.,-16.4296263676273));
#6763=CARTESIAN_POINT('',(91.0971303699693,-6.2,-16.4296263676273));
#6764=CARTESIAN_POINT('',(91.2731193421564,-6.,-16.4296263676273));
#6765=CARTESIAN_POINT('',(91.0971303699693,-6.,-16.4296263676273));
#6766=CARTESIAN_POINT('',(91.2731193421564,-6.2,-16.4296263676273));
#6767=CARTESIAN_POINT('Ctrl Pts',(90.8611138580522,-6.2,-16.3641421716796));
#6768=CARTESIAN_POINT('Ctrl Pts',(90.8611138580522,-6.,-16.3641421716796));
#6769=CARTESIAN_POINT('Ctrl Pts',(90.8904275049769,-6.2,-16.3830992748361));
#6770=CARTESIAN_POINT('Ctrl Pts',(90.8904275049769,-6.,-16.3830992748361));
#6771=CARTESIAN_POINT('Ctrl Pts',(90.9615046319496,-6.2,-16.4290647745074));
#6772=CARTESIAN_POINT('Ctrl Pts',(90.9615046319496,-6.,-16.4290647745074));
#6773=CARTESIAN_POINT('Ctrl Pts',(91.0469338764079,-6.2,-16.4294185161837));
#6774=CARTESIAN_POINT('Ctrl Pts',(91.0469338764079,-6.,-16.4294185161837));
#6775=CARTESIAN_POINT('Ctrl Pts',(91.0971303699693,-6.2,-16.4296263676273));
#6776=CARTESIAN_POINT('Ctrl Pts',(91.0971303699693,-6.,-16.4296263676273));
#6777=CARTESIAN_POINT('',(90.8611138580522,-6.2,-16.3641421716796));
#6778=CARTESIAN_POINT('Ctrl Pts',(90.8611138580522,-6.2,-16.3641421716796));
#6779=CARTESIAN_POINT('Ctrl Pts',(90.8904275049769,-6.2,-16.3830992748361));
#6780=CARTESIAN_POINT('Ctrl Pts',(90.9615046319496,-6.2,-16.4290647745074));
#6781=CARTESIAN_POINT('Ctrl Pts',(91.0469338764079,-6.2,-16.4294185161837));
#6782=CARTESIAN_POINT('Ctrl Pts',(91.0971303699693,-6.2,-16.4296263676273));
#6783=CARTESIAN_POINT('',(90.8611138580522,-6.,-16.3641421716796));
#6784=CARTESIAN_POINT('',(90.8611138580522,-6.2,-16.3641421716796));
#6785=CARTESIAN_POINT('Ctrl Pts',(90.8611138580522,-6.,-16.3641421716796));
#6786=CARTESIAN_POINT('Ctrl Pts',(90.8904275049769,-6.,-16.3830992748361));
#6787=CARTESIAN_POINT('Ctrl Pts',(90.9615046319496,-6.,-16.4290647745074));
#6788=CARTESIAN_POINT('Ctrl Pts',(91.0469338764079,-6.,-16.4294185161837));
#6789=CARTESIAN_POINT('Ctrl Pts',(91.0971303699693,-6.,-16.4296263676273));
#6790=CARTESIAN_POINT('Ctrl Pts',(90.7983582137308,-6.2,-16.204524062215));
#6791=CARTESIAN_POINT('Ctrl Pts',(90.7983582137308,-6.,-16.204524062215));
#6792=CARTESIAN_POINT('Ctrl Pts',(90.8008628355397,-6.2,-16.2345924377997));
#6793=CARTESIAN_POINT('Ctrl Pts',(90.8008628355397,-6.,-16.2345924377997));
#6794=CARTESIAN_POINT('Ctrl Pts',(90.805820670224,-6.2,-16.2941120167011));
#6795=CARTESIAN_POINT('Ctrl Pts',(90.805820670224,-6.,-16.2941120167011));
#6796=CARTESIAN_POINT('Ctrl Pts',(90.8428106479852,-6.2,-16.3409607150131));
#6797=CARTESIAN_POINT('Ctrl Pts',(90.8428106479852,-6.,-16.3409607150131));
#6798=CARTESIAN_POINT('Ctrl Pts',(90.8611138580522,-6.2,-16.3641421716796));
#6799=CARTESIAN_POINT('Ctrl Pts',(90.8611138580522,-6.,-16.3641421716796));
#6800=CARTESIAN_POINT('',(90.7983582137308,-6.2,-16.204524062215));
#6801=CARTESIAN_POINT('Ctrl Pts',(90.7983582137308,-6.2,-16.204524062215));
#6802=CARTESIAN_POINT('Ctrl Pts',(90.8008628355397,-6.2,-16.2345924377997));
#6803=CARTESIAN_POINT('Ctrl Pts',(90.805820670224,-6.2,-16.2941120167011));
#6804=CARTESIAN_POINT('Ctrl Pts',(90.8428106479852,-6.2,-16.3409607150131));
#6805=CARTESIAN_POINT('Ctrl Pts',(90.8611138580522,-6.2,-16.3641421716796));
#6806=CARTESIAN_POINT('',(90.7983582137308,-6.,-16.204524062215));
#6807=CARTESIAN_POINT('',(90.7983582137308,-6.2,-16.204524062215));
#6808=CARTESIAN_POINT('Ctrl Pts',(90.7983582137308,-6.,-16.204524062215));
#6809=CARTESIAN_POINT('Ctrl Pts',(90.8008628355397,-6.,-16.2345924377997));
#6810=CARTESIAN_POINT('Ctrl Pts',(90.805820670224,-6.,-16.2941120167011));
#6811=CARTESIAN_POINT('Ctrl Pts',(90.8428106479852,-6.,-16.3409607150131));
#6812=CARTESIAN_POINT('Ctrl Pts',(90.8611138580522,-6.,-16.3641421716796));
#6813=CARTESIAN_POINT('Ctrl Pts',(90.8706637142381,-6.2,-16.0449061017619));
#6814=CARTESIAN_POINT('Ctrl Pts',(90.8706637142381,-6.,-16.0449061017619));
#6815=CARTESIAN_POINT('Ctrl Pts',(90.8495746398065,-6.2,-16.0672994146369));
#6816=CARTESIAN_POINT('Ctrl Pts',(90.8495746398065,-6.,-16.0672994146369));
#6817=CARTESIAN_POINT('Ctrl Pts',(90.8072550808983,-6.2,-16.1122361958328));
#6818=CARTESIAN_POINT('Ctrl Pts',(90.8072550808983,-6.,-16.1122361958328));
#6819=CARTESIAN_POINT('Ctrl Pts',(90.8013304351524,-6.2,-16.1736929878326));
#6820=CARTESIAN_POINT('Ctrl Pts',(90.8013304351524,-6.,-16.1736929878326));
#6821=CARTESIAN_POINT('Ctrl Pts',(90.7983582137308,-6.2,-16.204524062215));
#6822=CARTESIAN_POINT('Ctrl Pts',(90.7983582137308,-6.,-16.204524062215));
#6823=CARTESIAN_POINT('',(90.8706637142381,-6.2,-16.0449061017619));
#6824=CARTESIAN_POINT('Ctrl Pts',(90.8706637142381,-6.2,-16.0449061017619));
#6825=CARTESIAN_POINT('Ctrl Pts',(90.8495746398065,-6.2,-16.0672994146369));
#6826=CARTESIAN_POINT('Ctrl Pts',(90.8072550808983,-6.2,-16.1122361958328));
#6827=CARTESIAN_POINT('Ctrl Pts',(90.8013304351524,-6.2,-16.1736929878326));
#6828=CARTESIAN_POINT('Ctrl Pts',(90.7983582137308,-6.2,-16.204524062215));
#6829=CARTESIAN_POINT('',(90.8706637142381,-6.,-16.0449061017619));
#6830=CARTESIAN_POINT('',(90.8706637142381,-6.2,-16.0449061017619));
#6831=CARTESIAN_POINT('Ctrl Pts',(90.8706637142381,-6.,-16.0449061017619));
#6832=CARTESIAN_POINT('Ctrl Pts',(90.8495746398065,-6.,-16.0672994146369));
#6833=CARTESIAN_POINT('Ctrl Pts',(90.8072550808983,-6.,-16.1122361958328));
#6834=CARTESIAN_POINT('Ctrl Pts',(90.8013304351524,-6.,-16.1736929878326));
#6835=CARTESIAN_POINT('Ctrl Pts',(90.7983582137308,-6.,-16.204524062215));
#6836=CARTESIAN_POINT('Ctrl Pts',(91.1216868875703,-6.2,-15.9835145097362));
#6837=CARTESIAN_POINT('Ctrl Pts',(91.1216868875703,-6.,-15.9835145097362));
#6838=CARTESIAN_POINT('Ctrl Pts',(91.0696680054488,-6.2,-15.9838476681546));
#6839=CARTESIAN_POINT('Ctrl Pts',(91.0696680054488,-6.,-15.9838476681546));
#6840=CARTESIAN_POINT('Ctrl Pts',(90.9805283174402,-6.2,-15.9844185692633));
#6841=CARTESIAN_POINT('Ctrl Pts',(90.9805283174402,-6.,-15.9844185692633));
#6842=CARTESIAN_POINT('Ctrl Pts',(90.9029640996041,-6.2,-16.0271226614854));
#6843=CARTESIAN_POINT('Ctrl Pts',(90.9029640996041,-6.,-16.0271226614854));
#6844=CARTESIAN_POINT('Ctrl Pts',(90.8706637142381,-6.2,-16.0449061017619));
#6845=CARTESIAN_POINT('Ctrl Pts',(90.8706637142381,-6.,-16.0449061017619));
#6846=CARTESIAN_POINT('',(91.1216868875703,-6.2,-15.9835145097362));
#6847=CARTESIAN_POINT('Ctrl Pts',(91.1216868875703,-6.2,-15.9835145097362));
#6848=CARTESIAN_POINT('Ctrl Pts',(91.0696680054488,-6.2,-15.9838476681546));
#6849=CARTESIAN_POINT('Ctrl Pts',(90.9805283174402,-6.2,-15.9844185692633));
#6850=CARTESIAN_POINT('Ctrl Pts',(90.9029640996041,-6.2,-16.0271226614854));
#6851=CARTESIAN_POINT('Ctrl Pts',(90.8706637142381,-6.2,-16.0449061017619));
#6852=CARTESIAN_POINT('',(91.1216868875703,-6.,-15.9835145097362));
#6853=CARTESIAN_POINT('',(91.1216868875703,-6.2,-15.9835145097362));
#6854=CARTESIAN_POINT('Ctrl Pts',(91.1216868875703,-6.,-15.9835145097362));
#6855=CARTESIAN_POINT('Ctrl Pts',(91.0696680054488,-6.,-15.9838476681546));
#6856=CARTESIAN_POINT('Ctrl Pts',(90.9805283174402,-6.,-15.9844185692633));
#6857=CARTESIAN_POINT('Ctrl Pts',(90.9029640996041,-6.,-16.0271226614854));
#6858=CARTESIAN_POINT('Ctrl Pts',(90.8706637142381,-6.,-16.0449061017619));
#6859=CARTESIAN_POINT('Origin',(91.2731193421564,-6.2,-15.9835145097362));
#6860=CARTESIAN_POINT('',(91.2731193421564,-6.2,-15.9835145097362));
#6861=CARTESIAN_POINT('',(119.336559671078,-6.2,-15.9835145097362));
#6862=CARTESIAN_POINT('',(91.2731193421564,-6.,-15.9835145097362));
#6863=CARTESIAN_POINT('',(91.2731193421564,-6.2,-15.9835145097362));
#6864=CARTESIAN_POINT('',(91.2731193421564,-6.,-15.9835145097362));
#6865=CARTESIAN_POINT('Origin',(91.2731193421564,-6.2,-16.4296263676273));
#6866=CARTESIAN_POINT('',(91.2731193421563,-6.2,-17.7148131838136));
#6867=CARTESIAN_POINT('',(91.2731193421564,-6.,-16.4296263676273));
#6868=CARTESIAN_POINT('Origin',(91.2731193421564,-6.2,-14.8361748676883));
#6869=CARTESIAN_POINT('',(91.2731193421564,-6.2,-14.8361748676883));
#6870=CARTESIAN_POINT('',(91.8938561199388,-6.2,-14.8361748676883));
#6871=CARTESIAN_POINT('',(119.336559671078,-6.2,-14.8361748676883));
#6872=CARTESIAN_POINT('',(91.2731193421564,-6.,-14.8361748676883));
#6873=CARTESIAN_POINT('',(91.2731193421564,-6.2,-14.8361748676883));
#6874=CARTESIAN_POINT('',(91.8938561199388,-6.,-14.8361748676883));
#6875=CARTESIAN_POINT('',(91.2731193421564,-6.,-14.8361748676883));
#6876=CARTESIAN_POINT('',(91.8938561199388,-6.2,-14.8361748676883));
#6877=CARTESIAN_POINT('Origin',(91.2731193421564,-6.2,-15.5783304792033));
#6878=CARTESIAN_POINT('',(91.2731193421564,-6.2,-15.5783304792033));
#6879=CARTESIAN_POINT('',(91.2731193421563,-6.2,-17.2891652396017));
#6880=CARTESIAN_POINT('',(91.2731193421564,-6.,-15.5783304792033));
#6881=CARTESIAN_POINT('',(91.2731193421564,-6.2,-15.5783304792033));
#6882=CARTESIAN_POINT('',(91.2731193421564,-6.,-15.5783304792033));
#6883=CARTESIAN_POINT('Origin',(90.9347837088785,-6.2,-15.5783304792033));
#6884=CARTESIAN_POINT('',(90.9347837088785,-6.2,-15.5783304792033));
#6885=CARTESIAN_POINT('',(119.167391854439,-6.2,-15.5783304792033));
#6886=CARTESIAN_POINT('',(90.9347837088785,-6.,-15.5783304792033));
#6887=CARTESIAN_POINT('',(90.9347837088785,-6.2,-15.5783304792033));
#6888=CARTESIAN_POINT('',(90.9347837088785,-6.,-15.5783304792033));
#6889=CARTESIAN_POINT('Ctrl Pts',(90.3795315740785,-6.2,-15.748862348138));
#6890=CARTESIAN_POINT('Ctrl Pts',(90.3795315740785,-6.,-15.748862348138));
#6891=CARTESIAN_POINT('Ctrl Pts',(90.453747120259,-6.2,-15.6992820138486));
#6892=CARTESIAN_POINT('Ctrl Pts',(90.453747120259,-6.,-15.6992820138486));
#6893=CARTESIAN_POINT('Ctrl Pts',(90.6207430949844,-6.2,-15.5877189158457));
#6894=CARTESIAN_POINT('Ctrl Pts',(90.6207430949844,-6.,-15.5877189158457));
#6895=CARTESIAN_POINT('Ctrl Pts',(90.8226225488547,-6.2,-15.581683605831));
#6896=CARTESIAN_POINT('Ctrl Pts',(90.8226225488547,-6.,-15.581683605831));
#6897=CARTESIAN_POINT('Ctrl Pts',(90.9347837088785,-6.2,-15.5783304792033));
#6898=CARTESIAN_POINT('Ctrl Pts',(90.9347837088785,-6.,-15.5783304792033));
#6899=CARTESIAN_POINT('',(90.3795315740785,-6.2,-15.748862348138));
#6900=CARTESIAN_POINT('Ctrl Pts',(90.3795315740785,-6.2,-15.748862348138));
#6901=CARTESIAN_POINT('Ctrl Pts',(90.453747120259,-6.2,-15.6992820138486));
#6902=CARTESIAN_POINT('Ctrl Pts',(90.6207430949844,-6.2,-15.5877189158457));
#6903=CARTESIAN_POINT('Ctrl Pts',(90.8226225488547,-6.2,-15.581683605831));
#6904=CARTESIAN_POINT('Ctrl Pts',(90.9347837088785,-6.2,-15.5783304792033));
#6905=CARTESIAN_POINT('',(90.3795315740785,-6.,-15.748862348138));
#6906=CARTESIAN_POINT('',(90.3795315740785,-6.2,-15.748862348138));
#6907=CARTESIAN_POINT('Ctrl Pts',(90.3795315740785,-6.,-15.748862348138));
#6908=CARTESIAN_POINT('Ctrl Pts',(90.453747120259,-6.,-15.6992820138486));
#6909=CARTESIAN_POINT('Ctrl Pts',(90.6207430949844,-6.,-15.5877189158457));
#6910=CARTESIAN_POINT('Ctrl Pts',(90.8226225488547,-6.,-15.581683605831));
#6911=CARTESIAN_POINT('Ctrl Pts',(90.9347837088785,-6.,-15.5783304792033));
#6912=CARTESIAN_POINT('Ctrl Pts',(90.1967211483202,-6.2,-16.2222594242679));
#6913=CARTESIAN_POINT('Ctrl Pts',(90.1967211483202,-6.,-16.2222594242679));
#6914=CARTESIAN_POINT('Ctrl Pts',(90.2025437661009,-6.2,-16.1285707238338));
#6915=CARTESIAN_POINT('Ctrl Pts',(90.2025437661009,-6.,-16.1285707238338));
#6916=CARTESIAN_POINT('Ctrl Pts',(90.2135899688298,-6.2,-15.9508320472833));
#6917=CARTESIAN_POINT('Ctrl Pts',(90.2135899688298,-6.,-15.9508320472833));
#6918=CARTESIAN_POINT('Ctrl Pts',(90.3262542917525,-6.2,-15.8137068256066));
#6919=CARTESIAN_POINT('Ctrl Pts',(90.3262542917525,-6.,-15.8137068256066));
#6920=CARTESIAN_POINT('Ctrl Pts',(90.3795315740785,-6.2,-15.748862348138));
#6921=CARTESIAN_POINT('Ctrl Pts',(90.3795315740785,-6.,-15.748862348138));
#6922=CARTESIAN_POINT('',(90.1967211483202,-6.2,-16.2222594242679));
#6923=CARTESIAN_POINT('Ctrl Pts',(90.1967211483202,-6.2,-16.2222594242679));
#6924=CARTESIAN_POINT('Ctrl Pts',(90.2025437661009,-6.2,-16.1285707238338));
#6925=CARTESIAN_POINT('Ctrl Pts',(90.2135899688298,-6.2,-15.9508320472833));
#6926=CARTESIAN_POINT('Ctrl Pts',(90.3262542917525,-6.2,-15.8137068256066));
#6927=CARTESIAN_POINT('Ctrl Pts',(90.3795315740785,-6.2,-15.748862348138));
#6928=CARTESIAN_POINT('',(90.1967211483202,-6.,-16.2222594242679));
#6929=CARTESIAN_POINT('',(90.1967211483202,-6.2,-16.2222594242679));
#6930=CARTESIAN_POINT('Ctrl Pts',(90.1967211483202,-6.,-16.2222594242679));
#6931=CARTESIAN_POINT('Ctrl Pts',(90.2025437661009,-6.,-16.1285707238338));
#6932=CARTESIAN_POINT('Ctrl Pts',(90.2135899688298,-6.,-15.9508320472833));
#6933=CARTESIAN_POINT('Ctrl Pts',(90.3262542917525,-6.,-15.8137068256066));
#6934=CARTESIAN_POINT('Ctrl Pts',(90.3795315740785,-6.,-15.748862348138));
#6935=CARTESIAN_POINT('Ctrl Pts',(90.3645246146402,-6.2,-16.676556788026));
#6936=CARTESIAN_POINT('Ctrl Pts',(90.3645246146402,-6.,-16.676556788026));
#6937=CARTESIAN_POINT('Ctrl Pts',(90.3156420851647,-6.2,-16.6147696693437));
#6938=CARTESIAN_POINT('Ctrl Pts',(90.3156420851647,-6.,-16.6147696693437));
#6939=CARTESIAN_POINT('Ctrl Pts',(90.2107721174694,-6.2,-16.4822148852578));
#6940=CARTESIAN_POINT('Ctrl Pts',(90.2107721174694,-6.,-16.4822148852578));
#6941=CARTESIAN_POINT('Ctrl Pts',(90.2016116770633,-6.2,-16.3127385677631));
#6942=CARTESIAN_POINT('Ctrl Pts',(90.2016116770633,-6.,-16.3127385677631));
#6943=CARTESIAN_POINT('Ctrl Pts',(90.1967211483202,-6.2,-16.2222594242679));
#6944=CARTESIAN_POINT('Ctrl Pts',(90.1967211483202,-6.,-16.2222594242679));
#6945=CARTESIAN_POINT('',(90.3645246146402,-6.2,-16.676556788026));
#6946=CARTESIAN_POINT('Ctrl Pts',(90.3645246146402,-6.2,-16.676556788026));
#6947=CARTESIAN_POINT('Ctrl Pts',(90.3156420851647,-6.2,-16.6147696693437));
#6948=CARTESIAN_POINT('Ctrl Pts',(90.2107721174694,-6.2,-16.4822148852578));
#6949=CARTESIAN_POINT('Ctrl Pts',(90.2016116770633,-6.2,-16.3127385677631));
#6950=CARTESIAN_POINT('Ctrl Pts',(90.1967211483202,-6.2,-16.2222594242679));
#6951=CARTESIAN_POINT('',(90.3645246146402,-6.,-16.676556788026));
#6952=CARTESIAN_POINT('',(90.3645246146402,-6.2,-16.676556788026));
#6953=CARTESIAN_POINT('Ctrl Pts',(90.3645246146402,-6.,-16.676556788026));
#6954=CARTESIAN_POINT('Ctrl Pts',(90.3156420851647,-6.,-16.6147696693437));
#6955=CARTESIAN_POINT('Ctrl Pts',(90.2107721174694,-6.,-16.4822148852578));
#6956=CARTESIAN_POINT('Ctrl Pts',(90.2016116770633,-6.,-16.3127385677631));
#6957=CARTESIAN_POINT('Ctrl Pts',(90.1967211483202,-6.,-16.2222594242679));
#6958=CARTESIAN_POINT('Ctrl Pts',(90.8665709613046,-6.2,-16.8361748974906));
#6959=CARTESIAN_POINT('Ctrl Pts',(90.8665709613046,-6.,-16.8361748974906));
#6960=CARTESIAN_POINT('Ctrl Pts',(90.7654406136808,-6.2,-16.8327442176077));
#6961=CARTESIAN_POINT('Ctrl Pts',(90.7654406136808,-6.,-16.8327442176077));
#6962=CARTESIAN_POINT('Ctrl Pts',(90.5821041034729,-6.2,-16.8265248295393));
#6963=CARTESIAN_POINT('Ctrl Pts',(90.5821041034729,-6.,-16.8265248295393));
#6964=CARTESIAN_POINT('Ctrl Pts',(90.4318824319201,-6.2,-16.7229835904432));
#6965=CARTESIAN_POINT('Ctrl Pts',(90.4318824319201,-6.,-16.7229835904432));
#6966=CARTESIAN_POINT('Ctrl Pts',(90.3645246146402,-6.2,-16.676556788026));
#6967=CARTESIAN_POINT('Ctrl Pts',(90.3645246146402,-6.,-16.676556788026));
#6968=CARTESIAN_POINT('',(90.8665709613046,-6.2,-16.8361748974906));
#6969=CARTESIAN_POINT('Ctrl Pts',(90.8665709613046,-6.2,-16.8361748974906));
#6970=CARTESIAN_POINT('Ctrl Pts',(90.7654406136808,-6.2,-16.8327442176077));
#6971=CARTESIAN_POINT('Ctrl Pts',(90.5821041034729,-6.2,-16.8265248295393));
#6972=CARTESIAN_POINT('Ctrl Pts',(90.4318824319201,-6.2,-16.7229835904432));
#6973=CARTESIAN_POINT('Ctrl Pts',(90.3645246146402,-6.2,-16.676556788026));
#6974=CARTESIAN_POINT('',(90.8665709613046,-6.,-16.8361748974906));
#6975=CARTESIAN_POINT('',(90.8665709613046,-6.2,-16.8361748974906));
#6976=CARTESIAN_POINT('Ctrl Pts',(90.8665709613046,-6.,-16.8361748974906));
#6977=CARTESIAN_POINT('Ctrl Pts',(90.7654406136808,-6.,-16.8327442176077));
#6978=CARTESIAN_POINT('Ctrl Pts',(90.5821041034729,-6.,-16.8265248295393));
#6979=CARTESIAN_POINT('Ctrl Pts',(90.4318824319201,-6.,-16.7229835904432));
#6980=CARTESIAN_POINT('Ctrl Pts',(90.3645246146402,-6.,-16.676556788026));
#6981=CARTESIAN_POINT('Origin',(91.8938561199388,-6.2,-16.8361748974906));
#6982=CARTESIAN_POINT('',(91.8938561199388,-6.2,-16.8361748974906));
#6983=CARTESIAN_POINT('',(119.646928059969,-6.2,-16.8361748974906));
#6984=CARTESIAN_POINT('',(91.8938561199388,-6.,-16.8361748974906));
#6985=CARTESIAN_POINT('',(91.8938561199388,-6.2,-16.8361748974906));
#6986=CARTESIAN_POINT('',(91.8938561199388,-6.,-16.8361748974906));
#6987=CARTESIAN_POINT('Origin',(91.8938561199388,-6.2,-14.8361748676883));
#6988=CARTESIAN_POINT('',(91.8938561199388,-6.2,-16.9180874338441));
#6989=CARTESIAN_POINT('',(91.8938561199388,-6.,-14.8361748676883));
#6990=CARTESIAN_POINT('Origin',(88.0207322301498,-6.,-15.8184395205365));
#6991=CARTESIAN_POINT('Origin',(81.8242796180925,-6.2,-14.8361748676883));
#6992=CARTESIAN_POINT('',(81.8242796180925,-6.2,-14.8361748676883));
#6993=CARTESIAN_POINT('',(83.5105009792528,-6.2,-14.8361748676883));
#6994=CARTESIAN_POINT('',(114.612139809046,-6.2,-14.8361748676883));
#6995=CARTESIAN_POINT('',(81.8242796180925,-6.,-14.8361748676883));
#6996=CARTESIAN_POINT('',(81.8242796180925,-6.2,-14.8361748676883));
#6997=CARTESIAN_POINT('',(83.5105009792528,-6.,-14.8361748676883));
#6998=CARTESIAN_POINT('',(81.8242796180925,-6.,-14.8361748676883));
#6999=CARTESIAN_POINT('',(83.5105009792528,-6.2,-14.8361748676883));
#7000=CARTESIAN_POINT('Origin',(81.8242796180925,-6.2,-15.2891081791507));
#7001=CARTESIAN_POINT('',(81.8242796180925,-6.2,-15.2891081791507));
#7002=CARTESIAN_POINT('',(81.8242796180925,-6.2,-17.1445540895753));
#7003=CARTESIAN_POINT('',(81.8242796180925,-6.,-15.2891081791507));
#7004=CARTESIAN_POINT('',(81.8242796180925,-6.2,-15.2891081791507));
#7005=CARTESIAN_POINT('',(81.8242796180925,-6.,-15.2891081791507));
#7006=CARTESIAN_POINT('Origin',(82.8911276577196,-6.2,-15.2891081791507));
#7007=CARTESIAN_POINT('',(82.8911276577196,-6.2,-15.2891081791507));
#7008=CARTESIAN_POINT('',(115.14556382886,-6.2,-15.2891081791507));
#7009=CARTESIAN_POINT('',(82.8911276577196,-6.,-15.2891081791507));
#7010=CARTESIAN_POINT('',(82.8911276577196,-6.2,-15.2891081791507));
#7011=CARTESIAN_POINT('',(82.8911276577196,-6.,-15.2891081791507));
#7012=CARTESIAN_POINT('Origin',(82.8911276577196,-6.2,-15.6833780031787));
#7013=CARTESIAN_POINT('',(82.8911276577196,-6.2,-15.6833780031787));
#7014=CARTESIAN_POINT('',(82.8911276577196,-6.2,-17.3416890015893));
#7015=CARTESIAN_POINT('',(82.8911276577196,-6.,-15.6833780031787));
#7016=CARTESIAN_POINT('',(82.8911276577196,-6.2,-15.6833780031787));
#7017=CARTESIAN_POINT('',(82.8911276577196,-6.,-15.6833780031787));
#7018=CARTESIAN_POINT('Origin',(81.9293268440447,-6.2,-15.6833780031787));
#7019=CARTESIAN_POINT('',(81.9293268440447,-6.2,-15.6833780031787));
#7020=CARTESIAN_POINT('',(114.664663422022,-6.2,-15.6833780031787));
#7021=CARTESIAN_POINT('',(81.9293268440447,-6.,-15.6833780031787));
#7022=CARTESIAN_POINT('',(81.9293268440447,-6.2,-15.6833780031787));
#7023=CARTESIAN_POINT('',(81.9293268440447,-6.,-15.6833780031787));
#7024=CARTESIAN_POINT('Origin',(81.9293268440447,-6.2,-16.091290883361));
#7025=CARTESIAN_POINT('',(81.9293268440447,-6.2,-16.091290883361));
#7026=CARTESIAN_POINT('',(81.9293268440446,-6.2,-17.5456454416805));
#7027=CARTESIAN_POINT('',(81.9293268440447,-6.,-16.091290883361));
#7028=CARTESIAN_POINT('',(81.9293268440447,-6.2,-16.091290883361));
#7029=CARTESIAN_POINT('',(81.9293268440447,-6.,-16.091290883361));
#7030=CARTESIAN_POINT('Origin',(82.8911276577196,-6.2,-16.091290883361));
#7031=CARTESIAN_POINT('',(82.8911276577196,-6.2,-16.091290883361));
#7032=CARTESIAN_POINT('',(115.14556382886,-6.2,-16.091290883361));
#7033=CARTESIAN_POINT('',(82.8911276577196,-6.,-16.091290883361));
#7034=CARTESIAN_POINT('',(82.8911276577196,-6.2,-16.091290883361));
#7035=CARTESIAN_POINT('',(82.8911276577196,-6.,-16.091290883361));
#7036=CARTESIAN_POINT('Origin',(82.8911276577196,-6.2,-16.4091626029598));
#7037=CARTESIAN_POINT('',(82.8911276577196,-6.2,-16.4091626029598));
#7038=CARTESIAN_POINT('',(82.8911276577196,-6.2,-17.7045813014799));
#7039=CARTESIAN_POINT('',(82.8911276577196,-6.,-16.4091626029598));
#7040=CARTESIAN_POINT('',(82.8911276577196,-6.2,-16.4091626029598));
#7041=CARTESIAN_POINT('',(82.8911276577196,-6.,-16.4091626029598));
#7042=CARTESIAN_POINT('Origin',(81.8542929409227,-6.2,-16.4091626029598));
#7043=CARTESIAN_POINT('',(81.8542929409227,-6.2,-16.4091626029598));
#7044=CARTESIAN_POINT('',(114.627146470461,-6.2,-16.4091626029598));
#7045=CARTESIAN_POINT('',(81.8542929409227,-6.,-16.4091626029598));
#7046=CARTESIAN_POINT('',(81.8542929409227,-6.2,-16.4091626029598));
#7047=CARTESIAN_POINT('',(81.8542929409227,-6.,-16.4091626029598));
#7048=CARTESIAN_POINT('Origin',(81.8542929409227,-6.2,-16.8361748974906));
#7049=CARTESIAN_POINT('',(81.8542929409227,-6.2,-16.8361748974906));
#7050=CARTESIAN_POINT('',(81.8542929409227,-6.2,-17.9180874487453));
#7051=CARTESIAN_POINT('',(81.8542929409227,-6.,-16.8361748974906));
#7052=CARTESIAN_POINT('',(81.8542929409227,-6.2,-16.8361748974906));
#7053=CARTESIAN_POINT('',(81.8542929409227,-6.,-16.8361748974906));
#7054=CARTESIAN_POINT('Origin',(83.5105009792528,-6.2,-16.8361748974906));
#7055=CARTESIAN_POINT('',(83.5105009792528,-6.2,-16.8361748974906));
#7056=CARTESIAN_POINT('',(115.455250489626,-6.2,-16.8361748974906));
#7057=CARTESIAN_POINT('',(83.5105009792528,-6.,-16.8361748974906));
#7058=CARTESIAN_POINT('',(83.5105009792528,-6.2,-16.8361748974906));
#7059=CARTESIAN_POINT('',(83.5105009792528,-6.,-16.8361748974906));
#7060=CARTESIAN_POINT('Origin',(83.5105009792528,-6.2,-14.8361748676883));
#7061=CARTESIAN_POINT('',(83.5105009792528,-6.2,-16.9180874338441));
#7062=CARTESIAN_POINT('',(83.5105009792528,-6.,-14.8361748676883));
#7063=CARTESIAN_POINT('Origin',(88.0207322301498,-6.,-15.8184395205365));
#7064=CARTESIAN_POINT('Origin',(85.0371028898439,-6.2,-16.3423140566932));
#7065=CARTESIAN_POINT('',(85.0371028898439,-6.2,-16.3423140566932));
#7066=CARTESIAN_POINT('',(85.667389225789,-6.2,-16.3423140566932));
#7067=CARTESIAN_POINT('',(116.218551444922,-6.2,-16.3423140566932));
#7068=CARTESIAN_POINT('',(85.0371028898439,-6.,-16.3423140566932));
#7069=CARTESIAN_POINT('',(85.0371028898439,-6.2,-16.3423140566932));
#7070=CARTESIAN_POINT('',(85.667389225789,-6.,-16.3423140566932));
#7071=CARTESIAN_POINT('',(85.0371028898439,-6.,-16.3423140566932));
#7072=CARTESIAN_POINT('',(85.667389225789,-6.2,-16.3423140566932));
#7073=CARTESIAN_POINT('Origin',(85.0371028898439,-6.2,-14.8361748676883));
#7074=CARTESIAN_POINT('',(85.0371028898439,-6.2,-14.8361748676883));
#7075=CARTESIAN_POINT('',(85.0371028898439,-6.2,-16.9180874338441));
#7076=CARTESIAN_POINT('',(85.0371028898439,-6.,-14.8361748676883));
#7077=CARTESIAN_POINT('',(85.0371028898439,-6.2,-14.8361748676883));
#7078=CARTESIAN_POINT('',(85.0371028898439,-6.,-14.8361748676883));
#7079=CARTESIAN_POINT('Origin',(84.4190951107225,-6.2,-14.8361748676883));
#7080=CARTESIAN_POINT('',(84.4190951107225,-6.2,-14.8361748676883));
#7081=CARTESIAN_POINT('',(115.909547555361,-6.2,-14.8361748676883));
#7082=CARTESIAN_POINT('',(84.4190951107225,-6.,-14.8361748676883));
#7083=CARTESIAN_POINT('',(84.4190951107225,-6.2,-14.8361748676883));
#7084=CARTESIAN_POINT('',(84.4190951107225,-6.,-14.8361748676883));
#7085=CARTESIAN_POINT('Origin',(84.4190951107225,-6.2,-16.3423140566932));
#7086=CARTESIAN_POINT('',(84.4190951107225,-6.2,-16.3423140566932));
#7087=CARTESIAN_POINT('',(84.4190951107225,-6.2,-17.6711570283466));
#7088=CARTESIAN_POINT('',(84.4190951107225,-6.,-16.3423140566932));
#7089=CARTESIAN_POINT('',(84.4190951107225,-6.2,-16.3423140566932));
#7090=CARTESIAN_POINT('',(84.4190951107225,-6.,-16.3423140566932));
#7091=CARTESIAN_POINT('Origin',(83.7888081787309,-6.2,-16.3423140566932));
#7092=CARTESIAN_POINT('',(83.7888081787309,-6.2,-16.3423140566932));
#7093=CARTESIAN_POINT('',(115.594404089365,-6.2,-16.3423140566932));
#7094=CARTESIAN_POINT('',(83.7888081787309,-6.,-16.3423140566932));
#7095=CARTESIAN_POINT('',(83.7888081787309,-6.2,-16.3423140566932));
#7096=CARTESIAN_POINT('',(83.7888081787309,-6.,-16.3423140566932));
#7097=CARTESIAN_POINT('Origin',(83.7888081787309,-6.2,-16.8361748974906));
#7098=CARTESIAN_POINT('',(83.7888081787309,-6.2,-16.8361748974906));
#7099=CARTESIAN_POINT('',(83.7888081787309,-6.2,-17.9180874487453));
#7100=CARTESIAN_POINT('',(83.7888081787309,-6.,-16.8361748974906));
#7101=CARTESIAN_POINT('',(83.7888081787309,-6.2,-16.8361748974906));
#7102=CARTESIAN_POINT('',(83.7888081787309,-6.,-16.8361748974906));
#7103=CARTESIAN_POINT('Origin',(85.667389225789,-6.2,-16.8361748974906));
#7104=CARTESIAN_POINT('',(85.667389225789,-6.2,-16.8361748974906));
#7105=CARTESIAN_POINT('',(116.533694612895,-6.2,-16.8361748974906));
#7106=CARTESIAN_POINT('',(85.667389225789,-6.,-16.8361748974906));
#7107=CARTESIAN_POINT('',(85.667389225789,-6.2,-16.8361748974906));
#7108=CARTESIAN_POINT('',(85.667389225789,-6.,-16.8361748974906));
#7109=CARTESIAN_POINT('Origin',(85.667389225789,-6.2,-16.3423140566932));
#7110=CARTESIAN_POINT('',(85.667389225789,-6.2,-17.6711570283466));
#7111=CARTESIAN_POINT('',(85.667389225789,-6.,-16.3423140566932));
#7112=CARTESIAN_POINT('Origin',(88.0207322301498,-6.,-15.8184395205365));
#7113=CARTESIAN_POINT('Origin',(86.8201859710893,-6.2,-16.3177573900806));
#7114=CARTESIAN_POINT('',(86.8201859710893,-6.2,-16.3177573900806));
#7115=CARTESIAN_POINT('',(87.039830875226,-6.2,-15.5987942438709));
#7116=CARTESIAN_POINT('',(89.0311269161348,-6.2,-9.08068961388117));
#7117=CARTESIAN_POINT('',(86.8201859710893,-6.,-16.3177573900806));
#7118=CARTESIAN_POINT('',(86.8201859710893,-6.2,-16.3177573900806));
#7119=CARTESIAN_POINT('',(87.039830875226,-6.,-15.5987942438709));
#7120=CARTESIAN_POINT('',(86.8201859710893,-6.,-16.3177573900806));
#7121=CARTESIAN_POINT('',(87.039830875226,-6.2,-15.5987942438709));
#7122=CARTESIAN_POINT('Origin',(86.5991761205873,-6.2,-15.5987942438709));
#7123=CARTESIAN_POINT('',(86.5991761205873,-6.2,-15.5987942438709));
#7124=CARTESIAN_POINT('',(89.7014841200265,-6.2,-25.6908562706176));
#7125=CARTESIAN_POINT('',(86.5991761205873,-6.,-15.5987942438709));
#7126=CARTESIAN_POINT('',(86.5991761205873,-6.2,-15.5987942438709));
#7127=CARTESIAN_POINT('',(86.5991761205873,-6.,-15.5987942438709));
#7128=CARTESIAN_POINT('Origin',(87.039830875226,-6.2,-15.5987942438709));
#7129=CARTESIAN_POINT('',(117.219915437613,-6.2,-15.5987942438709));
#7130=CARTESIAN_POINT('',(87.039830875226,-6.,-15.5987942438709));
#7131=CARTESIAN_POINT('Origin',(85.7246877668581,-6.2,-14.8361748676883));
#7132=CARTESIAN_POINT('',(85.7246877668581,-6.2,-14.8361748676883));
#7133=CARTESIAN_POINT('',(86.3713457105837,-6.2,-14.8361748676883));
#7134=CARTESIAN_POINT('',(116.562343883429,-6.2,-14.8361748676883));
#7135=CARTESIAN_POINT('',(85.7246877668581,-6.,-14.8361748676883));
#7136=CARTESIAN_POINT('',(85.7246877668581,-6.2,-14.8361748676883));
#7137=CARTESIAN_POINT('',(86.3713457105837,-6.,-14.8361748676883));
#7138=CARTESIAN_POINT('',(85.7246877668581,-6.,-14.8361748676883));
#7139=CARTESIAN_POINT('',(86.3713457105837,-6.2,-14.8361748676883));
#7140=CARTESIAN_POINT('Origin',(86.4763929365358,-6.2,-16.8361748974906));
#7141=CARTESIAN_POINT('',(86.4763929365358,-6.2,-16.8361748974906));
#7142=CARTESIAN_POINT('',(90.6032438845318,-6.2,-27.8161473014589));
#7143=CARTESIAN_POINT('',(86.4763929365358,-6.,-16.8361748974906));
#7144=CARTESIAN_POINT('',(86.4763929365358,-6.2,-16.8361748974906));
#7145=CARTESIAN_POINT('',(86.4763929365358,-6.,-16.8361748974906));
#7146=CARTESIAN_POINT('Origin',(87.1503360985002,-6.2,-16.8361748974906));
#7147=CARTESIAN_POINT('',(87.1503360985002,-6.2,-16.8361748974906));
#7148=CARTESIAN_POINT('',(117.27516804925,-6.2,-16.8361748974906));
#7149=CARTESIAN_POINT('',(87.1503360985002,-6.,-16.8361748974906));
#7150=CARTESIAN_POINT('',(87.1503360985002,-6.2,-16.8361748974906));
#7151=CARTESIAN_POINT('',(87.1503360985002,-6.,-16.8361748974906));
#7152=CARTESIAN_POINT('Origin',(87.902041268178,-6.2,-14.8361748676883));
#7153=CARTESIAN_POINT('',(87.902041268178,-6.2,-14.8361748676883));
#7154=CARTESIAN_POINT('',(90.8987174810378,-6.2,-6.8631652932069));
#7155=CARTESIAN_POINT('',(87.902041268178,-6.,-14.8361748676883));
#7156=CARTESIAN_POINT('',(87.902041268178,-6.2,-14.8361748676883));
#7157=CARTESIAN_POINT('',(87.902041268178,-6.,-14.8361748676883));
#7158=CARTESIAN_POINT('Origin',(87.2703905819139,-6.2,-14.8361748676883));
#7159=CARTESIAN_POINT('',(87.2703905819139,-6.2,-14.8361748676883));
#7160=CARTESIAN_POINT('',(117.335195290957,-6.2,-14.8361748676883));
#7161=CARTESIAN_POINT('',(87.2703905819139,-6.,-14.8361748676883));
#7162=CARTESIAN_POINT('',(87.2703905819139,-6.2,-14.8361748676883));
#7163=CARTESIAN_POINT('',(87.2703905819139,-6.,-14.8361748676883));
#7164=CARTESIAN_POINT('Origin',(87.1735282657823,-6.2,-15.1663249950992));
#7165=CARTESIAN_POINT('',(87.1735282657823,-6.2,-15.1663249950992));
#7166=CARTESIAN_POINT('',(89.042342833204,-6.2,-8.79656849760452));
#7167=CARTESIAN_POINT('',(87.1735282657823,-6.,-15.1663249950992));
#7168=CARTESIAN_POINT('',(87.1735282657823,-6.2,-15.1663249950992));
#7169=CARTESIAN_POINT('',(87.1735282657823,-6.,-15.1663249950992));
#7170=CARTESIAN_POINT('Origin',(86.4695717809877,-6.2,-15.1663249950992));
#7171=CARTESIAN_POINT('',(86.4695717809877,-6.2,-15.1663249950992));
#7172=CARTESIAN_POINT('',(116.934785890494,-6.2,-15.1663249950992));
#7173=CARTESIAN_POINT('',(86.4695717809877,-6.,-15.1663249950992));
#7174=CARTESIAN_POINT('',(86.4695717809877,-6.2,-15.1663249950992));
#7175=CARTESIAN_POINT('',(86.4695717809877,-6.,-15.1663249950992));
#7176=CARTESIAN_POINT('Origin',(86.3713457105837,-6.2,-14.8361748676883));
#7177=CARTESIAN_POINT('',(89.4217969271944,-6.2,-25.0891235368352));
#7178=CARTESIAN_POINT('',(86.3713457105837,-6.,-14.8361748676883));
#7179=CARTESIAN_POINT('Origin',(88.0207322301498,-6.,-15.8184395205365));
#7180=CARTESIAN_POINT('Ctrl Pts',(88.7492449997148,-6.2,-16.2659156542407));
#7181=CARTESIAN_POINT('Ctrl Pts',(88.7492449997148,-6.,-16.2659156542407));
#7182=CARTESIAN_POINT('Ctrl Pts',(88.7934099649828,-6.2,-16.3000100815165));
#7183=CARTESIAN_POINT('Ctrl Pts',(88.7934099649828,-6.,-16.3000100815165));
#7184=CARTESIAN_POINT('Ctrl Pts',(88.8937853290196,-6.2,-16.3774977582));
#7185=CARTESIAN_POINT('Ctrl Pts',(88.8937853290196,-6.,-16.3774977582));
#7186=CARTESIAN_POINT('Ctrl Pts',(89.0215108810617,-6.2,-16.3811797900526));
#7187=CARTESIAN_POINT('Ctrl Pts',(89.0215108810617,-6.,-16.3811797900526));
#7188=CARTESIAN_POINT('Ctrl Pts',(89.0930374382219,-6.2,-16.3832417350398));
#7189=CARTESIAN_POINT('Ctrl Pts',(89.0930374382219,-6.,-16.3832417350398));
#7190=CARTESIAN_POINT('',(88.7492449997148,-6.2,-16.2659156542407));
#7191=CARTESIAN_POINT('',(89.0930374382219,-6.2,-16.3832417350398));
#7192=CARTESIAN_POINT('Ctrl Pts',(88.7492449997148,-6.2,-16.2659156542407));
#7193=CARTESIAN_POINT('Ctrl Pts',(88.7934099649828,-6.2,-16.3000100815165));
#7194=CARTESIAN_POINT('Ctrl Pts',(88.8937853290196,-6.2,-16.3774977582));
#7195=CARTESIAN_POINT('Ctrl Pts',(89.0215108810617,-6.2,-16.3811797900526));
#7196=CARTESIAN_POINT('Ctrl Pts',(89.0930374382219,-6.2,-16.3832417350398));
#7197=CARTESIAN_POINT('',(88.7492449997148,-6.,-16.2659156542407));
#7198=CARTESIAN_POINT('',(88.7492449997148,-6.2,-16.2659156542407));
#7199=CARTESIAN_POINT('',(89.0930374382219,-6.,-16.3832417350398));
#7200=CARTESIAN_POINT('Ctrl Pts',(88.7492449997148,-6.,-16.2659156542407));
#7201=CARTESIAN_POINT('Ctrl Pts',(88.7934099649828,-6.,-16.3000100815165));
#7202=CARTESIAN_POINT('Ctrl Pts',(88.8937853290196,-6.,-16.3774977582));
#7203=CARTESIAN_POINT('Ctrl Pts',(89.0215108810617,-6.,-16.3811797900526));
#7204=CARTESIAN_POINT('Ctrl Pts',(89.0930374382219,-6.,-16.3832417350398));
#7205=CARTESIAN_POINT('',(89.0930374382219,-6.2,-16.3832417350398));
#7206=CARTESIAN_POINT('Ctrl Pts',(88.6455615280351,-6.2,-15.8307178538429));
#7207=CARTESIAN_POINT('Ctrl Pts',(88.6455615280351,-6.,-15.8307178538429));
#7208=CARTESIAN_POINT('Ctrl Pts',(88.645567405065,-6.2,-15.9223119423838));
#7209=CARTESIAN_POINT('Ctrl Pts',(88.645567405065,-6.,-15.9223119423838));
#7210=CARTESIAN_POINT('Ctrl Pts',(88.645577316175,-6.2,-16.0767775655612));
#7211=CARTESIAN_POINT('Ctrl Pts',(88.645577316175,-6.,-16.0767775655612));
#7212=CARTESIAN_POINT('Ctrl Pts',(88.7192558969681,-6.2,-16.2112015776737));
#7213=CARTESIAN_POINT('Ctrl Pts',(88.7192558969681,-6.,-16.2112015776737));
#7214=CARTESIAN_POINT('Ctrl Pts',(88.7492449997148,-6.2,-16.2659156542407));
#7215=CARTESIAN_POINT('Ctrl Pts',(88.7492449997148,-6.,-16.2659156542407));
#7216=CARTESIAN_POINT('',(88.6455615280351,-6.2,-15.8307178538429));
#7217=CARTESIAN_POINT('Ctrl Pts',(88.6455615280351,-6.2,-15.8307178538429));
#7218=CARTESIAN_POINT('Ctrl Pts',(88.645567405065,-6.2,-15.9223119423838));
#7219=CARTESIAN_POINT('Ctrl Pts',(88.645577316175,-6.2,-16.0767775655612));
#7220=CARTESIAN_POINT('Ctrl Pts',(88.7192558969681,-6.2,-16.2112015776737));
#7221=CARTESIAN_POINT('Ctrl Pts',(88.7492449997148,-6.2,-16.2659156542407));
#7222=CARTESIAN_POINT('',(88.6455615280351,-6.,-15.8307178538429));
#7223=CARTESIAN_POINT('',(88.6455615280351,-6.2,-15.8307178538429));
#7224=CARTESIAN_POINT('Ctrl Pts',(88.6455615280351,-6.,-15.8307178538429));
#7225=CARTESIAN_POINT('Ctrl Pts',(88.645567405065,-6.,-15.9223119423838));
#7226=CARTESIAN_POINT('Ctrl Pts',(88.645577316175,-6.,-16.0767775655612));
#7227=CARTESIAN_POINT('Ctrl Pts',(88.7192558969681,-6.,-16.2112015776737));
#7228=CARTESIAN_POINT('Ctrl Pts',(88.7492449997148,-6.,-16.2659156542407));
#7229=CARTESIAN_POINT('Ctrl Pts',(88.6919464586458,-6.2,-15.4828325133907));
#7230=CARTESIAN_POINT('Ctrl Pts',(88.6919464586458,-6.,-15.4828325133907));
#7231=CARTESIAN_POINT('Ctrl Pts',(88.678520233127,-6.2,-15.5295108698366));
#7232=CARTESIAN_POINT('Ctrl Pts',(88.678520233127,-6.,-15.5295108698366));
#7233=CARTESIAN_POINT('Ctrl Pts',(88.6459066095815,-6.2,-15.6428971929493));
#7234=CARTESIAN_POINT('Ctrl Pts',(88.6459066095815,-6.,-15.6428971929493));
#7235=CARTESIAN_POINT('Ctrl Pts',(88.645689348236,-6.2,-15.7611479946233));
#7236=CARTESIAN_POINT('Ctrl Pts',(88.645689348236,-6.,-15.7611479946233));
#7237=CARTESIAN_POINT('Ctrl Pts',(88.6455615280351,-6.2,-15.8307178538429));
#7238=CARTESIAN_POINT('Ctrl Pts',(88.6455615280351,-6.,-15.8307178538429));
#7239=CARTESIAN_POINT('',(88.6919464586458,-6.2,-15.4828325133907));
#7240=CARTESIAN_POINT('Ctrl Pts',(88.6919464586458,-6.2,-15.4828325133907));
#7241=CARTESIAN_POINT('Ctrl Pts',(88.678520233127,-6.2,-15.5295108698366));
#7242=CARTESIAN_POINT('Ctrl Pts',(88.6459066095815,-6.2,-15.6428971929493));
#7243=CARTESIAN_POINT('Ctrl Pts',(88.645689348236,-6.2,-15.7611479946233));
#7244=CARTESIAN_POINT('Ctrl Pts',(88.6455615280351,-6.2,-15.8307178538429));
#7245=CARTESIAN_POINT('',(88.6919464586458,-6.,-15.4828325133907));
#7246=CARTESIAN_POINT('',(88.6919464586458,-6.2,-15.4828325133907));
#7247=CARTESIAN_POINT('Ctrl Pts',(88.6919464586458,-6.,-15.4828325133907));
#7248=CARTESIAN_POINT('Ctrl Pts',(88.678520233127,-6.,-15.5295108698366));
#7249=CARTESIAN_POINT('Ctrl Pts',(88.6459066095815,-6.,-15.6428971929493));
#7250=CARTESIAN_POINT('Ctrl Pts',(88.645689348236,-6.,-15.7611479946233));
#7251=CARTESIAN_POINT('Ctrl Pts',(88.6455615280351,-6.,-15.8307178538429));
#7252=CARTESIAN_POINT('Ctrl Pts',(88.8201864479265,-6.2,-15.3327641111003));
#7253=CARTESIAN_POINT('Ctrl Pts',(88.8201864479265,-6.,-15.3327641111003));
#7254=CARTESIAN_POINT('Ctrl Pts',(88.793974081875,-6.2,-15.3509022135578));
#7255=CARTESIAN_POINT('Ctrl Pts',(88.793974081875,-6.,-15.3509022135578));
#7256=CARTESIAN_POINT('Ctrl Pts',(88.7381624511493,-6.2,-15.3895220418646));
#7257=CARTESIAN_POINT('Ctrl Pts',(88.7381624511493,-6.,-15.3895220418646));
#7258=CARTESIAN_POINT('Ctrl Pts',(88.7079626751705,-6.2,-15.4504956396154));
#7259=CARTESIAN_POINT('Ctrl Pts',(88.7079626751705,-6.,-15.4504956396154));
#7260=CARTESIAN_POINT('Ctrl Pts',(88.6919464586458,-6.2,-15.4828325133907));
#7261=CARTESIAN_POINT('Ctrl Pts',(88.6919464586458,-6.,-15.4828325133907));
#7262=CARTESIAN_POINT('',(88.8201864479265,-6.2,-15.3327641111003));
#7263=CARTESIAN_POINT('Ctrl Pts',(88.8201864479265,-6.2,-15.3327641111003));
#7264=CARTESIAN_POINT('Ctrl Pts',(88.793974081875,-6.2,-15.3509022135578));
#7265=CARTESIAN_POINT('Ctrl Pts',(88.7381624511493,-6.2,-15.3895220418646));
#7266=CARTESIAN_POINT('Ctrl Pts',(88.7079626751705,-6.2,-15.4504956396154));
#7267=CARTESIAN_POINT('Ctrl Pts',(88.6919464586458,-6.2,-15.4828325133907));
#7268=CARTESIAN_POINT('',(88.8201864479265,-6.,-15.3327641111003));
#7269=CARTESIAN_POINT('',(88.8201864479265,-6.2,-15.3327641111003));
#7270=CARTESIAN_POINT('Ctrl Pts',(88.8201864479265,-6.,-15.3327641111003));
#7271=CARTESIAN_POINT('Ctrl Pts',(88.793974081875,-6.,-15.3509022135578));
#7272=CARTESIAN_POINT('Ctrl Pts',(88.7381624511493,-6.,-15.3895220418646));
#7273=CARTESIAN_POINT('Ctrl Pts',(88.7079626751705,-6.,-15.4504956396154));
#7274=CARTESIAN_POINT('Ctrl Pts',(88.6919464586458,-6.,-15.4828325133907));
#7275=CARTESIAN_POINT('Ctrl Pts',(89.0957661388597,-6.2,-15.2904722314464));
#7276=CARTESIAN_POINT('Ctrl Pts',(89.0957661388597,-6.,-15.2904722314464));
#7277=CARTESIAN_POINT('Ctrl Pts',(89.0399031971875,-6.2,-15.2904904892298));
#7278=CARTESIAN_POINT('Ctrl Pts',(89.0399031971875,-6.,-15.2904904892298));
#7279=CARTESIAN_POINT('Ctrl Pts',(88.9455934369412,-6.2,-15.2905213126545));
#7280=CARTESIAN_POINT('Ctrl Pts',(88.9455934369412,-6.,-15.2905213126545));
#7281=CARTESIAN_POINT('Ctrl Pts',(88.8565047968732,-6.2,-15.3205304333245));
#7282=CARTESIAN_POINT('Ctrl Pts',(88.8565047968732,-6.,-15.3205304333245));
#7283=CARTESIAN_POINT('Ctrl Pts',(88.8201864479265,-6.2,-15.3327641111003));
#7284=CARTESIAN_POINT('Ctrl Pts',(88.8201864479265,-6.,-15.3327641111003));
#7285=CARTESIAN_POINT('',(89.0957661388597,-6.2,-15.2904722314464));
#7286=CARTESIAN_POINT('Ctrl Pts',(89.0957661388597,-6.2,-15.2904722314464));
#7287=CARTESIAN_POINT('Ctrl Pts',(89.0399031971875,-6.2,-15.2904904892298));
#7288=CARTESIAN_POINT('Ctrl Pts',(88.9455934369412,-6.2,-15.2905213126545));
#7289=CARTESIAN_POINT('Ctrl Pts',(88.8565047968732,-6.2,-15.3205304333245));
#7290=CARTESIAN_POINT('Ctrl Pts',(88.8201864479265,-6.2,-15.3327641111003));
#7291=CARTESIAN_POINT('',(89.0957661388597,-6.,-15.2904722314464));
#7292=CARTESIAN_POINT('',(89.0957661388597,-6.2,-15.2904722314464));
#7293=CARTESIAN_POINT('Ctrl Pts',(89.0957661388597,-6.,-15.2904722314464));
#7294=CARTESIAN_POINT('Ctrl Pts',(89.0399031971875,-6.,-15.2904904892298));
#7295=CARTESIAN_POINT('Ctrl Pts',(88.9455934369412,-6.,-15.2905213126545));
#7296=CARTESIAN_POINT('Ctrl Pts',(88.8565047968732,-6.,-15.3205304333245));
#7297=CARTESIAN_POINT('Ctrl Pts',(88.8201864479265,-6.,-15.3327641111003));
#7298=CARTESIAN_POINT('Origin',(89.2471982954225,-6.2,-15.2904722314464));
#7299=CARTESIAN_POINT('',(89.2471982954225,-6.2,-15.2904722314464));
#7300=CARTESIAN_POINT('',(118.323599147711,-6.2,-15.2904722314464));
#7301=CARTESIAN_POINT('',(89.2471982954225,-6.,-15.2904722314464));
#7302=CARTESIAN_POINT('',(89.2471982954225,-6.2,-15.2904722314464));
#7303=CARTESIAN_POINT('',(89.2471982954225,-6.,-15.2904722314464));
#7304=CARTESIAN_POINT('Origin',(89.2471982954225,-6.2,-16.3832417350398));
#7305=CARTESIAN_POINT('',(89.2471982954225,-6.2,-16.3832417350398));
#7306=CARTESIAN_POINT('',(89.2471982954225,-6.2,-17.6916208675199));
#7307=CARTESIAN_POINT('',(89.2471982954225,-6.,-16.3832417350398));
#7308=CARTESIAN_POINT('',(89.2471982954225,-6.2,-16.3832417350398));
#7309=CARTESIAN_POINT('',(89.2471982954225,-6.,-16.3832417350398));
#7310=CARTESIAN_POINT('Origin',(89.0930374382219,-6.2,-16.3832417350398));
#7311=CARTESIAN_POINT('',(118.246518719111,-6.2,-16.3832417350398));
#7312=CARTESIAN_POINT('',(89.0930374382219,-6.,-16.3832417350398));
#7313=CARTESIAN_POINT('Origin',(88.9470620868883,-6.2,-14.8361748676883));
#7314=CARTESIAN_POINT('',(88.9470620868883,-6.2,-14.8361748676883));
#7315=CARTESIAN_POINT('',(89.8652066705904,-6.2,-14.8361748676883));
#7316=CARTESIAN_POINT('',(118.173531043444,-6.2,-14.8361748676883));
#7317=CARTESIAN_POINT('',(88.9470620868883,-6.,-14.8361748676883));
#7318=CARTESIAN_POINT('',(88.9470620868883,-6.2,-14.8361748676883));
#7319=CARTESIAN_POINT('',(89.8652066705904,-6.,-14.8361748676883));
#7320=CARTESIAN_POINT('',(88.9470620868883,-6.,-14.8361748676883));
#7321=CARTESIAN_POINT('',(89.8652066705904,-6.2,-14.8361748676883));
#7322=CARTESIAN_POINT('Ctrl Pts',(88.5787131307802,-6.2,-14.8907450061427));
#7323=CARTESIAN_POINT('Ctrl Pts',(88.5787131307802,-6.,-14.8907450061427));
#7324=CARTESIAN_POINT('Ctrl Pts',(88.6429628372641,-6.2,-14.8748467517597));
#7325=CARTESIAN_POINT('Ctrl Pts',(88.6429628372641,-6.,-14.8748467517597));
#7326=CARTESIAN_POINT('Ctrl Pts',(88.7640497818615,-6.2,-14.8448844195868));
#7327=CARTESIAN_POINT('Ctrl Pts',(88.7640497818615,-6.,-14.8448844195868));
#7328=CARTESIAN_POINT('Ctrl Pts',(88.8885994664619,-6.2,-14.8389571026132));
#7329=CARTESIAN_POINT('Ctrl Pts',(88.8885994664619,-6.,-14.8389571026132));
#7330=CARTESIAN_POINT('Ctrl Pts',(88.9470620868883,-6.2,-14.8361748676883));
#7331=CARTESIAN_POINT('Ctrl Pts',(88.9470620868883,-6.,-14.8361748676883));
#7332=CARTESIAN_POINT('',(88.5787131307802,-6.2,-14.8907450061427));
#7333=CARTESIAN_POINT('Ctrl Pts',(88.5787131307802,-6.2,-14.8907450061427));
#7334=CARTESIAN_POINT('Ctrl Pts',(88.6429628372641,-6.2,-14.8748467517597));
#7335=CARTESIAN_POINT('Ctrl Pts',(88.7640497818615,-6.2,-14.8448844195868));
#7336=CARTESIAN_POINT('Ctrl Pts',(88.8885994664619,-6.2,-14.8389571026132));
#7337=CARTESIAN_POINT('Ctrl Pts',(88.9470620868883,-6.2,-14.8361748676883));
#7338=CARTESIAN_POINT('',(88.5787131307802,-6.,-14.8907450061427));
#7339=CARTESIAN_POINT('',(88.5787131307802,-6.2,-14.8907450061427));
#7340=CARTESIAN_POINT('Ctrl Pts',(88.5787131307802,-6.,-14.8907450061427));
#7341=CARTESIAN_POINT('Ctrl Pts',(88.6429628372641,-6.,-14.8748467517597));
#7342=CARTESIAN_POINT('Ctrl Pts',(88.7640497818615,-6.,-14.8448844195868));
#7343=CARTESIAN_POINT('Ctrl Pts',(88.8885994664619,-6.,-14.8389571026132));
#7344=CARTESIAN_POINT('Ctrl Pts',(88.9470620868883,-6.,-14.8361748676883));
#7345=CARTESIAN_POINT('Ctrl Pts',(88.3004047392091,-6.2,-15.0489989143001));
#7346=CARTESIAN_POINT('Ctrl Pts',(88.3004047392091,-6.,-15.0489989143001));
#7347=CARTESIAN_POINT('Ctrl Pts',(88.3434839463524,-6.2,-15.012985293021));
#7348=CARTESIAN_POINT('Ctrl Pts',(88.3434839463524,-6.,-15.012985293021));
#7349=CARTESIAN_POINT('Ctrl Pts',(88.4267580156833,-6.2,-14.9433693229483));
#7350=CARTESIAN_POINT('Ctrl Pts',(88.4267580156833,-6.,-14.9433693229483));
#7351=CARTESIAN_POINT('Ctrl Pts',(88.5292446949972,-6.2,-14.9078766613349));
#7352=CARTESIAN_POINT('Ctrl Pts',(88.5292446949972,-6.,-14.9078766613349));
#7353=CARTESIAN_POINT('Ctrl Pts',(88.5787131307802,-6.2,-14.8907450061427));
#7354=CARTESIAN_POINT('Ctrl Pts',(88.5787131307802,-6.,-14.8907450061427));
#7355=CARTESIAN_POINT('',(88.3004047392091,-6.2,-15.0489989143001));
#7356=CARTESIAN_POINT('Ctrl Pts',(88.3004047392091,-6.2,-15.0489989143001));
#7357=CARTESIAN_POINT('Ctrl Pts',(88.3434839463524,-6.2,-15.012985293021));
#7358=CARTESIAN_POINT('Ctrl Pts',(88.4267580156833,-6.2,-14.9433693229483));
#7359=CARTESIAN_POINT('Ctrl Pts',(88.5292446949972,-6.2,-14.9078766613349));
#7360=CARTESIAN_POINT('Ctrl Pts',(88.5787131307802,-6.2,-14.8907450061427));
#7361=CARTESIAN_POINT('',(88.3004047392091,-6.,-15.0489989143001));
#7362=CARTESIAN_POINT('',(88.3004047392091,-6.2,-15.0489989143001));
#7363=CARTESIAN_POINT('Ctrl Pts',(88.3004047392091,-6.,-15.0489989143001));
#7364=CARTESIAN_POINT('Ctrl Pts',(88.3434839463524,-6.,-15.012985293021));
#7365=CARTESIAN_POINT('Ctrl Pts',(88.4267580156833,-6.,-14.9433693229483));
#7366=CARTESIAN_POINT('Ctrl Pts',(88.5292446949972,-6.,-14.9078766613349));
#7367=CARTESIAN_POINT('Ctrl Pts',(88.5787131307802,-6.,-14.8907450061427));
#7368=CARTESIAN_POINT('Ctrl Pts',(88.098494601079,-6.2,-15.3450423699008));
#7369=CARTESIAN_POINT('Ctrl Pts',(88.098494601079,-6.,-15.3450423699008));
#7370=CARTESIAN_POINT('Ctrl Pts',(88.1245549202469,-6.2,-15.2891108669263));
#7371=CARTESIAN_POINT('Ctrl Pts',(88.1245549202469,-6.,-15.2891108669263));
#7372=CARTESIAN_POINT('Ctrl Pts',(88.1756937991534,-6.2,-15.1793549449348));
#7373=CARTESIAN_POINT('Ctrl Pts',(88.1756937991534,-6.,-15.1793549449348));
#7374=CARTESIAN_POINT('Ctrl Pts',(88.2593698944828,-6.2,-15.0918912176845));
#7375=CARTESIAN_POINT('Ctrl Pts',(88.2593698944828,-6.,-15.0918912176845));
#7376=CARTESIAN_POINT('Ctrl Pts',(88.3004047392091,-6.2,-15.0489989143001));
#7377=CARTESIAN_POINT('Ctrl Pts',(88.3004047392091,-6.,-15.0489989143001));
#7378=CARTESIAN_POINT('',(88.098494601079,-6.2,-15.3450423699008));
#7379=CARTESIAN_POINT('Ctrl Pts',(88.098494601079,-6.2,-15.3450423699008));
#7380=CARTESIAN_POINT('Ctrl Pts',(88.1245549202469,-6.2,-15.2891108669263));
#7381=CARTESIAN_POINT('Ctrl Pts',(88.1756937991534,-6.2,-15.1793549449348));
#7382=CARTESIAN_POINT('Ctrl Pts',(88.2593698944828,-6.2,-15.0918912176845));
#7383=CARTESIAN_POINT('Ctrl Pts',(88.3004047392091,-6.2,-15.0489989143001));
#7384=CARTESIAN_POINT('',(88.098494601079,-6.,-15.3450423699008));
#7385=CARTESIAN_POINT('',(88.098494601079,-6.2,-15.3450423699008));
#7386=CARTESIAN_POINT('Ctrl Pts',(88.098494601079,-6.,-15.3450423699008));
#7387=CARTESIAN_POINT('Ctrl Pts',(88.1245549202469,-6.,-15.2891108669263));
#7388=CARTESIAN_POINT('Ctrl Pts',(88.1756937991534,-6.,-15.1793549449348));
#7389=CARTESIAN_POINT('Ctrl Pts',(88.2593698944828,-6.,-15.0918912176845));
#7390=CARTESIAN_POINT('Ctrl Pts',(88.3004047392091,-6.,-15.0489989143001));
#7391=CARTESIAN_POINT('Ctrl Pts',(88.0248250482759,-6.2,-15.8429961126434));
#7392=CARTESIAN_POINT('Ctrl Pts',(88.0248250482759,-6.,-15.8429961126434));
#7393=CARTESIAN_POINT('Ctrl Pts',(88.0259604710539,-6.2,-15.7472637637786));
#7394=CARTESIAN_POINT('Ctrl Pts',(88.0259604710539,-6.,-15.7472637637786));
#7395=CARTESIAN_POINT('Ctrl Pts',(88.0279720169756,-6.2,-15.5776617268411));
#7396=CARTESIAN_POINT('Ctrl Pts',(88.0279720169756,-6.,-15.5776617268411));
#7397=CARTESIAN_POINT('Ctrl Pts',(88.0770979428445,-6.2,-15.4156194331559));
#7398=CARTESIAN_POINT('Ctrl Pts',(88.0770979428445,-6.,-15.4156194331559));
#7399=CARTESIAN_POINT('Ctrl Pts',(88.098494601079,-6.2,-15.3450423699008));
#7400=CARTESIAN_POINT('Ctrl Pts',(88.098494601079,-6.,-15.3450423699008));
#7401=CARTESIAN_POINT('',(88.0248250482759,-6.2,-15.8429961126434));
#7402=CARTESIAN_POINT('Ctrl Pts',(88.0248250482759,-6.2,-15.8429961126434));
#7403=CARTESIAN_POINT('Ctrl Pts',(88.0259604710539,-6.2,-15.7472637637786));
#7404=CARTESIAN_POINT('Ctrl Pts',(88.0279720169756,-6.2,-15.5776617268411));
#7405=CARTESIAN_POINT('Ctrl Pts',(88.0770979428445,-6.2,-15.4156194331559));
#7406=CARTESIAN_POINT('Ctrl Pts',(88.098494601079,-6.2,-15.3450423699008));
#7407=CARTESIAN_POINT('',(88.0248250482759,-6.,-15.8429961126434));
#7408=CARTESIAN_POINT('',(88.0248250482759,-6.2,-15.8429961126434));
#7409=CARTESIAN_POINT('Ctrl Pts',(88.0248250482759,-6.,-15.8429961126434));
#7410=CARTESIAN_POINT('Ctrl Pts',(88.0259604710539,-6.,-15.7472637637786));
#7411=CARTESIAN_POINT('Ctrl Pts',(88.0279720169756,-6.,-15.5776617268411));
#7412=CARTESIAN_POINT('Ctrl Pts',(88.0770979428445,-6.,-15.4156194331559));
#7413=CARTESIAN_POINT('Ctrl Pts',(88.098494601079,-6.,-15.3450423699008));
#7414=CARTESIAN_POINT('Ctrl Pts',(88.0739380834779,-6.2,-16.2304449301349));
#7415=CARTESIAN_POINT('Ctrl Pts',(88.0739380834779,-6.,-16.2304449301349));
#7416=CARTESIAN_POINT('Ctrl Pts',(88.0596151578377,-6.2,-16.1679510340787));
#7417=CARTESIAN_POINT('Ctrl Pts',(88.0596151578377,-6.,-16.1679510340787));
#7418=CARTESIAN_POINT('Ctrl Pts',(88.0303927169911,-6.2,-16.0404474620682));
#7419=CARTESIAN_POINT('Ctrl Pts',(88.0303927169911,-6.,-16.0404474620682));
#7420=CARTESIAN_POINT('Ctrl Pts',(88.0267051907743,-6.2,-15.909673332931));
#7421=CARTESIAN_POINT('Ctrl Pts',(88.0267051907743,-6.,-15.909673332931));
#7422=CARTESIAN_POINT('Ctrl Pts',(88.0248250482759,-6.2,-15.8429961126434));
#7423=CARTESIAN_POINT('Ctrl Pts',(88.0248250482759,-6.,-15.8429961126434));
#7424=CARTESIAN_POINT('',(88.0739380834779,-6.2,-16.2304449301349));
#7425=CARTESIAN_POINT('Ctrl Pts',(88.0739380834779,-6.2,-16.2304449301349));
#7426=CARTESIAN_POINT('Ctrl Pts',(88.0596151578377,-6.2,-16.1679510340787));
#7427=CARTESIAN_POINT('Ctrl Pts',(88.0303927169911,-6.2,-16.0404474620682));
#7428=CARTESIAN_POINT('Ctrl Pts',(88.0267051907743,-6.2,-15.909673332931));
#7429=CARTESIAN_POINT('Ctrl Pts',(88.0248250482759,-6.2,-15.8429961126434));
#7430=CARTESIAN_POINT('',(88.0739380834779,-6.,-16.2304449301349));
#7431=CARTESIAN_POINT('',(88.0739380834779,-6.2,-16.2304449301349));
#7432=CARTESIAN_POINT('Ctrl Pts',(88.0739380834779,-6.,-16.2304449301349));
#7433=CARTESIAN_POINT('Ctrl Pts',(88.0596151578377,-6.,-16.1679510340787));
#7434=CARTESIAN_POINT('Ctrl Pts',(88.0303927169911,-6.,-16.0404474620682));
#7435=CARTESIAN_POINT('Ctrl Pts',(88.0267051907743,-6.,-15.909673332931));
#7436=CARTESIAN_POINT('Ctrl Pts',(88.0248250482759,-6.,-15.8429961126434));
#7437=CARTESIAN_POINT('Ctrl Pts',(88.2321919916353,-6.2,-16.5510452013599));
#7438=CARTESIAN_POINT('Ctrl Pts',(88.2321919916353,-6.,-16.5510452013599));
#7439=CARTESIAN_POINT('Ctrl Pts',(88.1981640570763,-6.2,-16.5026780566751));
#7440=CARTESIAN_POINT('Ctrl Pts',(88.1981640570763,-6.,-16.5026780566751));
#7441=CARTESIAN_POINT('Ctrl Pts',(88.1287833521595,-6.2,-16.4040606519886));
#7442=CARTESIAN_POINT('Ctrl Pts',(88.1287833521595,-6.,-16.4040606519886));
#7443=CARTESIAN_POINT('Ctrl Pts',(88.0924510964743,-6.2,-16.2890488934724));
#7444=CARTESIAN_POINT('Ctrl Pts',(88.0924510964743,-6.,-16.2890488934724));
#7445=CARTESIAN_POINT('Ctrl Pts',(88.0739380834779,-6.2,-16.2304449301349));
#7446=CARTESIAN_POINT('Ctrl Pts',(88.0739380834779,-6.,-16.2304449301349));
#7447=CARTESIAN_POINT('',(88.2321919916353,-6.2,-16.5510452013599));
#7448=CARTESIAN_POINT('Ctrl Pts',(88.2321919916353,-6.2,-16.5510452013599));
#7449=CARTESIAN_POINT('Ctrl Pts',(88.1981640570763,-6.2,-16.5026780566751));
#7450=CARTESIAN_POINT('Ctrl Pts',(88.1287833521595,-6.2,-16.4040606519886));
#7451=CARTESIAN_POINT('Ctrl Pts',(88.0924510964743,-6.2,-16.2890488934724));
#7452=CARTESIAN_POINT('Ctrl Pts',(88.0739380834779,-6.2,-16.2304449301349));
#7453=CARTESIAN_POINT('',(88.2321919916353,-6.,-16.5510452013599));
#7454=CARTESIAN_POINT('',(88.2321919916353,-6.2,-16.5510452013599));
#7455=CARTESIAN_POINT('Ctrl Pts',(88.2321919916353,-6.,-16.5510452013599));
#7456=CARTESIAN_POINT('Ctrl Pts',(88.1981640570763,-6.,-16.5026780566751));
#7457=CARTESIAN_POINT('Ctrl Pts',(88.1287833521595,-6.,-16.4040606519886));
#7458=CARTESIAN_POINT('Ctrl Pts',(88.0924510964743,-6.,-16.2890488934724));
#7459=CARTESIAN_POINT('Ctrl Pts',(88.0739380834779,-6.,-16.2304449301349));
#7460=CARTESIAN_POINT('Ctrl Pts',(88.5091360328874,-6.2,-16.7625050466644));
#7461=CARTESIAN_POINT('Ctrl Pts',(88.5091360328874,-6.,-16.7625050466644));
#7462=CARTESIAN_POINT('Ctrl Pts',(88.4558489267409,-6.2,-16.7355319524885));
#7463=CARTESIAN_POINT('Ctrl Pts',(88.4558489267409,-6.,-16.7355319524885));
#7464=CARTESIAN_POINT('Ctrl Pts',(88.350423937181,-6.2,-16.6821674825909));
#7465=CARTESIAN_POINT('Ctrl Pts',(88.350423937181,-6.,-16.6821674825909));
#7466=CARTESIAN_POINT('Ctrl Pts',(88.271315189101,-6.2,-16.5944338377988));
#7467=CARTESIAN_POINT('Ctrl Pts',(88.271315189101,-6.,-16.5944338377988));
#7468=CARTESIAN_POINT('Ctrl Pts',(88.2321919916353,-6.2,-16.5510452013599));
#7469=CARTESIAN_POINT('Ctrl Pts',(88.2321919916353,-6.,-16.5510452013599));
#7470=CARTESIAN_POINT('',(88.5091360328874,-6.2,-16.7625050466644));
#7471=CARTESIAN_POINT('Ctrl Pts',(88.5091360328874,-6.2,-16.7625050466644));
#7472=CARTESIAN_POINT('Ctrl Pts',(88.4558489267409,-6.2,-16.7355319524885));
#7473=CARTESIAN_POINT('Ctrl Pts',(88.350423937181,-6.2,-16.6821674825909));
#7474=CARTESIAN_POINT('Ctrl Pts',(88.271315189101,-6.2,-16.5944338377988));
#7475=CARTESIAN_POINT('Ctrl Pts',(88.2321919916353,-6.2,-16.5510452013599));
#7476=CARTESIAN_POINT('',(88.5091360328874,-6.,-16.7625050466644));
#7477=CARTESIAN_POINT('',(88.5091360328874,-6.2,-16.7625050466644));
#7478=CARTESIAN_POINT('Ctrl Pts',(88.5091360328874,-6.,-16.7625050466644));
#7479=CARTESIAN_POINT('Ctrl Pts',(88.4558489267409,-6.,-16.7355319524885));
#7480=CARTESIAN_POINT('Ctrl Pts',(88.350423937181,-6.,-16.6821674825909));
#7481=CARTESIAN_POINT('Ctrl Pts',(88.271315189101,-6.,-16.5944338377988));
#7482=CARTESIAN_POINT('Ctrl Pts',(88.2321919916353,-6.,-16.5510452013599));
#7483=CARTESIAN_POINT('Ctrl Pts',(88.9470620868883,-6.2,-16.8361748974906));
#7484=CARTESIAN_POINT('Ctrl Pts',(88.9470620868883,-6.,-16.8361748974906));
#7485=CARTESIAN_POINT('Ctrl Pts',(88.8645091003729,-6.2,-16.8345681278929));
#7486=CARTESIAN_POINT('Ctrl Pts',(88.8645091003729,-6.,-16.8345681278929));
#7487=CARTESIAN_POINT('Ctrl Pts',(88.7146607337288,-6.2,-16.8316515550352));
#7488=CARTESIAN_POINT('Ctrl Pts',(88.7146607337288,-6.,-16.8316515550352));
#7489=CARTESIAN_POINT('Ctrl Pts',(88.5728305351446,-6.2,-16.7839343562095));
#7490=CARTESIAN_POINT('Ctrl Pts',(88.5728305351446,-6.,-16.7839343562095));
#7491=CARTESIAN_POINT('Ctrl Pts',(88.5091360328874,-6.2,-16.7625050466644));
#7492=CARTESIAN_POINT('Ctrl Pts',(88.5091360328874,-6.,-16.7625050466644));
#7493=CARTESIAN_POINT('',(88.9470620868883,-6.2,-16.8361748974906));
#7494=CARTESIAN_POINT('Ctrl Pts',(88.9470620868883,-6.2,-16.8361748974906));
#7495=CARTESIAN_POINT('Ctrl Pts',(88.8645091003729,-6.2,-16.8345681278929));
#7496=CARTESIAN_POINT('Ctrl Pts',(88.7146607337288,-6.2,-16.8316515550352));
#7497=CARTESIAN_POINT('Ctrl Pts',(88.5728305351446,-6.2,-16.7839343562095));
#7498=CARTESIAN_POINT('Ctrl Pts',(88.5091360328874,-6.2,-16.7625050466644));
#7499=CARTESIAN_POINT('',(88.9470620868883,-6.,-16.8361748974906));
#7500=CARTESIAN_POINT('',(88.9470620868883,-6.2,-16.8361748974906));
#7501=CARTESIAN_POINT('Ctrl Pts',(88.9470620868883,-6.,-16.8361748974906));
#7502=CARTESIAN_POINT('Ctrl Pts',(88.8645091003729,-6.,-16.8345681278929));
#7503=CARTESIAN_POINT('Ctrl Pts',(88.7146607337288,-6.,-16.8316515550352));
#7504=CARTESIAN_POINT('Ctrl Pts',(88.5728305351446,-6.,-16.7839343562095));
#7505=CARTESIAN_POINT('Ctrl Pts',(88.5091360328874,-6.,-16.7625050466644));
#7506=CARTESIAN_POINT('Origin',(89.8652066705904,-6.2,-16.8361748974906));
#7507=CARTESIAN_POINT('',(89.8652066705904,-6.2,-16.8361748974906));
#7508=CARTESIAN_POINT('',(118.632603335295,-6.2,-16.8361748974906));
#7509=CARTESIAN_POINT('',(89.8652066705904,-6.,-16.8361748974906));
#7510=CARTESIAN_POINT('',(89.8652066705904,-6.2,-16.8361748974906));
#7511=CARTESIAN_POINT('',(89.8652066705904,-6.,-16.8361748974906));
#7512=CARTESIAN_POINT('Origin',(89.8652066705904,-6.2,-14.8361748676883));
#7513=CARTESIAN_POINT('',(89.8652066705903,-6.2,-16.9180874338441));
#7514=CARTESIAN_POINT('',(89.8652066705904,-6.,-14.8361748676883));
#7515=CARTESIAN_POINT('Origin',(88.0207322301498,-6.,-15.8184395205365));
#7516=CARTESIAN_POINT('Ctrl Pts',(93.0084535895071,-6.2,-15.3573209267246));
#7517=CARTESIAN_POINT('Ctrl Pts',(93.0084535895071,-6.,-15.3573209267246));
#7518=CARTESIAN_POINT('Ctrl Pts',(92.9818291470035,-6.2,-15.3926430682061));
#7519=CARTESIAN_POINT('Ctrl Pts',(92.9818291470035,-6.,-15.3926430682061));
#7520=CARTESIAN_POINT('Ctrl Pts',(92.9245408454094,-6.2,-15.468646368327));
#7521=CARTESIAN_POINT('Ctrl Pts',(92.9245408454094,-6.,-15.468646368327));
#7522=CARTESIAN_POINT('Ctrl Pts',(92.9196605694969,-6.2,-15.5640825479303));
#7523=CARTESIAN_POINT('Ctrl Pts',(92.9196605694969,-6.,-15.5640825479303));
#7524=CARTESIAN_POINT('Ctrl Pts',(92.9170483766279,-6.2,-15.6151652556049));
#7525=CARTESIAN_POINT('Ctrl Pts',(92.9170483766279,-6.,-15.6151652556049));
#7526=CARTESIAN_POINT('',(93.0084535895071,-6.2,-15.3573209267246));
#7527=CARTESIAN_POINT('',(92.9170483766279,-6.2,-15.6151652556049));
#7528=CARTESIAN_POINT('Ctrl Pts',(93.0084535895071,-6.2,-15.3573209267246));
#7529=CARTESIAN_POINT('Ctrl Pts',(92.9818291470035,-6.2,-15.3926430682061));
#7530=CARTESIAN_POINT('Ctrl Pts',(92.9245408454094,-6.2,-15.468646368327));
#7531=CARTESIAN_POINT('Ctrl Pts',(92.9196605694969,-6.2,-15.5640825479303));
#7532=CARTESIAN_POINT('Ctrl Pts',(92.9170483766279,-6.2,-15.6151652556049));
#7533=CARTESIAN_POINT('',(93.0084535895071,-6.,-15.3573209267246));
#7534=CARTESIAN_POINT('',(93.0084535895071,-6.2,-15.3573209267246));
#7535=CARTESIAN_POINT('',(92.9170483766279,-6.,-15.6151652556049));
#7536=CARTESIAN_POINT('Ctrl Pts',(93.0084535895071,-6.,-15.3573209267246));
#7537=CARTESIAN_POINT('Ctrl Pts',(92.9818291470035,-6.,-15.3926430682061));
#7538=CARTESIAN_POINT('Ctrl Pts',(92.9245408454094,-6.,-15.468646368327));
#7539=CARTESIAN_POINT('Ctrl Pts',(92.9196605694969,-6.,-15.5640825479303));
#7540=CARTESIAN_POINT('Ctrl Pts',(92.9170483766279,-6.,-15.6151652556049));
#7541=CARTESIAN_POINT('',(92.9170483766279,-6.2,-15.6151652556049));
#7542=CARTESIAN_POINT('Ctrl Pts',(93.258112561532,-6.2,-15.2672797661411));
#7543=CARTESIAN_POINT('Ctrl Pts',(93.258112561532,-6.,-15.2672797661411));
#7544=CARTESIAN_POINT('Ctrl Pts',(93.2089050675495,-6.2,-15.2699886027073));
#7545=CARTESIAN_POINT('Ctrl Pts',(93.2089050675495,-6.,-15.2699886027073));
#7546=CARTESIAN_POINT('Ctrl Pts',(93.1163328270402,-6.2,-15.2750846368641));
#7547=CARTESIAN_POINT('Ctrl Pts',(93.1163328270402,-6.,-15.2750846368641));
#7548=CARTESIAN_POINT('Ctrl Pts',(93.0428677389827,-6.2,-15.3310870374582));
#7549=CARTESIAN_POINT('Ctrl Pts',(93.0428677389827,-6.,-15.3310870374582));
#7550=CARTESIAN_POINT('Ctrl Pts',(93.0084535895071,-6.2,-15.3573209267246));
#7551=CARTESIAN_POINT('Ctrl Pts',(93.0084535895071,-6.,-15.3573209267246));
#7552=CARTESIAN_POINT('',(93.258112561532,-6.2,-15.2672797661411));
#7553=CARTESIAN_POINT('Ctrl Pts',(93.258112561532,-6.2,-15.2672797661411));
#7554=CARTESIAN_POINT('Ctrl Pts',(93.2089050675495,-6.2,-15.2699886027073));
#7555=CARTESIAN_POINT('Ctrl Pts',(93.1163328270402,-6.2,-15.2750846368641));
#7556=CARTESIAN_POINT('Ctrl Pts',(93.0428677389827,-6.2,-15.3310870374582));
#7557=CARTESIAN_POINT('Ctrl Pts',(93.0084535895071,-6.2,-15.3573209267246));
#7558=CARTESIAN_POINT('',(93.258112561532,-6.,-15.2672797661411));
#7559=CARTESIAN_POINT('',(93.258112561532,-6.2,-15.2672797661411));
#7560=CARTESIAN_POINT('Ctrl Pts',(93.258112561532,-6.,-15.2672797661411));
#7561=CARTESIAN_POINT('Ctrl Pts',(93.2089050675495,-6.,-15.2699886027073));
#7562=CARTESIAN_POINT('Ctrl Pts',(93.1163328270402,-6.,-15.2750846368641));
#7563=CARTESIAN_POINT('Ctrl Pts',(93.0428677389827,-6.,-15.3310870374582));
#7564=CARTESIAN_POINT('Ctrl Pts',(93.0084535895071,-6.,-15.3573209267246));
#7565=CARTESIAN_POINT('Ctrl Pts',(93.5105000106773,-6.2,-15.3586849790202));
#7566=CARTESIAN_POINT('Ctrl Pts',(93.5105000106773,-6.,-15.3586849790202));
#7567=CARTESIAN_POINT('Ctrl Pts',(93.4756570763413,-6.2,-15.3320520685358));
#7568=CARTESIAN_POINT('Ctrl Pts',(93.4756570763413,-6.,-15.3320520685358));
#7569=CARTESIAN_POINT('Ctrl Pts',(93.4014196161426,-6.2,-15.2753071453614));
#7570=CARTESIAN_POINT('Ctrl Pts',(93.4014196161426,-6.,-15.2753071453614));
#7571=CARTESIAN_POINT('Ctrl Pts',(93.3077949939601,-6.2,-15.2700627395737));
#7572=CARTESIAN_POINT('Ctrl Pts',(93.3077949939601,-6.,-15.2700627395737));
#7573=CARTESIAN_POINT('Ctrl Pts',(93.258112561532,-6.2,-15.2672797661411));
#7574=CARTESIAN_POINT('Ctrl Pts',(93.258112561532,-6.,-15.2672797661411));
#7575=CARTESIAN_POINT('',(93.5105000106773,-6.2,-15.3586849790202));
#7576=CARTESIAN_POINT('Ctrl Pts',(93.5105000106773,-6.2,-15.3586849790202));
#7577=CARTESIAN_POINT('Ctrl Pts',(93.4756570763413,-6.2,-15.3320520685358));
#7578=CARTESIAN_POINT('Ctrl Pts',(93.4014196161426,-6.2,-15.2753071453614));
#7579=CARTESIAN_POINT('Ctrl Pts',(93.3077949939601,-6.2,-15.2700627395737));
#7580=CARTESIAN_POINT('Ctrl Pts',(93.258112561532,-6.2,-15.2672797661411));
#7581=CARTESIAN_POINT('',(93.5105000106773,-6.,-15.3586849790202));
#7582=CARTESIAN_POINT('',(93.5105000106773,-6.2,-15.3586849790202));
#7583=CARTESIAN_POINT('Ctrl Pts',(93.5105000106773,-6.,-15.3586849790202));
#7584=CARTESIAN_POINT('Ctrl Pts',(93.4756570763413,-6.,-15.3320520685358));
#7585=CARTESIAN_POINT('Ctrl Pts',(93.4014196161426,-6.,-15.2753071453614));
#7586=CARTESIAN_POINT('Ctrl Pts',(93.3077949939601,-6.,-15.2700627395737));
#7587=CARTESIAN_POINT('Ctrl Pts',(93.258112561532,-6.,-15.2672797661411));
#7588=CARTESIAN_POINT('Ctrl Pts',(93.6005409477434,-6.2,-15.6151652556049));
#7589=CARTESIAN_POINT('Ctrl Pts',(93.6005409477434,-6.,-15.6151652556049));
#7590=CARTESIAN_POINT('Ctrl Pts',(93.5978780468877,-6.2,-15.5647356323239));
#7591=CARTESIAN_POINT('Ctrl Pts',(93.5978780468877,-6.,-15.5647356323239));
#7592=CARTESIAN_POINT('Ctrl Pts',(93.5928802835761,-6.2,-15.4700887285483));
#7593=CARTESIAN_POINT('Ctrl Pts',(93.5928802835761,-6.,-15.4700887285483));
#7594=CARTESIAN_POINT('Ctrl Pts',(93.5367316243445,-6.2,-15.394158278827));
#7595=CARTESIAN_POINT('Ctrl Pts',(93.5367316243445,-6.,-15.394158278827));
#7596=CARTESIAN_POINT('Ctrl Pts',(93.5105000106773,-6.2,-15.3586849790202));
#7597=CARTESIAN_POINT('Ctrl Pts',(93.5105000106773,-6.,-15.3586849790202));
#7598=CARTESIAN_POINT('',(93.6005409477434,-6.2,-15.6151652556049));
#7599=CARTESIAN_POINT('Ctrl Pts',(93.6005409477434,-6.2,-15.6151652556049));
#7600=CARTESIAN_POINT('Ctrl Pts',(93.5978780468877,-6.2,-15.5647356323239));
#7601=CARTESIAN_POINT('Ctrl Pts',(93.5928802835761,-6.2,-15.4700887285483));
#7602=CARTESIAN_POINT('Ctrl Pts',(93.5367316243445,-6.2,-15.394158278827));
#7603=CARTESIAN_POINT('Ctrl Pts',(93.5105000106773,-6.2,-15.3586849790202));
#7604=CARTESIAN_POINT('',(93.6005409477434,-6.,-15.6151652556049));
#7605=CARTESIAN_POINT('',(93.6005409477434,-6.2,-15.6151652556049));
#7606=CARTESIAN_POINT('Ctrl Pts',(93.6005409477434,-6.,-15.6151652556049));
#7607=CARTESIAN_POINT('Ctrl Pts',(93.5978780468877,-6.,-15.5647356323239));
#7608=CARTESIAN_POINT('Ctrl Pts',(93.5928802835761,-6.,-15.4700887285483));
#7609=CARTESIAN_POINT('Ctrl Pts',(93.5367316243445,-6.,-15.394158278827));
#7610=CARTESIAN_POINT('Ctrl Pts',(93.5105000106773,-6.,-15.3586849790202));
#7611=CARTESIAN_POINT('Origin',(93.6005409477434,-6.2,-16.8361748974906));
#7612=CARTESIAN_POINT('',(93.6005409477434,-6.2,-16.8361748974906));
#7613=CARTESIAN_POINT('',(93.6005409477434,-6.2,-17.9180874487453));
#7614=CARTESIAN_POINT('',(93.6005409477434,-6.,-16.8361748974906));
#7615=CARTESIAN_POINT('',(93.6005409477434,-6.2,-16.8361748974906));
#7616=CARTESIAN_POINT('',(93.6005409477434,-6.,-16.8361748974906));
#7617=CARTESIAN_POINT('Origin',(94.2171848422072,-6.2,-16.8361748974906));
#7618=CARTESIAN_POINT('',(94.2171848422072,-6.2,-16.8361748974906));
#7619=CARTESIAN_POINT('',(120.808592421104,-6.2,-16.8361748974906));
#7620=CARTESIAN_POINT('',(94.2171848422072,-6.,-16.8361748974906));
#7621=CARTESIAN_POINT('',(94.2171848422072,-6.2,-16.8361748974906));
#7622=CARTESIAN_POINT('',(94.2171848422072,-6.,-16.8361748974906));
#7623=CARTESIAN_POINT('Origin',(94.2171848422072,-6.2,-15.6438148241626));
#7624=CARTESIAN_POINT('',(94.2171848422072,-6.2,-15.6438148241626));
#7625=CARTESIAN_POINT('',(94.2171848422071,-6.2,-17.3219074120813));
#7626=CARTESIAN_POINT('',(94.2171848422072,-6.,-15.6438148241626));
#7627=CARTESIAN_POINT('',(94.2171848422072,-6.2,-15.6438148241626));
#7628=CARTESIAN_POINT('',(94.2171848422072,-6.,-15.6438148241626));
#7629=CARTESIAN_POINT('Ctrl Pts',(94.1598860776207,-6.2,-15.3054791908847));
#7630=CARTESIAN_POINT('Ctrl Pts',(94.1598860776207,-6.,-15.3054791908847));
#7631=CARTESIAN_POINT('Ctrl Pts',(94.1765681536188,-6.2,-15.3651205228059));
#7632=CARTESIAN_POINT('Ctrl Pts',(94.1765681536188,-6.,-15.3651205228059));
#7633=CARTESIAN_POINT('Ctrl Pts',(94.2075681561006,-6.2,-15.4759509397023));
#7634=CARTESIAN_POINT('Ctrl Pts',(94.2075681561006,-6.,-15.4759509397023));
#7635=CARTESIAN_POINT('Ctrl Pts',(94.2141465082004,-6.2,-15.5907792417379));
#7636=CARTESIAN_POINT('Ctrl Pts',(94.2141465082004,-6.,-15.5907792417379));
#7637=CARTESIAN_POINT('Ctrl Pts',(94.2171848422072,-6.2,-15.6438148241626));
#7638=CARTESIAN_POINT('Ctrl Pts',(94.2171848422072,-6.,-15.6438148241626));
#7639=CARTESIAN_POINT('',(94.1598860776207,-6.2,-15.3054791908847));
#7640=CARTESIAN_POINT('Ctrl Pts',(94.1598860776207,-6.2,-15.3054791908847));
#7641=CARTESIAN_POINT('Ctrl Pts',(94.1765681536188,-6.2,-15.3651205228059));
#7642=CARTESIAN_POINT('Ctrl Pts',(94.2075681561006,-6.2,-15.4759509397023));
#7643=CARTESIAN_POINT('Ctrl Pts',(94.2141465082004,-6.2,-15.5907792417379));
#7644=CARTESIAN_POINT('Ctrl Pts',(94.2171848422072,-6.2,-15.6438148241626));
#7645=CARTESIAN_POINT('',(94.1598860776207,-6.,-15.3054791908847));
#7646=CARTESIAN_POINT('',(94.1598860776207,-6.2,-15.3054791908847));
#7647=CARTESIAN_POINT('Ctrl Pts',(94.1598860776207,-6.,-15.3054791908847));
#7648=CARTESIAN_POINT('Ctrl Pts',(94.1765681536188,-6.,-15.3651205228059));
#7649=CARTESIAN_POINT('Ctrl Pts',(94.2075681561006,-6.,-15.4759509397023));
#7650=CARTESIAN_POINT('Ctrl Pts',(94.2141465082004,-6.,-15.5907792417379));
#7651=CARTESIAN_POINT('Ctrl Pts',(94.2171848422072,-6.,-15.6438148241626));
#7652=CARTESIAN_POINT('Ctrl Pts',(94.0289174435815,-6.2,-15.07491978222));
#7653=CARTESIAN_POINT('Ctrl Pts',(94.0289174435815,-6.,-15.07491978222));
#7654=CARTESIAN_POINT('Ctrl Pts',(94.0579529870259,-6.2,-15.1115388434083));
#7655=CARTESIAN_POINT('Ctrl Pts',(94.0579529870259,-6.,-15.1115388434083));
#7656=CARTESIAN_POINT('Ctrl Pts',(94.113563977663,-6.2,-15.1816743403653));
#7657=CARTESIAN_POINT('Ctrl Pts',(94.113563977663,-6.,-15.1816743403653));
#7658=CARTESIAN_POINT('Ctrl Pts',(94.1449075659126,-6.2,-15.2654461957329));
#7659=CARTESIAN_POINT('Ctrl Pts',(94.1449075659126,-6.,-15.2654461957329));
#7660=CARTESIAN_POINT('Ctrl Pts',(94.1598860776207,-6.2,-15.3054791908847));
#7661=CARTESIAN_POINT('Ctrl Pts',(94.1598860776207,-6.,-15.3054791908847));
#7662=CARTESIAN_POINT('',(94.0289174435815,-6.2,-15.07491978222));
#7663=CARTESIAN_POINT('Ctrl Pts',(94.0289174435815,-6.2,-15.07491978222));
#7664=CARTESIAN_POINT('Ctrl Pts',(94.0579529870259,-6.2,-15.1115388434083));
#7665=CARTESIAN_POINT('Ctrl Pts',(94.113563977663,-6.2,-15.1816743403653));
#7666=CARTESIAN_POINT('Ctrl Pts',(94.1449075659126,-6.2,-15.2654461957329));
#7667=CARTESIAN_POINT('Ctrl Pts',(94.1598860776207,-6.2,-15.3054791908847));
#7668=CARTESIAN_POINT('',(94.0289174435815,-6.,-15.07491978222));
#7669=CARTESIAN_POINT('',(94.0289174435815,-6.2,-15.07491978222));
#7670=CARTESIAN_POINT('Ctrl Pts',(94.0289174435815,-6.,-15.07491978222));
#7671=CARTESIAN_POINT('Ctrl Pts',(94.0579529870259,-6.,-15.1115388434083));
#7672=CARTESIAN_POINT('Ctrl Pts',(94.113563977663,-6.,-15.1816743403653));
#7673=CARTESIAN_POINT('Ctrl Pts',(94.1449075659126,-6.,-15.2654461957329));
#7674=CARTESIAN_POINT('Ctrl Pts',(94.1598860776207,-6.,-15.3054791908847));
#7675=CARTESIAN_POINT('Ctrl Pts',(93.8160934342227,-6.2,-14.9016592126476));
#7676=CARTESIAN_POINT('Ctrl Pts',(93.8160934342227,-6.,-14.9016592126476));
#7677=CARTESIAN_POINT('Ctrl Pts',(93.8544177224809,-6.2,-14.9247701818548));
#7678=CARTESIAN_POINT('Ctrl Pts',(93.8544177224809,-6.,-14.9247701818548));
#7679=CARTESIAN_POINT('Ctrl Pts',(93.9335027789137,-6.2,-14.9724614081513));
#7680=CARTESIAN_POINT('Ctrl Pts',(93.9335027789137,-6.,-14.9724614081513));
#7681=CARTESIAN_POINT('Ctrl Pts',(93.9964659581859,-6.2,-15.0400726605398));
#7682=CARTESIAN_POINT('Ctrl Pts',(93.9964659581859,-6.,-15.0400726605398));
#7683=CARTESIAN_POINT('Ctrl Pts',(94.0289174435815,-6.2,-15.07491978222));
#7684=CARTESIAN_POINT('Ctrl Pts',(94.0289174435815,-6.,-15.07491978222));
#7685=CARTESIAN_POINT('',(93.8160934342227,-6.2,-14.9016592126476));
#7686=CARTESIAN_POINT('Ctrl Pts',(93.8160934342227,-6.2,-14.9016592126476));
#7687=CARTESIAN_POINT('Ctrl Pts',(93.8544177224809,-6.2,-14.9247701818548));
#7688=CARTESIAN_POINT('Ctrl Pts',(93.9335027789137,-6.2,-14.9724614081513));
#7689=CARTESIAN_POINT('Ctrl Pts',(93.9964659581859,-6.2,-15.0400726605398));
#7690=CARTESIAN_POINT('Ctrl Pts',(94.0289174435815,-6.2,-15.07491978222));
#7691=CARTESIAN_POINT('',(93.8160934342227,-6.,-14.9016592126476));
#7692=CARTESIAN_POINT('',(93.8160934342227,-6.2,-14.9016592126476));
#7693=CARTESIAN_POINT('Ctrl Pts',(93.8160934342227,-6.,-14.9016592126476));
#7694=CARTESIAN_POINT('Ctrl Pts',(93.8544177224809,-6.,-14.9247701818548));
#7695=CARTESIAN_POINT('Ctrl Pts',(93.9335027789137,-6.,-14.9724614081513));
#7696=CARTESIAN_POINT('Ctrl Pts',(93.9964659581859,-6.,-15.0400726605398));
#7697=CARTESIAN_POINT('Ctrl Pts',(94.0289174435815,-6.,-15.07491978222));
#7698=CARTESIAN_POINT('Ctrl Pts',(93.5282352982244,-6.2,-14.82116790825));
#7699=CARTESIAN_POINT('Ctrl Pts',(93.5282352982244,-6.,-14.82116790825));
#7700=CARTESIAN_POINT('Ctrl Pts',(93.5815773650465,-6.2,-14.828827615588));
#7701=CARTESIAN_POINT('Ctrl Pts',(93.5815773650465,-6.,-14.828827615588));
#7702=CARTESIAN_POINT('Ctrl Pts',(93.6811222774236,-6.2,-14.8431218666589));
#7703=CARTESIAN_POINT('Ctrl Pts',(93.6811222774236,-6.,-14.8431218666589));
#7704=CARTESIAN_POINT('Ctrl Pts',(93.773306830844,-6.2,-14.883102550135));
#7705=CARTESIAN_POINT('Ctrl Pts',(93.773306830844,-6.,-14.883102550135));
#7706=CARTESIAN_POINT('Ctrl Pts',(93.8160934342227,-6.2,-14.9016592126476));
#7707=CARTESIAN_POINT('Ctrl Pts',(93.8160934342227,-6.,-14.9016592126476));
#7708=CARTESIAN_POINT('',(93.5282352982244,-6.2,-14.82116790825));
#7709=CARTESIAN_POINT('Ctrl Pts',(93.5282352982244,-6.2,-14.82116790825));
#7710=CARTESIAN_POINT('Ctrl Pts',(93.5815773650465,-6.2,-14.828827615588));
#7711=CARTESIAN_POINT('Ctrl Pts',(93.6811222774236,-6.2,-14.8431218666589));
#7712=CARTESIAN_POINT('Ctrl Pts',(93.773306830844,-6.2,-14.883102550135));
#7713=CARTESIAN_POINT('Ctrl Pts',(93.8160934342227,-6.2,-14.9016592126476));
#7714=CARTESIAN_POINT('',(93.5282352982244,-6.,-14.82116790825));
#7715=CARTESIAN_POINT('',(93.5282352982244,-6.2,-14.82116790825));
#7716=CARTESIAN_POINT('Ctrl Pts',(93.5282352982244,-6.,-14.82116790825));
#7717=CARTESIAN_POINT('Ctrl Pts',(93.5815773650465,-6.,-14.828827615588));
#7718=CARTESIAN_POINT('Ctrl Pts',(93.6811222774236,-6.,-14.8431218666589));
#7719=CARTESIAN_POINT('Ctrl Pts',(93.773306830844,-6.,-14.883102550135));
#7720=CARTESIAN_POINT('Ctrl Pts',(93.8160934342227,-6.,-14.9016592126476));
#7721=CARTESIAN_POINT('Ctrl Pts',(93.2089993028125,-6.2,-14.8007041435825));
#7722=CARTESIAN_POINT('Ctrl Pts',(93.2089993028125,-6.,-14.8007041435825));
#7723=CARTESIAN_POINT('Ctrl Pts',(93.2599761513978,-6.2,-14.8016991858228));
#7724=CARTESIAN_POINT('Ctrl Pts',(93.2599761513978,-6.,-14.8016991858228));
#7725=CARTESIAN_POINT('Ctrl Pts',(93.3666856868036,-6.2,-14.8037821018546));
#7726=CARTESIAN_POINT('Ctrl Pts',(93.3666856868036,-6.,-14.8037821018546));
#7727=CARTESIAN_POINT('Ctrl Pts',(93.4728088593596,-6.2,-14.8152029707499));
#7728=CARTESIAN_POINT('Ctrl Pts',(93.4728088593596,-6.,-14.8152029707499));
#7729=CARTESIAN_POINT('Ctrl Pts',(93.5282352982244,-6.2,-14.82116790825));
#7730=CARTESIAN_POINT('Ctrl Pts',(93.5282352982244,-6.,-14.82116790825));
#7731=CARTESIAN_POINT('',(93.2089993028125,-6.2,-14.8007041435825));
#7732=CARTESIAN_POINT('Ctrl Pts',(93.2089993028125,-6.2,-14.8007041435825));
#7733=CARTESIAN_POINT('Ctrl Pts',(93.2599761513978,-6.2,-14.8016991858228));
#7734=CARTESIAN_POINT('Ctrl Pts',(93.3666856868036,-6.2,-14.8037821018546));
#7735=CARTESIAN_POINT('Ctrl Pts',(93.4728088593596,-6.2,-14.8152029707499));
#7736=CARTESIAN_POINT('Ctrl Pts',(93.5282352982244,-6.2,-14.82116790825));
#7737=CARTESIAN_POINT('',(93.2089993028125,-6.,-14.8007041435825));
#7738=CARTESIAN_POINT('',(93.2089993028125,-6.2,-14.8007041435825));
#7739=CARTESIAN_POINT('Ctrl Pts',(93.2089993028125,-6.,-14.8007041435825));
#7740=CARTESIAN_POINT('Ctrl Pts',(93.2599761513978,-6.,-14.8016991858228));
#7741=CARTESIAN_POINT('Ctrl Pts',(93.3666856868036,-6.,-14.8037821018546));
#7742=CARTESIAN_POINT('Ctrl Pts',(93.4728088593596,-6.,-14.8152029707499));
#7743=CARTESIAN_POINT('Ctrl Pts',(93.5282352982244,-6.,-14.82116790825));
#7744=CARTESIAN_POINT('Ctrl Pts',(92.7765299795351,-6.2,-14.8675528388606));
#7745=CARTESIAN_POINT('Ctrl Pts',(92.7765299795351,-6.,-14.8675528388606));
#7746=CARTESIAN_POINT('Ctrl Pts',(92.8421386697382,-6.2,-14.8480803103287));
#7747=CARTESIAN_POINT('Ctrl Pts',(92.8421386697382,-6.,-14.8480803103287));
#7748=CARTESIAN_POINT('Ctrl Pts',(92.9831470931597,-6.2,-14.8062292912057));
#7749=CARTESIAN_POINT('Ctrl Pts',(92.9831470931597,-6.,-14.8062292912057));
#7750=CARTESIAN_POINT('Ctrl Pts',(93.1303091248682,-6.2,-14.8026291849638));
#7751=CARTESIAN_POINT('Ctrl Pts',(93.1303091248682,-6.,-14.8026291849638));
#7752=CARTESIAN_POINT('Ctrl Pts',(93.2089993028125,-6.2,-14.8007041435825));
#7753=CARTESIAN_POINT('Ctrl Pts',(93.2089993028125,-6.,-14.8007041435825));
#7754=CARTESIAN_POINT('',(92.7765299795351,-6.2,-14.8675528388606));
#7755=CARTESIAN_POINT('Ctrl Pts',(92.7765299795351,-6.2,-14.8675528388606));
#7756=CARTESIAN_POINT('Ctrl Pts',(92.8421386697382,-6.2,-14.8480803103287));
#7757=CARTESIAN_POINT('Ctrl Pts',(92.9831470931597,-6.2,-14.8062292912057));
#7758=CARTESIAN_POINT('Ctrl Pts',(93.1303091248682,-6.2,-14.8026291849638));
#7759=CARTESIAN_POINT('Ctrl Pts',(93.2089993028125,-6.2,-14.8007041435825));
#7760=CARTESIAN_POINT('',(92.7765299795351,-6.,-14.8675528388606));
#7761=CARTESIAN_POINT('',(92.7765299795351,-6.2,-14.8675528388606));
#7762=CARTESIAN_POINT('Ctrl Pts',(92.7765299795351,-6.,-14.8675528388606));
#7763=CARTESIAN_POINT('Ctrl Pts',(92.8421386697382,-6.,-14.8480803103287));
#7764=CARTESIAN_POINT('Ctrl Pts',(92.9831470931597,-6.,-14.8062292912057));
#7765=CARTESIAN_POINT('Ctrl Pts',(93.1303091248682,-6.,-14.8026291849638));
#7766=CARTESIAN_POINT('Ctrl Pts',(93.2089993028125,-6.,-14.8007041435825));
#7767=CARTESIAN_POINT('Ctrl Pts',(92.5295995591364,-6.2,-15.0326279025661));
#7768=CARTESIAN_POINT('Ctrl Pts',(92.5295995591364,-6.,-15.0326279025661));
#7769=CARTESIAN_POINT('Ctrl Pts',(92.5680978755521,-6.2,-14.996846081443));
#7770=CARTESIAN_POINT('Ctrl Pts',(92.5680978755521,-6.,-14.996846081443));
#7771=CARTESIAN_POINT('Ctrl Pts',(92.6416136750842,-6.2,-14.9285176600083));
#7772=CARTESIAN_POINT('Ctrl Pts',(92.6416136750842,-6.,-14.9285176600083));
#7773=CARTESIAN_POINT('Ctrl Pts',(92.7330002041708,-6.2,-14.8872226999681));
#7774=CARTESIAN_POINT('Ctrl Pts',(92.7330002041708,-6.,-14.8872226999681));
#7775=CARTESIAN_POINT('Ctrl Pts',(92.7765299795351,-6.2,-14.8675528388606));
#7776=CARTESIAN_POINT('Ctrl Pts',(92.7765299795351,-6.,-14.8675528388606));
#7777=CARTESIAN_POINT('',(92.5295995591364,-6.2,-15.0326279025661));
#7778=CARTESIAN_POINT('Ctrl Pts',(92.5295995591364,-6.2,-15.0326279025661));
#7779=CARTESIAN_POINT('Ctrl Pts',(92.5680978755521,-6.2,-14.996846081443));
#7780=CARTESIAN_POINT('Ctrl Pts',(92.6416136750842,-6.2,-14.9285176600083));
#7781=CARTESIAN_POINT('Ctrl Pts',(92.7330002041708,-6.2,-14.8872226999681));
#7782=CARTESIAN_POINT('Ctrl Pts',(92.7765299795351,-6.2,-14.8675528388606));
#7783=CARTESIAN_POINT('',(92.5295995591364,-6.,-15.0326279025661));
#7784=CARTESIAN_POINT('',(92.5295995591364,-6.2,-15.0326279025661));
#7785=CARTESIAN_POINT('Ctrl Pts',(92.5295995591364,-6.,-15.0326279025661));
#7786=CARTESIAN_POINT('Ctrl Pts',(92.5680978755521,-6.,-14.996846081443));
#7787=CARTESIAN_POINT('Ctrl Pts',(92.6416136750842,-6.,-14.9285176600083));
#7788=CARTESIAN_POINT('Ctrl Pts',(92.7330002041708,-6.,-14.8872226999681));
#7789=CARTESIAN_POINT('Ctrl Pts',(92.7765299795351,-6.,-14.8675528388606));
#7790=CARTESIAN_POINT('Ctrl Pts',(92.3563389895639,-6.2,-15.3082075934993));
#7791=CARTESIAN_POINT('Ctrl Pts',(92.3563389895639,-6.,-15.3082075934993));
#7792=CARTESIAN_POINT('Ctrl Pts',(92.3772541333557,-6.2,-15.2574493608665));
#7793=CARTESIAN_POINT('Ctrl Pts',(92.3772541333557,-6.,-15.2574493608665));
#7794=CARTESIAN_POINT('Ctrl Pts',(92.4191982197705,-6.2,-15.1556567211887));
#7795=CARTESIAN_POINT('Ctrl Pts',(92.4191982197705,-6.,-15.1556567211887));
#7796=CARTESIAN_POINT('Ctrl Pts',(92.4927326104363,-6.2,-15.0737116174091));
#7797=CARTESIAN_POINT('Ctrl Pts',(92.4927326104363,-6.,-15.0737116174091));
#7798=CARTESIAN_POINT('Ctrl Pts',(92.5295995591364,-6.2,-15.0326279025661));
#7799=CARTESIAN_POINT('Ctrl Pts',(92.5295995591364,-6.,-15.0326279025661));
#7800=CARTESIAN_POINT('',(92.3563389895639,-6.2,-15.3082075934993));
#7801=CARTESIAN_POINT('Ctrl Pts',(92.3563389895639,-6.2,-15.3082075934993));
#7802=CARTESIAN_POINT('Ctrl Pts',(92.3772541333557,-6.2,-15.2574493608665));
#7803=CARTESIAN_POINT('Ctrl Pts',(92.4191982197705,-6.2,-15.1556567211887));
#7804=CARTESIAN_POINT('Ctrl Pts',(92.4927326104363,-6.2,-15.0737116174091));
#7805=CARTESIAN_POINT('Ctrl Pts',(92.5295995591364,-6.2,-15.0326279025661));
#7806=CARTESIAN_POINT('',(92.3563389895639,-6.,-15.3082075934993));
#7807=CARTESIAN_POINT('',(92.3563389895639,-6.2,-15.3082075934993));
#7808=CARTESIAN_POINT('Ctrl Pts',(92.3563389895639,-6.,-15.3082075934993));
#7809=CARTESIAN_POINT('Ctrl Pts',(92.3772541333557,-6.,-15.2574493608665));
#7810=CARTESIAN_POINT('Ctrl Pts',(92.4191982197705,-6.,-15.1556567211887));
#7811=CARTESIAN_POINT('Ctrl Pts',(92.4927326104363,-6.,-15.0737116174091));
#7812=CARTESIAN_POINT('Ctrl Pts',(92.5295995591364,-6.,-15.0326279025661));
#7813=CARTESIAN_POINT('Ctrl Pts',(92.3004045007906,-6.2,-15.6438148241626));
#7814=CARTESIAN_POINT('Ctrl Pts',(92.3004045007906,-6.,-15.6438148241626));
#7815=CARTESIAN_POINT('Ctrl Pts',(92.3026010894215,-6.2,-15.585874772551));
#7816=CARTESIAN_POINT('Ctrl Pts',(92.3026010894215,-6.,-15.585874772551));
#7817=CARTESIAN_POINT('Ctrl Pts',(92.306933310852,-6.2,-15.4716025188652));
#7818=CARTESIAN_POINT('Ctrl Pts',(92.306933310852,-6.,-15.4716025188652));
#7819=CARTESIAN_POINT('Ctrl Pts',(92.3400256367595,-6.2,-15.3621592673439));
#7820=CARTESIAN_POINT('Ctrl Pts',(92.3400256367595,-6.,-15.3621592673439));
#7821=CARTESIAN_POINT('Ctrl Pts',(92.3563389895639,-6.2,-15.3082075934993));
#7822=CARTESIAN_POINT('Ctrl Pts',(92.3563389895639,-6.,-15.3082075934993));
#7823=CARTESIAN_POINT('',(92.3004045007906,-6.2,-15.6438148241626));
#7824=CARTESIAN_POINT('Ctrl Pts',(92.3004045007906,-6.2,-15.6438148241626));
#7825=CARTESIAN_POINT('Ctrl Pts',(92.3026010894215,-6.2,-15.585874772551));
#7826=CARTESIAN_POINT('Ctrl Pts',(92.306933310852,-6.2,-15.4716025188652));
#7827=CARTESIAN_POINT('Ctrl Pts',(92.3400256367595,-6.2,-15.3621592673439));
#7828=CARTESIAN_POINT('Ctrl Pts',(92.3563389895639,-6.2,-15.3082075934993));
#7829=CARTESIAN_POINT('',(92.3004045007906,-6.,-15.6438148241626));
#7830=CARTESIAN_POINT('',(92.3004045007906,-6.2,-15.6438148241626));
#7831=CARTESIAN_POINT('Ctrl Pts',(92.3004045007906,-6.,-15.6438148241626));
#7832=CARTESIAN_POINT('Ctrl Pts',(92.3026010894215,-6.,-15.585874772551));
#7833=CARTESIAN_POINT('Ctrl Pts',(92.306933310852,-6.,-15.4716025188652));
#7834=CARTESIAN_POINT('Ctrl Pts',(92.3400256367595,-6.,-15.3621592673439));
#7835=CARTESIAN_POINT('Ctrl Pts',(92.3563389895639,-6.,-15.3082075934993));
#7836=CARTESIAN_POINT('Origin',(92.3004045007906,-6.2,-16.8361748974906));
#7837=CARTESIAN_POINT('',(92.3004045007906,-6.2,-16.8361748974906));
#7838=CARTESIAN_POINT('',(92.3004045007905,-6.2,-17.9180874487453));
#7839=CARTESIAN_POINT('',(92.3004045007906,-6.,-16.8361748974906));
#7840=CARTESIAN_POINT('',(92.3004045007906,-6.2,-16.8361748974906));
#7841=CARTESIAN_POINT('',(92.3004045007906,-6.,-16.8361748974906));
#7842=CARTESIAN_POINT('Origin',(92.9170483766279,-6.2,-16.8361748974906));
#7843=CARTESIAN_POINT('',(92.9170483766279,-6.2,-16.8361748974906));
#7844=CARTESIAN_POINT('',(120.158524188314,-6.2,-16.8361748974906));
#7845=CARTESIAN_POINT('',(92.9170483766279,-6.,-16.8361748974906));
#7846=CARTESIAN_POINT('',(92.9170483766279,-6.2,-16.8361748974906));
#7847=CARTESIAN_POINT('',(92.9170483766279,-6.,-16.8361748974906));
#7848=CARTESIAN_POINT('Origin',(92.9170483766279,-6.2,-15.6151652556049));
#7849=CARTESIAN_POINT('',(92.9170483766279,-6.2,-17.3075826278024));
#7850=CARTESIAN_POINT('',(92.9170483766279,-6.,-15.6151652556049));
#7851=CARTESIAN_POINT('Origin',(88.0207322301498,-6.,-15.8184395205365));
#7852=CARTESIAN_POINT('Ctrl Pts',(90.2280253458532,-6.2,-1.94768474517627));
#7853=CARTESIAN_POINT('Ctrl Pts',(90.2280253458532,-6.,-1.94768474517627));
#7854=CARTESIAN_POINT('Ctrl Pts',(90.2868524278513,-6.2,-1.94259981081947));
#7855=CARTESIAN_POINT('Ctrl Pts',(90.2868524278513,-6.,-1.94259981081947));
#7856=CARTESIAN_POINT('Ctrl Pts',(90.4021658708717,-6.2,-1.9326322708991));
#7857=CARTESIAN_POINT('Ctrl Pts',(90.4021658708717,-6.,-1.9326322708991));
#7858=CARTESIAN_POINT('Ctrl Pts',(90.4866859023048,-6.2,-1.85380078574111));
#7859=CARTESIAN_POINT('Ctrl Pts',(90.4866859023048,-6.,-1.85380078574111));
#7860=CARTESIAN_POINT('Ctrl Pts',(90.5280880917121,-6.2,-1.81518513422712));
#7861=CARTESIAN_POINT('Ctrl Pts',(90.5280880917121,-6.,-1.81518513422712));
#7862=CARTESIAN_POINT('',(90.2280253458532,-6.2,-1.94768474517627));
#7863=CARTESIAN_POINT('',(90.5280880917121,-6.2,-1.81518513422712));
#7864=CARTESIAN_POINT('Ctrl Pts',(90.2280253458532,-6.2,-1.94768474517627));
#7865=CARTESIAN_POINT('Ctrl Pts',(90.2868524278513,-6.2,-1.94259981081947));
#7866=CARTESIAN_POINT('Ctrl Pts',(90.4021658708717,-6.2,-1.9326322708991));
#7867=CARTESIAN_POINT('Ctrl Pts',(90.4866859023048,-6.2,-1.85380078574111));
#7868=CARTESIAN_POINT('Ctrl Pts',(90.5280880917121,-6.2,-1.81518513422712));
#7869=CARTESIAN_POINT('',(90.2280253458532,-6.,-1.94768474517627));
#7870=CARTESIAN_POINT('',(90.2280253458532,-6.2,-1.94768474517627));
#7871=CARTESIAN_POINT('',(90.5280880917121,-6.,-1.81518513422712));
#7872=CARTESIAN_POINT('Ctrl Pts',(90.2280253458532,-6.,-1.94768474517627));
#7873=CARTESIAN_POINT('Ctrl Pts',(90.2868524278513,-6.,-1.94259981081947));
#7874=CARTESIAN_POINT('Ctrl Pts',(90.4021658708717,-6.,-1.9326322708991));
#7875=CARTESIAN_POINT('Ctrl Pts',(90.4866859023048,-6.,-1.85380078574111));
#7876=CARTESIAN_POINT('Ctrl Pts',(90.5280880917121,-6.,-1.81518513422712));
#7877=CARTESIAN_POINT('',(90.5280880917121,-6.2,-1.81518513422712));
#7878=CARTESIAN_POINT('Ctrl Pts',(89.9196307248151,-6.2,-1.81688782233358));
#7879=CARTESIAN_POINT('Ctrl Pts',(89.9196307248151,-6.,-1.81688782233358));
#7880=CARTESIAN_POINT('Ctrl Pts',(89.9618544555355,-6.2,-1.85505120491627));
#7881=CARTESIAN_POINT('Ctrl Pts',(89.9618544555355,-6.,-1.85505120491627));
#7882=CARTESIAN_POINT('Ctrl Pts',(90.0492966051353,-6.2,-1.93408468092833));
#7883=CARTESIAN_POINT('Ctrl Pts',(90.0492966051353,-6.,-1.93408468092833));
#7884=CARTESIAN_POINT('Ctrl Pts',(90.1671042209385,-6.2,-1.94304905418685));
#7885=CARTESIAN_POINT('Ctrl Pts',(90.1671042209385,-6.,-1.94304905418685));
#7886=CARTESIAN_POINT('Ctrl Pts',(90.2280253458532,-6.2,-1.94768474517627));
#7887=CARTESIAN_POINT('Ctrl Pts',(90.2280253458532,-6.,-1.94768474517627));
#7888=CARTESIAN_POINT('',(89.9196307248151,-6.2,-1.81688782233358));
#7889=CARTESIAN_POINT('Ctrl Pts',(89.9196307248151,-6.2,-1.81688782233358));
#7890=CARTESIAN_POINT('Ctrl Pts',(89.9618544555355,-6.2,-1.85505120491627));
#7891=CARTESIAN_POINT('Ctrl Pts',(90.0492966051353,-6.2,-1.93408468092833));
#7892=CARTESIAN_POINT('Ctrl Pts',(90.1671042209385,-6.2,-1.94304905418685));
#7893=CARTESIAN_POINT('Ctrl Pts',(90.2280253458532,-6.2,-1.94768474517627));
#7894=CARTESIAN_POINT('',(89.9196307248151,-6.,-1.81688782233358));
#7895=CARTESIAN_POINT('',(89.9196307248151,-6.2,-1.81688782233358));
#7896=CARTESIAN_POINT('Ctrl Pts',(89.9196307248151,-6.,-1.81688782233358));
#7897=CARTESIAN_POINT('Ctrl Pts',(89.9618544555355,-6.,-1.85505120491627));
#7898=CARTESIAN_POINT('Ctrl Pts',(90.0492966051353,-6.,-1.93408468092833));
#7899=CARTESIAN_POINT('Ctrl Pts',(90.1671042209385,-6.,-1.94304905418685));
#7900=CARTESIAN_POINT('Ctrl Pts',(90.2280253458532,-6.,-1.94768474517627));
#7901=CARTESIAN_POINT('Ctrl Pts',(89.8048035620716,-6.2,-1.40494653537739));
#7902=CARTESIAN_POINT('Ctrl Pts',(89.8048035620716,-6.,-1.40494653537739));
#7903=CARTESIAN_POINT('Ctrl Pts',(89.8065289885866,-6.2,-1.48873842965753));
#7904=CARTESIAN_POINT('Ctrl Pts',(89.8065289885866,-6.,-1.48873842965753));
#7905=CARTESIAN_POINT('Ctrl Pts',(89.8095774467847,-6.2,-1.63678071648996));
#7906=CARTESIAN_POINT('Ctrl Pts',(89.8095774467847,-6.,-1.63678071648996));
#7907=CARTESIAN_POINT('Ctrl Pts',(89.8863230934092,-6.2,-1.76237839560512));
#7908=CARTESIAN_POINT('Ctrl Pts',(89.8863230934092,-6.,-1.76237839560512));
#7909=CARTESIAN_POINT('Ctrl Pts',(89.9196307248151,-6.2,-1.81688782233358));
#7910=CARTESIAN_POINT('Ctrl Pts',(89.9196307248151,-6.,-1.81688782233358));
#7911=CARTESIAN_POINT('',(89.8048035620716,-6.2,-1.40494653537739));
#7912=CARTESIAN_POINT('Ctrl Pts',(89.8048035620716,-6.2,-1.40494653537739));
#7913=CARTESIAN_POINT('Ctrl Pts',(89.8065289885866,-6.2,-1.48873842965753));
#7914=CARTESIAN_POINT('Ctrl Pts',(89.8095774467847,-6.2,-1.63678071648996));
#7915=CARTESIAN_POINT('Ctrl Pts',(89.8863230934092,-6.2,-1.76237839560512));
#7916=CARTESIAN_POINT('Ctrl Pts',(89.9196307248151,-6.2,-1.81688782233358));
#7917=CARTESIAN_POINT('',(89.8048035620716,-6.,-1.40494653537739));
#7918=CARTESIAN_POINT('',(89.8048035620716,-6.2,-1.40494653537739));
#7919=CARTESIAN_POINT('Ctrl Pts',(89.8048035620716,-6.,-1.40494653537739));
#7920=CARTESIAN_POINT('Ctrl Pts',(89.8065289885866,-6.,-1.48873842965753));
#7921=CARTESIAN_POINT('Ctrl Pts',(89.8095774467847,-6.,-1.63678071648996));
#7922=CARTESIAN_POINT('Ctrl Pts',(89.8863230934092,-6.,-1.76237839560512));
#7923=CARTESIAN_POINT('Ctrl Pts',(89.9196307248151,-6.,-1.81688782233358));
#7924=CARTESIAN_POINT('Ctrl Pts',(89.9136852776386,-6.2,-0.939673943707842));
#7925=CARTESIAN_POINT('Ctrl Pts',(89.9136852776386,-6.,-0.939673943707842));
#7926=CARTESIAN_POINT('Ctrl Pts',(89.882132715463,-6.2,-0.998915365300757));
#7927=CARTESIAN_POINT('Ctrl Pts',(89.882132715463,-6.,-0.998915365300757));
#7928=CARTESIAN_POINT('Ctrl Pts',(89.8052680249774,-6.2,-1.14323244197172));
#7929=CARTESIAN_POINT('Ctrl Pts',(89.8052680249774,-6.,-1.14323244197172));
#7930=CARTESIAN_POINT('Ctrl Pts',(89.8049758189939,-6.2,-1.30788374803499));
#7931=CARTESIAN_POINT('Ctrl Pts',(89.8049758189939,-6.,-1.30788374803499));
#7932=CARTESIAN_POINT('Ctrl Pts',(89.8048035620716,-6.2,-1.40494653537739));
#7933=CARTESIAN_POINT('Ctrl Pts',(89.8048035620716,-6.,-1.40494653537739));
#7934=CARTESIAN_POINT('',(89.9136852776386,-6.2,-0.939673943707842));
#7935=CARTESIAN_POINT('Ctrl Pts',(89.9136852776386,-6.2,-0.939673943707842));
#7936=CARTESIAN_POINT('Ctrl Pts',(89.882132715463,-6.2,-0.998915365300757));
#7937=CARTESIAN_POINT('Ctrl Pts',(89.8052680249774,-6.2,-1.14323244197172));
#7938=CARTESIAN_POINT('Ctrl Pts',(89.8049758189939,-6.2,-1.30788374803499));
#7939=CARTESIAN_POINT('Ctrl Pts',(89.8048035620716,-6.2,-1.40494653537739));
#7940=CARTESIAN_POINT('',(89.9136852776386,-6.,-0.939673943707842));
#7941=CARTESIAN_POINT('',(89.9136852776386,-6.2,-0.939673943707842));
#7942=CARTESIAN_POINT('Ctrl Pts',(89.9136852776386,-6.,-0.939673943707842));
#7943=CARTESIAN_POINT('Ctrl Pts',(89.882132715463,-6.,-0.998915365300757));
#7944=CARTESIAN_POINT('Ctrl Pts',(89.8052680249774,-6.,-1.14323244197172));
#7945=CARTESIAN_POINT('Ctrl Pts',(89.8049758189939,-6.,-1.30788374803499));
#7946=CARTESIAN_POINT('Ctrl Pts',(89.8048035620716,-6.,-1.40494653537739));
#7947=CARTESIAN_POINT('Ctrl Pts',(90.221934749728,-6.2,-0.809897877459109));
#7948=CARTESIAN_POINT('Ctrl Pts',(90.221934749728,-6.,-0.809897877459109));
#7949=CARTESIAN_POINT('Ctrl Pts',(90.1602410059326,-6.2,-0.814253871447206));
#7950=CARTESIAN_POINT('Ctrl Pts',(90.1602410059326,-6.,-0.814253871447206));
#7951=CARTESIAN_POINT('Ctrl Pts',(90.0423390164011,-6.2,-0.82257854630057));
#7952=CARTESIAN_POINT('Ctrl Pts',(90.0423390164011,-6.,-0.82257854630057));
#7953=CARTESIAN_POINT('Ctrl Pts',(89.9552187403447,-6.2,-0.901871876173359));
#7954=CARTESIAN_POINT('Ctrl Pts',(89.9552187403447,-6.,-0.901871876173359));
#7955=CARTESIAN_POINT('Ctrl Pts',(89.9136852776386,-6.2,-0.939673943707842));
#7956=CARTESIAN_POINT('Ctrl Pts',(89.9136852776386,-6.,-0.939673943707842));
#7957=CARTESIAN_POINT('',(90.221934749728,-6.2,-0.809897877459109));
#7958=CARTESIAN_POINT('Ctrl Pts',(90.221934749728,-6.2,-0.809897877459109));
#7959=CARTESIAN_POINT('Ctrl Pts',(90.1602410059326,-6.2,-0.814253871447206));
#7960=CARTESIAN_POINT('Ctrl Pts',(90.0423390164011,-6.2,-0.82257854630057));
#7961=CARTESIAN_POINT('Ctrl Pts',(89.9552187403447,-6.2,-0.901871876173359));
#7962=CARTESIAN_POINT('Ctrl Pts',(89.9136852776386,-6.2,-0.939673943707842));
#7963=CARTESIAN_POINT('',(90.221934749728,-6.,-0.809897877459109));
#7964=CARTESIAN_POINT('',(90.221934749728,-6.2,-0.809897877459109));
#7965=CARTESIAN_POINT('Ctrl Pts',(90.221934749728,-6.,-0.809897877459109));
#7966=CARTESIAN_POINT('Ctrl Pts',(90.1602410059326,-6.,-0.814253871447206));
#7967=CARTESIAN_POINT('Ctrl Pts',(90.0423390164011,-6.,-0.82257854630057));
#7968=CARTESIAN_POINT('Ctrl Pts',(89.9552187403447,-6.,-0.901871876173359));
#7969=CARTESIAN_POINT('Ctrl Pts',(89.9136852776386,-6.,-0.939673943707842));
#7970=CARTESIAN_POINT('Ctrl Pts',(90.5289660786763,-6.2,-0.94205991023731));
#7971=CARTESIAN_POINT('Ctrl Pts',(90.5289660786763,-6.,-0.94205991023731));
#7972=CARTESIAN_POINT('Ctrl Pts',(90.4869113270208,-6.2,-0.903496057380435));
#7973=CARTESIAN_POINT('Ctrl Pts',(90.4869113270208,-6.,-0.903496057380435));
#7974=CARTESIAN_POINT('Ctrl Pts',(90.4001481488005,-6.2,-0.823934954138299));
#7975=CARTESIAN_POINT('Ctrl Pts',(90.4001481488005,-6.,-0.823934954138299));
#7976=CARTESIAN_POINT('Ctrl Pts',(90.2825382593476,-6.2,-0.814671346322762));
#7977=CARTESIAN_POINT('Ctrl Pts',(90.2825382593476,-6.,-0.814671346322762));
#7978=CARTESIAN_POINT('Ctrl Pts',(90.221934749728,-6.2,-0.809897877459109));
#7979=CARTESIAN_POINT('Ctrl Pts',(90.221934749728,-6.,-0.809897877459109));
#7980=CARTESIAN_POINT('',(90.5289660786763,-6.2,-0.94205991023731));
#7981=CARTESIAN_POINT('Ctrl Pts',(90.5289660786763,-6.2,-0.94205991023731));
#7982=CARTESIAN_POINT('Ctrl Pts',(90.4869113270208,-6.2,-0.903496057380435));
#7983=CARTESIAN_POINT('Ctrl Pts',(90.4001481488005,-6.2,-0.823934954138299));
#7984=CARTESIAN_POINT('Ctrl Pts',(90.2825382593476,-6.2,-0.814671346322762));
#7985=CARTESIAN_POINT('Ctrl Pts',(90.221934749728,-6.2,-0.809897877459109));
#7986=CARTESIAN_POINT('',(90.5289660786763,-6.,-0.94205991023731));
#7987=CARTESIAN_POINT('',(90.5289660786763,-6.2,-0.94205991023731));
#7988=CARTESIAN_POINT('Ctrl Pts',(90.5289660786763,-6.,-0.94205991023731));
#7989=CARTESIAN_POINT('Ctrl Pts',(90.4869113270208,-6.,-0.903496057380435));
#7990=CARTESIAN_POINT('Ctrl Pts',(90.4001481488005,-6.,-0.823934954138299));
#7991=CARTESIAN_POINT('Ctrl Pts',(90.2825382593476,-6.,-0.814671346322762));
#7992=CARTESIAN_POINT('Ctrl Pts',(90.221934749728,-6.,-0.809897877459109));
#7993=CARTESIAN_POINT('Ctrl Pts',(90.6410774601122,-6.2,-1.37719488086602));
#7994=CARTESIAN_POINT('Ctrl Pts',(90.6410774601122,-6.,-1.37719488086602));
#7995=CARTESIAN_POINT('Ctrl Pts',(90.6398601032929,-6.2,-1.28813240252785));
#7996=CARTESIAN_POINT('Ctrl Pts',(90.6398601032929,-6.,-1.28813240252785));
#7997=CARTESIAN_POINT('Ctrl Pts',(90.6377402162501,-6.2,-1.13304032859297));
#7998=CARTESIAN_POINT('Ctrl Pts',(90.6377402162501,-6.,-1.13304032859297));
#7999=CARTESIAN_POINT('Ctrl Pts',(90.5614473471589,-6.2,-0.999088964954686));
#8000=CARTESIAN_POINT('Ctrl Pts',(90.5614473471589,-6.,-0.999088964954686));
#8001=CARTESIAN_POINT('Ctrl Pts',(90.5289660786763,-6.2,-0.94205991023731));
#8002=CARTESIAN_POINT('Ctrl Pts',(90.5289660786763,-6.,-0.94205991023731));
#8003=CARTESIAN_POINT('',(90.6410774601122,-6.2,-1.37719488086602));
#8004=CARTESIAN_POINT('Ctrl Pts',(90.6410774601122,-6.2,-1.37719488086602));
#8005=CARTESIAN_POINT('Ctrl Pts',(90.6398601032929,-6.2,-1.28813240252785));
#8006=CARTESIAN_POINT('Ctrl Pts',(90.6377402162501,-6.2,-1.13304032859297));
#8007=CARTESIAN_POINT('Ctrl Pts',(90.5614473471589,-6.2,-0.999088964954686));
#8008=CARTESIAN_POINT('Ctrl Pts',(90.5289660786763,-6.2,-0.94205991023731));
#8009=CARTESIAN_POINT('',(90.6410774601122,-6.,-1.37719488086602));
#8010=CARTESIAN_POINT('',(90.6410774601122,-6.2,-1.37719488086602));
#8011=CARTESIAN_POINT('Ctrl Pts',(90.6410774601122,-6.,-1.37719488086602));
#8012=CARTESIAN_POINT('Ctrl Pts',(90.6398601032929,-6.,-1.28813240252785));
#8013=CARTESIAN_POINT('Ctrl Pts',(90.6377402162501,-6.,-1.13304032859297));
#8014=CARTESIAN_POINT('Ctrl Pts',(90.5614473471589,-6.,-0.999088964954686));
#8015=CARTESIAN_POINT('Ctrl Pts',(90.5289660786763,-6.,-0.94205991023731));
#8016=CARTESIAN_POINT('Ctrl Pts',(90.5280880917121,-6.2,-1.81518513422712));
#8017=CARTESIAN_POINT('Ctrl Pts',(90.5280880917121,-6.,-1.81518513422712));
#8018=CARTESIAN_POINT('Ctrl Pts',(90.5608986336608,-6.2,-1.75791618666112));
#8019=CARTESIAN_POINT('Ctrl Pts',(90.5608986336608,-6.,-1.75791618666112));
#8020=CARTESIAN_POINT('Ctrl Pts',(90.6380734486785,-6.2,-1.6232119065067));
#8021=CARTESIAN_POINT('Ctrl Pts',(90.6380734486785,-6.,-1.6232119065067));
#8022=CARTESIAN_POINT('Ctrl Pts',(90.6399809340016,-6.2,-1.46699616765348));
#8023=CARTESIAN_POINT('Ctrl Pts',(90.6399809340016,-6.,-1.46699616765348));
#8024=CARTESIAN_POINT('Ctrl Pts',(90.6410774601122,-6.2,-1.37719488086602));
#8025=CARTESIAN_POINT('Ctrl Pts',(90.6410774601122,-6.,-1.37719488086602));
#8026=CARTESIAN_POINT('Ctrl Pts',(90.5280880917121,-6.2,-1.81518513422712));
#8027=CARTESIAN_POINT('Ctrl Pts',(90.5608986336608,-6.2,-1.75791618666112));
#8028=CARTESIAN_POINT('Ctrl Pts',(90.6380734486785,-6.2,-1.6232119065067));
#8029=CARTESIAN_POINT('Ctrl Pts',(90.6399809340016,-6.2,-1.46699616765348));
#8030=CARTESIAN_POINT('Ctrl Pts',(90.6410774601122,-6.2,-1.37719488086602));
#8031=CARTESIAN_POINT('Ctrl Pts',(90.5280880917121,-6.,-1.81518513422712));
#8032=CARTESIAN_POINT('Ctrl Pts',(90.5608986336608,-6.,-1.75791618666112));
#8033=CARTESIAN_POINT('Ctrl Pts',(90.6380734486785,-6.,-1.6232119065067));
#8034=CARTESIAN_POINT('Ctrl Pts',(90.6399809340016,-6.,-1.46699616765348));
#8035=CARTESIAN_POINT('Ctrl Pts',(90.6410774601122,-6.,-1.37719488086602));
#8036=CARTESIAN_POINT('Ctrl Pts',(90.7619825547259,-6.2,-0.454890946537387));
#8037=CARTESIAN_POINT('Ctrl Pts',(90.7619825547259,-6.,-0.454890946537387));
#8038=CARTESIAN_POINT('Ctrl Pts',(90.8327672929304,-6.2,-0.496967451032038));
#8039=CARTESIAN_POINT('Ctrl Pts',(90.8327672929304,-6.,-0.496967451032038));
#8040=CARTESIAN_POINT('Ctrl Pts',(90.9780916415398,-6.2,-0.58335246512621));
#8041=CARTESIAN_POINT('Ctrl Pts',(90.9780916415398,-6.,-0.58335246512621));
#8042=CARTESIAN_POINT('Ctrl Pts',(91.0725317581021,-6.2,-0.723744852620409));
#8043=CARTESIAN_POINT('Ctrl Pts',(91.0725317581021,-6.,-0.723744852620409));
#8044=CARTESIAN_POINT('Ctrl Pts',(91.1209718822968,-6.2,-0.795754766772947));
#8045=CARTESIAN_POINT('Ctrl Pts',(91.1209718822968,-6.,-0.795754766772947));
#8046=CARTESIAN_POINT('',(90.7619825547259,-6.2,-0.454890946537387));
#8047=CARTESIAN_POINT('',(91.1209718822968,-6.2,-0.795754766772947));
#8048=CARTESIAN_POINT('Ctrl Pts',(90.7619825547259,-6.2,-0.454890946537387));
#8049=CARTESIAN_POINT('Ctrl Pts',(90.8327672929304,-6.2,-0.496967451032038));
#8050=CARTESIAN_POINT('Ctrl Pts',(90.9780916415398,-6.2,-0.58335246512621));
#8051=CARTESIAN_POINT('Ctrl Pts',(91.0725317581021,-6.2,-0.723744852620409));
#8052=CARTESIAN_POINT('Ctrl Pts',(91.1209718822968,-6.2,-0.795754766772947));
#8053=CARTESIAN_POINT('',(90.7619825547259,-6.,-0.454890946537387));
#8054=CARTESIAN_POINT('',(90.7619825547259,-6.2,-0.454890946537387));
#8055=CARTESIAN_POINT('',(91.1209718822968,-6.,-0.795754766772947));
#8056=CARTESIAN_POINT('Ctrl Pts',(90.7619825547259,-6.,-0.454890946537387));
#8057=CARTESIAN_POINT('Ctrl Pts',(90.8327672929304,-6.,-0.496967451032038));
#8058=CARTESIAN_POINT('Ctrl Pts',(90.9780916415398,-6.,-0.58335246512621));
#8059=CARTESIAN_POINT('Ctrl Pts',(91.0725317581021,-6.,-0.723744852620409));
#8060=CARTESIAN_POINT('Ctrl Pts',(91.1209718822968,-6.,-0.795754766772947));
#8061=CARTESIAN_POINT('',(91.1209718822968,-6.2,-0.795754766772947));
#8062=CARTESIAN_POINT('Ctrl Pts',(90.2012130697452,-6.2,-0.347426180813226));
#8063=CARTESIAN_POINT('Ctrl Pts',(90.2012130697452,-6.,-0.347426180813226));
#8064=CARTESIAN_POINT('Ctrl Pts',(90.3055670871857,-6.2,-0.350213680357978));
#8065=CARTESIAN_POINT('Ctrl Pts',(90.3055670871857,-6.,-0.350213680357978));
#8066=CARTESIAN_POINT('Ctrl Pts',(90.4986566419449,-6.2,-0.355371479350184));
#8067=CARTESIAN_POINT('Ctrl Pts',(90.4986566419449,-6.,-0.355371479350184));
#8068=CARTESIAN_POINT('Ctrl Pts',(90.6790716748313,-6.2,-0.42355621573178));
#8069=CARTESIAN_POINT('Ctrl Pts',(90.6790716748313,-6.,-0.42355621573178));
#8070=CARTESIAN_POINT('Ctrl Pts',(90.7619825547259,-6.2,-0.454890946537387));
#8071=CARTESIAN_POINT('Ctrl Pts',(90.7619825547259,-6.,-0.454890946537387));
#8072=CARTESIAN_POINT('',(90.2012130697452,-6.2,-0.347426180813226));
#8073=CARTESIAN_POINT('Ctrl Pts',(90.2012130697452,-6.2,-0.347426180813226));
#8074=CARTESIAN_POINT('Ctrl Pts',(90.3055670871857,-6.2,-0.350213680357978));
#8075=CARTESIAN_POINT('Ctrl Pts',(90.4986566419449,-6.2,-0.355371479350184));
#8076=CARTESIAN_POINT('Ctrl Pts',(90.6790716748313,-6.2,-0.42355621573178));
#8077=CARTESIAN_POINT('Ctrl Pts',(90.7619825547259,-6.2,-0.454890946537387));
#8078=CARTESIAN_POINT('',(90.2012130697452,-6.,-0.347426180813226));
#8079=CARTESIAN_POINT('',(90.2012130697452,-6.2,-0.347426180813226));
#8080=CARTESIAN_POINT('Ctrl Pts',(90.2012130697452,-6.,-0.347426180813226));
#8081=CARTESIAN_POINT('Ctrl Pts',(90.3055670871857,-6.,-0.350213680357978));
#8082=CARTESIAN_POINT('Ctrl Pts',(90.4986566419449,-6.,-0.355371479350184));
#8083=CARTESIAN_POINT('Ctrl Pts',(90.6790716748313,-6.,-0.42355621573178));
#8084=CARTESIAN_POINT('Ctrl Pts',(90.7619825547259,-6.,-0.454890946537387));
#8085=CARTESIAN_POINT('Ctrl Pts',(89.646029878231,-6.2,-0.471883588395514));
#8086=CARTESIAN_POINT('Ctrl Pts',(89.646029878231,-6.,-0.471883588395514));
#8087=CARTESIAN_POINT('Ctrl Pts',(89.7281488304218,-6.2,-0.435675253274459));
#8088=CARTESIAN_POINT('Ctrl Pts',(89.7281488304218,-6.,-0.435675253274459));
#8089=CARTESIAN_POINT('Ctrl Pts',(89.9047146531757,-6.2,-0.357822890200701));
#8090=CARTESIAN_POINT('Ctrl Pts',(89.9047146531757,-6.,-0.357822890200701));
#8091=CARTESIAN_POINT('Ctrl Pts',(90.097884523657,-6.2,-0.351049393636886));
#8092=CARTESIAN_POINT('Ctrl Pts',(90.097884523657,-6.,-0.351049393636886));
#8093=CARTESIAN_POINT('Ctrl Pts',(90.2012130697452,-6.2,-0.347426180813226));
#8094=CARTESIAN_POINT('Ctrl Pts',(90.2012130697452,-6.,-0.347426180813226));
#8095=CARTESIAN_POINT('',(89.646029878231,-6.2,-0.471883588395514));
#8096=CARTESIAN_POINT('Ctrl Pts',(89.646029878231,-6.2,-0.471883588395514));
#8097=CARTESIAN_POINT('Ctrl Pts',(89.7281488304218,-6.2,-0.435675253274459));
#8098=CARTESIAN_POINT('Ctrl Pts',(89.9047146531757,-6.2,-0.357822890200701));
#8099=CARTESIAN_POINT('Ctrl Pts',(90.097884523657,-6.2,-0.351049393636886));
#8100=CARTESIAN_POINT('Ctrl Pts',(90.2012130697452,-6.2,-0.347426180813226));
#8101=CARTESIAN_POINT('',(89.646029878231,-6.,-0.471883588395514));
#8102=CARTESIAN_POINT('',(89.646029878231,-6.2,-0.471883588395514));
#8103=CARTESIAN_POINT('Ctrl Pts',(89.646029878231,-6.,-0.471883588395514));
#8104=CARTESIAN_POINT('Ctrl Pts',(89.7281488304218,-6.,-0.435675253274459));
#8105=CARTESIAN_POINT('Ctrl Pts',(89.9047146531757,-6.,-0.357822890200701));
#8106=CARTESIAN_POINT('Ctrl Pts',(90.097884523657,-6.,-0.351049393636886));
#8107=CARTESIAN_POINT('Ctrl Pts',(90.2012130697452,-6.,-0.347426180813226));
#8108=CARTESIAN_POINT('Ctrl Pts',(89.3051607385334,-6.2,-0.821323359285226));
#8109=CARTESIAN_POINT('Ctrl Pts',(89.3051607385334,-6.,-0.821323359285226));
#8110=CARTESIAN_POINT('Ctrl Pts',(89.3488148998018,-6.2,-0.750728166155441));
#8111=CARTESIAN_POINT('Ctrl Pts',(89.3488148998018,-6.,-0.750728166155441));
#8112=CARTESIAN_POINT('Ctrl Pts',(89.4364812351555,-6.2,-0.608958820566283));
#8113=CARTESIAN_POINT('Ctrl Pts',(89.4364812351555,-6.,-0.608958820566283));
#8114=CARTESIAN_POINT('Ctrl Pts',(89.5759904207852,-6.2,-0.517699561000147));
#8115=CARTESIAN_POINT('Ctrl Pts',(89.5759904207852,-6.,-0.517699561000147));
#8116=CARTESIAN_POINT('Ctrl Pts',(89.646029878231,-6.2,-0.471883588395514));
#8117=CARTESIAN_POINT('Ctrl Pts',(89.646029878231,-6.,-0.471883588395514));
#8118=CARTESIAN_POINT('',(89.3051607385334,-6.2,-0.821323359285226));
#8119=CARTESIAN_POINT('Ctrl Pts',(89.3051607385334,-6.2,-0.821323359285226));
#8120=CARTESIAN_POINT('Ctrl Pts',(89.3488148998018,-6.2,-0.750728166155441));
#8121=CARTESIAN_POINT('Ctrl Pts',(89.4364812351555,-6.2,-0.608958820566283));
#8122=CARTESIAN_POINT('Ctrl Pts',(89.5759904207852,-6.2,-0.517699561000147));
#8123=CARTESIAN_POINT('Ctrl Pts',(89.646029878231,-6.2,-0.471883588395514));
#8124=CARTESIAN_POINT('',(89.3051607385334,-6.,-0.821323359285226));
#8125=CARTESIAN_POINT('',(89.3051607385334,-6.2,-0.821323359285226));
#8126=CARTESIAN_POINT('Ctrl Pts',(89.3051607385334,-6.,-0.821323359285226));
#8127=CARTESIAN_POINT('Ctrl Pts',(89.3488148998018,-6.,-0.750728166155441));
#8128=CARTESIAN_POINT('Ctrl Pts',(89.4364812351555,-6.,-0.608958820566283));
#8129=CARTESIAN_POINT('Ctrl Pts',(89.5759904207852,-6.,-0.517699561000147));
#8130=CARTESIAN_POINT('Ctrl Pts',(89.646029878231,-6.,-0.471883588395514));
#8131=CARTESIAN_POINT('Ctrl Pts',(89.1867907228192,-6.2,-1.39710468857357));
#8132=CARTESIAN_POINT('Ctrl Pts',(89.1867907228192,-6.,-1.39710468857357));
#8133=CARTESIAN_POINT('Ctrl Pts',(89.1898120481351,-6.2,-1.28921580251246));
#8134=CARTESIAN_POINT('Ctrl Pts',(89.1898120481351,-6.,-1.28921580251246));
#8135=CARTESIAN_POINT('Ctrl Pts',(89.1953917868995,-6.2,-1.08996820853603));
#8136=CARTESIAN_POINT('Ctrl Pts',(89.1953917868995,-6.,-1.08996820853603));
#8137=CARTESIAN_POINT('Ctrl Pts',(89.27065236922,-6.2,-0.905777984514935));
#8138=CARTESIAN_POINT('Ctrl Pts',(89.27065236922,-6.,-0.905777984514935));
#8139=CARTESIAN_POINT('Ctrl Pts',(89.3051607385334,-6.2,-0.821323359285226));
#8140=CARTESIAN_POINT('Ctrl Pts',(89.3051607385334,-6.,-0.821323359285226));
#8141=CARTESIAN_POINT('',(89.1867907228192,-6.2,-1.39710468857357));
#8142=CARTESIAN_POINT('Ctrl Pts',(89.1867907228192,-6.2,-1.39710468857357));
#8143=CARTESIAN_POINT('Ctrl Pts',(89.1898120481351,-6.2,-1.28921580251246));
#8144=CARTESIAN_POINT('Ctrl Pts',(89.1953917868995,-6.2,-1.08996820853603));
#8145=CARTESIAN_POINT('Ctrl Pts',(89.27065236922,-6.2,-0.905777984514935));
#8146=CARTESIAN_POINT('Ctrl Pts',(89.3051607385334,-6.2,-0.821323359285226));
#8147=CARTESIAN_POINT('',(89.1867907228192,-6.,-1.39710468857357));
#8148=CARTESIAN_POINT('',(89.1867907228192,-6.2,-1.39710468857357));
#8149=CARTESIAN_POINT('Ctrl Pts',(89.1867907228192,-6.,-1.39710468857357));
#8150=CARTESIAN_POINT('Ctrl Pts',(89.1898120481351,-6.,-1.28921580251246));
#8151=CARTESIAN_POINT('Ctrl Pts',(89.1953917868995,-6.,-1.08996820853603));
#8152=CARTESIAN_POINT('Ctrl Pts',(89.27065236922,-6.,-0.905777984514935));
#8153=CARTESIAN_POINT('Ctrl Pts',(89.3051607385334,-6.,-0.821323359285226));
#8154=CARTESIAN_POINT('Ctrl Pts',(89.4573315349202,-6.2,-2.14729551899018));
#8155=CARTESIAN_POINT('Ctrl Pts',(89.4573315349202,-6.,-2.14729551899018));
#8156=CARTESIAN_POINT('Ctrl Pts',(89.3785830555669,-6.2,-2.04443794308798));
#8157=CARTESIAN_POINT('Ctrl Pts',(89.3785830555669,-6.,-2.04443794308798));
#8158=CARTESIAN_POINT('Ctrl Pts',(89.209782944134,-6.2,-1.82395914252438));
#8159=CARTESIAN_POINT('Ctrl Pts',(89.209782944134,-6.,-1.82395914252438));
#8160=CARTESIAN_POINT('Ctrl Pts',(89.194789459959,-6.2,-1.54560258824825));
#8161=CARTESIAN_POINT('Ctrl Pts',(89.194789459959,-6.,-1.54560258824825));
#8162=CARTESIAN_POINT('Ctrl Pts',(89.1867907228192,-6.2,-1.39710468857357));
#8163=CARTESIAN_POINT('Ctrl Pts',(89.1867907228192,-6.,-1.39710468857357));
#8164=CARTESIAN_POINT('',(89.4573315349202,-6.2,-2.14729551899018));
#8165=CARTESIAN_POINT('Ctrl Pts',(89.4573315349202,-6.2,-2.14729551899018));
#8166=CARTESIAN_POINT('Ctrl Pts',(89.3785830555669,-6.2,-2.04443794308798));
#8167=CARTESIAN_POINT('Ctrl Pts',(89.209782944134,-6.2,-1.82395914252438));
#8168=CARTESIAN_POINT('Ctrl Pts',(89.194789459959,-6.2,-1.54560258824825));
#8169=CARTESIAN_POINT('Ctrl Pts',(89.1867907228192,-6.2,-1.39710468857357));
#8170=CARTESIAN_POINT('',(89.4573315349202,-6.,-2.14729551899018));
#8171=CARTESIAN_POINT('',(89.4573315349202,-6.2,-2.14729551899018));
#8172=CARTESIAN_POINT('Ctrl Pts',(89.4573315349202,-6.,-2.14729551899018));
#8173=CARTESIAN_POINT('Ctrl Pts',(89.3785830555669,-6.,-2.04443794308798));
#8174=CARTESIAN_POINT('Ctrl Pts',(89.209782944134,-6.,-1.82395914252438));
#8175=CARTESIAN_POINT('Ctrl Pts',(89.194789459959,-6.,-1.54560258824825));
#8176=CARTESIAN_POINT('Ctrl Pts',(89.1867907228192,-6.,-1.39710468857357));
#8177=CARTESIAN_POINT('Ctrl Pts',(90.226921655858,-6.2,-2.41562540544933));
#8178=CARTESIAN_POINT('Ctrl Pts',(90.226921655858,-6.,-2.41562540544933));
#8179=CARTESIAN_POINT('Ctrl Pts',(90.074086175029,-6.2,-2.40829602108961));
#8180=CARTESIAN_POINT('Ctrl Pts',(90.074086175029,-6.,-2.40829602108961));
#8181=CARTESIAN_POINT('Ctrl Pts',(89.789815704691,-6.2,-2.39466353517782));
#8182=CARTESIAN_POINT('Ctrl Pts',(89.789815704691,-6.,-2.39466353517782));
#8183=CARTESIAN_POINT('Ctrl Pts',(89.5624541700229,-6.2,-2.2255066943364));
#8184=CARTESIAN_POINT('Ctrl Pts',(89.5624541700229,-6.,-2.2255066943364));
#8185=CARTESIAN_POINT('Ctrl Pts',(89.4573315349202,-6.2,-2.14729551899018));
#8186=CARTESIAN_POINT('Ctrl Pts',(89.4573315349202,-6.,-2.14729551899018));
#8187=CARTESIAN_POINT('',(90.226921655858,-6.2,-2.41562540544933));
#8188=CARTESIAN_POINT('Ctrl Pts',(90.226921655858,-6.2,-2.41562540544933));
#8189=CARTESIAN_POINT('Ctrl Pts',(90.074086175029,-6.2,-2.40829602108961));
#8190=CARTESIAN_POINT('Ctrl Pts',(89.789815704691,-6.2,-2.39466353517782));
#8191=CARTESIAN_POINT('Ctrl Pts',(89.5624541700229,-6.2,-2.2255066943364));
#8192=CARTESIAN_POINT('Ctrl Pts',(89.4573315349202,-6.2,-2.14729551899018));
#8193=CARTESIAN_POINT('',(90.226921655858,-6.,-2.41562540544933));
#8194=CARTESIAN_POINT('',(90.226921655858,-6.2,-2.41562540544933));
#8195=CARTESIAN_POINT('Ctrl Pts',(90.226921655858,-6.,-2.41562540544933));
#8196=CARTESIAN_POINT('Ctrl Pts',(90.074086175029,-6.,-2.40829602108961));
#8197=CARTESIAN_POINT('Ctrl Pts',(89.789815704691,-6.,-2.39466353517782));
#8198=CARTESIAN_POINT('Ctrl Pts',(89.5624541700229,-6.,-2.2255066943364));
#8199=CARTESIAN_POINT('Ctrl Pts',(89.4573315349202,-6.,-2.14729551899018));
#8200=CARTESIAN_POINT('Ctrl Pts',(90.9866605232992,-6.2,-2.14235116971815));
#8201=CARTESIAN_POINT('Ctrl Pts',(90.9866605232992,-6.,-2.14235116971815));
#8202=CARTESIAN_POINT('Ctrl Pts',(90.8821254509286,-6.2,-2.22190068744473));
#8203=CARTESIAN_POINT('Ctrl Pts',(90.8821254509286,-6.,-2.22190068744473));
#8204=CARTESIAN_POINT('Ctrl Pts',(90.6585156576027,-6.2,-2.39206416286618));
#8205=CARTESIAN_POINT('Ctrl Pts',(90.6585156576027,-6.,-2.39206416286618));
#8206=CARTESIAN_POINT('Ctrl Pts',(90.3768903097715,-6.2,-2.40743843385));
#8207=CARTESIAN_POINT('Ctrl Pts',(90.3768903097715,-6.,-2.40743843385));
#8208=CARTESIAN_POINT('Ctrl Pts',(90.226921655858,-6.2,-2.41562540544933));
#8209=CARTESIAN_POINT('Ctrl Pts',(90.226921655858,-6.,-2.41562540544933));
#8210=CARTESIAN_POINT('',(90.9866605232992,-6.2,-2.14235116971815));
#8211=CARTESIAN_POINT('Ctrl Pts',(90.9866605232992,-6.2,-2.14235116971815));
#8212=CARTESIAN_POINT('Ctrl Pts',(90.8821254509286,-6.2,-2.22190068744473));
#8213=CARTESIAN_POINT('Ctrl Pts',(90.6585156576027,-6.2,-2.39206416286618));
#8214=CARTESIAN_POINT('Ctrl Pts',(90.3768903097715,-6.2,-2.40743843385));
#8215=CARTESIAN_POINT('Ctrl Pts',(90.226921655858,-6.2,-2.41562540544933));
#8216=CARTESIAN_POINT('',(90.9866605232992,-6.,-2.14235116971815));
#8217=CARTESIAN_POINT('',(90.9866605232992,-6.2,-2.14235116971815));
#8218=CARTESIAN_POINT('Ctrl Pts',(90.9866605232992,-6.,-2.14235116971815));
#8219=CARTESIAN_POINT('Ctrl Pts',(90.8821254509286,-6.,-2.22190068744473));
#8220=CARTESIAN_POINT('Ctrl Pts',(90.6585156576027,-6.,-2.39206416286618));
#8221=CARTESIAN_POINT('Ctrl Pts',(90.3768903097715,-6.,-2.40743843385));
#8222=CARTESIAN_POINT('Ctrl Pts',(90.226921655858,-6.,-2.41562540544933));
#8223=CARTESIAN_POINT('Ctrl Pts',(91.2590869613643,-6.2,-1.37957932740691));
#8224=CARTESIAN_POINT('Ctrl Pts',(91.2590869613643,-6.,-1.37957932740691));
#8225=CARTESIAN_POINT('Ctrl Pts',(91.2511529481553,-6.2,-1.53025729681219));
#8226=CARTESIAN_POINT('Ctrl Pts',(91.2511529481553,-6.,-1.53025729681219));
#8227=CARTESIAN_POINT('Ctrl Pts',(91.2362752463171,-6.2,-1.81280559152239));
#8228=CARTESIAN_POINT('Ctrl Pts',(91.2362752463171,-6.,-1.81280559152239));
#8229=CARTESIAN_POINT('Ctrl Pts',(91.0660893258083,-6.2,-2.03748792154198));
#8230=CARTESIAN_POINT('Ctrl Pts',(91.0660893258083,-6.,-2.03748792154198));
#8231=CARTESIAN_POINT('Ctrl Pts',(90.9866605232992,-6.2,-2.14235116971815));
#8232=CARTESIAN_POINT('Ctrl Pts',(90.9866605232992,-6.,-2.14235116971815));
#8233=CARTESIAN_POINT('',(91.2590869613643,-6.2,-1.37957932740691));
#8234=CARTESIAN_POINT('Ctrl Pts',(91.2590869613643,-6.2,-1.37957932740691));
#8235=CARTESIAN_POINT('Ctrl Pts',(91.2511529481553,-6.2,-1.53025729681219));
#8236=CARTESIAN_POINT('Ctrl Pts',(91.2362752463171,-6.2,-1.81280559152239));
#8237=CARTESIAN_POINT('Ctrl Pts',(91.0660893258083,-6.2,-2.03748792154198));
#8238=CARTESIAN_POINT('Ctrl Pts',(90.9866605232992,-6.2,-2.14235116971815));
#8239=CARTESIAN_POINT('',(91.2590869613643,-6.,-1.37957932740691));
#8240=CARTESIAN_POINT('',(91.2590869613643,-6.2,-1.37957932740691));
#8241=CARTESIAN_POINT('Ctrl Pts',(91.2590869613643,-6.,-1.37957932740691));
#8242=CARTESIAN_POINT('Ctrl Pts',(91.2511529481553,-6.,-1.53025729681219));
#8243=CARTESIAN_POINT('Ctrl Pts',(91.2362752463171,-6.,-1.81280559152239));
#8244=CARTESIAN_POINT('Ctrl Pts',(91.0660893258083,-6.,-2.03748792154198));
#8245=CARTESIAN_POINT('Ctrl Pts',(90.9866605232992,-6.,-2.14235116971815));
#8246=CARTESIAN_POINT('Ctrl Pts',(91.1209718822968,-6.2,-0.795754766772947));
#8247=CARTESIAN_POINT('Ctrl Pts',(91.1209718822968,-6.,-0.795754766772947));
#8248=CARTESIAN_POINT('Ctrl Pts',(91.1611593866785,-6.2,-0.881874041707944));
#8249=CARTESIAN_POINT('Ctrl Pts',(91.1611593866785,-6.,-0.881874041707944));
#8250=CARTESIAN_POINT('Ctrl Pts',(91.2473588718476,-6.2,-1.06659407537851));
#8251=CARTESIAN_POINT('Ctrl Pts',(91.2473588718476,-6.,-1.06659407537851));
#8252=CARTESIAN_POINT('Ctrl Pts',(91.2550053741464,-6.2,-1.270654800333));
#8253=CARTESIAN_POINT('Ctrl Pts',(91.2550053741464,-6.,-1.270654800333));
#8254=CARTESIAN_POINT('Ctrl Pts',(91.2590869613643,-6.2,-1.37957932740691));
#8255=CARTESIAN_POINT('Ctrl Pts',(91.2590869613643,-6.,-1.37957932740691));
#8256=CARTESIAN_POINT('Ctrl Pts',(91.1209718822968,-6.2,-0.795754766772947));
#8257=CARTESIAN_POINT('Ctrl Pts',(91.1611593866785,-6.2,-0.881874041707944));
#8258=CARTESIAN_POINT('Ctrl Pts',(91.2473588718476,-6.2,-1.06659407537851));
#8259=CARTESIAN_POINT('Ctrl Pts',(91.2550053741464,-6.2,-1.270654800333));
#8260=CARTESIAN_POINT('Ctrl Pts',(91.2590869613643,-6.2,-1.37957932740691));
#8261=CARTESIAN_POINT('Ctrl Pts',(91.1209718822968,-6.,-0.795754766772947));
#8262=CARTESIAN_POINT('Ctrl Pts',(91.1611593866785,-6.,-0.881874041707944));
#8263=CARTESIAN_POINT('Ctrl Pts',(91.2473588718476,-6.,-1.06659407537851));
#8264=CARTESIAN_POINT('Ctrl Pts',(91.2550053741464,-6.,-1.270654800333));
#8265=CARTESIAN_POINT('Ctrl Pts',(91.2590869613643,-6.,-1.37957932740691));
#8266=CARTESIAN_POINT('Origin',(88.3595193939529,-6.,-5.3216927013314));
#8267=CARTESIAN_POINT('Origin',(87.5726069846089,-6.2,-8.26294365061108));
#8268=CARTESIAN_POINT('',(87.5726069846089,-6.2,-8.26294365061108));
#8269=CARTESIAN_POINT('',(88.1537801951856,-6.2,-8.26261991528922));
#8270=CARTESIAN_POINT('',(117.483303739317,-6.2,-8.24628226831607));
#8271=CARTESIAN_POINT('',(87.5726069846089,-6.,-8.26294365061108));
#8272=CARTESIAN_POINT('',(87.5726069846089,-6.2,-8.26294365061108));
#8273=CARTESIAN_POINT('',(88.1537801951856,-6.,-8.26261991528922));
#8274=CARTESIAN_POINT('',(87.5726069846089,-6.,-8.26294365061108));
#8275=CARTESIAN_POINT('',(88.1537801951856,-6.2,-8.26261991528922));
#8276=CARTESIAN_POINT('Origin',(87.5732187379282,-6.2,-9.36116993806054));
#8277=CARTESIAN_POINT('',(87.5732187379282,-6.2,-9.36116993806054));
#8278=CARTESIAN_POINT('',(87.5759126142556,-6.2,-14.1972463513244));
#8279=CARTESIAN_POINT('',(87.5732187379282,-6.,-9.36116993806054));
#8280=CARTESIAN_POINT('',(87.5732187379282,-6.2,-9.36116993806054));
#8281=CARTESIAN_POINT('',(87.5732187379282,-6.,-9.36116993806054));
#8282=CARTESIAN_POINT('Origin',(86.8236300357229,-6.2,-8.26336085892214));
#8283=CARTESIAN_POINT('',(86.8236300357229,-6.2,-8.26336085892214));
#8284=CARTESIAN_POINT('',(98.9544826998087,-6.2,-26.0295840599182));
#8285=CARTESIAN_POINT('',(86.8236300357229,-6.,-8.26336085892214));
#8286=CARTESIAN_POINT('',(86.8236300357229,-6.2,-8.26336085892214));
#8287=CARTESIAN_POINT('',(86.8236300357229,-6.,-8.26336085892214));
#8288=CARTESIAN_POINT('Origin',(86.2410924750389,-6.2,-8.26368535423829));
#8289=CARTESIAN_POINT('',(86.2410924750389,-6.2,-8.26368535423829));
#8290=CARTESIAN_POINT('',(116.817546484532,-6.2,-8.24665312012965));
#8291=CARTESIAN_POINT('',(86.2410924750389,-6.,-8.26368535423829));
#8292=CARTESIAN_POINT('',(86.2410924750389,-6.2,-8.26368535423829));
#8293=CARTESIAN_POINT('',(86.2410924750389,-6.,-8.26368535423829));
#8294=CARTESIAN_POINT('Origin',(86.2422065500532,-6.2,-10.2636850737498));
#8295=CARTESIAN_POINT('',(86.2422065500532,-6.2,-10.2636850737498));
#8296=CARTESIAN_POINT('',(86.2446492655331,-6.2,-14.6488747709825));
#8297=CARTESIAN_POINT('',(86.2422065500532,-6.,-10.2636850737498));
#8298=CARTESIAN_POINT('',(86.2422065500532,-6.2,-10.2636850737498));
#8299=CARTESIAN_POINT('',(86.2422065500532,-6.,-10.2636850737498));
#8300=CARTESIAN_POINT('Origin',(86.8247441107372,-6.2,-10.2633605784337));
#8301=CARTESIAN_POINT('',(86.8247441107372,-6.2,-10.2633605784337));
#8302=CARTESIAN_POINT('',(117.109929339889,-6.2,-10.2464905919831));
#8303=CARTESIAN_POINT('',(86.8247441107372,-6.,-10.2633605784337));
#8304=CARTESIAN_POINT('',(86.8247441107372,-6.2,-10.2633605784337));
#8305=CARTESIAN_POINT('',(86.8247441107372,-6.,-10.2633605784337));
#8306=CARTESIAN_POINT('Origin',(86.8241277977842,-6.2,-9.15694878638713));
#8307=CARTESIAN_POINT('',(86.8241277977842,-6.2,-9.15694878638713));
#8308=CARTESIAN_POINT('',(86.8268786697406,-6.2,-14.0953443796431));
#8309=CARTESIAN_POINT('',(86.8241277977842,-6.,-9.15694878638713));
#8310=CARTESIAN_POINT('',(86.8241277977842,-6.2,-9.15694878638713));
#8311=CARTESIAN_POINT('',(86.8241277977842,-6.,-9.15694878638713));
#8312=CARTESIAN_POINT('Origin',(87.5778141099449,-6.2,-10.2629410901397));
#8313=CARTESIAN_POINT('',(87.5778141099449,-6.2,-10.2629410901397));
#8314=CARTESIAN_POINT('',(99.0961006044553,-6.2,-27.1653791599317));
#8315=CARTESIAN_POINT('',(87.5778141099449,-6.,-10.2629410901397));
#8316=CARTESIAN_POINT('',(87.5778141099449,-6.2,-10.2629410901397));
#8317=CARTESIAN_POINT('',(87.5778141099449,-6.,-10.2629410901397));
#8318=CARTESIAN_POINT('Origin',(88.1548942702,-6.2,-10.2626196348007));
#8319=CARTESIAN_POINT('',(88.1548942702,-6.2,-10.2626196348007));
#8320=CARTESIAN_POINT('',(117.77500441962,-6.2,-10.2461201201666));
#8321=CARTESIAN_POINT('',(88.1548942702,-6.,-10.2626196348007));
#8322=CARTESIAN_POINT('',(88.1548942702,-6.2,-10.2626196348007));
#8323=CARTESIAN_POINT('',(88.1548942702,-6.,-10.2626196348007));
#8324=CARTESIAN_POINT('Origin',(88.1537801951856,-6.2,-8.26261991528922));
#8325=CARTESIAN_POINT('',(88.1567799481727,-6.2,-13.6478094722777));
#8326=CARTESIAN_POINT('',(88.1537801951856,-6.,-8.26261991528922));
#8327=CARTESIAN_POINT('Origin',(88.3595193939529,-6.,-5.3216927013314));
#8328=CARTESIAN_POINT('Origin',(147.4,-6.2,-19.));
#8329=CARTESIAN_POINT('',(214.1,-6.2,8.73055381743069E-14));
#8330=CARTESIAN_POINT('',(212.4,-6.2,1.70000000000008));
#8331=CARTESIAN_POINT('Origin',(212.4,-6.2,8.62173195699896E-14));
#8332=CARTESIAN_POINT('',(146.4,-6.2,1.70000000000004));
#8333=CARTESIAN_POINT('',(146.9,-6.2,1.70000000000006));
#8334=CARTESIAN_POINT('',(144.1,-6.2,4.00000000000005));
#8335=CARTESIAN_POINT('Origin',(146.4,-6.2,4.00000000000005));
#8336=CARTESIAN_POINT('',(144.1,-6.2,22.0000000000001));
#8337=CARTESIAN_POINT('',(144.1,-6.2,1.50000000000005));
#8338=CARTESIAN_POINT('',(142.4,-6.2,23.7));
#8339=CARTESIAN_POINT('Origin',(142.4,-6.2,22.));
#8340=CARTESIAN_POINT('',(82.4,-6.2,23.7));
#8341=CARTESIAN_POINT('',(114.9,-6.2,23.7));
#8342=CARTESIAN_POINT('',(80.7,-6.2,22.));
#8343=CARTESIAN_POINT('Origin',(82.4,-6.2,22.));
#8344=CARTESIAN_POINT('',(80.7,-6.2,-33.5));
#8345=CARTESIAN_POINT('',(80.7,-6.2,-26.25));
#8346=CARTESIAN_POINT('',(82.4,-6.2,-35.2));
#8347=CARTESIAN_POINT('Origin',(82.4,-6.2,-33.5));
#8348=CARTESIAN_POINT('',(108.4,-6.2,-35.2));
#8349=CARTESIAN_POINT('',(127.9,-6.2,-35.2));
#8350=CARTESIAN_POINT('',(110.7,-6.2,-37.5));
#8351=CARTESIAN_POINT('Origin',(108.4,-6.2,-37.5));
#8352=CARTESIAN_POINT('',(110.7,-6.2,-60.));
#8353=CARTESIAN_POINT('',(110.7,-6.2,-39.5));
#8354=CARTESIAN_POINT('',(112.4,-6.2,-61.7));
#8355=CARTESIAN_POINT('Origin',(112.4,-6.2,-60.));
#8356=CARTESIAN_POINT('',(212.4,-6.2,-61.6999999999999));
#8357=CARTESIAN_POINT('',(179.9,-6.2,-61.6999999999999));
#8358=CARTESIAN_POINT('',(214.1,-6.2,-59.9999999999999));
#8359=CARTESIAN_POINT('Origin',(212.4,-6.2,-59.9999999999999));
#8360=CARTESIAN_POINT('',(214.1,-6.2,-9.49999999999991));
#8361=CARTESIAN_POINT('',(195.75,-6.2,-40.));
#8362=CARTESIAN_POINT('Origin',(192.4,-6.2,-40.));
#8363=CARTESIAN_POINT('',(175.75,-6.2,-20.));
#8364=CARTESIAN_POINT('Origin',(172.4,-6.2,-20.));
#8365=CARTESIAN_POINT('',(135.75,-6.2,-40.));
#8366=CARTESIAN_POINT('Origin',(132.4,-6.2,-40.));
#8367=CARTESIAN_POINT('',(115.75,-6.2,4.17022029878871E-14));
#8368=CARTESIAN_POINT('Origin',(112.4,-6.2,3.99680288865057E-14));
#8369=CARTESIAN_POINT('Origin',(147.4,-6.2,-19.));
#8370=CARTESIAN_POINT('Origin',(147.4,-6.2,-19.));
#8371=CARTESIAN_POINT('Origin',(147.4,-6.2,-19.));
#8372=CARTESIAN_POINT('Origin',(147.4,-6.2,-19.));
#8373=CARTESIAN_POINT('Origin',(97.4,-3.,-23.0465719898674));
#8374=CARTESIAN_POINT('',(99.4,-3.25,-23.0465719898674));
#8375=CARTESIAN_POINT('',(98.9,-2.75,-23.0465719898674));
#8376=CARTESIAN_POINT('',(99.4,-3.25,-23.0465719898674));
#8377=CARTESIAN_POINT('',(97.4,-3.25,-25.0465719898674));
#8378=CARTESIAN_POINT('Origin',(97.4,-3.25,-23.0465719898674));
#8379=CARTESIAN_POINT('',(97.4,-2.75,-24.5465719898674));
#8380=CARTESIAN_POINT('',(97.4,-2.75,-24.5465719898674));
#8381=CARTESIAN_POINT('Origin',(97.4,-2.75,-23.0465719898674));
#8382=CARTESIAN_POINT('Origin',(99.15,-3.,-21.5465719898674));
#8383=CARTESIAN_POINT('',(98.9,-2.75,-21.0465719898674));
#8384=CARTESIAN_POINT('',(98.9,-2.75,-21.5465719898674));
#8385=CARTESIAN_POINT('',(99.4,-3.25,-21.0465719898674));
#8386=CARTESIAN_POINT('',(99.4,-3.25,-21.0465719898674));
#8387=CARTESIAN_POINT('',(99.4,-3.25,-21.5465719898674));
#8388=CARTESIAN_POINT('Origin',(97.4,-3.,-21.0465719898674));
#8389=CARTESIAN_POINT('',(97.4,-3.25,-19.0465719898674));
#8390=CARTESIAN_POINT('',(97.4,-2.75,-19.5465719898674));
#8391=CARTESIAN_POINT('',(97.4,-3.25,-19.0465719898674));
#8392=CARTESIAN_POINT('Origin',(97.4,-3.25,-21.0465719898674));
#8393=CARTESIAN_POINT('Origin',(97.4,-2.75,-21.0465719898674));
#8394=CARTESIAN_POINT('Origin',(95.9,-3.,-19.2965719898674));
#8395=CARTESIAN_POINT('',(95.4,-2.75,-19.5465719898674));
#8396=CARTESIAN_POINT('',(95.9,-2.75,-19.5465719898674));
#8397=CARTESIAN_POINT('',(95.4,-3.25,-19.0465719898674));
#8398=CARTESIAN_POINT('',(95.4,-3.25,-19.0465719898674));
#8399=CARTESIAN_POINT('',(95.9,-3.25,-19.0465719898674));
#8400=CARTESIAN_POINT('Origin',(95.4,-3.,-21.0465719898674));
#8401=CARTESIAN_POINT('',(93.4,-3.25,-21.0465719898674));
#8402=CARTESIAN_POINT('',(93.9,-2.75,-21.0465719898674));
#8403=CARTESIAN_POINT('',(93.4,-3.25,-21.0465719898674));
#8404=CARTESIAN_POINT('Origin',(95.4,-3.25,-21.0465719898674));
#8405=CARTESIAN_POINT('Origin',(95.4,-2.75,-21.0465719898674));
#8406=CARTESIAN_POINT('Origin',(93.65,-3.,-22.5465719898674));
#8407=CARTESIAN_POINT('',(93.9,-2.75,-23.0465719898674));
#8408=CARTESIAN_POINT('',(93.9,-2.75,-22.5465719898674));
#8409=CARTESIAN_POINT('',(93.4,-3.25,-23.0465719898674));
#8410=CARTESIAN_POINT('',(93.4,-3.25,-23.0465719898674));
#8411=CARTESIAN_POINT('',(93.4,-3.25,-22.5465719898674));
#8412=CARTESIAN_POINT('Origin',(95.4,-3.,-23.0465719898674));
#8413=CARTESIAN_POINT('',(95.4,-3.25,-25.0465719898674));
#8414=CARTESIAN_POINT('',(95.4,-2.75,-24.5465719898674));
#8415=CARTESIAN_POINT('',(95.4,-3.25,-25.0465719898674));
#8416=CARTESIAN_POINT('Origin',(95.4,-3.25,-23.0465719898674));
#8417=CARTESIAN_POINT('Origin',(95.4,-2.75,-23.0465719898674));
#8418=CARTESIAN_POINT('Origin',(96.9,-3.,-24.7965719898674));
#8419=CARTESIAN_POINT('',(96.9,-2.75,-24.5465719898674));
#8420=CARTESIAN_POINT('',(96.9,-3.25,-25.0465719898674));
#8421=CARTESIAN_POINT('Origin',(95.4,-2.75,-19.0465719898674));
#8422=CARTESIAN_POINT('',(95.4,-4.1,-19.0465719898674));
#8423=CARTESIAN_POINT('',(95.4,-2.75,-19.0465719898674));
#8424=CARTESIAN_POINT('',(97.4,-4.1,-19.0465719898674));
#8425=CARTESIAN_POINT('',(121.4,-4.1,-19.0465719898674));
#8426=CARTESIAN_POINT('',(97.4,-2.75,-19.0465719898674));
#8427=CARTESIAN_POINT('Origin',(97.4,-2.75,-21.0465719898674));
#8428=CARTESIAN_POINT('',(99.4,-4.1,-21.0465719898674));
#8429=CARTESIAN_POINT('Origin',(97.4,-4.1,-21.0465719898674));
#8430=CARTESIAN_POINT('',(99.4,-2.75,-21.0465719898674));
#8431=CARTESIAN_POINT('Origin',(99.4,-2.75,-21.0465719898674));
#8432=CARTESIAN_POINT('',(99.4,-4.1,-23.0465719898674));
#8433=CARTESIAN_POINT('',(99.4,-4.1,-20.0232859949337));
#8434=CARTESIAN_POINT('',(99.4,-2.75,-23.0465719898674));
#8435=CARTESIAN_POINT('Origin',(97.4,-2.75,-23.0465719898674));
#8436=CARTESIAN_POINT('',(97.4,-4.1,-25.0465719898674));
#8437=CARTESIAN_POINT('Origin',(97.4,-4.1,-23.0465719898674));
#8438=CARTESIAN_POINT('',(97.4,-2.75,-25.0465719898674));
#8439=CARTESIAN_POINT('Origin',(96.4,-2.75,-22.0465719898674));
#8440=CARTESIAN_POINT('Origin',(95.4,-2.75,-23.0465719898674));
#8441=CARTESIAN_POINT('',(95.4,-4.1,-25.0465719898674));
#8442=CARTESIAN_POINT('',(95.4,-2.75,-25.0465719898674));
#8443=CARTESIAN_POINT('',(93.4,-4.1,-23.0465719898674));
#8444=CARTESIAN_POINT('Origin',(95.4,-4.1,-23.0465719898674));
#8445=CARTESIAN_POINT('',(93.4,-2.75,-23.0465719898674));
#8446=CARTESIAN_POINT('Origin',(97.4,-2.75,-25.0465719898674));
#8447=CARTESIAN_POINT('',(122.4,-4.1,-25.0465719898674));
#8448=CARTESIAN_POINT('Origin',(95.4,-2.75,-21.0465719898674));
#8449=CARTESIAN_POINT('',(93.4,-4.1,-21.0465719898674));
#8450=CARTESIAN_POINT('',(93.4,-2.75,-21.0465719898674));
#8451=CARTESIAN_POINT('Origin',(95.4,-4.1,-21.0465719898674));
#8452=CARTESIAN_POINT('Origin',(93.4,-2.75,-23.0465719898674));
#8453=CARTESIAN_POINT('',(93.4,-4.1,-21.0232859949337));
#8454=CARTESIAN_POINT('Origin',(105.275,-1.6,-14.8931439797347));
#8455=CARTESIAN_POINT('',(105.275,-2.9,-34.));
#8456=CARTESIAN_POINT('',(105.275,-1.6,-34.));
#8457=CARTESIAN_POINT('',(105.275,-1.6,-34.));
#8458=CARTESIAN_POINT('',(105.275,-1.6,-35.5));
#8459=CARTESIAN_POINT('',(105.275,-1.6,-16.9465719898674));
#8460=CARTESIAN_POINT('',(105.275,-2.9,-35.5));
#8461=CARTESIAN_POINT('',(105.275,-1.6,-35.5));
#8462=CARTESIAN_POINT('',(105.275,-2.9,-37.2));
#8463=CARTESIAN_POINT('Origin',(87.525,-1.6,-37.2));
#8464=CARTESIAN_POINT('',(87.525,-1.6,-34.));
#8465=CARTESIAN_POINT('',(87.525,-2.9,-34.));
#8466=CARTESIAN_POINT('',(87.525,-1.6,-34.));
#8467=CARTESIAN_POINT('',(87.525,-2.9,-35.5));
#8468=CARTESIAN_POINT('',(87.525,-2.9,-14.8931439797348));
#8469=CARTESIAN_POINT('',(87.525,-1.6,-35.5));
#8470=CARTESIAN_POINT('',(87.525,-1.6,-35.5));
#8471=CARTESIAN_POINT('',(87.525,-1.6,-28.1));
#8472=CARTESIAN_POINT('Origin',(96.4,-2.9,-26.0465719898674));
#8473=CARTESIAN_POINT('',(102.4,-2.9,-34.));
#8474=CARTESIAN_POINT('',(102.4,-2.9,-35.5));
#8475=CARTESIAN_POINT('Origin',(108.4,-1.6,-35.5));
#8476=CARTESIAN_POINT('',(108.4,-1.6,-35.5));
#8477=CARTESIAN_POINT('',(82.4,-1.6,-35.5));
#8478=CARTESIAN_POINT('',(108.4,-5.9,-35.5));
#8479=CARTESIAN_POINT('',(108.4,-1.6,-35.5));
#8480=CARTESIAN_POINT('',(82.4,-5.9,-35.5));
#8481=CARTESIAN_POINT('',(127.9,-5.9,-35.5));
#8482=CARTESIAN_POINT('',(82.4,-1.6,-35.5));
#8483=CARTESIAN_POINT('',(82.4,-1.6,-35.5));
#8484=CARTESIAN_POINT('',(82.4,-1.6,-35.5));
#8485=CARTESIAN_POINT('Origin',(147.4,-1.6,-19.));
#8486=CARTESIAN_POINT('',(80.4,-1.6,-33.5));
#8487=CARTESIAN_POINT('Origin',(82.4,-1.6,-33.5));
#8488=CARTESIAN_POINT('',(80.4,-1.6,-19.0004904943383));
#8489=CARTESIAN_POINT('',(80.4,-1.6,22.));
#8490=CARTESIAN_POINT('',(81.9,-1.6,-19.0004904943383));
#8491=CARTESIAN_POINT('',(114.65,-1.6,-19.0004904943383));
#8492=CARTESIAN_POINT('',(81.9,-1.6,-33.5));
#8493=CARTESIAN_POINT('',(81.9,-1.6,-26.25));
#8494=CARTESIAN_POINT('',(82.4,-1.6,-34.));
#8495=CARTESIAN_POINT('Origin',(82.4,-1.6,-33.5));
#8496=CARTESIAN_POINT('',(127.9,-1.6,-34.));
#8497=CARTESIAN_POINT('Origin',(81.9,-1.6,-19.0004904943383));
#8498=CARTESIAN_POINT('',(80.4,-3.5,-19.0004904943383));
#8499=CARTESIAN_POINT('',(80.4,-1.6,-19.0004904943383));
#8500=CARTESIAN_POINT('',(81.9,-3.5,-19.0004904943383));
#8501=CARTESIAN_POINT('',(81.9,-3.5,-19.0004904943383));
#8502=CARTESIAN_POINT('',(81.9,-1.6,-19.0004904943383));
#8503=CARTESIAN_POINT('Origin',(80.4,-1.6,-13.0004904943383));
#8504=CARTESIAN_POINT('',(80.4,-1.6,-13.0004904943383));
#8505=CARTESIAN_POINT('',(81.9,-1.6,-13.0004904943383));
#8506=CARTESIAN_POINT('',(113.9,-1.6,-13.0004904943383));
#8507=CARTESIAN_POINT('',(81.9,-3.5,-13.0004904943383));
#8508=CARTESIAN_POINT('',(81.9,-1.6,-13.0004904943383));
#8509=CARTESIAN_POINT('',(80.4,-3.5,-13.0004904943383));
#8510=CARTESIAN_POINT('',(80.4,-3.5,-13.0004904943383));
#8511=CARTESIAN_POINT('',(80.4,-1.6,-13.0004904943383));
#8512=CARTESIAN_POINT('Origin',(81.15,-3.5,-16.0004904943383));
#8513=CARTESIAN_POINT('',(81.9,-3.5,-24.7502452471691));
#8514=CARTESIAN_POINT('',(80.4,-3.5,-24.7502452471691));
#8515=CARTESIAN_POINT('Origin',(81.9,-1.6,-9.75152594791342));
#8516=CARTESIAN_POINT('',(81.9,-1.6,-9.75152594791342));
#8517=CARTESIAN_POINT('',(80.4,-1.6,-9.75152594791342));
#8518=CARTESIAN_POINT('',(114.65,-1.6,-9.7515259479134));
#8519=CARTESIAN_POINT('',(80.4,-3.5,-9.75152594791342));
#8520=CARTESIAN_POINT('',(80.4,-1.6,-9.75152594791342));
#8521=CARTESIAN_POINT('',(81.9,-3.5,-9.75152594791342));
#8522=CARTESIAN_POINT('',(81.9,-3.5,-9.75152594791342));
#8523=CARTESIAN_POINT('',(81.9,-1.6,-9.75152594791342));
#8524=CARTESIAN_POINT('Origin',(80.4,-1.6,-1.25152594791342));
#8525=CARTESIAN_POINT('',(80.4,-1.6,-1.25152594791342));
#8526=CARTESIAN_POINT('',(81.9,-1.6,-1.25152594791342));
#8527=CARTESIAN_POINT('',(113.9,-1.6,-1.2515259479134));
#8528=CARTESIAN_POINT('',(81.9,-3.5,-1.25152594791342));
#8529=CARTESIAN_POINT('',(81.9,-1.6,-1.25152594791342));
#8530=CARTESIAN_POINT('',(80.4,-3.5,-1.25152594791342));
#8531=CARTESIAN_POINT('',(80.4,-3.5,-1.25152594791342));
#8532=CARTESIAN_POINT('',(80.4,-1.6,-1.25152594791342));
#8533=CARTESIAN_POINT('Origin',(81.15,-3.5,-5.50152594791342));
#8534=CARTESIAN_POINT('',(81.9,-3.5,-19.5007629739567));
#8535=CARTESIAN_POINT('',(80.4,-3.5,-19.5007629739567));
#8536=CARTESIAN_POINT('Origin',(147.4,-1.6,-19.));
#8537=CARTESIAN_POINT('',(108.4,-1.6,-34.));
#8538=CARTESIAN_POINT('',(127.9,-1.6,-34.));
#8539=CARTESIAN_POINT('',(111.9,-1.6,-37.5));
#8540=CARTESIAN_POINT('Origin',(108.4,-1.6,-37.5));
#8541=CARTESIAN_POINT('',(111.9,-1.6,-60.));
#8542=CARTESIAN_POINT('',(111.9,-1.6,-39.5));
#8543=CARTESIAN_POINT('',(112.4,-1.6,-60.5));
#8544=CARTESIAN_POINT('Origin',(112.4,-1.6,-60.));
#8545=CARTESIAN_POINT('',(212.4,-1.6,-60.4999999999999));
#8546=CARTESIAN_POINT('',(179.9,-1.6,-60.4999999999999));
#8547=CARTESIAN_POINT('',(212.9,-1.6,-59.9999999999999));
#8548=CARTESIAN_POINT('Origin',(212.4,-1.6,-59.9999999999999));
#8549=CARTESIAN_POINT('',(212.9,-1.6,8.65373838653771E-14));
#8550=CARTESIAN_POINT('',(212.9,-1.6,-9.49999999999991));
#8551=CARTESIAN_POINT('',(212.4,-1.6,0.500000000000076));
#8552=CARTESIAN_POINT('Origin',(212.4,-1.6,8.62173195699896E-14));
#8553=CARTESIAN_POINT('',(146.4,-1.6,0.500000000000037));
#8554=CARTESIAN_POINT('',(146.9,-1.6,0.500000000000038));
#8555=CARTESIAN_POINT('',(142.9,-1.6,4.00000000000005));
#8556=CARTESIAN_POINT('Origin',(146.4,-1.6,4.00000000000005));
#8557=CARTESIAN_POINT('',(142.9,-1.6,22.));
#8558=CARTESIAN_POINT('',(142.9,-1.6,1.50000000000005));
#8559=CARTESIAN_POINT('',(142.4,-1.6,22.5));
#8560=CARTESIAN_POINT('Origin',(142.4,-1.6,22.));
#8561=CARTESIAN_POINT('',(82.4,-1.6,22.5));
#8562=CARTESIAN_POINT('',(114.9,-1.6,22.5));
#8563=CARTESIAN_POINT('',(81.9,-1.6,22.));
#8564=CARTESIAN_POINT('Origin',(82.4,-1.6,22.));
#8565=CARTESIAN_POINT('',(81.9,-1.6,-26.25));
#8566=CARTESIAN_POINT('',(80.4,-1.6,22.));
#8567=CARTESIAN_POINT('',(80.4,-1.6,22.));
#8568=CARTESIAN_POINT('',(82.4,-1.6,24.));
#8569=CARTESIAN_POINT('Origin',(82.4,-1.6,22.));
#8570=CARTESIAN_POINT('',(142.4,-1.6,24.));
#8571=CARTESIAN_POINT('',(142.4,-1.6,24.));
#8572=CARTESIAN_POINT('',(144.4,-1.6,22.0000000000001));
#8573=CARTESIAN_POINT('Origin',(142.4,-1.6,22.));
#8574=CARTESIAN_POINT('',(144.4,-1.6,4.00000000000005));
#8575=CARTESIAN_POINT('',(144.4,-1.6,4.00000000000005));
#8576=CARTESIAN_POINT('',(146.4,-1.6,2.00000000000005));
#8577=CARTESIAN_POINT('Origin',(146.4,-1.6,4.00000000000005));
#8578=CARTESIAN_POINT('',(212.4,-1.6,2.00000000000008));
#8579=CARTESIAN_POINT('',(212.4,-1.6,2.0000000000001));
#8580=CARTESIAN_POINT('',(214.4,-1.6,8.74975767515393E-14));
#8581=CARTESIAN_POINT('Origin',(212.4,-1.6,8.62173195699896E-14));
#8582=CARTESIAN_POINT('',(214.4,-1.6,-59.9999999999999));
#8583=CARTESIAN_POINT('',(214.4,-1.6,8.74975767515393E-14));
#8584=CARTESIAN_POINT('',(212.4,-1.6,-61.9999999999999));
#8585=CARTESIAN_POINT('Origin',(212.4,-1.6,-59.9999999999999));
#8586=CARTESIAN_POINT('',(112.4,-1.6,-62.));
#8587=CARTESIAN_POINT('',(212.4,-1.6,-61.9999999999999));
#8588=CARTESIAN_POINT('',(110.4,-1.6,-60.));
#8589=CARTESIAN_POINT('Origin',(112.4,-1.6,-60.));
#8590=CARTESIAN_POINT('',(110.4,-1.6,-37.5));
#8591=CARTESIAN_POINT('',(110.4,-1.6,-37.5));
#8592=CARTESIAN_POINT('Origin',(108.4,-1.6,-37.5));
#8593=CARTESIAN_POINT('Origin',(147.4,-1.6,-19.));
#8594=CARTESIAN_POINT('',(80.4,-1.6,22.));
#8595=CARTESIAN_POINT('',(81.9,-1.6,-26.25));
#8596=CARTESIAN_POINT('Origin',(81.9,-1.6,-33.5));
#8597=CARTESIAN_POINT('',(81.9,-4.1,22.));
#8598=CARTESIAN_POINT('',(81.9,-1.6,22.));
#8599=CARTESIAN_POINT('',(81.9,-4.1,-33.5));
#8600=CARTESIAN_POINT('',(81.9,-4.1,22.));
#8601=CARTESIAN_POINT('',(81.9,-1.6,-33.5));
#8602=CARTESIAN_POINT('Origin',(212.4,-6.05,8.62173195699896E-14));
#8603=CARTESIAN_POINT('',(214.4,-5.9,8.74975767515393E-14));
#8604=CARTESIAN_POINT('',(214.4,-5.9,8.74975767515393E-14));
#8605=CARTESIAN_POINT('',(212.4,-5.9,2.00000000000008));
#8606=CARTESIAN_POINT('Origin',(212.4,-5.9,8.62173195699896E-14));
#8607=CARTESIAN_POINT('',(212.4,-6.2,1.70000000000008));
#8608=CARTESIAN_POINT('Origin',(214.25,-6.05,-9.49999999999991));
#8609=CARTESIAN_POINT('',(214.4,-5.9,-59.9999999999999));
#8610=CARTESIAN_POINT('',(214.4,-5.9,-59.9999999999999));
#8611=CARTESIAN_POINT('',(214.4,-5.9,-9.49999999999991));
#8612=CARTESIAN_POINT('Origin',(212.4,-6.05,-59.9999999999999));
#8613=CARTESIAN_POINT('',(212.4,-5.9,-61.9999999999999));
#8614=CARTESIAN_POINT('',(212.4,-5.9,-61.9999999999999));
#8615=CARTESIAN_POINT('Origin',(212.4,-5.9,-59.9999999999999));
#8616=CARTESIAN_POINT('Origin',(179.9,-6.05,-61.8499999999999));
#8617=CARTESIAN_POINT('',(112.4,-5.9,-62.));
#8618=CARTESIAN_POINT('',(112.4,-5.9,-62.));
#8619=CARTESIAN_POINT('',(179.9,-5.9,-61.9999999999999));
#8620=CARTESIAN_POINT('Origin',(112.4,-6.05,-60.));
#8621=CARTESIAN_POINT('',(110.4,-5.9,-60.));
#8622=CARTESIAN_POINT('',(110.4,-5.9,-60.));
#8623=CARTESIAN_POINT('Origin',(112.4,-5.9,-60.));
#8624=CARTESIAN_POINT('Origin',(110.55,-6.05,-39.5));
#8625=CARTESIAN_POINT('',(110.4,-5.9,-37.5));
#8626=CARTESIAN_POINT('',(110.4,-5.9,-37.5));
#8627=CARTESIAN_POINT('',(110.4,-5.9,-39.5));
#8628=CARTESIAN_POINT('Origin',(108.4,-6.05,-37.5));
#8629=CARTESIAN_POINT('',(108.4,-5.9,-35.5));
#8630=CARTESIAN_POINT('Origin',(108.4,-5.9,-37.5));
#8631=CARTESIAN_POINT('Origin',(127.9,-6.05,-35.35));
#8632=CARTESIAN_POINT('',(82.4,-5.9,-35.5));
#8633=CARTESIAN_POINT('Origin',(82.4,-6.05,-33.5));
#8634=CARTESIAN_POINT('',(80.4,-5.9,-33.5));
#8635=CARTESIAN_POINT('',(80.4,-5.9,-33.5));
#8636=CARTESIAN_POINT('Origin',(82.4,-5.9,-33.5));
#8637=CARTESIAN_POINT('Origin',(80.55,-6.05,-26.25));
#8638=CARTESIAN_POINT('',(80.4,-5.9,22.));
#8639=CARTESIAN_POINT('',(80.4,-5.9,22.));
#8640=CARTESIAN_POINT('',(80.4,-5.9,-26.25));
#8641=CARTESIAN_POINT('Origin',(82.4,-6.05,22.));
#8642=CARTESIAN_POINT('',(82.4,-5.9,24.));
#8643=CARTESIAN_POINT('',(82.4,-5.9,24.));
#8644=CARTESIAN_POINT('Origin',(82.4,-5.9,22.));
#8645=CARTESIAN_POINT('Origin',(114.9,-6.05,23.85));
#8646=CARTESIAN_POINT('',(142.4,-5.9,24.));
#8647=CARTESIAN_POINT('',(142.4,-5.9,24.));
#8648=CARTESIAN_POINT('',(114.9,-5.9,24.));
#8649=CARTESIAN_POINT('Origin',(142.4,-6.05,22.));
#8650=CARTESIAN_POINT('',(144.4,-5.9,22.0000000000001));
#8651=CARTESIAN_POINT('',(144.4,-5.9,22.0000000000001));
#8652=CARTESIAN_POINT('Origin',(142.4,-5.9,22.));
#8653=CARTESIAN_POINT('Origin',(144.25,-6.05,1.50000000000005));
#8654=CARTESIAN_POINT('',(144.4,-5.9,4.00000000000005));
#8655=CARTESIAN_POINT('',(144.4,-5.9,4.00000000000005));
#8656=CARTESIAN_POINT('',(144.4,-5.9,1.50000000000005));
#8657=CARTESIAN_POINT('Origin',(146.4,-6.05,4.00000000000005));
#8658=CARTESIAN_POINT('',(146.4,-5.9,2.00000000000005));
#8659=CARTESIAN_POINT('',(146.4,-5.9,2.00000000000005));
#8660=CARTESIAN_POINT('Origin',(146.4,-5.9,4.00000000000005));
#8661=CARTESIAN_POINT('Origin',(146.9,-6.05,1.85000000000006));
#8662=CARTESIAN_POINT('',(146.9,-5.9,2.00000000000006));
#8663=CARTESIAN_POINT('Origin',(108.4,-1.6,-37.5));
#8664=CARTESIAN_POINT('',(110.4,-1.6,-37.5));
#8665=CARTESIAN_POINT('Origin',(110.4,-1.6,-60.));
#8666=CARTESIAN_POINT('',(110.4,-1.6,-60.));
#8667=CARTESIAN_POINT('Origin',(112.4,-1.6,-60.));
#8668=CARTESIAN_POINT('',(112.4,-1.6,-62.));
#8669=CARTESIAN_POINT('Origin',(212.4,-1.6,-61.9999999999999));
#8670=CARTESIAN_POINT('',(212.4,-1.6,-61.9999999999999));
#8671=CARTESIAN_POINT('Origin',(212.4,-1.6,-59.9999999999999));
#8672=CARTESIAN_POINT('',(214.4,-1.6,-59.9999999999999));
#8673=CARTESIAN_POINT('Origin',(214.4,-1.6,8.74975767515393E-14));
#8674=CARTESIAN_POINT('',(214.4,-1.6,8.74975767515393E-14));
#8675=CARTESIAN_POINT('Origin',(212.4,-1.6,8.62173195699896E-14));
#8676=CARTESIAN_POINT('',(212.4,-1.6,2.00000000000008));
#8677=CARTESIAN_POINT('Origin',(147.4,-6.2,-19.));
#8678=CARTESIAN_POINT('Origin',(112.4,-6.05,3.99680288865057E-14));
#8679=CARTESIAN_POINT('',(115.45,-5.9,4.2293938362109E-14));
#8680=CARTESIAN_POINT('',(115.6,-6.05,4.16245534012581E-14));
#8681=CARTESIAN_POINT('Origin',(112.4,-5.9,3.99680288865057E-14));
#8682=CARTESIAN_POINT('Origin',(112.4,-6.2,3.99680288865057E-14));
#8683=CARTESIAN_POINT('',(115.45,-5.2,4.2293938362109E-14));
#8684=CARTESIAN_POINT('',(115.45,-6.2,4.2293938362109E-14));
#8685=CARTESIAN_POINT('Origin',(112.4,-5.2,3.99680288865057E-14));
#8686=CARTESIAN_POINT('Origin',(192.4,-6.05,-40.));
#8687=CARTESIAN_POINT('',(195.45,-5.9,-40.));
#8688=CARTESIAN_POINT('',(195.6,-6.05,-40.));
#8689=CARTESIAN_POINT('Origin',(192.4,-5.9,-40.));
#8690=CARTESIAN_POINT('Origin',(192.4,-6.2,-40.));
#8691=CARTESIAN_POINT('',(195.45,-5.2,-40.));
#8692=CARTESIAN_POINT('',(195.45,-6.2,-39.9999999999999));
#8693=CARTESIAN_POINT('Origin',(192.4,-5.2,-40.));
#8694=CARTESIAN_POINT('Origin',(132.4,-6.05,-40.));
#8695=CARTESIAN_POINT('',(135.45,-5.9,-40.));
#8696=CARTESIAN_POINT('',(135.6,-6.05,-40.));
#8697=CARTESIAN_POINT('Origin',(132.4,-5.9,-40.));
#8698=CARTESIAN_POINT('Origin',(132.4,-6.2,-40.));
#8699=CARTESIAN_POINT('',(135.45,-5.2,-40.));
#8700=CARTESIAN_POINT('',(135.45,-6.2,-40.));
#8701=CARTESIAN_POINT('Origin',(132.4,-5.2,-40.));
#8702=CARTESIAN_POINT('Origin',(172.4,-6.05,-20.));
#8703=CARTESIAN_POINT('',(175.45,-5.9,-20.));
#8704=CARTESIAN_POINT('',(175.6,-6.05,-20.));
#8705=CARTESIAN_POINT('Origin',(172.4,-5.9,-20.));
#8706=CARTESIAN_POINT('Origin',(172.4,-6.2,-20.));
#8707=CARTESIAN_POINT('',(175.45,-5.2,-20.));
#8708=CARTESIAN_POINT('',(175.45,-6.2,-20.));
#8709=CARTESIAN_POINT('Origin',(172.4,-5.2,-20.));
#8710=CARTESIAN_POINT('Origin',(172.4,-5.2,-20.));
#8711=CARTESIAN_POINT('',(174.1,-5.2,-20.));
#8712=CARTESIAN_POINT('Origin',(172.4,-5.2,-20.));
#8713=CARTESIAN_POINT('Origin',(132.4,-5.2,-40.));
#8714=CARTESIAN_POINT('',(134.1,-5.2,-40.));
#8715=CARTESIAN_POINT('Origin',(132.4,-5.2,-40.));
#8716=CARTESIAN_POINT('Origin',(192.4,-5.2,-40.));
#8717=CARTESIAN_POINT('',(194.1,-5.2,-40.));
#8718=CARTESIAN_POINT('Origin',(192.4,-5.2,-40.));
#8719=CARTESIAN_POINT('Origin',(112.4,-5.2,3.99680288865057E-14));
#8720=CARTESIAN_POINT('',(114.1,-5.2,4.1264437446678E-14));
#8721=CARTESIAN_POINT('Origin',(112.4,-5.2,3.99680288865057E-14));
#8722=CARTESIAN_POINT('Origin',(172.4,0.,-20.));
#8723=CARTESIAN_POINT('',(174.1,-4.1,-20.));
#8724=CARTESIAN_POINT('Origin',(172.4,-4.1,-20.));
#8725=CARTESIAN_POINT('',(174.1,0.,-20.));
#8726=CARTESIAN_POINT('Origin',(132.4,0.,-40.));
#8727=CARTESIAN_POINT('',(134.1,-4.1,-40.));
#8728=CARTESIAN_POINT('Origin',(132.4,-4.1,-40.));
#8729=CARTESIAN_POINT('',(134.1,0.,-40.));
#8730=CARTESIAN_POINT('Origin',(192.4,0.,-40.));
#8731=CARTESIAN_POINT('',(194.1,-4.1,-40.));
#8732=CARTESIAN_POINT('Origin',(192.4,-4.1,-40.));
#8733=CARTESIAN_POINT('',(194.1,0.,-40.));
#8734=CARTESIAN_POINT('Origin',(112.4,0.,3.99680288865057E-14));
#8735=CARTESIAN_POINT('',(114.1,-4.1,4.08480575349679E-14));
#8736=CARTESIAN_POINT('Origin',(112.4,-4.1,3.99680288865057E-14));
#8737=CARTESIAN_POINT('',(114.1,0.,4.08480575349679E-14));
#8738=CARTESIAN_POINT('Origin',(112.4,-1.6,-60.));
#8739=CARTESIAN_POINT('',(111.9,-4.1,-60.));
#8740=CARTESIAN_POINT('',(111.9,-1.6,-60.));
#8741=CARTESIAN_POINT('',(112.4,-4.1,-60.5));
#8742=CARTESIAN_POINT('Origin',(112.4,-4.1,-60.));
#8743=CARTESIAN_POINT('',(112.4,-1.6,-60.5));
#8744=CARTESIAN_POINT('Origin',(212.4,-1.6,-60.4999999999999));
#8745=CARTESIAN_POINT('',(212.4,-4.1,-60.4999999999999));
#8746=CARTESIAN_POINT('',(212.4,-4.1,-60.4999999999999));
#8747=CARTESIAN_POINT('',(212.4,-1.6,-60.4999999999999));
#8748=CARTESIAN_POINT('Origin',(212.4,-1.6,-59.9999999999999));
#8749=CARTESIAN_POINT('',(212.9,-4.1,-59.9999999999999));
#8750=CARTESIAN_POINT('Origin',(212.4,-4.1,-59.9999999999999));
#8751=CARTESIAN_POINT('',(212.9,-1.6,-59.9999999999999));
#8752=CARTESIAN_POINT('Origin',(212.9,-1.6,8.65373838653771E-14));
#8753=CARTESIAN_POINT('',(212.9,-4.1,8.65373838653771E-14));
#8754=CARTESIAN_POINT('',(212.9,-4.1,8.65373838653771E-14));
#8755=CARTESIAN_POINT('',(212.9,-1.6,8.65373838653771E-14));
#8756=CARTESIAN_POINT('Origin',(212.4,-1.6,8.62173195699896E-14));
#8757=CARTESIAN_POINT('',(212.4,-4.1,0.500000000000076));
#8758=CARTESIAN_POINT('Origin',(212.4,-4.1,8.62173195699896E-14));
#8759=CARTESIAN_POINT('',(212.4,-1.6,0.500000000000076));
#8760=CARTESIAN_POINT('Origin',(146.4,-1.6,0.500000000000037));
#8761=CARTESIAN_POINT('',(146.4,-4.1,0.500000000000038));
#8762=CARTESIAN_POINT('',(212.4,-4.1,0.500000000000097));
#8763=CARTESIAN_POINT('',(146.4,-1.6,0.500000000000037));
#8764=CARTESIAN_POINT('Origin',(146.4,-1.6,4.00000000000005));
#8765=CARTESIAN_POINT('',(142.9,-4.1,4.00000000000005));
#8766=CARTESIAN_POINT('Origin',(146.4,-4.1,4.00000000000005));
#8767=CARTESIAN_POINT('',(142.9,-1.6,4.00000000000005));
#8768=CARTESIAN_POINT('Origin',(142.9,-1.6,22.));
#8769=CARTESIAN_POINT('',(142.9,-4.1,22.));
#8770=CARTESIAN_POINT('',(142.9,-4.1,4.00000000000005));
#8771=CARTESIAN_POINT('',(142.9,-1.6,22.));
#8772=CARTESIAN_POINT('Origin',(142.4,-1.6,22.));
#8773=CARTESIAN_POINT('',(142.4,-4.1,22.5));
#8774=CARTESIAN_POINT('Origin',(142.4,-4.1,22.));
#8775=CARTESIAN_POINT('',(142.4,-1.6,22.5));
#8776=CARTESIAN_POINT('Origin',(82.4,-1.6,22.5));
#8777=CARTESIAN_POINT('',(82.4,-4.1,22.5));
#8778=CARTESIAN_POINT('',(142.4,-4.1,22.5));
#8779=CARTESIAN_POINT('',(82.4,-1.6,22.5));
#8780=CARTESIAN_POINT('Origin',(82.4,-1.6,22.));
#8781=CARTESIAN_POINT('Origin',(82.4,-4.1,22.));
#8782=CARTESIAN_POINT('Origin',(82.4,-1.6,-33.5));
#8783=CARTESIAN_POINT('',(82.4,-4.1,-34.));
#8784=CARTESIAN_POINT('Origin',(82.4,-4.1,-33.5));
#8785=CARTESIAN_POINT('',(82.4,-1.6,-34.));
#8786=CARTESIAN_POINT('Origin',(108.4,-1.6,-34.));
#8787=CARTESIAN_POINT('',(108.4,-4.1,-34.));
#8788=CARTESIAN_POINT('',(82.4,-4.1,-34.));
#8789=CARTESIAN_POINT('',(108.4,-1.6,-34.));
#8790=CARTESIAN_POINT('Origin',(108.4,-1.6,-37.5));
#8791=CARTESIAN_POINT('',(111.9,-4.1,-37.5));
#8792=CARTESIAN_POINT('Origin',(108.4,-4.1,-37.5));
#8793=CARTESIAN_POINT('',(111.9,-1.6,-37.5));
#8794=CARTESIAN_POINT('Origin',(111.9,-1.6,-60.));
#8795=CARTESIAN_POINT('',(111.9,-4.1,-37.5));
#8796=CARTESIAN_POINT('Origin',(147.4,-4.1,-19.));
#8797=CARTESIAN_POINT('Origin',(146.4,-1.6,2.00000000000005));
#8798=CARTESIAN_POINT('',(146.4,-1.6,2.00000000000005));
#8799=CARTESIAN_POINT('Origin',(146.4,-1.6,4.00000000000005));
#8800=CARTESIAN_POINT('',(144.4,-1.6,4.00000000000005));
#8801=CARTESIAN_POINT('Origin',(144.4,-1.6,22.0000000000001));
#8802=CARTESIAN_POINT('',(144.4,-1.6,22.0000000000001));
#8803=CARTESIAN_POINT('Origin',(142.4,-1.6,22.));
#8804=CARTESIAN_POINT('',(142.4,-1.6,24.));
#8805=CARTESIAN_POINT('Origin',(82.4,-1.6,24.));
#8806=CARTESIAN_POINT('',(82.4,-1.6,24.));
#8807=CARTESIAN_POINT('Origin',(82.4,-1.6,22.));
#8808=CARTESIAN_POINT('',(80.4,-1.6,22.));
#8809=CARTESIAN_POINT('Origin',(80.4,-1.6,-33.5));
#8810=CARTESIAN_POINT('',(80.4,-1.6,-33.5));
#8811=CARTESIAN_POINT('Origin',(82.4,-1.6,-33.5));
#8812=CARTESIAN_POINT('',(0.,0.,0.));
#8813=CARTESIAN_POINT('',(0.,0.,0.));
#8814=UNCERTAINTY_MEASURE_WITH_UNIT(LENGTH_MEASURE(0.01),#8822,
'DISTANCE_ACCURACY_VALUE',
'Maximum model space distance between geometric entities at asserted c
onnectivities');
#8815=UNCERTAINTY_MEASURE_WITH_UNIT(LENGTH_MEASURE(0.01),#8822,
'DISTANCE_ACCURACY_VALUE',
'Maximum model space distance between geometric entities at asserted c
onnectivities');
#8816=UNCERTAINTY_MEASURE_WITH_UNIT(LENGTH_MEASURE(0.01),#8822,
'DISTANCE_ACCURACY_VALUE',
'Maximum model space distance between geometric entities at asserted c
onnectivities');
#8817=UNCERTAINTY_MEASURE_WITH_UNIT(LENGTH_MEASURE(0.01),#8822,
'DISTANCE_ACCURACY_VALUE',
'Maximum model space distance between geometric entities at asserted c
onnectivities');
#8818=(
GEOMETRIC_REPRESENTATION_CONTEXT(3)
GLOBAL_UNCERTAINTY_ASSIGNED_CONTEXT((#8814))
GLOBAL_UNIT_ASSIGNED_CONTEXT((#8822,#8824,#8825))
REPRESENTATION_CONTEXT('','3D')
);
#8819=(
GEOMETRIC_REPRESENTATION_CONTEXT(3)
GLOBAL_UNCERTAINTY_ASSIGNED_CONTEXT((#8815))
GLOBAL_UNIT_ASSIGNED_CONTEXT((#8822,#8824,#8825))
REPRESENTATION_CONTEXT('','3D')
);
#8820=(
GEOMETRIC_REPRESENTATION_CONTEXT(3)
GLOBAL_UNCERTAINTY_ASSIGNED_CONTEXT((#8816))
GLOBAL_UNIT_ASSIGNED_CONTEXT((#8822,#8824,#8825))
REPRESENTATION_CONTEXT('','3D')
);
#8821=(
GEOMETRIC_REPRESENTATION_CONTEXT(3)
GLOBAL_UNCERTAINTY_ASSIGNED_CONTEXT((#8817))
GLOBAL_UNIT_ASSIGNED_CONTEXT((#8822,#8824,#8825))
REPRESENTATION_CONTEXT('','3D')
);
#8822=(
LENGTH_UNIT()
NAMED_UNIT(*)
SI_UNIT(.MILLI.,.METRE.)
);
#8823=(
LENGTH_UNIT()
NAMED_UNIT(*)
SI_UNIT($,.METRE.)
);
#8824=(
NAMED_UNIT(*)
PLANE_ANGLE_UNIT()
SI_UNIT($,.RADIAN.)
);
#8825=(
NAMED_UNIT(*)
SI_UNIT($,.STERADIAN.)
SOLID_ANGLE_UNIT()
);
#8826=SHAPE_DEFINITION_REPRESENTATION(#8829,#8834);
#8827=SHAPE_DEFINITION_REPRESENTATION(#8830,#8835);
#8828=SHAPE_DEFINITION_REPRESENTATION(#8831,#8836);
#8829=PRODUCT_DEFINITION_SHAPE('',$,#8838);
#8830=PRODUCT_DEFINITION_SHAPE('',$,#8839);
#8831=PRODUCT_DEFINITION_SHAPE('',$,#8840);
#8832=PRODUCT_DEFINITION_SHAPE($,$,#17);
#8833=PRODUCT_DEFINITION_SHAPE($,$,#18);
#8834=SHAPE_REPRESENTATION('',(#4894,#5166),#8818);
#8835=SHAPE_REPRESENTATION('',(#4895,#5165),#8819);
#8836=SHAPE_REPRESENTATION('',(#4896),#8820);
#8837=PRODUCT_DEFINITION_CONTEXT('part definition',#8848,'design');
#8838=PRODUCT_DEFINITION('Non Nemo Chimera Shells - Export',
'Non Nemo Chimera Shells - Export v2',#8841,#8837);
#8839=PRODUCT_DEFINITION('Non Nemo Chimera Shell',
'Non Nemo Chimera Shell v5',#8842,#8837);
#8840=PRODUCT_DEFINITION('Right Bottom','Right Bottom',#8843,#8837);
#8841=PRODUCT_DEFINITION_FORMATION('',$,#8850);
#8842=PRODUCT_DEFINITION_FORMATION('',$,#8851);
#8843=PRODUCT_DEFINITION_FORMATION('',$,#8852);
#8844=PRODUCT_RELATED_PRODUCT_CATEGORY(
'Non Nemo Chimera Shells - Export v2',
'Non Nemo Chimera Shells - Export v2',(#8850));
#8845=PRODUCT_RELATED_PRODUCT_CATEGORY('Non Nemo Chimera Shell v5',
'Non Nemo Chimera Shell v5',(#8851));
#8846=PRODUCT_RELATED_PRODUCT_CATEGORY('Right Bottom','Right Bottom',(#8852));
#8847=APPLICATION_PROTOCOL_DEFINITION('international standard',
'automotive_design',2009,#8848);
#8848=APPLICATION_CONTEXT(
'Core Data for Automotive Mechanical Design Process');
#8849=PRODUCT_CONTEXT('part definition',#8848,'mechanical');
#8850=PRODUCT('Non Nemo Chimera Shells - Export',
'Non Nemo Chimera Shells - Export v2',$,(#8849));
#8851=PRODUCT('Non Nemo Chimera Shell','Non Nemo Chimera Shell v5',$,(#8849));
#8852=PRODUCT('Right Bottom','Right Bottom',$,(#8849));
#8853=PRESENTATION_STYLE_ASSIGNMENT((#8854));
#8854=SURFACE_STYLE_USAGE(.BOTH.,#8855);
#8855=SURFACE_SIDE_STYLE('',(#8856));
#8856=SURFACE_STYLE_FILL_AREA(#8857);
#8857=FILL_AREA_STYLE('Steel - Satin',(#8858));
#8858=FILL_AREA_STYLE_COLOUR('Steel - Satin',#8859);
#8859=COLOUR_RGB('Steel - Satin',0.627450980392157,0.627450980392157,0.627450980392157);
ENDSEC;
END-ISO-10303-21;
