ISO-10303-21;
HEADER;
/* Generated by software containing ST-Developer
 * from STEP Tools, Inc. (www.steptools.com) 
 */

FILE_DESCRIPTION(
/* description */ (''),
/* implementation_level */ '2;1');

FILE_NAME(
/* name */ 'Non Nemo Chimera Wired Shell Right Bottom.step',
/* time_stamp */ '2025-04-23T20:48:41+08:00',
/* author */ (''),
/* organization */ (''),
/* preprocessor_version */ 'ST-DEVELOPER v20.1',
/* originating_system */ 'Autodesk Translation Framework v14.4.0.0',
/* authorisation */ '');

FILE_SCHEMA (('AUTOMOTIVE_DESIGN { 1 0 10303 214 3 1 1 }'));
ENDSEC;

DATA;
#10=MECHANICAL_DESIGN_GEOMETRIC_PRESENTATION_REPRESENTATION('',(#24,#25),
#2877);
#11=CONTEXT_DEPENDENT_OVER_RIDING_STYLED_ITEM('',(#2911),#2892,#25,(#17,
#16));
#12=MAPPED_ITEM('',#13,#1874);
#13=REPRESENTATION_MAP(#1874,#2890);
#14=ITEM_DEFINED_TRANSFORMATION($,$,#1704,#1872);
#15=ITEM_DEFINED_TRANSFORMATION($,$,#1703,#1873);
#16=(
REPRESENTATION_RELATIONSHIP($,$,#2892,#2891)
REPRESENTATION_RELATIONSHIP_WITH_TRANSFORMATION(#14)
SHAPE_REPRESENTATION_RELATIONSHIP()
);
#17=(
REPRESENTATION_RELATIONSHIP($,$,#2891,#2890)
REPRESENTATION_RELATIONSHIP_WITH_TRANSFORMATION(#15)
SHAPE_REPRESENTATION_RELATIONSHIP()
);
#18=CONTEXT_DEPENDENT_SHAPE_REPRESENTATION(#16,#2888);
#19=CONTEXT_DEPENDENT_SHAPE_REPRESENTATION(#17,#2889);
#20=NEXT_ASSEMBLY_USAGE_OCCURRENCE('Right Bottom:1','Right Bottom:1',
'Right Bottom:1',#2895,#2896,'Right Bottom:1');
#21=NEXT_ASSEMBLY_USAGE_OCCURRENCE('Non Nemo Chimera Wired Shell v20:1',
'Non Nemo Chimera Wired Shell v20:1',
'Non Nemo Chimera Wired Shell v20:1',#2894,#2895,
'Non Nemo Chimera Wired Shell v20:1');
#22=SHAPE_REPRESENTATION_RELATIONSHIP('SRR','None',#2892,#23);
#23=ADVANCED_BREP_SHAPE_REPRESENTATION('',(#26),#2876);
#24=STYLED_ITEM('',(#2911),#26);
#25=STYLED_ITEM('',(#2912),#12);
#26=MANIFOLD_SOLID_BREP('Right Bottom',#1689);
#27=FACE_BOUND('',#269,.T.);
#28=FACE_BOUND('',#270,.T.);
#29=FACE_BOUND('',#271,.T.);
#30=FACE_BOUND('',#272,.T.);
#31=FACE_BOUND('',#282,.T.);
#32=FACE_BOUND('',#284,.T.);
#33=FACE_BOUND('',#286,.T.);
#34=FACE_BOUND('',#288,.T.);
#35=FACE_BOUND('',#309,.T.);
#36=FACE_BOUND('',#310,.T.);
#37=FACE_BOUND('',#311,.T.);
#38=FACE_BOUND('',#312,.T.);
#39=FACE_BOUND('',#313,.T.);
#40=CYLINDRICAL_SURFACE('',#1722,1.99999999999999);
#41=CYLINDRICAL_SURFACE('',#1725,1.99999999999999);
#42=CYLINDRICAL_SURFACE('',#1728,1.99999999999999);
#43=CYLINDRICAL_SURFACE('',#1731,1.99999999999999);
#44=CYLINDRICAL_SURFACE('',#1796,1.99999999999999);
#45=CYLINDRICAL_SURFACE('',#1798,2.00000000000001);
#46=CYLINDRICAL_SURFACE('',#1800,1.99999999999999);
#47=CYLINDRICAL_SURFACE('',#1802,1.99999999999999);
#48=CYLINDRICAL_SURFACE('',#1810,3.05);
#49=CYLINDRICAL_SURFACE('',#1814,3.05);
#50=CYLINDRICAL_SURFACE('',#1818,3.05);
#51=CYLINDRICAL_SURFACE('',#1822,3.05);
#52=CYLINDRICAL_SURFACE('',#1832,1.7);
#53=CYLINDRICAL_SURFACE('',#1834,1.7);
#54=CYLINDRICAL_SURFACE('',#1836,1.7);
#55=CYLINDRICAL_SURFACE('',#1838,1.7);
#56=CYLINDRICAL_SURFACE('',#1840,0.50000000000001);
#57=CYLINDRICAL_SURFACE('',#1843,0.499999999999989);
#58=CYLINDRICAL_SURFACE('',#1846,0.499999999999989);
#59=CYLINDRICAL_SURFACE('',#1849,3.50000000000001);
#60=CYLINDRICAL_SURFACE('',#1852,0.499999999999994);
#61=CYLINDRICAL_SURFACE('',#1855,0.499999999999994);
#62=CYLINDRICAL_SURFACE('',#1857,0.500000000000012);
#63=CYLINDRICAL_SURFACE('',#1860,3.49999999999999);
#64=CYLINDRICAL_SURFACE('',#1865,2.00000000000001);
#65=CYLINDRICAL_SURFACE('',#1867,1.99999999999999);
#66=CYLINDRICAL_SURFACE('',#1869,1.99999999999999);
#67=CYLINDRICAL_SURFACE('',#1871,2.00000000000001);
#68=PLANE('',#1708);
#69=PLANE('',#1712);
#70=PLANE('',#1716);
#71=PLANE('',#1720);
#72=PLANE('',#1721);
#73=PLANE('',#1724);
#74=PLANE('',#1727);
#75=PLANE('',#1730);
#76=PLANE('',#1733);
#77=PLANE('',#1734);
#78=PLANE('',#1735);
#79=PLANE('',#1736);
#80=PLANE('',#1737);
#81=PLANE('',#1738);
#82=PLANE('',#1741);
#83=PLANE('',#1742);
#84=PLANE('',#1743);
#85=PLANE('',#1744);
#86=PLANE('',#1745);
#87=PLANE('',#1746);
#88=PLANE('',#1747);
#89=PLANE('',#1762);
#90=PLANE('',#1763);
#91=PLANE('',#1767);
#92=PLANE('',#1771);
#93=PLANE('',#1775);
#94=PLANE('',#1779);
#95=PLANE('',#1783);
#96=PLANE('',#1787);
#97=PLANE('',#1791);
#98=PLANE('',#1795);
#99=PLANE('',#1797);
#100=PLANE('',#1799);
#101=PLANE('',#1801);
#102=PLANE('',#1803);
#103=PLANE('',#1824);
#104=PLANE('',#1826);
#105=PLANE('',#1828);
#106=PLANE('',#1830);
#107=PLANE('',#1842);
#108=PLANE('',#1845);
#109=PLANE('',#1848);
#110=PLANE('',#1851);
#111=PLANE('',#1854);
#112=PLANE('',#1859);
#113=PLANE('',#1862);
#114=PLANE('',#1863);
#115=PLANE('',#1864);
#116=PLANE('',#1866);
#117=PLANE('',#1868);
#118=PLANE('',#1870);
#119=FACE_OUTER_BOUND('',#214,.T.);
#120=FACE_OUTER_BOUND('',#215,.T.);
#121=FACE_OUTER_BOUND('',#216,.T.);
#122=FACE_OUTER_BOUND('',#217,.T.);
#123=FACE_OUTER_BOUND('',#218,.T.);
#124=FACE_OUTER_BOUND('',#219,.T.);
#125=FACE_OUTER_BOUND('',#220,.T.);
#126=FACE_OUTER_BOUND('',#221,.T.);
#127=FACE_OUTER_BOUND('',#222,.T.);
#128=FACE_OUTER_BOUND('',#223,.T.);
#129=FACE_OUTER_BOUND('',#224,.T.);
#130=FACE_OUTER_BOUND('',#225,.T.);
#131=FACE_OUTER_BOUND('',#226,.T.);
#132=FACE_OUTER_BOUND('',#227,.T.);
#133=FACE_OUTER_BOUND('',#228,.T.);
#134=FACE_OUTER_BOUND('',#229,.T.);
#135=FACE_OUTER_BOUND('',#230,.T.);
#136=FACE_OUTER_BOUND('',#231,.T.);
#137=FACE_OUTER_BOUND('',#232,.T.);
#138=FACE_OUTER_BOUND('',#233,.T.);
#139=FACE_OUTER_BOUND('',#234,.T.);
#140=FACE_OUTER_BOUND('',#235,.T.);
#141=FACE_OUTER_BOUND('',#236,.T.);
#142=FACE_OUTER_BOUND('',#237,.T.);
#143=FACE_OUTER_BOUND('',#238,.T.);
#144=FACE_OUTER_BOUND('',#239,.T.);
#145=FACE_OUTER_BOUND('',#240,.T.);
#146=FACE_OUTER_BOUND('',#241,.T.);
#147=FACE_OUTER_BOUND('',#242,.T.);
#148=FACE_OUTER_BOUND('',#243,.T.);
#149=FACE_OUTER_BOUND('',#244,.T.);
#150=FACE_OUTER_BOUND('',#245,.T.);
#151=FACE_OUTER_BOUND('',#246,.T.);
#152=FACE_OUTER_BOUND('',#247,.T.);
#153=FACE_OUTER_BOUND('',#248,.T.);
#154=FACE_OUTER_BOUND('',#249,.T.);
#155=FACE_OUTER_BOUND('',#250,.T.);
#156=FACE_OUTER_BOUND('',#251,.T.);
#157=FACE_OUTER_BOUND('',#252,.T.);
#158=FACE_OUTER_BOUND('',#253,.T.);
#159=FACE_OUTER_BOUND('',#254,.T.);
#160=FACE_OUTER_BOUND('',#255,.T.);
#161=FACE_OUTER_BOUND('',#256,.T.);
#162=FACE_OUTER_BOUND('',#257,.T.);
#163=FACE_OUTER_BOUND('',#258,.T.);
#164=FACE_OUTER_BOUND('',#259,.T.);
#165=FACE_OUTER_BOUND('',#260,.T.);
#166=FACE_OUTER_BOUND('',#261,.T.);
#167=FACE_OUTER_BOUND('',#262,.T.);
#168=FACE_OUTER_BOUND('',#263,.T.);
#169=FACE_OUTER_BOUND('',#264,.T.);
#170=FACE_OUTER_BOUND('',#265,.T.);
#171=FACE_OUTER_BOUND('',#266,.T.);
#172=FACE_OUTER_BOUND('',#267,.T.);
#173=FACE_OUTER_BOUND('',#268,.T.);
#174=FACE_OUTER_BOUND('',#273,.T.);
#175=FACE_OUTER_BOUND('',#274,.T.);
#176=FACE_OUTER_BOUND('',#275,.T.);
#177=FACE_OUTER_BOUND('',#276,.T.);
#178=FACE_OUTER_BOUND('',#277,.T.);
#179=FACE_OUTER_BOUND('',#278,.T.);
#180=FACE_OUTER_BOUND('',#279,.T.);
#181=FACE_OUTER_BOUND('',#280,.T.);
#182=FACE_OUTER_BOUND('',#281,.T.);
#183=FACE_OUTER_BOUND('',#283,.T.);
#184=FACE_OUTER_BOUND('',#285,.T.);
#185=FACE_OUTER_BOUND('',#287,.T.);
#186=FACE_OUTER_BOUND('',#289,.T.);
#187=FACE_OUTER_BOUND('',#290,.T.);
#188=FACE_OUTER_BOUND('',#291,.T.);
#189=FACE_OUTER_BOUND('',#292,.T.);
#190=FACE_OUTER_BOUND('',#293,.T.);
#191=FACE_OUTER_BOUND('',#294,.T.);
#192=FACE_OUTER_BOUND('',#295,.T.);
#193=FACE_OUTER_BOUND('',#296,.T.);
#194=FACE_OUTER_BOUND('',#297,.T.);
#195=FACE_OUTER_BOUND('',#298,.T.);
#196=FACE_OUTER_BOUND('',#299,.T.);
#197=FACE_OUTER_BOUND('',#300,.T.);
#198=FACE_OUTER_BOUND('',#301,.T.);
#199=FACE_OUTER_BOUND('',#302,.T.);
#200=FACE_OUTER_BOUND('',#303,.T.);
#201=FACE_OUTER_BOUND('',#304,.T.);
#202=FACE_OUTER_BOUND('',#305,.T.);
#203=FACE_OUTER_BOUND('',#306,.T.);
#204=FACE_OUTER_BOUND('',#307,.T.);
#205=FACE_OUTER_BOUND('',#308,.T.);
#206=FACE_OUTER_BOUND('',#314,.T.);
#207=FACE_OUTER_BOUND('',#315,.T.);
#208=FACE_OUTER_BOUND('',#316,.T.);
#209=FACE_OUTER_BOUND('',#317,.T.);
#210=FACE_OUTER_BOUND('',#318,.T.);
#211=FACE_OUTER_BOUND('',#319,.T.);
#212=FACE_OUTER_BOUND('',#320,.T.);
#213=FACE_OUTER_BOUND('',#321,.T.);
#214=EDGE_LOOP('',(#1106,#1107,#1108,#1109));
#215=EDGE_LOOP('',(#1110,#1111,#1112,#1113));
#216=EDGE_LOOP('',(#1114,#1115,#1116,#1117));
#217=EDGE_LOOP('',(#1118,#1119,#1120,#1121));
#218=EDGE_LOOP('',(#1122,#1123,#1124,#1125));
#219=EDGE_LOOP('',(#1126,#1127,#1128,#1129));
#220=EDGE_LOOP('',(#1130,#1131,#1132,#1133));
#221=EDGE_LOOP('',(#1134,#1135,#1136,#1137));
#222=EDGE_LOOP('',(#1138,#1139,#1140,#1141));
#223=EDGE_LOOP('',(#1142,#1143,#1144,#1145));
#224=EDGE_LOOP('',(#1146,#1147,#1148,#1149));
#225=EDGE_LOOP('',(#1150,#1151,#1152,#1153));
#226=EDGE_LOOP('',(#1154,#1155,#1156,#1157,#1158,#1159,#1160,#1161));
#227=EDGE_LOOP('',(#1162,#1163,#1164,#1165));
#228=EDGE_LOOP('',(#1166,#1167,#1168,#1169));
#229=EDGE_LOOP('',(#1170,#1171,#1172,#1173));
#230=EDGE_LOOP('',(#1174,#1175,#1176,#1177));
#231=EDGE_LOOP('',(#1178,#1179,#1180,#1181));
#232=EDGE_LOOP('',(#1182,#1183,#1184,#1185));
#233=EDGE_LOOP('',(#1186,#1187,#1188,#1189));
#234=EDGE_LOOP('',(#1190,#1191,#1192,#1193,#1194,#1195,#1196,#1197));
#235=EDGE_LOOP('',(#1198,#1199,#1200,#1201,#1202,#1203,#1204,#1205));
#236=EDGE_LOOP('',(#1206,#1207,#1208,#1209));
#237=EDGE_LOOP('',(#1210,#1211,#1212,#1213));
#238=EDGE_LOOP('',(#1214,#1215,#1216,#1217));
#239=EDGE_LOOP('',(#1218,#1219,#1220,#1221));
#240=EDGE_LOOP('',(#1222,#1223,#1224,#1225));
#241=EDGE_LOOP('',(#1226,#1227,#1228,#1229));
#242=EDGE_LOOP('',(#1230,#1231,#1232,#1233,#1234,#1235,#1236,#1237,#1238,
#1239,#1240,#1241,#1242,#1243,#1244,#1245,#1246,#1247,#1248,#1249,#1250,
#1251,#1252,#1253,#1254,#1255,#1256,#1257,#1258,#1259,#1260,#1261));
#243=EDGE_LOOP('',(#1262,#1263,#1264,#1265));
#244=EDGE_LOOP('',(#1266,#1267,#1268,#1269,#1270,#1271,#1272,#1273,#1274,
#1275,#1276,#1277));
#245=EDGE_LOOP('',(#1278,#1279,#1280,#1281));
#246=EDGE_LOOP('',(#1282,#1283,#1284,#1285));
#247=EDGE_LOOP('',(#1286,#1287,#1288,#1289));
#248=EDGE_LOOP('',(#1290,#1291,#1292,#1293));
#249=EDGE_LOOP('',(#1294,#1295,#1296,#1297));
#250=EDGE_LOOP('',(#1298,#1299,#1300,#1301));
#251=EDGE_LOOP('',(#1302,#1303,#1304,#1305));
#252=EDGE_LOOP('',(#1306,#1307,#1308,#1309));
#253=EDGE_LOOP('',(#1310,#1311,#1312,#1313));
#254=EDGE_LOOP('',(#1314,#1315,#1316,#1317));
#255=EDGE_LOOP('',(#1318,#1319,#1320,#1321));
#256=EDGE_LOOP('',(#1322,#1323,#1324,#1325));
#257=EDGE_LOOP('',(#1326,#1327,#1328,#1329));
#258=EDGE_LOOP('',(#1330,#1331,#1332,#1333));
#259=EDGE_LOOP('',(#1334,#1335,#1336,#1337));
#260=EDGE_LOOP('',(#1338,#1339,#1340,#1341));
#261=EDGE_LOOP('',(#1342,#1343,#1344,#1345));
#262=EDGE_LOOP('',(#1346,#1347,#1348,#1349));
#263=EDGE_LOOP('',(#1350,#1351,#1352,#1353));
#264=EDGE_LOOP('',(#1354,#1355,#1356,#1357));
#265=EDGE_LOOP('',(#1358,#1359,#1360,#1361));
#266=EDGE_LOOP('',(#1362,#1363,#1364,#1365));
#267=EDGE_LOOP('',(#1366,#1367,#1368,#1369));
#268=EDGE_LOOP('',(#1370,#1371,#1372,#1373,#1374,#1375,#1376,#1377,#1378,
#1379,#1380,#1381,#1382,#1383,#1384,#1385));
#269=EDGE_LOOP('',(#1386));
#270=EDGE_LOOP('',(#1387));
#271=EDGE_LOOP('',(#1388));
#272=EDGE_LOOP('',(#1389));
#273=EDGE_LOOP('',(#1390,#1391,#1392,#1393));
#274=EDGE_LOOP('',(#1394,#1395,#1396,#1397));
#275=EDGE_LOOP('',(#1398,#1399,#1400,#1401));
#276=EDGE_LOOP('',(#1402,#1403,#1404,#1405));
#277=EDGE_LOOP('',(#1406,#1407,#1408,#1409));
#278=EDGE_LOOP('',(#1410,#1411,#1412,#1413));
#279=EDGE_LOOP('',(#1414,#1415,#1416,#1417));
#280=EDGE_LOOP('',(#1418,#1419,#1420,#1421));
#281=EDGE_LOOP('',(#1422));
#282=EDGE_LOOP('',(#1423));
#283=EDGE_LOOP('',(#1424));
#284=EDGE_LOOP('',(#1425));
#285=EDGE_LOOP('',(#1426));
#286=EDGE_LOOP('',(#1427));
#287=EDGE_LOOP('',(#1428));
#288=EDGE_LOOP('',(#1429));
#289=EDGE_LOOP('',(#1430,#1431,#1432,#1433));
#290=EDGE_LOOP('',(#1434,#1435,#1436,#1437));
#291=EDGE_LOOP('',(#1438,#1439,#1440,#1441));
#292=EDGE_LOOP('',(#1442,#1443,#1444,#1445));
#293=EDGE_LOOP('',(#1446,#1447,#1448,#1449));
#294=EDGE_LOOP('',(#1450,#1451,#1452,#1453));
#295=EDGE_LOOP('',(#1454,#1455,#1456,#1457));
#296=EDGE_LOOP('',(#1458,#1459,#1460,#1461));
#297=EDGE_LOOP('',(#1462,#1463,#1464,#1465));
#298=EDGE_LOOP('',(#1466,#1467,#1468,#1469));
#299=EDGE_LOOP('',(#1470,#1471,#1472,#1473));
#300=EDGE_LOOP('',(#1474,#1475,#1476,#1477));
#301=EDGE_LOOP('',(#1478,#1479,#1480,#1481));
#302=EDGE_LOOP('',(#1482,#1483,#1484,#1485));
#303=EDGE_LOOP('',(#1486,#1487,#1488,#1489));
#304=EDGE_LOOP('',(#1490,#1491,#1492,#1493));
#305=EDGE_LOOP('',(#1494,#1495,#1496,#1497,#1498,#1499,#1500,#1501));
#306=EDGE_LOOP('',(#1502,#1503,#1504,#1505));
#307=EDGE_LOOP('',(#1506,#1507,#1508,#1509));
#308=EDGE_LOOP('',(#1510,#1511,#1512,#1513,#1514,#1515,#1516,#1517,#1518,
#1519,#1520,#1521,#1522,#1523,#1524,#1525));
#309=EDGE_LOOP('',(#1526,#1527,#1528,#1529,#1530,#1531,#1532,#1533));
#310=EDGE_LOOP('',(#1534));
#311=EDGE_LOOP('',(#1535));
#312=EDGE_LOOP('',(#1536));
#313=EDGE_LOOP('',(#1537));
#314=EDGE_LOOP('',(#1538,#1539,#1540,#1541));
#315=EDGE_LOOP('',(#1542,#1543,#1544,#1545));
#316=EDGE_LOOP('',(#1546,#1547,#1548,#1549));
#317=EDGE_LOOP('',(#1550,#1551,#1552,#1553));
#318=EDGE_LOOP('',(#1554,#1555,#1556,#1557));
#319=EDGE_LOOP('',(#1558,#1559,#1560,#1561));
#320=EDGE_LOOP('',(#1562,#1563,#1564,#1565,#1566,#1567,#1568,#1569,#1570,
#1571,#1572,#1573));
#321=EDGE_LOOP('',(#1574,#1575,#1576,#1577));
#322=CIRCLE('',#1706,1.99999999999999);
#323=CIRCLE('',#1707,1.49999999999999);
#324=CIRCLE('',#1710,1.99999999999999);
#325=CIRCLE('',#1711,1.49999999999999);
#326=CIRCLE('',#1714,1.99999999999999);
#327=CIRCLE('',#1715,1.49999999999999);
#328=CIRCLE('',#1718,1.99999999999999);
#329=CIRCLE('',#1719,1.49999999999999);
#330=CIRCLE('',#1723,1.99999999999999);
#331=CIRCLE('',#1726,1.99999999999999);
#332=CIRCLE('',#1729,1.99999999999999);
#333=CIRCLE('',#1732,1.99999999999999);
#334=CIRCLE('',#1739,2.00000000000001);
#335=CIRCLE('',#1740,0.500000000000012);
#336=CIRCLE('',#1748,3.49999999999999);
#337=CIRCLE('',#1749,0.50000000000001);
#338=CIRCLE('',#1750,0.499999999999989);
#339=CIRCLE('',#1751,0.499999999999989);
#340=CIRCLE('',#1752,3.50000000000001);
#341=CIRCLE('',#1753,0.499999999999994);
#342=CIRCLE('',#1754,0.499999999999994);
#343=CIRCLE('',#1755,1.99999999999999);
#344=CIRCLE('',#1756,1.99999999999999);
#345=CIRCLE('',#1757,2.00000000000001);
#346=CIRCLE('',#1758,1.99999999999999);
#347=CIRCLE('',#1759,1.99999999999999);
#348=CIRCLE('',#1760,2.00000000000001);
#349=CIRCLE('',#1761,1.99999999999999);
#350=CIRCLE('',#1765,1.99999999999999);
#351=CIRCLE('',#1766,1.69999999999999);
#352=CIRCLE('',#1769,1.99999999999999);
#353=CIRCLE('',#1770,1.69999999999999);
#354=CIRCLE('',#1773,2.00000000000001);
#355=CIRCLE('',#1774,1.70000000000001);
#356=CIRCLE('',#1777,1.99999999999999);
#357=CIRCLE('',#1778,2.29999999999999);
#358=CIRCLE('',#1781,2.00000000000001);
#359=CIRCLE('',#1782,1.70000000000001);
#360=CIRCLE('',#1785,1.99999999999999);
#361=CIRCLE('',#1786,1.69999999999999);
#362=CIRCLE('',#1789,1.99999999999999);
#363=CIRCLE('',#1790,1.69999999999999);
#364=CIRCLE('',#1793,2.00000000000001);
#365=CIRCLE('',#1794,2.30000000000001);
#366=CIRCLE('',#1804,3.35);
#367=CIRCLE('',#1805,3.35);
#368=CIRCLE('',#1806,3.35);
#369=CIRCLE('',#1807,3.35);
#370=CIRCLE('',#1809,3.05);
#371=CIRCLE('',#1811,3.05);
#372=CIRCLE('',#1813,3.05);
#373=CIRCLE('',#1815,3.05);
#374=CIRCLE('',#1817,3.05);
#375=CIRCLE('',#1819,3.05);
#376=CIRCLE('',#1821,3.05);
#377=CIRCLE('',#1823,3.05);
#378=CIRCLE('',#1825,1.7);
#379=CIRCLE('',#1827,1.7);
#380=CIRCLE('',#1829,1.7);
#381=CIRCLE('',#1831,1.7);
#382=CIRCLE('',#1833,1.7);
#383=CIRCLE('',#1835,1.7);
#384=CIRCLE('',#1837,1.7);
#385=CIRCLE('',#1839,1.7);
#386=CIRCLE('',#1841,0.50000000000001);
#387=CIRCLE('',#1844,0.499999999999989);
#388=CIRCLE('',#1847,0.499999999999989);
#389=CIRCLE('',#1850,3.50000000000001);
#390=CIRCLE('',#1853,0.499999999999994);
#391=CIRCLE('',#1856,0.499999999999994);
#392=CIRCLE('',#1858,0.500000000000012);
#393=CIRCLE('',#1861,3.49999999999999);
#394=LINE('',#2391,#558);
#395=LINE('',#2395,#559);
#396=LINE('',#2399,#560);
#397=LINE('',#2401,#561);
#398=LINE('',#2402,#562);
#399=LINE('',#2406,#563);
#400=LINE('',#2411,#564);
#401=LINE('',#2413,#565);
#402=LINE('',#2414,#566);
#403=LINE('',#2418,#567);
#404=LINE('',#2423,#568);
#405=LINE('',#2425,#569);
#406=LINE('',#2426,#570);
#407=LINE('',#2430,#571);
#408=LINE('',#2434,#572);
#409=LINE('',#2435,#573);
#410=LINE('',#2438,#574);
#411=LINE('',#2440,#575);
#412=LINE('',#2441,#576);
#413=LINE('',#2445,#577);
#414=LINE('',#2448,#578);
#415=LINE('',#2449,#579);
#416=LINE('',#2453,#580);
#417=LINE('',#2457,#581);
#418=LINE('',#2460,#582);
#419=LINE('',#2462,#583);
#420=LINE('',#2465,#584);
#421=LINE('',#2468,#585);
#422=LINE('',#2472,#586);
#423=LINE('',#2474,#587);
#424=LINE('',#2476,#588);
#425=LINE('',#2477,#589);
#426=LINE('',#2481,#590);
#427=LINE('',#2483,#591);
#428=LINE('',#2485,#592);
#429=LINE('',#2486,#593);
#430=LINE('',#2488,#594);
#431=LINE('',#2489,#595);
#432=LINE('',#2492,#596);
#433=LINE('',#2494,#597);
#434=LINE('',#2496,#598);
#435=LINE('',#2498,#599);
#436=LINE('',#2499,#600);
#437=LINE('',#2504,#601);
#438=LINE('',#2506,#602);
#439=LINE('',#2508,#603);
#440=LINE('',#2511,#604);
#441=LINE('',#2514,#605);
#442=LINE('',#2516,#606);
#443=LINE('',#2517,#607);
#444=LINE('',#2521,#608);
#445=LINE('',#2523,#609);
#446=LINE('',#2525,#610);
#447=LINE('',#2526,#611);
#448=LINE('',#2528,#612);
#449=LINE('',#2529,#613);
#450=LINE('',#2533,#614);
#451=LINE('',#2535,#615);
#452=LINE('',#2537,#616);
#453=LINE('',#2538,#617);
#454=LINE('',#2542,#618);
#455=LINE('',#2544,#619);
#456=LINE('',#2546,#620);
#457=LINE('',#2547,#621);
#458=LINE('',#2549,#622);
#459=LINE('',#2550,#623);
#460=LINE('',#2553,#624);
#461=LINE('',#2557,#625);
#462=LINE('',#2561,#626);
#463=LINE('',#2565,#627);
#464=LINE('',#2569,#628);
#465=LINE('',#2573,#629);
#466=LINE('',#2577,#630);
#467=LINE('',#2580,#631);
#468=LINE('',#2582,#632);
#469=LINE('',#2586,#633);
#470=LINE('',#2590,#634);
#471=LINE('',#2594,#635);
#472=LINE('',#2598,#636);
#473=LINE('',#2602,#637);
#474=LINE('',#2606,#638);
#475=LINE('',#2609,#639);
#476=LINE('',#2610,#640);
#477=LINE('',#2613,#641);
#478=LINE('',#2615,#642);
#479=LINE('',#2616,#643);
#480=LINE('',#2620,#644);
#481=LINE('',#2624,#645);
#482=LINE('',#2629,#646);
#483=LINE('',#2630,#647);
#484=LINE('',#2631,#648);
#485=LINE('',#2635,#649);
#486=LINE('',#2641,#650);
#487=LINE('',#2642,#651);
#488=LINE('',#2643,#652);
#489=LINE('',#2647,#653);
#490=LINE('',#2653,#654);
#491=LINE('',#2654,#655);
#492=LINE('',#2655,#656);
#493=LINE('',#2658,#657);
#494=LINE('',#2663,#658);
#495=LINE('',#2664,#659);
#496=LINE('',#2668,#660);
#497=LINE('',#2674,#661);
#498=LINE('',#2675,#662);
#499=LINE('',#2676,#663);
#500=LINE('',#2680,#664);
#501=LINE('',#2686,#665);
#502=LINE('',#2687,#666);
#503=LINE('',#2688,#667);
#504=LINE('',#2692,#668);
#505=LINE('',#2698,#669);
#506=LINE('',#2699,#670);
#507=LINE('',#2700,#671);
#508=LINE('',#2704,#672);
#509=LINE('',#2708,#673);
#510=LINE('',#2709,#674);
#511=LINE('',#2711,#675);
#512=LINE('',#2713,#676);
#513=LINE('',#2715,#677);
#514=LINE('',#2717,#678);
#515=LINE('',#2719,#679);
#516=LINE('',#2721,#680);
#517=LINE('',#2723,#681);
#518=LINE('',#2735,#682);
#519=LINE('',#2739,#683);
#520=LINE('',#2743,#684);
#521=LINE('',#2747,#685);
#522=LINE('',#2751,#686);
#523=LINE('',#2755,#687);
#524=LINE('',#2759,#688);
#525=LINE('',#2763,#689);
#526=LINE('',#2780,#690);
#527=LINE('',#2784,#691);
#528=LINE('',#2788,#692);
#529=LINE('',#2792,#693);
#530=LINE('',#2795,#694);
#531=LINE('',#2798,#695);
#532=LINE('',#2801,#696);
#533=LINE('',#2802,#697);
#534=LINE('',#2806,#698);
#535=LINE('',#2809,#699);
#536=LINE('',#2810,#700);
#537=LINE('',#2814,#701);
#538=LINE('',#2817,#702);
#539=LINE('',#2818,#703);
#540=LINE('',#2822,#704);
#541=LINE('',#2825,#705);
#542=LINE('',#2826,#706);
#543=LINE('',#2830,#707);
#544=LINE('',#2833,#708);
#545=LINE('',#2834,#709);
#546=LINE('',#2840,#710);
#547=LINE('',#2843,#711);
#548=LINE('',#2844,#712);
#549=LINE('',#2848,#713);
#550=LINE('',#2850,#714);
#551=LINE('',#2853,#715);
#552=LINE('',#2855,#716);
#553=LINE('',#2857,#717);
#554=LINE('',#2859,#718);
#555=LINE('',#2861,#719);
#556=LINE('',#2863,#720);
#557=LINE('',#2865,#721);
#558=VECTOR('',#1883,10.);
#559=VECTOR('',#1886,10.);
#560=VECTOR('',#1891,10.);
#561=VECTOR('',#1892,10.);
#562=VECTOR('',#1893,10.);
#563=VECTOR('',#1896,10.);
#564=VECTOR('',#1903,10.);
#565=VECTOR('',#1904,10.);
#566=VECTOR('',#1905,10.);
#567=VECTOR('',#1908,10.);
#568=VECTOR('',#1915,10.);
#569=VECTOR('',#1916,10.);
#570=VECTOR('',#1917,10.);
#571=VECTOR('',#1920,10.);
#572=VECTOR('',#1927,10.);
#573=VECTOR('',#1928,10.);
#574=VECTOR('',#1931,10.);
#575=VECTOR('',#1932,10.);
#576=VECTOR('',#1933,10.);
#577=VECTOR('',#1938,10.);
#578=VECTOR('',#1941,10.);
#579=VECTOR('',#1942,10.);
#580=VECTOR('',#1947,10.);
#581=VECTOR('',#1952,10.);
#582=VECTOR('',#1955,10.);
#583=VECTOR('',#1958,10.);
#584=VECTOR('',#1961,10.);
#585=VECTOR('',#1966,10.);
#586=VECTOR('',#1969,10.);
#587=VECTOR('',#1970,10.);
#588=VECTOR('',#1971,10.);
#589=VECTOR('',#1972,10.);
#590=VECTOR('',#1975,10.);
#591=VECTOR('',#1976,10.);
#592=VECTOR('',#1977,10.);
#593=VECTOR('',#1978,10.);
#594=VECTOR('',#1981,10.);
#595=VECTOR('',#1982,10.);
#596=VECTOR('',#1985,10.);
#597=VECTOR('',#1986,10.);
#598=VECTOR('',#1987,10.);
#599=VECTOR('',#1988,10.);
#600=VECTOR('',#1989,10.);
#601=VECTOR('',#1994,10.);
#602=VECTOR('',#1995,10.);
#603=VECTOR('',#1996,10.);
#604=VECTOR('',#1999,10.);
#605=VECTOR('',#2002,10.);
#606=VECTOR('',#2003,10.);
#607=VECTOR('',#2004,10.);
#608=VECTOR('',#2007,10.);
#609=VECTOR('',#2008,10.);
#610=VECTOR('',#2009,10.);
#611=VECTOR('',#2010,10.);
#612=VECTOR('',#2013,10.);
#613=VECTOR('',#2014,10.);
#614=VECTOR('',#2017,10.);
#615=VECTOR('',#2018,10.);
#616=VECTOR('',#2019,10.);
#617=VECTOR('',#2020,10.);
#618=VECTOR('',#2023,10.);
#619=VECTOR('',#2024,10.);
#620=VECTOR('',#2025,10.);
#621=VECTOR('',#2026,10.);
#622=VECTOR('',#2029,10.);
#623=VECTOR('',#2030,10.);
#624=VECTOR('',#2033,10.);
#625=VECTOR('',#2036,10.);
#626=VECTOR('',#2039,10.);
#627=VECTOR('',#2042,10.);
#628=VECTOR('',#2045,10.);
#629=VECTOR('',#2048,10.);
#630=VECTOR('',#2051,10.);
#631=VECTOR('',#2054,10.);
#632=VECTOR('',#2055,10.);
#633=VECTOR('',#2058,10.);
#634=VECTOR('',#2061,10.);
#635=VECTOR('',#2064,10.);
#636=VECTOR('',#2067,10.);
#637=VECTOR('',#2070,10.);
#638=VECTOR('',#2073,10.);
#639=VECTOR('',#2078,10.);
#640=VECTOR('',#2079,10.);
#641=VECTOR('',#2082,10.);
#642=VECTOR('',#2083,10.);
#643=VECTOR('',#2084,10.);
#644=VECTOR('',#2087,10.);
#645=VECTOR('',#2090,10.);
#646=VECTOR('',#2095,10.);
#647=VECTOR('',#2096,10.);
#648=VECTOR('',#2097,10.);
#649=VECTOR('',#2100,10.);
#650=VECTOR('',#2107,10.);
#651=VECTOR('',#2108,10.);
#652=VECTOR('',#2109,10.);
#653=VECTOR('',#2112,10.);
#654=VECTOR('',#2119,10.);
#655=VECTOR('',#2120,10.);
#656=VECTOR('',#2121,10.);
#657=VECTOR('',#2124,10.);
#658=VECTOR('',#2131,10.);
#659=VECTOR('',#2132,10.);
#660=VECTOR('',#2135,10.);
#661=VECTOR('',#2142,10.);
#662=VECTOR('',#2143,10.);
#663=VECTOR('',#2144,10.);
#664=VECTOR('',#2147,10.);
#665=VECTOR('',#2154,10.);
#666=VECTOR('',#2155,10.);
#667=VECTOR('',#2156,10.);
#668=VECTOR('',#2159,10.);
#669=VECTOR('',#2166,10.);
#670=VECTOR('',#2167,10.);
#671=VECTOR('',#2168,10.);
#672=VECTOR('',#2171,10.);
#673=VECTOR('',#2178,10.);
#674=VECTOR('',#2179,10.);
#675=VECTOR('',#2182,10.);
#676=VECTOR('',#2185,10.);
#677=VECTOR('',#2188,10.);
#678=VECTOR('',#2191,10.);
#679=VECTOR('',#2194,10.);
#680=VECTOR('',#2197,10.);
#681=VECTOR('',#2200,10.);
#682=VECTOR('',#2213,3.2);
#683=VECTOR('',#2218,3.05);
#684=VECTOR('',#2223,3.2);
#685=VECTOR('',#2228,3.05);
#686=VECTOR('',#2233,3.2);
#687=VECTOR('',#2238,3.05);
#688=VECTOR('',#2243,3.2);
#689=VECTOR('',#2248,3.05);
#690=VECTOR('',#2271,1.7);
#691=VECTOR('',#2276,1.7);
#692=VECTOR('',#2281,1.7);
#693=VECTOR('',#2286,1.7);
#694=VECTOR('',#2289,10.);
#695=VECTOR('',#2292,10.);
#696=VECTOR('',#2295,10.);
#697=VECTOR('',#2296,10.);
#698=VECTOR('',#2301,10.);
#699=VECTOR('',#2304,10.);
#700=VECTOR('',#2305,10.);
#701=VECTOR('',#2310,10.);
#702=VECTOR('',#2313,10.);
#703=VECTOR('',#2314,10.);
#704=VECTOR('',#2319,10.);
#705=VECTOR('',#2322,10.);
#706=VECTOR('',#2323,10.);
#707=VECTOR('',#2328,10.);
#708=VECTOR('',#2331,10.);
#709=VECTOR('',#2332,10.);
#710=VECTOR('',#2341,10.);
#711=VECTOR('',#2344,10.);
#712=VECTOR('',#2345,10.);
#713=VECTOR('',#2350,10.);
#714=VECTOR('',#2353,10.);
#715=VECTOR('',#2358,10.);
#716=VECTOR('',#2361,10.);
#717=VECTOR('',#2364,10.);
#718=VECTOR('',#2367,10.);
#719=VECTOR('',#2370,10.);
#720=VECTOR('',#2373,10.);
#721=VECTOR('',#2376,10.);
#722=VERTEX_POINT('',#2389);
#723=VERTEX_POINT('',#2390);
#724=VERTEX_POINT('',#2392);
#725=VERTEX_POINT('',#2394);
#726=VERTEX_POINT('',#2398);
#727=VERTEX_POINT('',#2400);
#728=VERTEX_POINT('',#2404);
#729=VERTEX_POINT('',#2405);
#730=VERTEX_POINT('',#2410);
#731=VERTEX_POINT('',#2412);
#732=VERTEX_POINT('',#2416);
#733=VERTEX_POINT('',#2417);
#734=VERTEX_POINT('',#2422);
#735=VERTEX_POINT('',#2424);
#736=VERTEX_POINT('',#2428);
#737=VERTEX_POINT('',#2429);
#738=VERTEX_POINT('',#2437);
#739=VERTEX_POINT('',#2439);
#740=VERTEX_POINT('',#2443);
#741=VERTEX_POINT('',#2447);
#742=VERTEX_POINT('',#2451);
#743=VERTEX_POINT('',#2456);
#744=VERTEX_POINT('',#2458);
#745=VERTEX_POINT('',#2464);
#746=VERTEX_POINT('',#2470);
#747=VERTEX_POINT('',#2471);
#748=VERTEX_POINT('',#2473);
#749=VERTEX_POINT('',#2475);
#750=VERTEX_POINT('',#2479);
#751=VERTEX_POINT('',#2480);
#752=VERTEX_POINT('',#2482);
#753=VERTEX_POINT('',#2484);
#754=VERTEX_POINT('',#2491);
#755=VERTEX_POINT('',#2493);
#756=VERTEX_POINT('',#2495);
#757=VERTEX_POINT('',#2497);
#758=VERTEX_POINT('',#2501);
#759=VERTEX_POINT('',#2503);
#760=VERTEX_POINT('',#2505);
#761=VERTEX_POINT('',#2507);
#762=VERTEX_POINT('',#2509);
#763=VERTEX_POINT('',#2513);
#764=VERTEX_POINT('',#2515);
#765=VERTEX_POINT('',#2519);
#766=VERTEX_POINT('',#2520);
#767=VERTEX_POINT('',#2522);
#768=VERTEX_POINT('',#2524);
#769=VERTEX_POINT('',#2531);
#770=VERTEX_POINT('',#2532);
#771=VERTEX_POINT('',#2534);
#772=VERTEX_POINT('',#2536);
#773=VERTEX_POINT('',#2540);
#774=VERTEX_POINT('',#2541);
#775=VERTEX_POINT('',#2543);
#776=VERTEX_POINT('',#2545);
#777=VERTEX_POINT('',#2552);
#778=VERTEX_POINT('',#2554);
#779=VERTEX_POINT('',#2556);
#780=VERTEX_POINT('',#2558);
#781=VERTEX_POINT('',#2560);
#782=VERTEX_POINT('',#2562);
#783=VERTEX_POINT('',#2564);
#784=VERTEX_POINT('',#2566);
#785=VERTEX_POINT('',#2568);
#786=VERTEX_POINT('',#2570);
#787=VERTEX_POINT('',#2572);
#788=VERTEX_POINT('',#2574);
#789=VERTEX_POINT('',#2576);
#790=VERTEX_POINT('',#2578);
#791=VERTEX_POINT('',#2581);
#792=VERTEX_POINT('',#2583);
#793=VERTEX_POINT('',#2585);
#794=VERTEX_POINT('',#2587);
#795=VERTEX_POINT('',#2589);
#796=VERTEX_POINT('',#2591);
#797=VERTEX_POINT('',#2593);
#798=VERTEX_POINT('',#2595);
#799=VERTEX_POINT('',#2597);
#800=VERTEX_POINT('',#2599);
#801=VERTEX_POINT('',#2601);
#802=VERTEX_POINT('',#2603);
#803=VERTEX_POINT('',#2605);
#804=VERTEX_POINT('',#2612);
#805=VERTEX_POINT('',#2614);
#806=VERTEX_POINT('',#2618);
#807=VERTEX_POINT('',#2619);
#808=VERTEX_POINT('',#2621);
#809=VERTEX_POINT('',#2623);
#810=VERTEX_POINT('',#2627);
#811=VERTEX_POINT('',#2628);
#812=VERTEX_POINT('',#2633);
#813=VERTEX_POINT('',#2634);
#814=VERTEX_POINT('',#2639);
#815=VERTEX_POINT('',#2640);
#816=VERTEX_POINT('',#2645);
#817=VERTEX_POINT('',#2646);
#818=VERTEX_POINT('',#2651);
#819=VERTEX_POINT('',#2652);
#820=VERTEX_POINT('',#2657);
#821=VERTEX_POINT('',#2662);
#822=VERTEX_POINT('',#2666);
#823=VERTEX_POINT('',#2667);
#824=VERTEX_POINT('',#2672);
#825=VERTEX_POINT('',#2673);
#826=VERTEX_POINT('',#2678);
#827=VERTEX_POINT('',#2679);
#828=VERTEX_POINT('',#2684);
#829=VERTEX_POINT('',#2685);
#830=VERTEX_POINT('',#2690);
#831=VERTEX_POINT('',#2691);
#832=VERTEX_POINT('',#2696);
#833=VERTEX_POINT('',#2697);
#834=VERTEX_POINT('',#2702);
#835=VERTEX_POINT('',#2703);
#836=VERTEX_POINT('',#2725);
#837=VERTEX_POINT('',#2727);
#838=VERTEX_POINT('',#2729);
#839=VERTEX_POINT('',#2731);
#840=VERTEX_POINT('',#2734);
#841=VERTEX_POINT('',#2738);
#842=VERTEX_POINT('',#2742);
#843=VERTEX_POINT('',#2746);
#844=VERTEX_POINT('',#2750);
#845=VERTEX_POINT('',#2754);
#846=VERTEX_POINT('',#2758);
#847=VERTEX_POINT('',#2762);
#848=VERTEX_POINT('',#2766);
#849=VERTEX_POINT('',#2769);
#850=VERTEX_POINT('',#2772);
#851=VERTEX_POINT('',#2775);
#852=VERTEX_POINT('',#2778);
#853=VERTEX_POINT('',#2782);
#854=VERTEX_POINT('',#2786);
#855=VERTEX_POINT('',#2790);
#856=VERTEX_POINT('',#2794);
#857=VERTEX_POINT('',#2796);
#858=VERTEX_POINT('',#2800);
#859=VERTEX_POINT('',#2804);
#860=VERTEX_POINT('',#2808);
#861=VERTEX_POINT('',#2812);
#862=VERTEX_POINT('',#2816);
#863=VERTEX_POINT('',#2820);
#864=VERTEX_POINT('',#2824);
#865=VERTEX_POINT('',#2828);
#866=VERTEX_POINT('',#2832);
#867=VERTEX_POINT('',#2838);
#868=VERTEX_POINT('',#2842);
#869=VERTEX_POINT('',#2846);
#870=EDGE_CURVE('',#722,#723,#394,.T.);
#871=EDGE_CURVE('',#724,#722,#322,.T.);
#872=EDGE_CURVE('',#725,#724,#395,.T.);
#873=EDGE_CURVE('',#723,#725,#323,.T.);
#874=EDGE_CURVE('',#726,#723,#396,.T.);
#875=EDGE_CURVE('',#727,#726,#397,.T.);
#876=EDGE_CURVE('',#722,#727,#398,.T.);
#877=EDGE_CURVE('',#728,#729,#399,.T.);
#878=EDGE_CURVE('',#727,#728,#324,.T.);
#879=EDGE_CURVE('',#729,#726,#325,.T.);
#880=EDGE_CURVE('',#730,#729,#400,.T.);
#881=EDGE_CURVE('',#731,#730,#401,.T.);
#882=EDGE_CURVE('',#728,#731,#402,.T.);
#883=EDGE_CURVE('',#732,#733,#403,.T.);
#884=EDGE_CURVE('',#731,#732,#326,.T.);
#885=EDGE_CURVE('',#733,#730,#327,.T.);
#886=EDGE_CURVE('',#734,#733,#404,.T.);
#887=EDGE_CURVE('',#735,#734,#405,.T.);
#888=EDGE_CURVE('',#732,#735,#406,.T.);
#889=EDGE_CURVE('',#736,#737,#407,.T.);
#890=EDGE_CURVE('',#735,#736,#328,.T.);
#891=EDGE_CURVE('',#737,#734,#329,.T.);
#892=EDGE_CURVE('',#725,#737,#408,.T.);
#893=EDGE_CURVE('',#736,#724,#409,.T.);
#894=EDGE_CURVE('',#731,#738,#410,.T.);
#895=EDGE_CURVE('',#738,#739,#411,.T.);
#896=EDGE_CURVE('',#728,#739,#412,.T.);
#897=EDGE_CURVE('',#739,#740,#330,.T.);
#898=EDGE_CURVE('',#727,#740,#413,.T.);
#899=EDGE_CURVE('',#740,#741,#414,.T.);
#900=EDGE_CURVE('',#722,#741,#415,.T.);
#901=EDGE_CURVE('',#741,#742,#331,.T.);
#902=EDGE_CURVE('',#724,#742,#416,.T.);
#903=EDGE_CURVE('',#736,#743,#417,.T.);
#904=EDGE_CURVE('',#743,#744,#332,.T.);
#905=EDGE_CURVE('',#735,#744,#418,.T.);
#906=EDGE_CURVE('',#742,#743,#419,.T.);
#907=EDGE_CURVE('',#732,#745,#420,.T.);
#908=EDGE_CURVE('',#745,#738,#333,.T.);
#909=EDGE_CURVE('',#744,#745,#421,.T.);
#910=EDGE_CURVE('',#746,#747,#422,.T.);
#911=EDGE_CURVE('',#747,#748,#423,.T.);
#912=EDGE_CURVE('',#748,#749,#424,.T.);
#913=EDGE_CURVE('',#746,#749,#425,.T.);
#914=EDGE_CURVE('',#750,#751,#426,.T.);
#915=EDGE_CURVE('',#752,#751,#427,.T.);
#916=EDGE_CURVE('',#752,#753,#428,.T.);
#917=EDGE_CURVE('',#753,#750,#429,.T.);
#918=EDGE_CURVE('',#751,#746,#430,.T.);
#919=EDGE_CURVE('',#749,#752,#431,.T.);
#920=EDGE_CURVE('',#748,#754,#432,.T.);
#921=EDGE_CURVE('',#754,#755,#433,.T.);
#922=EDGE_CURVE('',#755,#756,#434,.T.);
#923=EDGE_CURVE('',#757,#756,#435,.T.);
#924=EDGE_CURVE('',#757,#753,#436,.T.);
#925=EDGE_CURVE('',#758,#757,#334,.T.);
#926=EDGE_CURVE('',#759,#758,#437,.T.);
#927=EDGE_CURVE('',#760,#759,#438,.T.);
#928=EDGE_CURVE('',#761,#760,#439,.T.);
#929=EDGE_CURVE('',#762,#761,#335,.T.);
#930=EDGE_CURVE('',#750,#762,#440,.T.);
#931=EDGE_CURVE('',#759,#763,#441,.T.);
#932=EDGE_CURVE('',#764,#763,#442,.T.);
#933=EDGE_CURVE('',#764,#760,#443,.T.);
#934=EDGE_CURVE('',#765,#766,#444,.T.);
#935=EDGE_CURVE('',#766,#767,#445,.T.);
#936=EDGE_CURVE('',#768,#767,#446,.T.);
#937=EDGE_CURVE('',#768,#765,#447,.T.);
#938=EDGE_CURVE('',#767,#764,#448,.T.);
#939=EDGE_CURVE('',#763,#768,#449,.T.);
#940=EDGE_CURVE('',#769,#770,#450,.T.);
#941=EDGE_CURVE('',#770,#771,#451,.T.);
#942=EDGE_CURVE('',#772,#771,#452,.T.);
#943=EDGE_CURVE('',#772,#769,#453,.T.);
#944=EDGE_CURVE('',#773,#774,#454,.T.);
#945=EDGE_CURVE('',#774,#775,#455,.T.);
#946=EDGE_CURVE('',#776,#775,#456,.T.);
#947=EDGE_CURVE('',#776,#773,#457,.T.);
#948=EDGE_CURVE('',#775,#772,#458,.T.);
#949=EDGE_CURVE('',#771,#776,#459,.T.);
#950=EDGE_CURVE('',#777,#747,#460,.T.);
#951=EDGE_CURVE('',#778,#777,#336,.T.);
#952=EDGE_CURVE('',#779,#778,#461,.T.);
#953=EDGE_CURVE('',#780,#779,#337,.T.);
#954=EDGE_CURVE('',#781,#780,#462,.T.);
#955=EDGE_CURVE('',#782,#781,#338,.T.);
#956=EDGE_CURVE('',#783,#782,#463,.T.);
#957=EDGE_CURVE('',#784,#783,#339,.T.);
#958=EDGE_CURVE('',#785,#784,#464,.T.);
#959=EDGE_CURVE('',#786,#785,#340,.T.);
#960=EDGE_CURVE('',#787,#786,#465,.T.);
#961=EDGE_CURVE('',#788,#787,#341,.T.);
#962=EDGE_CURVE('',#789,#788,#466,.T.);
#963=EDGE_CURVE('',#790,#789,#342,.T.);
#964=EDGE_CURVE('',#774,#790,#467,.T.);
#965=EDGE_CURVE('',#791,#773,#468,.T.);
#966=EDGE_CURVE('',#792,#791,#343,.T.);
#967=EDGE_CURVE('',#793,#792,#469,.T.);
#968=EDGE_CURVE('',#794,#793,#344,.T.);
#969=EDGE_CURVE('',#795,#794,#470,.T.);
#970=EDGE_CURVE('',#795,#796,#345,.T.);
#971=EDGE_CURVE('',#797,#796,#471,.T.);
#972=EDGE_CURVE('',#798,#797,#346,.T.);
#973=EDGE_CURVE('',#798,#799,#472,.T.);
#974=EDGE_CURVE('',#800,#799,#347,.T.);
#975=EDGE_CURVE('',#800,#801,#473,.T.);
#976=EDGE_CURVE('',#802,#801,#348,.T.);
#977=EDGE_CURVE('',#803,#802,#474,.T.);
#978=EDGE_CURVE('',#803,#754,#349,.T.);
#979=EDGE_CURVE('',#770,#765,#475,.T.);
#980=EDGE_CURVE('',#766,#769,#476,.T.);
#981=EDGE_CURVE('',#790,#804,#477,.T.);
#982=EDGE_CURVE('',#805,#804,#478,.T.);
#983=EDGE_CURVE('',#761,#805,#479,.T.);
#984=EDGE_CURVE('',#806,#807,#480,.T.);
#985=EDGE_CURVE('',#808,#806,#350,.T.);
#986=EDGE_CURVE('',#809,#808,#481,.T.);
#987=EDGE_CURVE('',#807,#809,#351,.T.);
#988=EDGE_CURVE('',#810,#811,#482,.T.);
#989=EDGE_CURVE('',#806,#810,#483,.T.);
#990=EDGE_CURVE('',#811,#807,#484,.T.);
#991=EDGE_CURVE('',#812,#813,#485,.T.);
#992=EDGE_CURVE('',#810,#812,#352,.T.);
#993=EDGE_CURVE('',#813,#811,#353,.T.);
#994=EDGE_CURVE('',#814,#815,#486,.T.);
#995=EDGE_CURVE('',#812,#814,#487,.T.);
#996=EDGE_CURVE('',#815,#813,#488,.T.);
#997=EDGE_CURVE('',#816,#817,#489,.T.);
#998=EDGE_CURVE('',#814,#816,#354,.T.);
#999=EDGE_CURVE('',#817,#815,#355,.T.);
#1000=EDGE_CURVE('',#818,#819,#490,.T.);
#1001=EDGE_CURVE('',#816,#818,#491,.T.);
#1002=EDGE_CURVE('',#819,#817,#492,.T.);
#1003=EDGE_CURVE('',#755,#820,#493,.T.);
#1004=EDGE_CURVE('',#818,#755,#356,.T.);
#1005=EDGE_CURVE('',#820,#819,#357,.T.);
#1006=EDGE_CURVE('',#756,#821,#494,.T.);
#1007=EDGE_CURVE('',#821,#820,#495,.T.);
#1008=EDGE_CURVE('',#822,#823,#496,.T.);
#1009=EDGE_CURVE('',#756,#822,#358,.T.);
#1010=EDGE_CURVE('',#823,#821,#359,.T.);
#1011=EDGE_CURVE('',#824,#825,#497,.T.);
#1012=EDGE_CURVE('',#822,#824,#498,.T.);
#1013=EDGE_CURVE('',#825,#823,#499,.T.);
#1014=EDGE_CURVE('',#826,#827,#500,.T.);
#1015=EDGE_CURVE('',#824,#826,#360,.T.);
#1016=EDGE_CURVE('',#827,#825,#361,.T.);
#1017=EDGE_CURVE('',#828,#829,#501,.T.);
#1018=EDGE_CURVE('',#826,#828,#502,.T.);
#1019=EDGE_CURVE('',#829,#827,#503,.T.);
#1020=EDGE_CURVE('',#830,#831,#504,.T.);
#1021=EDGE_CURVE('',#828,#830,#362,.T.);
#1022=EDGE_CURVE('',#831,#829,#363,.T.);
#1023=EDGE_CURVE('',#832,#833,#505,.T.);
#1024=EDGE_CURVE('',#830,#832,#506,.T.);
#1025=EDGE_CURVE('',#833,#831,#507,.T.);
#1026=EDGE_CURVE('',#834,#835,#508,.T.);
#1027=EDGE_CURVE('',#832,#834,#364,.T.);
#1028=EDGE_CURVE('',#835,#833,#365,.T.);
#1029=EDGE_CURVE('',#834,#808,#509,.T.);
#1030=EDGE_CURVE('',#809,#835,#510,.T.);
#1031=EDGE_CURVE('',#803,#818,#511,.T.);
#1032=EDGE_CURVE('',#802,#816,#512,.T.);
#1033=EDGE_CURVE('',#801,#814,#513,.T.);
#1034=EDGE_CURVE('',#800,#812,#514,.T.);
#1035=EDGE_CURVE('',#799,#810,#515,.T.);
#1036=EDGE_CURVE('',#798,#806,#516,.T.);
#1037=EDGE_CURVE('',#797,#808,#517,.T.);
#1038=EDGE_CURVE('',#836,#836,#366,.T.);
#1039=EDGE_CURVE('',#837,#837,#367,.T.);
#1040=EDGE_CURVE('',#838,#838,#368,.T.);
#1041=EDGE_CURVE('',#839,#839,#369,.T.);
#1042=EDGE_CURVE('',#836,#840,#518,.T.);
#1043=EDGE_CURVE('',#840,#840,#370,.T.);
#1044=EDGE_CURVE('',#840,#841,#519,.T.);
#1045=EDGE_CURVE('',#841,#841,#371,.T.);
#1046=EDGE_CURVE('',#839,#842,#520,.T.);
#1047=EDGE_CURVE('',#842,#842,#372,.T.);
#1048=EDGE_CURVE('',#842,#843,#521,.T.);
#1049=EDGE_CURVE('',#843,#843,#373,.T.);
#1050=EDGE_CURVE('',#837,#844,#522,.T.);
#1051=EDGE_CURVE('',#844,#844,#374,.T.);
#1052=EDGE_CURVE('',#844,#845,#523,.T.);
#1053=EDGE_CURVE('',#845,#845,#375,.T.);
#1054=EDGE_CURVE('',#838,#846,#524,.T.);
#1055=EDGE_CURVE('',#846,#846,#376,.T.);
#1056=EDGE_CURVE('',#846,#847,#525,.T.);
#1057=EDGE_CURVE('',#847,#847,#377,.T.);
#1058=EDGE_CURVE('',#848,#848,#378,.T.);
#1059=EDGE_CURVE('',#849,#849,#379,.T.);
#1060=EDGE_CURVE('',#850,#850,#380,.T.);
#1061=EDGE_CURVE('',#851,#851,#381,.T.);
#1062=EDGE_CURVE('',#852,#852,#382,.T.);
#1063=EDGE_CURVE('',#852,#848,#526,.T.);
#1064=EDGE_CURVE('',#853,#853,#383,.T.);
#1065=EDGE_CURVE('',#853,#849,#527,.T.);
#1066=EDGE_CURVE('',#854,#854,#384,.T.);
#1067=EDGE_CURVE('',#854,#850,#528,.T.);
#1068=EDGE_CURVE('',#855,#855,#385,.T.);
#1069=EDGE_CURVE('',#855,#851,#529,.T.);
#1070=EDGE_CURVE('',#779,#856,#530,.T.);
#1071=EDGE_CURVE('',#857,#856,#386,.T.);
#1072=EDGE_CURVE('',#780,#857,#531,.T.);
#1073=EDGE_CURVE('',#858,#857,#532,.T.);
#1074=EDGE_CURVE('',#781,#858,#533,.T.);
#1075=EDGE_CURVE('',#859,#858,#387,.T.);
#1076=EDGE_CURVE('',#782,#859,#534,.T.);
#1077=EDGE_CURVE('',#860,#859,#535,.T.);
#1078=EDGE_CURVE('',#783,#860,#536,.T.);
#1079=EDGE_CURVE('',#861,#860,#388,.T.);
#1080=EDGE_CURVE('',#784,#861,#537,.T.);
#1081=EDGE_CURVE('',#862,#861,#538,.T.);
#1082=EDGE_CURVE('',#785,#862,#539,.T.);
#1083=EDGE_CURVE('',#863,#862,#389,.T.);
#1084=EDGE_CURVE('',#786,#863,#540,.T.);
#1085=EDGE_CURVE('',#864,#863,#541,.T.);
#1086=EDGE_CURVE('',#787,#864,#542,.T.);
#1087=EDGE_CURVE('',#865,#864,#390,.T.);
#1088=EDGE_CURVE('',#788,#865,#543,.T.);
#1089=EDGE_CURVE('',#866,#865,#544,.T.);
#1090=EDGE_CURVE('',#789,#866,#545,.T.);
#1091=EDGE_CURVE('',#804,#866,#391,.T.);
#1092=EDGE_CURVE('',#867,#805,#392,.T.);
#1093=EDGE_CURVE('',#762,#867,#546,.T.);
#1094=EDGE_CURVE('',#868,#867,#547,.T.);
#1095=EDGE_CURVE('',#777,#868,#548,.T.);
#1096=EDGE_CURVE('',#869,#868,#393,.T.);
#1097=EDGE_CURVE('',#778,#869,#549,.T.);
#1098=EDGE_CURVE('',#856,#869,#550,.T.);
#1099=EDGE_CURVE('',#796,#834,#551,.T.);
#1100=EDGE_CURVE('',#795,#832,#552,.T.);
#1101=EDGE_CURVE('',#794,#830,#553,.T.);
#1102=EDGE_CURVE('',#793,#828,#554,.T.);
#1103=EDGE_CURVE('',#792,#826,#555,.T.);
#1104=EDGE_CURVE('',#791,#824,#556,.T.);
#1105=EDGE_CURVE('',#758,#822,#557,.T.);
#1106=ORIENTED_EDGE('',*,*,#870,.F.);
#1107=ORIENTED_EDGE('',*,*,#871,.F.);
#1108=ORIENTED_EDGE('',*,*,#872,.F.);
#1109=ORIENTED_EDGE('',*,*,#873,.F.);
#1110=ORIENTED_EDGE('',*,*,#870,.T.);
#1111=ORIENTED_EDGE('',*,*,#874,.F.);
#1112=ORIENTED_EDGE('',*,*,#875,.F.);
#1113=ORIENTED_EDGE('',*,*,#876,.F.);
#1114=ORIENTED_EDGE('',*,*,#877,.F.);
#1115=ORIENTED_EDGE('',*,*,#878,.F.);
#1116=ORIENTED_EDGE('',*,*,#875,.T.);
#1117=ORIENTED_EDGE('',*,*,#879,.F.);
#1118=ORIENTED_EDGE('',*,*,#877,.T.);
#1119=ORIENTED_EDGE('',*,*,#880,.F.);
#1120=ORIENTED_EDGE('',*,*,#881,.F.);
#1121=ORIENTED_EDGE('',*,*,#882,.F.);
#1122=ORIENTED_EDGE('',*,*,#883,.F.);
#1123=ORIENTED_EDGE('',*,*,#884,.F.);
#1124=ORIENTED_EDGE('',*,*,#881,.T.);
#1125=ORIENTED_EDGE('',*,*,#885,.F.);
#1126=ORIENTED_EDGE('',*,*,#883,.T.);
#1127=ORIENTED_EDGE('',*,*,#886,.F.);
#1128=ORIENTED_EDGE('',*,*,#887,.F.);
#1129=ORIENTED_EDGE('',*,*,#888,.F.);
#1130=ORIENTED_EDGE('',*,*,#889,.F.);
#1131=ORIENTED_EDGE('',*,*,#890,.F.);
#1132=ORIENTED_EDGE('',*,*,#887,.T.);
#1133=ORIENTED_EDGE('',*,*,#891,.F.);
#1134=ORIENTED_EDGE('',*,*,#889,.T.);
#1135=ORIENTED_EDGE('',*,*,#892,.F.);
#1136=ORIENTED_EDGE('',*,*,#872,.T.);
#1137=ORIENTED_EDGE('',*,*,#893,.F.);
#1138=ORIENTED_EDGE('',*,*,#882,.T.);
#1139=ORIENTED_EDGE('',*,*,#894,.T.);
#1140=ORIENTED_EDGE('',*,*,#895,.T.);
#1141=ORIENTED_EDGE('',*,*,#896,.F.);
#1142=ORIENTED_EDGE('',*,*,#878,.T.);
#1143=ORIENTED_EDGE('',*,*,#896,.T.);
#1144=ORIENTED_EDGE('',*,*,#897,.T.);
#1145=ORIENTED_EDGE('',*,*,#898,.F.);
#1146=ORIENTED_EDGE('',*,*,#876,.T.);
#1147=ORIENTED_EDGE('',*,*,#898,.T.);
#1148=ORIENTED_EDGE('',*,*,#899,.T.);
#1149=ORIENTED_EDGE('',*,*,#900,.F.);
#1150=ORIENTED_EDGE('',*,*,#871,.T.);
#1151=ORIENTED_EDGE('',*,*,#900,.T.);
#1152=ORIENTED_EDGE('',*,*,#901,.T.);
#1153=ORIENTED_EDGE('',*,*,#902,.F.);
#1154=ORIENTED_EDGE('',*,*,#873,.T.);
#1155=ORIENTED_EDGE('',*,*,#892,.T.);
#1156=ORIENTED_EDGE('',*,*,#891,.T.);
#1157=ORIENTED_EDGE('',*,*,#886,.T.);
#1158=ORIENTED_EDGE('',*,*,#885,.T.);
#1159=ORIENTED_EDGE('',*,*,#880,.T.);
#1160=ORIENTED_EDGE('',*,*,#879,.T.);
#1161=ORIENTED_EDGE('',*,*,#874,.T.);
#1162=ORIENTED_EDGE('',*,*,#890,.T.);
#1163=ORIENTED_EDGE('',*,*,#903,.T.);
#1164=ORIENTED_EDGE('',*,*,#904,.T.);
#1165=ORIENTED_EDGE('',*,*,#905,.F.);
#1166=ORIENTED_EDGE('',*,*,#893,.T.);
#1167=ORIENTED_EDGE('',*,*,#902,.T.);
#1168=ORIENTED_EDGE('',*,*,#906,.T.);
#1169=ORIENTED_EDGE('',*,*,#903,.F.);
#1170=ORIENTED_EDGE('',*,*,#884,.T.);
#1171=ORIENTED_EDGE('',*,*,#907,.T.);
#1172=ORIENTED_EDGE('',*,*,#908,.T.);
#1173=ORIENTED_EDGE('',*,*,#894,.F.);
#1174=ORIENTED_EDGE('',*,*,#888,.T.);
#1175=ORIENTED_EDGE('',*,*,#905,.T.);
#1176=ORIENTED_EDGE('',*,*,#909,.T.);
#1177=ORIENTED_EDGE('',*,*,#907,.F.);
#1178=ORIENTED_EDGE('',*,*,#910,.T.);
#1179=ORIENTED_EDGE('',*,*,#911,.T.);
#1180=ORIENTED_EDGE('',*,*,#912,.T.);
#1181=ORIENTED_EDGE('',*,*,#913,.F.);
#1182=ORIENTED_EDGE('',*,*,#914,.T.);
#1183=ORIENTED_EDGE('',*,*,#915,.F.);
#1184=ORIENTED_EDGE('',*,*,#916,.T.);
#1185=ORIENTED_EDGE('',*,*,#917,.T.);
#1186=ORIENTED_EDGE('',*,*,#918,.T.);
#1187=ORIENTED_EDGE('',*,*,#913,.T.);
#1188=ORIENTED_EDGE('',*,*,#919,.T.);
#1189=ORIENTED_EDGE('',*,*,#915,.T.);
#1190=ORIENTED_EDGE('',*,*,#912,.F.);
#1191=ORIENTED_EDGE('',*,*,#920,.T.);
#1192=ORIENTED_EDGE('',*,*,#921,.T.);
#1193=ORIENTED_EDGE('',*,*,#922,.T.);
#1194=ORIENTED_EDGE('',*,*,#923,.F.);
#1195=ORIENTED_EDGE('',*,*,#924,.T.);
#1196=ORIENTED_EDGE('',*,*,#916,.F.);
#1197=ORIENTED_EDGE('',*,*,#919,.F.);
#1198=ORIENTED_EDGE('',*,*,#917,.F.);
#1199=ORIENTED_EDGE('',*,*,#924,.F.);
#1200=ORIENTED_EDGE('',*,*,#925,.F.);
#1201=ORIENTED_EDGE('',*,*,#926,.F.);
#1202=ORIENTED_EDGE('',*,*,#927,.F.);
#1203=ORIENTED_EDGE('',*,*,#928,.F.);
#1204=ORIENTED_EDGE('',*,*,#929,.F.);
#1205=ORIENTED_EDGE('',*,*,#930,.F.);
#1206=ORIENTED_EDGE('',*,*,#927,.T.);
#1207=ORIENTED_EDGE('',*,*,#931,.T.);
#1208=ORIENTED_EDGE('',*,*,#932,.F.);
#1209=ORIENTED_EDGE('',*,*,#933,.T.);
#1210=ORIENTED_EDGE('',*,*,#934,.T.);
#1211=ORIENTED_EDGE('',*,*,#935,.T.);
#1212=ORIENTED_EDGE('',*,*,#936,.F.);
#1213=ORIENTED_EDGE('',*,*,#937,.T.);
#1214=ORIENTED_EDGE('',*,*,#936,.T.);
#1215=ORIENTED_EDGE('',*,*,#938,.T.);
#1216=ORIENTED_EDGE('',*,*,#932,.T.);
#1217=ORIENTED_EDGE('',*,*,#939,.T.);
#1218=ORIENTED_EDGE('',*,*,#940,.T.);
#1219=ORIENTED_EDGE('',*,*,#941,.T.);
#1220=ORIENTED_EDGE('',*,*,#942,.F.);
#1221=ORIENTED_EDGE('',*,*,#943,.T.);
#1222=ORIENTED_EDGE('',*,*,#944,.T.);
#1223=ORIENTED_EDGE('',*,*,#945,.T.);
#1224=ORIENTED_EDGE('',*,*,#946,.F.);
#1225=ORIENTED_EDGE('',*,*,#947,.T.);
#1226=ORIENTED_EDGE('',*,*,#946,.T.);
#1227=ORIENTED_EDGE('',*,*,#948,.T.);
#1228=ORIENTED_EDGE('',*,*,#942,.T.);
#1229=ORIENTED_EDGE('',*,*,#949,.T.);
#1230=ORIENTED_EDGE('',*,*,#911,.F.);
#1231=ORIENTED_EDGE('',*,*,#950,.F.);
#1232=ORIENTED_EDGE('',*,*,#951,.F.);
#1233=ORIENTED_EDGE('',*,*,#952,.F.);
#1234=ORIENTED_EDGE('',*,*,#953,.F.);
#1235=ORIENTED_EDGE('',*,*,#954,.F.);
#1236=ORIENTED_EDGE('',*,*,#955,.F.);
#1237=ORIENTED_EDGE('',*,*,#956,.F.);
#1238=ORIENTED_EDGE('',*,*,#957,.F.);
#1239=ORIENTED_EDGE('',*,*,#958,.F.);
#1240=ORIENTED_EDGE('',*,*,#959,.F.);
#1241=ORIENTED_EDGE('',*,*,#960,.F.);
#1242=ORIENTED_EDGE('',*,*,#961,.F.);
#1243=ORIENTED_EDGE('',*,*,#962,.F.);
#1244=ORIENTED_EDGE('',*,*,#963,.F.);
#1245=ORIENTED_EDGE('',*,*,#964,.F.);
#1246=ORIENTED_EDGE('',*,*,#944,.F.);
#1247=ORIENTED_EDGE('',*,*,#965,.F.);
#1248=ORIENTED_EDGE('',*,*,#966,.F.);
#1249=ORIENTED_EDGE('',*,*,#967,.F.);
#1250=ORIENTED_EDGE('',*,*,#968,.F.);
#1251=ORIENTED_EDGE('',*,*,#969,.F.);
#1252=ORIENTED_EDGE('',*,*,#970,.T.);
#1253=ORIENTED_EDGE('',*,*,#971,.F.);
#1254=ORIENTED_EDGE('',*,*,#972,.F.);
#1255=ORIENTED_EDGE('',*,*,#973,.T.);
#1256=ORIENTED_EDGE('',*,*,#974,.F.);
#1257=ORIENTED_EDGE('',*,*,#975,.T.);
#1258=ORIENTED_EDGE('',*,*,#976,.F.);
#1259=ORIENTED_EDGE('',*,*,#977,.F.);
#1260=ORIENTED_EDGE('',*,*,#978,.T.);
#1261=ORIENTED_EDGE('',*,*,#920,.F.);
#1262=ORIENTED_EDGE('',*,*,#934,.F.);
#1263=ORIENTED_EDGE('',*,*,#979,.F.);
#1264=ORIENTED_EDGE('',*,*,#940,.F.);
#1265=ORIENTED_EDGE('',*,*,#980,.F.);
#1266=ORIENTED_EDGE('',*,*,#935,.F.);
#1267=ORIENTED_EDGE('',*,*,#980,.T.);
#1268=ORIENTED_EDGE('',*,*,#943,.F.);
#1269=ORIENTED_EDGE('',*,*,#948,.F.);
#1270=ORIENTED_EDGE('',*,*,#945,.F.);
#1271=ORIENTED_EDGE('',*,*,#964,.T.);
#1272=ORIENTED_EDGE('',*,*,#981,.T.);
#1273=ORIENTED_EDGE('',*,*,#982,.F.);
#1274=ORIENTED_EDGE('',*,*,#983,.F.);
#1275=ORIENTED_EDGE('',*,*,#928,.T.);
#1276=ORIENTED_EDGE('',*,*,#933,.F.);
#1277=ORIENTED_EDGE('',*,*,#938,.F.);
#1278=ORIENTED_EDGE('',*,*,#984,.F.);
#1279=ORIENTED_EDGE('',*,*,#985,.F.);
#1280=ORIENTED_EDGE('',*,*,#986,.F.);
#1281=ORIENTED_EDGE('',*,*,#987,.F.);
#1282=ORIENTED_EDGE('',*,*,#988,.F.);
#1283=ORIENTED_EDGE('',*,*,#989,.F.);
#1284=ORIENTED_EDGE('',*,*,#984,.T.);
#1285=ORIENTED_EDGE('',*,*,#990,.F.);
#1286=ORIENTED_EDGE('',*,*,#991,.F.);
#1287=ORIENTED_EDGE('',*,*,#992,.F.);
#1288=ORIENTED_EDGE('',*,*,#988,.T.);
#1289=ORIENTED_EDGE('',*,*,#993,.F.);
#1290=ORIENTED_EDGE('',*,*,#994,.F.);
#1291=ORIENTED_EDGE('',*,*,#995,.F.);
#1292=ORIENTED_EDGE('',*,*,#991,.T.);
#1293=ORIENTED_EDGE('',*,*,#996,.F.);
#1294=ORIENTED_EDGE('',*,*,#997,.F.);
#1295=ORIENTED_EDGE('',*,*,#998,.F.);
#1296=ORIENTED_EDGE('',*,*,#994,.T.);
#1297=ORIENTED_EDGE('',*,*,#999,.F.);
#1298=ORIENTED_EDGE('',*,*,#1000,.F.);
#1299=ORIENTED_EDGE('',*,*,#1001,.F.);
#1300=ORIENTED_EDGE('',*,*,#997,.T.);
#1301=ORIENTED_EDGE('',*,*,#1002,.F.);
#1302=ORIENTED_EDGE('',*,*,#1003,.F.);
#1303=ORIENTED_EDGE('',*,*,#1004,.F.);
#1304=ORIENTED_EDGE('',*,*,#1000,.T.);
#1305=ORIENTED_EDGE('',*,*,#1005,.F.);
#1306=ORIENTED_EDGE('',*,*,#1006,.F.);
#1307=ORIENTED_EDGE('',*,*,#922,.F.);
#1308=ORIENTED_EDGE('',*,*,#1003,.T.);
#1309=ORIENTED_EDGE('',*,*,#1007,.F.);
#1310=ORIENTED_EDGE('',*,*,#1008,.F.);
#1311=ORIENTED_EDGE('',*,*,#1009,.F.);
#1312=ORIENTED_EDGE('',*,*,#1006,.T.);
#1313=ORIENTED_EDGE('',*,*,#1010,.F.);
#1314=ORIENTED_EDGE('',*,*,#1011,.F.);
#1315=ORIENTED_EDGE('',*,*,#1012,.F.);
#1316=ORIENTED_EDGE('',*,*,#1008,.T.);
#1317=ORIENTED_EDGE('',*,*,#1013,.F.);
#1318=ORIENTED_EDGE('',*,*,#1014,.F.);
#1319=ORIENTED_EDGE('',*,*,#1015,.F.);
#1320=ORIENTED_EDGE('',*,*,#1011,.T.);
#1321=ORIENTED_EDGE('',*,*,#1016,.F.);
#1322=ORIENTED_EDGE('',*,*,#1017,.F.);
#1323=ORIENTED_EDGE('',*,*,#1018,.F.);
#1324=ORIENTED_EDGE('',*,*,#1014,.T.);
#1325=ORIENTED_EDGE('',*,*,#1019,.F.);
#1326=ORIENTED_EDGE('',*,*,#1020,.F.);
#1327=ORIENTED_EDGE('',*,*,#1021,.F.);
#1328=ORIENTED_EDGE('',*,*,#1017,.T.);
#1329=ORIENTED_EDGE('',*,*,#1022,.F.);
#1330=ORIENTED_EDGE('',*,*,#1023,.F.);
#1331=ORIENTED_EDGE('',*,*,#1024,.F.);
#1332=ORIENTED_EDGE('',*,*,#1020,.T.);
#1333=ORIENTED_EDGE('',*,*,#1025,.F.);
#1334=ORIENTED_EDGE('',*,*,#1026,.F.);
#1335=ORIENTED_EDGE('',*,*,#1027,.F.);
#1336=ORIENTED_EDGE('',*,*,#1023,.T.);
#1337=ORIENTED_EDGE('',*,*,#1028,.F.);
#1338=ORIENTED_EDGE('',*,*,#986,.T.);
#1339=ORIENTED_EDGE('',*,*,#1029,.F.);
#1340=ORIENTED_EDGE('',*,*,#1026,.T.);
#1341=ORIENTED_EDGE('',*,*,#1030,.F.);
#1342=ORIENTED_EDGE('',*,*,#1004,.T.);
#1343=ORIENTED_EDGE('',*,*,#921,.F.);
#1344=ORIENTED_EDGE('',*,*,#978,.F.);
#1345=ORIENTED_EDGE('',*,*,#1031,.T.);
#1346=ORIENTED_EDGE('',*,*,#1001,.T.);
#1347=ORIENTED_EDGE('',*,*,#1031,.F.);
#1348=ORIENTED_EDGE('',*,*,#977,.T.);
#1349=ORIENTED_EDGE('',*,*,#1032,.T.);
#1350=ORIENTED_EDGE('',*,*,#998,.T.);
#1351=ORIENTED_EDGE('',*,*,#1032,.F.);
#1352=ORIENTED_EDGE('',*,*,#976,.T.);
#1353=ORIENTED_EDGE('',*,*,#1033,.T.);
#1354=ORIENTED_EDGE('',*,*,#995,.T.);
#1355=ORIENTED_EDGE('',*,*,#1033,.F.);
#1356=ORIENTED_EDGE('',*,*,#975,.F.);
#1357=ORIENTED_EDGE('',*,*,#1034,.T.);
#1358=ORIENTED_EDGE('',*,*,#992,.T.);
#1359=ORIENTED_EDGE('',*,*,#1034,.F.);
#1360=ORIENTED_EDGE('',*,*,#974,.T.);
#1361=ORIENTED_EDGE('',*,*,#1035,.T.);
#1362=ORIENTED_EDGE('',*,*,#989,.T.);
#1363=ORIENTED_EDGE('',*,*,#1035,.F.);
#1364=ORIENTED_EDGE('',*,*,#973,.F.);
#1365=ORIENTED_EDGE('',*,*,#1036,.T.);
#1366=ORIENTED_EDGE('',*,*,#985,.T.);
#1367=ORIENTED_EDGE('',*,*,#1036,.F.);
#1368=ORIENTED_EDGE('',*,*,#972,.T.);
#1369=ORIENTED_EDGE('',*,*,#1037,.T.);
#1370=ORIENTED_EDGE('',*,*,#987,.T.);
#1371=ORIENTED_EDGE('',*,*,#1030,.T.);
#1372=ORIENTED_EDGE('',*,*,#1028,.T.);
#1373=ORIENTED_EDGE('',*,*,#1025,.T.);
#1374=ORIENTED_EDGE('',*,*,#1022,.T.);
#1375=ORIENTED_EDGE('',*,*,#1019,.T.);
#1376=ORIENTED_EDGE('',*,*,#1016,.T.);
#1377=ORIENTED_EDGE('',*,*,#1013,.T.);
#1378=ORIENTED_EDGE('',*,*,#1010,.T.);
#1379=ORIENTED_EDGE('',*,*,#1007,.T.);
#1380=ORIENTED_EDGE('',*,*,#1005,.T.);
#1381=ORIENTED_EDGE('',*,*,#1002,.T.);
#1382=ORIENTED_EDGE('',*,*,#999,.T.);
#1383=ORIENTED_EDGE('',*,*,#996,.T.);
#1384=ORIENTED_EDGE('',*,*,#993,.T.);
#1385=ORIENTED_EDGE('',*,*,#990,.T.);
#1386=ORIENTED_EDGE('',*,*,#1038,.T.);
#1387=ORIENTED_EDGE('',*,*,#1039,.T.);
#1388=ORIENTED_EDGE('',*,*,#1040,.T.);
#1389=ORIENTED_EDGE('',*,*,#1041,.T.);
#1390=ORIENTED_EDGE('',*,*,#1038,.F.);
#1391=ORIENTED_EDGE('',*,*,#1042,.T.);
#1392=ORIENTED_EDGE('',*,*,#1043,.F.);
#1393=ORIENTED_EDGE('',*,*,#1042,.F.);
#1394=ORIENTED_EDGE('',*,*,#1043,.T.);
#1395=ORIENTED_EDGE('',*,*,#1044,.T.);
#1396=ORIENTED_EDGE('',*,*,#1045,.F.);
#1397=ORIENTED_EDGE('',*,*,#1044,.F.);
#1398=ORIENTED_EDGE('',*,*,#1041,.F.);
#1399=ORIENTED_EDGE('',*,*,#1046,.T.);
#1400=ORIENTED_EDGE('',*,*,#1047,.F.);
#1401=ORIENTED_EDGE('',*,*,#1046,.F.);
#1402=ORIENTED_EDGE('',*,*,#1047,.T.);
#1403=ORIENTED_EDGE('',*,*,#1048,.T.);
#1404=ORIENTED_EDGE('',*,*,#1049,.F.);
#1405=ORIENTED_EDGE('',*,*,#1048,.F.);
#1406=ORIENTED_EDGE('',*,*,#1039,.F.);
#1407=ORIENTED_EDGE('',*,*,#1050,.T.);
#1408=ORIENTED_EDGE('',*,*,#1051,.F.);
#1409=ORIENTED_EDGE('',*,*,#1050,.F.);
#1410=ORIENTED_EDGE('',*,*,#1051,.T.);
#1411=ORIENTED_EDGE('',*,*,#1052,.T.);
#1412=ORIENTED_EDGE('',*,*,#1053,.F.);
#1413=ORIENTED_EDGE('',*,*,#1052,.F.);
#1414=ORIENTED_EDGE('',*,*,#1040,.F.);
#1415=ORIENTED_EDGE('',*,*,#1054,.T.);
#1416=ORIENTED_EDGE('',*,*,#1055,.F.);
#1417=ORIENTED_EDGE('',*,*,#1054,.F.);
#1418=ORIENTED_EDGE('',*,*,#1055,.T.);
#1419=ORIENTED_EDGE('',*,*,#1056,.T.);
#1420=ORIENTED_EDGE('',*,*,#1057,.F.);
#1421=ORIENTED_EDGE('',*,*,#1056,.F.);
#1422=ORIENTED_EDGE('',*,*,#1057,.T.);
#1423=ORIENTED_EDGE('',*,*,#1058,.T.);
#1424=ORIENTED_EDGE('',*,*,#1053,.T.);
#1425=ORIENTED_EDGE('',*,*,#1059,.T.);
#1426=ORIENTED_EDGE('',*,*,#1049,.T.);
#1427=ORIENTED_EDGE('',*,*,#1060,.T.);
#1428=ORIENTED_EDGE('',*,*,#1045,.T.);
#1429=ORIENTED_EDGE('',*,*,#1061,.T.);
#1430=ORIENTED_EDGE('',*,*,#1062,.T.);
#1431=ORIENTED_EDGE('',*,*,#1063,.T.);
#1432=ORIENTED_EDGE('',*,*,#1058,.F.);
#1433=ORIENTED_EDGE('',*,*,#1063,.F.);
#1434=ORIENTED_EDGE('',*,*,#1064,.T.);
#1435=ORIENTED_EDGE('',*,*,#1065,.T.);
#1436=ORIENTED_EDGE('',*,*,#1059,.F.);
#1437=ORIENTED_EDGE('',*,*,#1065,.F.);
#1438=ORIENTED_EDGE('',*,*,#1066,.T.);
#1439=ORIENTED_EDGE('',*,*,#1067,.T.);
#1440=ORIENTED_EDGE('',*,*,#1060,.F.);
#1441=ORIENTED_EDGE('',*,*,#1067,.F.);
#1442=ORIENTED_EDGE('',*,*,#1068,.T.);
#1443=ORIENTED_EDGE('',*,*,#1069,.T.);
#1444=ORIENTED_EDGE('',*,*,#1061,.F.);
#1445=ORIENTED_EDGE('',*,*,#1069,.F.);
#1446=ORIENTED_EDGE('',*,*,#953,.T.);
#1447=ORIENTED_EDGE('',*,*,#1070,.T.);
#1448=ORIENTED_EDGE('',*,*,#1071,.F.);
#1449=ORIENTED_EDGE('',*,*,#1072,.F.);
#1450=ORIENTED_EDGE('',*,*,#954,.T.);
#1451=ORIENTED_EDGE('',*,*,#1072,.T.);
#1452=ORIENTED_EDGE('',*,*,#1073,.F.);
#1453=ORIENTED_EDGE('',*,*,#1074,.F.);
#1454=ORIENTED_EDGE('',*,*,#955,.T.);
#1455=ORIENTED_EDGE('',*,*,#1074,.T.);
#1456=ORIENTED_EDGE('',*,*,#1075,.F.);
#1457=ORIENTED_EDGE('',*,*,#1076,.F.);
#1458=ORIENTED_EDGE('',*,*,#956,.T.);
#1459=ORIENTED_EDGE('',*,*,#1076,.T.);
#1460=ORIENTED_EDGE('',*,*,#1077,.F.);
#1461=ORIENTED_EDGE('',*,*,#1078,.F.);
#1462=ORIENTED_EDGE('',*,*,#957,.T.);
#1463=ORIENTED_EDGE('',*,*,#1078,.T.);
#1464=ORIENTED_EDGE('',*,*,#1079,.F.);
#1465=ORIENTED_EDGE('',*,*,#1080,.F.);
#1466=ORIENTED_EDGE('',*,*,#958,.T.);
#1467=ORIENTED_EDGE('',*,*,#1080,.T.);
#1468=ORIENTED_EDGE('',*,*,#1081,.F.);
#1469=ORIENTED_EDGE('',*,*,#1082,.F.);
#1470=ORIENTED_EDGE('',*,*,#959,.T.);
#1471=ORIENTED_EDGE('',*,*,#1082,.T.);
#1472=ORIENTED_EDGE('',*,*,#1083,.F.);
#1473=ORIENTED_EDGE('',*,*,#1084,.F.);
#1474=ORIENTED_EDGE('',*,*,#960,.T.);
#1475=ORIENTED_EDGE('',*,*,#1084,.T.);
#1476=ORIENTED_EDGE('',*,*,#1085,.F.);
#1477=ORIENTED_EDGE('',*,*,#1086,.F.);
#1478=ORIENTED_EDGE('',*,*,#961,.T.);
#1479=ORIENTED_EDGE('',*,*,#1086,.T.);
#1480=ORIENTED_EDGE('',*,*,#1087,.F.);
#1481=ORIENTED_EDGE('',*,*,#1088,.F.);
#1482=ORIENTED_EDGE('',*,*,#962,.T.);
#1483=ORIENTED_EDGE('',*,*,#1088,.T.);
#1484=ORIENTED_EDGE('',*,*,#1089,.F.);
#1485=ORIENTED_EDGE('',*,*,#1090,.F.);
#1486=ORIENTED_EDGE('',*,*,#963,.T.);
#1487=ORIENTED_EDGE('',*,*,#1090,.T.);
#1488=ORIENTED_EDGE('',*,*,#1091,.F.);
#1489=ORIENTED_EDGE('',*,*,#981,.F.);
#1490=ORIENTED_EDGE('',*,*,#929,.T.);
#1491=ORIENTED_EDGE('',*,*,#983,.T.);
#1492=ORIENTED_EDGE('',*,*,#1092,.F.);
#1493=ORIENTED_EDGE('',*,*,#1093,.F.);
#1494=ORIENTED_EDGE('',*,*,#910,.F.);
#1495=ORIENTED_EDGE('',*,*,#918,.F.);
#1496=ORIENTED_EDGE('',*,*,#914,.F.);
#1497=ORIENTED_EDGE('',*,*,#930,.T.);
#1498=ORIENTED_EDGE('',*,*,#1093,.T.);
#1499=ORIENTED_EDGE('',*,*,#1094,.F.);
#1500=ORIENTED_EDGE('',*,*,#1095,.F.);
#1501=ORIENTED_EDGE('',*,*,#950,.T.);
#1502=ORIENTED_EDGE('',*,*,#951,.T.);
#1503=ORIENTED_EDGE('',*,*,#1095,.T.);
#1504=ORIENTED_EDGE('',*,*,#1096,.F.);
#1505=ORIENTED_EDGE('',*,*,#1097,.F.);
#1506=ORIENTED_EDGE('',*,*,#952,.T.);
#1507=ORIENTED_EDGE('',*,*,#1097,.T.);
#1508=ORIENTED_EDGE('',*,*,#1098,.F.);
#1509=ORIENTED_EDGE('',*,*,#1070,.F.);
#1510=ORIENTED_EDGE('',*,*,#1098,.T.);
#1511=ORIENTED_EDGE('',*,*,#1096,.T.);
#1512=ORIENTED_EDGE('',*,*,#1094,.T.);
#1513=ORIENTED_EDGE('',*,*,#1092,.T.);
#1514=ORIENTED_EDGE('',*,*,#982,.T.);
#1515=ORIENTED_EDGE('',*,*,#1091,.T.);
#1516=ORIENTED_EDGE('',*,*,#1089,.T.);
#1517=ORIENTED_EDGE('',*,*,#1087,.T.);
#1518=ORIENTED_EDGE('',*,*,#1085,.T.);
#1519=ORIENTED_EDGE('',*,*,#1083,.T.);
#1520=ORIENTED_EDGE('',*,*,#1081,.T.);
#1521=ORIENTED_EDGE('',*,*,#1079,.T.);
#1522=ORIENTED_EDGE('',*,*,#1077,.T.);
#1523=ORIENTED_EDGE('',*,*,#1075,.T.);
#1524=ORIENTED_EDGE('',*,*,#1073,.T.);
#1525=ORIENTED_EDGE('',*,*,#1071,.T.);
#1526=ORIENTED_EDGE('',*,*,#899,.F.);
#1527=ORIENTED_EDGE('',*,*,#897,.F.);
#1528=ORIENTED_EDGE('',*,*,#895,.F.);
#1529=ORIENTED_EDGE('',*,*,#908,.F.);
#1530=ORIENTED_EDGE('',*,*,#909,.F.);
#1531=ORIENTED_EDGE('',*,*,#904,.F.);
#1532=ORIENTED_EDGE('',*,*,#906,.F.);
#1533=ORIENTED_EDGE('',*,*,#901,.F.);
#1534=ORIENTED_EDGE('',*,*,#1062,.F.);
#1535=ORIENTED_EDGE('',*,*,#1064,.F.);
#1536=ORIENTED_EDGE('',*,*,#1066,.F.);
#1537=ORIENTED_EDGE('',*,*,#1068,.F.);
#1538=ORIENTED_EDGE('',*,*,#1029,.T.);
#1539=ORIENTED_EDGE('',*,*,#1037,.F.);
#1540=ORIENTED_EDGE('',*,*,#971,.T.);
#1541=ORIENTED_EDGE('',*,*,#1099,.T.);
#1542=ORIENTED_EDGE('',*,*,#1027,.T.);
#1543=ORIENTED_EDGE('',*,*,#1099,.F.);
#1544=ORIENTED_EDGE('',*,*,#970,.F.);
#1545=ORIENTED_EDGE('',*,*,#1100,.T.);
#1546=ORIENTED_EDGE('',*,*,#1024,.T.);
#1547=ORIENTED_EDGE('',*,*,#1100,.F.);
#1548=ORIENTED_EDGE('',*,*,#969,.T.);
#1549=ORIENTED_EDGE('',*,*,#1101,.T.);
#1550=ORIENTED_EDGE('',*,*,#1021,.T.);
#1551=ORIENTED_EDGE('',*,*,#1101,.F.);
#1552=ORIENTED_EDGE('',*,*,#968,.T.);
#1553=ORIENTED_EDGE('',*,*,#1102,.T.);
#1554=ORIENTED_EDGE('',*,*,#1018,.T.);
#1555=ORIENTED_EDGE('',*,*,#1102,.F.);
#1556=ORIENTED_EDGE('',*,*,#967,.T.);
#1557=ORIENTED_EDGE('',*,*,#1103,.T.);
#1558=ORIENTED_EDGE('',*,*,#1015,.T.);
#1559=ORIENTED_EDGE('',*,*,#1103,.F.);
#1560=ORIENTED_EDGE('',*,*,#966,.T.);
#1561=ORIENTED_EDGE('',*,*,#1104,.T.);
#1562=ORIENTED_EDGE('',*,*,#937,.F.);
#1563=ORIENTED_EDGE('',*,*,#939,.F.);
#1564=ORIENTED_EDGE('',*,*,#931,.F.);
#1565=ORIENTED_EDGE('',*,*,#926,.T.);
#1566=ORIENTED_EDGE('',*,*,#1105,.T.);
#1567=ORIENTED_EDGE('',*,*,#1012,.T.);
#1568=ORIENTED_EDGE('',*,*,#1104,.F.);
#1569=ORIENTED_EDGE('',*,*,#965,.T.);
#1570=ORIENTED_EDGE('',*,*,#947,.F.);
#1571=ORIENTED_EDGE('',*,*,#949,.F.);
#1572=ORIENTED_EDGE('',*,*,#941,.F.);
#1573=ORIENTED_EDGE('',*,*,#979,.T.);
#1574=ORIENTED_EDGE('',*,*,#1009,.T.);
#1575=ORIENTED_EDGE('',*,*,#1105,.F.);
#1576=ORIENTED_EDGE('',*,*,#925,.T.);
#1577=ORIENTED_EDGE('',*,*,#923,.T.);
#1578=CONICAL_SURFACE('',#1705,1.74999999999999,0.785398163397447);
#1579=CONICAL_SURFACE('',#1709,1.74999999999999,0.785398163397448);
#1580=CONICAL_SURFACE('',#1713,1.74999999999999,0.785398163397448);
#1581=CONICAL_SURFACE('',#1717,1.74999999999999,0.785398163397448);
#1582=CONICAL_SURFACE('',#1764,1.84999999999999,0.785398163397452);
#1583=CONICAL_SURFACE('',#1768,1.84999999999999,0.785398163397455);
#1584=CONICAL_SURFACE('',#1772,1.85000000000001,0.785398163397454);
#1585=CONICAL_SURFACE('',#1776,2.14999999999999,0.785398163397445);
#1586=CONICAL_SURFACE('',#1780,1.85000000000001,0.785398163397445);
#1587=CONICAL_SURFACE('',#1784,1.84999999999999,0.785398163397445);
#1588=CONICAL_SURFACE('',#1788,1.84999999999999,0.785398163397445);
#1589=CONICAL_SURFACE('',#1792,2.15000000000001,0.785398163397446);
#1590=CONICAL_SURFACE('',#1808,3.2,0.785398163397448);
#1591=CONICAL_SURFACE('',#1812,3.2,0.785398163397452);
#1592=CONICAL_SURFACE('',#1816,3.2,0.785398163397448);
#1593=CONICAL_SURFACE('',#1820,3.2,0.785398163397452);
#1594=ADVANCED_FACE('',(#119),#1578,.T.);
#1595=ADVANCED_FACE('',(#120),#68,.F.);
#1596=ADVANCED_FACE('',(#121),#1579,.T.);
#1597=ADVANCED_FACE('',(#122),#69,.F.);
#1598=ADVANCED_FACE('',(#123),#1580,.T.);
#1599=ADVANCED_FACE('',(#124),#70,.F.);
#1600=ADVANCED_FACE('',(#125),#1581,.T.);
#1601=ADVANCED_FACE('',(#126),#71,.F.);
#1602=ADVANCED_FACE('',(#127),#72,.F.);
#1603=ADVANCED_FACE('',(#128),#40,.T.);
#1604=ADVANCED_FACE('',(#129),#73,.F.);
#1605=ADVANCED_FACE('',(#130),#41,.T.);
#1606=ADVANCED_FACE('',(#131),#74,.F.);
#1607=ADVANCED_FACE('',(#132),#42,.T.);
#1608=ADVANCED_FACE('',(#133),#75,.F.);
#1609=ADVANCED_FACE('',(#134),#43,.T.);
#1610=ADVANCED_FACE('',(#135),#76,.F.);
#1611=ADVANCED_FACE('',(#136),#77,.T.);
#1612=ADVANCED_FACE('',(#137),#78,.T.);
#1613=ADVANCED_FACE('',(#138),#79,.T.);
#1614=ADVANCED_FACE('',(#139),#80,.F.);
#1615=ADVANCED_FACE('',(#140),#81,.F.);
#1616=ADVANCED_FACE('',(#141),#82,.T.);
#1617=ADVANCED_FACE('',(#142),#83,.T.);
#1618=ADVANCED_FACE('',(#143),#84,.T.);
#1619=ADVANCED_FACE('',(#144),#85,.T.);
#1620=ADVANCED_FACE('',(#145),#86,.T.);
#1621=ADVANCED_FACE('',(#146),#87,.T.);
#1622=ADVANCED_FACE('',(#147),#88,.F.);
#1623=ADVANCED_FACE('',(#148),#89,.F.);
#1624=ADVANCED_FACE('',(#149),#90,.T.);
#1625=ADVANCED_FACE('',(#150),#1582,.T.);
#1626=ADVANCED_FACE('',(#151),#91,.F.);
#1627=ADVANCED_FACE('',(#152),#1583,.T.);
#1628=ADVANCED_FACE('',(#153),#92,.F.);
#1629=ADVANCED_FACE('',(#154),#1584,.T.);
#1630=ADVANCED_FACE('',(#155),#93,.F.);
#1631=ADVANCED_FACE('',(#156),#1585,.F.);
#1632=ADVANCED_FACE('',(#157),#94,.F.);
#1633=ADVANCED_FACE('',(#158),#1586,.T.);
#1634=ADVANCED_FACE('',(#159),#95,.F.);
#1635=ADVANCED_FACE('',(#160),#1587,.T.);
#1636=ADVANCED_FACE('',(#161),#96,.F.);
#1637=ADVANCED_FACE('',(#162),#1588,.T.);
#1638=ADVANCED_FACE('',(#163),#97,.F.);
#1639=ADVANCED_FACE('',(#164),#1589,.F.);
#1640=ADVANCED_FACE('',(#165),#98,.F.);
#1641=ADVANCED_FACE('',(#166),#44,.F.);
#1642=ADVANCED_FACE('',(#167),#99,.F.);
#1643=ADVANCED_FACE('',(#168),#45,.T.);
#1644=ADVANCED_FACE('',(#169),#100,.F.);
#1645=ADVANCED_FACE('',(#170),#46,.T.);
#1646=ADVANCED_FACE('',(#171),#101,.F.);
#1647=ADVANCED_FACE('',(#172),#47,.T.);
#1648=ADVANCED_FACE('',(#173,#27,#28,#29,#30),#102,.T.);
#1649=ADVANCED_FACE('',(#174),#1590,.F.);
#1650=ADVANCED_FACE('',(#175),#48,.F.);
#1651=ADVANCED_FACE('',(#176),#1591,.F.);
#1652=ADVANCED_FACE('',(#177),#49,.F.);
#1653=ADVANCED_FACE('',(#178),#1592,.F.);
#1654=ADVANCED_FACE('',(#179),#50,.F.);
#1655=ADVANCED_FACE('',(#180),#1593,.F.);
#1656=ADVANCED_FACE('',(#181),#51,.F.);
#1657=ADVANCED_FACE('',(#182,#31),#103,.T.);
#1658=ADVANCED_FACE('',(#183,#32),#104,.T.);
#1659=ADVANCED_FACE('',(#184,#33),#105,.T.);
#1660=ADVANCED_FACE('',(#185,#34),#106,.T.);
#1661=ADVANCED_FACE('',(#186),#52,.F.);
#1662=ADVANCED_FACE('',(#187),#53,.F.);
#1663=ADVANCED_FACE('',(#188),#54,.F.);
#1664=ADVANCED_FACE('',(#189),#55,.F.);
#1665=ADVANCED_FACE('',(#190),#56,.F.);
#1666=ADVANCED_FACE('',(#191),#107,.T.);
#1667=ADVANCED_FACE('',(#192),#57,.F.);
#1668=ADVANCED_FACE('',(#193),#108,.T.);
#1669=ADVANCED_FACE('',(#194),#58,.F.);
#1670=ADVANCED_FACE('',(#195),#109,.T.);
#1671=ADVANCED_FACE('',(#196),#59,.T.);
#1672=ADVANCED_FACE('',(#197),#110,.T.);
#1673=ADVANCED_FACE('',(#198),#60,.F.);
#1674=ADVANCED_FACE('',(#199),#111,.T.);
#1675=ADVANCED_FACE('',(#200),#61,.F.);
#1676=ADVANCED_FACE('',(#201),#62,.F.);
#1677=ADVANCED_FACE('',(#202),#112,.T.);
#1678=ADVANCED_FACE('',(#203),#63,.T.);
#1679=ADVANCED_FACE('',(#204),#113,.T.);
#1680=ADVANCED_FACE('',(#205,#35,#36,#37,#38,#39),#114,.F.);
#1681=ADVANCED_FACE('',(#206),#115,.F.);
#1682=ADVANCED_FACE('',(#207),#64,.F.);
#1683=ADVANCED_FACE('',(#208),#116,.F.);
#1684=ADVANCED_FACE('',(#209),#65,.T.);
#1685=ADVANCED_FACE('',(#210),#117,.F.);
#1686=ADVANCED_FACE('',(#211),#66,.T.);
#1687=ADVANCED_FACE('',(#212),#118,.F.);
#1688=ADVANCED_FACE('',(#213),#67,.T.);
#1689=CLOSED_SHELL('',(#1594,#1595,#1596,#1597,#1598,#1599,#1600,#1601,
#1602,#1603,#1604,#1605,#1606,#1607,#1608,#1609,#1610,#1611,#1612,#1613,
#1614,#1615,#1616,#1617,#1618,#1619,#1620,#1621,#1622,#1623,#1624,#1625,
#1626,#1627,#1628,#1629,#1630,#1631,#1632,#1633,#1634,#1635,#1636,#1637,
#1638,#1639,#1640,#1641,#1642,#1643,#1644,#1645,#1646,#1647,#1648,#1649,
#1650,#1651,#1652,#1653,#1654,#1655,#1656,#1657,#1658,#1659,#1660,#1661,
#1662,#1663,#1664,#1665,#1666,#1667,#1668,#1669,#1670,#1671,#1672,#1673,
#1674,#1675,#1676,#1677,#1678,#1679,#1680,#1681,#1682,#1683,#1684,#1685,
#1686,#1687,#1688));
#1690=DERIVED_UNIT_ELEMENT(#1692,1.);
#1691=DERIVED_UNIT_ELEMENT(#2879,-3.);
#1692=(
MASS_UNIT()
NAMED_UNIT(*)
SI_UNIT(.KILO.,.GRAM.)
);
#1693=DERIVED_UNIT((#1690,#1691));
#1694=MEASURE_REPRESENTATION_ITEM('density measure',
POSITIVE_RATIO_MEASURE(7850.),#1693);
#1695=PROPERTY_DEFINITION_REPRESENTATION(#1700,#1697);
#1696=PROPERTY_DEFINITION_REPRESENTATION(#1701,#1698);
#1697=REPRESENTATION('material name',(#1699),#2876);
#1698=REPRESENTATION('density',(#1694),#2876);
#1699=DESCRIPTIVE_REPRESENTATION_ITEM('Steel','Steel');
#1700=PROPERTY_DEFINITION('material property','material name',#2896);
#1701=PROPERTY_DEFINITION('material property','density of part',#2896);
#1702=AXIS2_PLACEMENT_3D('',#2385,#1875,#1876);
#1703=AXIS2_PLACEMENT_3D('',#2386,#1877,#1878);
#1704=AXIS2_PLACEMENT_3D('',#2387,#1879,#1880);
#1705=AXIS2_PLACEMENT_3D('',#2388,#1881,#1882);
#1706=AXIS2_PLACEMENT_3D('',#2393,#1884,#1885);
#1707=AXIS2_PLACEMENT_3D('',#2396,#1887,#1888);
#1708=AXIS2_PLACEMENT_3D('',#2397,#1889,#1890);
#1709=AXIS2_PLACEMENT_3D('',#2403,#1894,#1895);
#1710=AXIS2_PLACEMENT_3D('',#2407,#1897,#1898);
#1711=AXIS2_PLACEMENT_3D('',#2408,#1899,#1900);
#1712=AXIS2_PLACEMENT_3D('',#2409,#1901,#1902);
#1713=AXIS2_PLACEMENT_3D('',#2415,#1906,#1907);
#1714=AXIS2_PLACEMENT_3D('',#2419,#1909,#1910);
#1715=AXIS2_PLACEMENT_3D('',#2420,#1911,#1912);
#1716=AXIS2_PLACEMENT_3D('',#2421,#1913,#1914);
#1717=AXIS2_PLACEMENT_3D('',#2427,#1918,#1919);
#1718=AXIS2_PLACEMENT_3D('',#2431,#1921,#1922);
#1719=AXIS2_PLACEMENT_3D('',#2432,#1923,#1924);
#1720=AXIS2_PLACEMENT_3D('',#2433,#1925,#1926);
#1721=AXIS2_PLACEMENT_3D('',#2436,#1929,#1930);
#1722=AXIS2_PLACEMENT_3D('',#2442,#1934,#1935);
#1723=AXIS2_PLACEMENT_3D('',#2444,#1936,#1937);
#1724=AXIS2_PLACEMENT_3D('',#2446,#1939,#1940);
#1725=AXIS2_PLACEMENT_3D('',#2450,#1943,#1944);
#1726=AXIS2_PLACEMENT_3D('',#2452,#1945,#1946);
#1727=AXIS2_PLACEMENT_3D('',#2454,#1948,#1949);
#1728=AXIS2_PLACEMENT_3D('',#2455,#1950,#1951);
#1729=AXIS2_PLACEMENT_3D('',#2459,#1953,#1954);
#1730=AXIS2_PLACEMENT_3D('',#2461,#1956,#1957);
#1731=AXIS2_PLACEMENT_3D('',#2463,#1959,#1960);
#1732=AXIS2_PLACEMENT_3D('',#2466,#1962,#1963);
#1733=AXIS2_PLACEMENT_3D('',#2467,#1964,#1965);
#1734=AXIS2_PLACEMENT_3D('',#2469,#1967,#1968);
#1735=AXIS2_PLACEMENT_3D('',#2478,#1973,#1974);
#1736=AXIS2_PLACEMENT_3D('',#2487,#1979,#1980);
#1737=AXIS2_PLACEMENT_3D('',#2490,#1983,#1984);
#1738=AXIS2_PLACEMENT_3D('',#2500,#1990,#1991);
#1739=AXIS2_PLACEMENT_3D('',#2502,#1992,#1993);
#1740=AXIS2_PLACEMENT_3D('',#2510,#1997,#1998);
#1741=AXIS2_PLACEMENT_3D('',#2512,#2000,#2001);
#1742=AXIS2_PLACEMENT_3D('',#2518,#2005,#2006);
#1743=AXIS2_PLACEMENT_3D('',#2527,#2011,#2012);
#1744=AXIS2_PLACEMENT_3D('',#2530,#2015,#2016);
#1745=AXIS2_PLACEMENT_3D('',#2539,#2021,#2022);
#1746=AXIS2_PLACEMENT_3D('',#2548,#2027,#2028);
#1747=AXIS2_PLACEMENT_3D('',#2551,#2031,#2032);
#1748=AXIS2_PLACEMENT_3D('',#2555,#2034,#2035);
#1749=AXIS2_PLACEMENT_3D('',#2559,#2037,#2038);
#1750=AXIS2_PLACEMENT_3D('',#2563,#2040,#2041);
#1751=AXIS2_PLACEMENT_3D('',#2567,#2043,#2044);
#1752=AXIS2_PLACEMENT_3D('',#2571,#2046,#2047);
#1753=AXIS2_PLACEMENT_3D('',#2575,#2049,#2050);
#1754=AXIS2_PLACEMENT_3D('',#2579,#2052,#2053);
#1755=AXIS2_PLACEMENT_3D('',#2584,#2056,#2057);
#1756=AXIS2_PLACEMENT_3D('',#2588,#2059,#2060);
#1757=AXIS2_PLACEMENT_3D('',#2592,#2062,#2063);
#1758=AXIS2_PLACEMENT_3D('',#2596,#2065,#2066);
#1759=AXIS2_PLACEMENT_3D('',#2600,#2068,#2069);
#1760=AXIS2_PLACEMENT_3D('',#2604,#2071,#2072);
#1761=AXIS2_PLACEMENT_3D('',#2607,#2074,#2075);
#1762=AXIS2_PLACEMENT_3D('',#2608,#2076,#2077);
#1763=AXIS2_PLACEMENT_3D('',#2611,#2080,#2081);
#1764=AXIS2_PLACEMENT_3D('',#2617,#2085,#2086);
#1765=AXIS2_PLACEMENT_3D('',#2622,#2088,#2089);
#1766=AXIS2_PLACEMENT_3D('',#2625,#2091,#2092);
#1767=AXIS2_PLACEMENT_3D('',#2626,#2093,#2094);
#1768=AXIS2_PLACEMENT_3D('',#2632,#2098,#2099);
#1769=AXIS2_PLACEMENT_3D('',#2636,#2101,#2102);
#1770=AXIS2_PLACEMENT_3D('',#2637,#2103,#2104);
#1771=AXIS2_PLACEMENT_3D('',#2638,#2105,#2106);
#1772=AXIS2_PLACEMENT_3D('',#2644,#2110,#2111);
#1773=AXIS2_PLACEMENT_3D('',#2648,#2113,#2114);
#1774=AXIS2_PLACEMENT_3D('',#2649,#2115,#2116);
#1775=AXIS2_PLACEMENT_3D('',#2650,#2117,#2118);
#1776=AXIS2_PLACEMENT_3D('',#2656,#2122,#2123);
#1777=AXIS2_PLACEMENT_3D('',#2659,#2125,#2126);
#1778=AXIS2_PLACEMENT_3D('',#2660,#2127,#2128);
#1779=AXIS2_PLACEMENT_3D('',#2661,#2129,#2130);
#1780=AXIS2_PLACEMENT_3D('',#2665,#2133,#2134);
#1781=AXIS2_PLACEMENT_3D('',#2669,#2136,#2137);
#1782=AXIS2_PLACEMENT_3D('',#2670,#2138,#2139);
#1783=AXIS2_PLACEMENT_3D('',#2671,#2140,#2141);
#1784=AXIS2_PLACEMENT_3D('',#2677,#2145,#2146);
#1785=AXIS2_PLACEMENT_3D('',#2681,#2148,#2149);
#1786=AXIS2_PLACEMENT_3D('',#2682,#2150,#2151);
#1787=AXIS2_PLACEMENT_3D('',#2683,#2152,#2153);
#1788=AXIS2_PLACEMENT_3D('',#2689,#2157,#2158);
#1789=AXIS2_PLACEMENT_3D('',#2693,#2160,#2161);
#1790=AXIS2_PLACEMENT_3D('',#2694,#2162,#2163);
#1791=AXIS2_PLACEMENT_3D('',#2695,#2164,#2165);
#1792=AXIS2_PLACEMENT_3D('',#2701,#2169,#2170);
#1793=AXIS2_PLACEMENT_3D('',#2705,#2172,#2173);
#1794=AXIS2_PLACEMENT_3D('',#2706,#2174,#2175);
#1795=AXIS2_PLACEMENT_3D('',#2707,#2176,#2177);
#1796=AXIS2_PLACEMENT_3D('',#2710,#2180,#2181);
#1797=AXIS2_PLACEMENT_3D('',#2712,#2183,#2184);
#1798=AXIS2_PLACEMENT_3D('',#2714,#2186,#2187);
#1799=AXIS2_PLACEMENT_3D('',#2716,#2189,#2190);
#1800=AXIS2_PLACEMENT_3D('',#2718,#2192,#2193);
#1801=AXIS2_PLACEMENT_3D('',#2720,#2195,#2196);
#1802=AXIS2_PLACEMENT_3D('',#2722,#2198,#2199);
#1803=AXIS2_PLACEMENT_3D('',#2724,#2201,#2202);
#1804=AXIS2_PLACEMENT_3D('',#2726,#2203,#2204);
#1805=AXIS2_PLACEMENT_3D('',#2728,#2205,#2206);
#1806=AXIS2_PLACEMENT_3D('',#2730,#2207,#2208);
#1807=AXIS2_PLACEMENT_3D('',#2732,#2209,#2210);
#1808=AXIS2_PLACEMENT_3D('',#2733,#2211,#2212);
#1809=AXIS2_PLACEMENT_3D('',#2736,#2214,#2215);
#1810=AXIS2_PLACEMENT_3D('',#2737,#2216,#2217);
#1811=AXIS2_PLACEMENT_3D('',#2740,#2219,#2220);
#1812=AXIS2_PLACEMENT_3D('',#2741,#2221,#2222);
#1813=AXIS2_PLACEMENT_3D('',#2744,#2224,#2225);
#1814=AXIS2_PLACEMENT_3D('',#2745,#2226,#2227);
#1815=AXIS2_PLACEMENT_3D('',#2748,#2229,#2230);
#1816=AXIS2_PLACEMENT_3D('',#2749,#2231,#2232);
#1817=AXIS2_PLACEMENT_3D('',#2752,#2234,#2235);
#1818=AXIS2_PLACEMENT_3D('',#2753,#2236,#2237);
#1819=AXIS2_PLACEMENT_3D('',#2756,#2239,#2240);
#1820=AXIS2_PLACEMENT_3D('',#2757,#2241,#2242);
#1821=AXIS2_PLACEMENT_3D('',#2760,#2244,#2245);
#1822=AXIS2_PLACEMENT_3D('',#2761,#2246,#2247);
#1823=AXIS2_PLACEMENT_3D('',#2764,#2249,#2250);
#1824=AXIS2_PLACEMENT_3D('',#2765,#2251,#2252);
#1825=AXIS2_PLACEMENT_3D('',#2767,#2253,#2254);
#1826=AXIS2_PLACEMENT_3D('',#2768,#2255,#2256);
#1827=AXIS2_PLACEMENT_3D('',#2770,#2257,#2258);
#1828=AXIS2_PLACEMENT_3D('',#2771,#2259,#2260);
#1829=AXIS2_PLACEMENT_3D('',#2773,#2261,#2262);
#1830=AXIS2_PLACEMENT_3D('',#2774,#2263,#2264);
#1831=AXIS2_PLACEMENT_3D('',#2776,#2265,#2266);
#1832=AXIS2_PLACEMENT_3D('',#2777,#2267,#2268);
#1833=AXIS2_PLACEMENT_3D('',#2779,#2269,#2270);
#1834=AXIS2_PLACEMENT_3D('',#2781,#2272,#2273);
#1835=AXIS2_PLACEMENT_3D('',#2783,#2274,#2275);
#1836=AXIS2_PLACEMENT_3D('',#2785,#2277,#2278);
#1837=AXIS2_PLACEMENT_3D('',#2787,#2279,#2280);
#1838=AXIS2_PLACEMENT_3D('',#2789,#2282,#2283);
#1839=AXIS2_PLACEMENT_3D('',#2791,#2284,#2285);
#1840=AXIS2_PLACEMENT_3D('',#2793,#2287,#2288);
#1841=AXIS2_PLACEMENT_3D('',#2797,#2290,#2291);
#1842=AXIS2_PLACEMENT_3D('',#2799,#2293,#2294);
#1843=AXIS2_PLACEMENT_3D('',#2803,#2297,#2298);
#1844=AXIS2_PLACEMENT_3D('',#2805,#2299,#2300);
#1845=AXIS2_PLACEMENT_3D('',#2807,#2302,#2303);
#1846=AXIS2_PLACEMENT_3D('',#2811,#2306,#2307);
#1847=AXIS2_PLACEMENT_3D('',#2813,#2308,#2309);
#1848=AXIS2_PLACEMENT_3D('',#2815,#2311,#2312);
#1849=AXIS2_PLACEMENT_3D('',#2819,#2315,#2316);
#1850=AXIS2_PLACEMENT_3D('',#2821,#2317,#2318);
#1851=AXIS2_PLACEMENT_3D('',#2823,#2320,#2321);
#1852=AXIS2_PLACEMENT_3D('',#2827,#2324,#2325);
#1853=AXIS2_PLACEMENT_3D('',#2829,#2326,#2327);
#1854=AXIS2_PLACEMENT_3D('',#2831,#2329,#2330);
#1855=AXIS2_PLACEMENT_3D('',#2835,#2333,#2334);
#1856=AXIS2_PLACEMENT_3D('',#2836,#2335,#2336);
#1857=AXIS2_PLACEMENT_3D('',#2837,#2337,#2338);
#1858=AXIS2_PLACEMENT_3D('',#2839,#2339,#2340);
#1859=AXIS2_PLACEMENT_3D('',#2841,#2342,#2343);
#1860=AXIS2_PLACEMENT_3D('',#2845,#2346,#2347);
#1861=AXIS2_PLACEMENT_3D('',#2847,#2348,#2349);
#1862=AXIS2_PLACEMENT_3D('',#2849,#2351,#2352);
#1863=AXIS2_PLACEMENT_3D('',#2851,#2354,#2355);
#1864=AXIS2_PLACEMENT_3D('',#2852,#2356,#2357);
#1865=AXIS2_PLACEMENT_3D('',#2854,#2359,#2360);
#1866=AXIS2_PLACEMENT_3D('',#2856,#2362,#2363);
#1867=AXIS2_PLACEMENT_3D('',#2858,#2365,#2366);
#1868=AXIS2_PLACEMENT_3D('',#2860,#2368,#2369);
#1869=AXIS2_PLACEMENT_3D('',#2862,#2371,#2372);
#1870=AXIS2_PLACEMENT_3D('',#2864,#2374,#2375);
#1871=AXIS2_PLACEMENT_3D('',#2866,#2377,#2378);
#1872=AXIS2_PLACEMENT_3D('',#2867,#2379,#2380);
#1873=AXIS2_PLACEMENT_3D('',#2868,#2381,#2382);
#1874=AXIS2_PLACEMENT_3D('',#2869,#2383,#2384);
#1875=DIRECTION('axis',(0.,0.,1.));
#1876=DIRECTION('refdir',(1.,0.,0.));
#1877=DIRECTION('axis',(0.,0.,1.));
#1878=DIRECTION('refdir',(1.,0.,0.));
#1879=DIRECTION('axis',(0.,0.,1.));
#1880=DIRECTION('refdir',(1.,0.,0.));
#1881=DIRECTION('center_axis',(0.,-1.,0.));
#1882=DIRECTION('ref_axis',(-1.58031745847546E-15,0.,-1.));
#1883=DIRECTION('',(-0.707106781186546,0.707106781186549,-4.52639267368295E-16));
#1884=DIRECTION('center_axis',(0.,-1.,0.));
#1885=DIRECTION('ref_axis',(-1.58031745847546E-15,0.,-1.));
#1886=DIRECTION('',(-2.68754564999926E-15,-0.707106781186549,-0.707106781186546));
#1887=DIRECTION('center_axis',(0.,1.,0.));
#1888=DIRECTION('ref_axis',(-1.58031745847546E-15,0.,-1.));
#1889=DIRECTION('center_axis',(-0.707106781186547,-0.707106781186548,-4.52639267368295E-16));
#1890=DIRECTION('ref_axis',(-6.40128590774865E-16,0.,1.));
#1891=DIRECTION('',(6.40128590774865E-16,0.,-1.));
#1892=DIRECTION('',(-0.707106781186548,0.707106781186547,-4.52639267368296E-16));
#1893=DIRECTION('',(-6.40128590774865E-16,0.,1.));
#1894=DIRECTION('center_axis',(0.,-1.,0.));
#1895=DIRECTION('ref_axis',(1.,0.,6.40128590774865E-16));
#1896=DIRECTION('',(4.52639267368295E-16,0.707106781186549,-0.707106781186546));
#1897=DIRECTION('center_axis',(0.,-1.,0.));
#1898=DIRECTION('ref_axis',(1.,0.,6.40128590774865E-16));
#1899=DIRECTION('center_axis',(0.,1.,0.));
#1900=DIRECTION('ref_axis',(1.,0.,6.40128590774865E-16));
#1901=DIRECTION('center_axis',(4.52639267368296E-16,-0.707106781186546,
-0.707106781186549));
#1902=DIRECTION('ref_axis',(-1.,0.,-6.40128590774865E-16));
#1903=DIRECTION('',(1.,0.,6.40128590774865E-16));
#1904=DIRECTION('',(4.52639267368295E-16,0.707106781186549,-0.707106781186546));
#1905=DIRECTION('',(-1.,0.,-6.40128590774865E-16));
#1906=DIRECTION('center_axis',(0.,-1.,0.));
#1907=DIRECTION('ref_axis',(4.70094433850295E-16,0.,1.));
#1908=DIRECTION('',(0.707106781186546,0.707106781186549,4.52639267368295E-16));
#1909=DIRECTION('center_axis',(0.,-1.,0.));
#1910=DIRECTION('ref_axis',(4.70094433850296E-16,0.,1.));
#1911=DIRECTION('center_axis',(0.,1.,0.));
#1912=DIRECTION('ref_axis',(4.70094433850295E-16,0.,1.));
#1913=DIRECTION('center_axis',(0.707106781186547,-0.707106781186548,4.52639267368295E-16));
#1914=DIRECTION('ref_axis',(6.40128590774865E-16,0.,-1.));
#1915=DIRECTION('',(-6.40128590774865E-16,0.,1.));
#1916=DIRECTION('',(0.707106781186548,0.707106781186547,4.52639267368296E-16));
#1917=DIRECTION('',(6.40128590774865E-16,0.,-1.));
#1918=DIRECTION('center_axis',(0.,-1.,0.));
#1919=DIRECTION('ref_axis',(-1.,0.,1.58031745847546E-15));
#1920=DIRECTION('',(-3.59282418473585E-15,0.707106781186549,0.707106781186546));
#1921=DIRECTION('center_axis',(0.,-1.,0.));
#1922=DIRECTION('ref_axis',(-1.,0.,1.58031745847546E-15));
#1923=DIRECTION('center_axis',(0.,1.,0.));
#1924=DIRECTION('ref_axis',(-1.,0.,1.58031745847546E-15));
#1925=DIRECTION('center_axis',(-4.52639267368296E-16,-0.707106781186546,
0.707106781186549));
#1926=DIRECTION('ref_axis',(1.,0.,6.40128590774865E-16));
#1927=DIRECTION('',(-1.,0.,-6.40128590774865E-16));
#1928=DIRECTION('',(1.,0.,6.40128590774865E-16));
#1929=DIRECTION('center_axis',(6.40128590774865E-16,0.,-1.));
#1930=DIRECTION('ref_axis',(1.,0.,6.40128590774865E-16));
#1931=DIRECTION('',(0.,-1.,0.));
#1932=DIRECTION('',(1.,0.,6.40128590774865E-16));
#1933=DIRECTION('',(0.,-1.,0.));
#1934=DIRECTION('center_axis',(0.,1.,0.));
#1935=DIRECTION('ref_axis',(1.,0.,6.40128590774865E-16));
#1936=DIRECTION('center_axis',(0.,1.,0.));
#1937=DIRECTION('ref_axis',(1.,0.,6.40128590774865E-16));
#1938=DIRECTION('',(0.,-1.,0.));
#1939=DIRECTION('center_axis',(-1.,0.,-6.40128590774865E-16));
#1940=DIRECTION('ref_axis',(6.40128590774865E-16,0.,-1.));
#1941=DIRECTION('',(6.40128590774865E-16,0.,-1.));
#1942=DIRECTION('',(0.,-1.,0.));
#1943=DIRECTION('center_axis',(0.,1.,0.));
#1944=DIRECTION('ref_axis',(-1.58031745847546E-15,0.,-1.));
#1945=DIRECTION('center_axis',(0.,1.,0.));
#1946=DIRECTION('ref_axis',(-1.58031745847546E-15,0.,-1.));
#1947=DIRECTION('',(0.,-1.,0.));
#1948=DIRECTION('center_axis',(0.,-1.,0.));
#1949=DIRECTION('ref_axis',(-1.,0.,-6.40128590774865E-16));
#1950=DIRECTION('center_axis',(0.,1.,0.));
#1951=DIRECTION('ref_axis',(-1.,0.,1.58031745847546E-15));
#1952=DIRECTION('',(0.,-1.,0.));
#1953=DIRECTION('center_axis',(0.,1.,0.));
#1954=DIRECTION('ref_axis',(-1.,0.,1.58031745847546E-15));
#1955=DIRECTION('',(0.,-1.,0.));
#1956=DIRECTION('center_axis',(-6.40128590774865E-16,0.,1.));
#1957=DIRECTION('ref_axis',(-1.,0.,-6.40128590774865E-16));
#1958=DIRECTION('',(-1.,0.,-6.40128590774865E-16));
#1959=DIRECTION('center_axis',(0.,1.,0.));
#1960=DIRECTION('ref_axis',(4.70094433850296E-16,0.,1.));
#1961=DIRECTION('',(0.,-1.,0.));
#1962=DIRECTION('center_axis',(0.,1.,0.));
#1963=DIRECTION('ref_axis',(4.70094433850296E-16,0.,1.));
#1964=DIRECTION('center_axis',(1.,0.,6.40128590774865E-16));
#1965=DIRECTION('ref_axis',(-6.40128590774865E-16,0.,1.));
#1966=DIRECTION('',(-6.40128590774865E-16,0.,1.));
#1967=DIRECTION('center_axis',(-1.,0.,-6.89899074953207E-16));
#1968=DIRECTION('ref_axis',(6.89899074953207E-16,0.,-1.));
#1969=DIRECTION('',(0.,1.,0.));
#1970=DIRECTION('',(6.89899074953207E-16,0.,-1.));
#1971=DIRECTION('',(0.,-1.,0.));
#1972=DIRECTION('',(6.89899074953207E-16,0.,-1.));
#1973=DIRECTION('center_axis',(1.,0.,6.40128590774865E-16));
#1974=DIRECTION('ref_axis',(-6.40128590774865E-16,0.,1.));
#1975=DIRECTION('',(0.,-1.,0.));
#1976=DIRECTION('',(-6.40128590774865E-16,0.,1.));
#1977=DIRECTION('',(0.,1.,0.));
#1978=DIRECTION('',(-6.40128590774865E-16,0.,1.));
#1979=DIRECTION('center_axis',(0.,1.,0.));
#1980=DIRECTION('ref_axis',(6.40128590774865E-16,0.,-1.));
#1981=DIRECTION('',(1.,0.,2.98521506274817E-16));
#1982=DIRECTION('',(-1.,0.,-6.40128590774865E-16));
#1983=DIRECTION('center_axis',(-6.40128590774865E-16,0.,1.));
#1984=DIRECTION('ref_axis',(-1.,0.,-6.40128590774865E-16));
#1985=DIRECTION('',(1.,0.,6.40128590774865E-16));
#1986=DIRECTION('',(0.,-1.,0.));
#1987=DIRECTION('',(-1.,0.,-6.40128590774865E-16));
#1988=DIRECTION('',(0.,-1.,0.));
#1989=DIRECTION('',(1.,0.,6.40128590774865E-16));
#1990=DIRECTION('center_axis',(0.,-1.,0.));
#1991=DIRECTION('ref_axis',(-1.,0.,-6.40128590774865E-16));
#1992=DIRECTION('center_axis',(0.,-1.,0.));
#1993=DIRECTION('ref_axis',(-1.,0.,-6.40128590774865E-16));
#1994=DIRECTION('',(6.40128590774865E-16,0.,-1.));
#1995=DIRECTION('',(-1.,0.,-6.40128590774865E-16));
#1996=DIRECTION('',(-6.40128590774865E-16,0.,1.));
#1997=DIRECTION('center_axis',(0.,1.,0.));
#1998=DIRECTION('ref_axis',(-1.,0.,-6.40128590774865E-16));
#1999=DIRECTION('',(-1.,0.,-2.98521506274817E-16));
#2000=DIRECTION('center_axis',(-6.40128590774865E-16,0.,1.));
#2001=DIRECTION('ref_axis',(-1.,0.,-6.40128590774865E-16));
#2002=DIRECTION('',(0.,-1.,0.));
#2003=DIRECTION('',(-1.,0.,-6.40128590774865E-16));
#2004=DIRECTION('',(0.,1.,0.));
#2005=DIRECTION('center_axis',(6.40128590774865E-16,0.,-1.));
#2006=DIRECTION('ref_axis',(1.,0.,6.40128590774865E-16));
#2007=DIRECTION('',(1.,0.,6.40128590774865E-16));
#2008=DIRECTION('',(0.,-1.,0.));
#2009=DIRECTION('',(1.,0.,6.40128590774865E-16));
#2010=DIRECTION('',(0.,1.,0.));
#2011=DIRECTION('center_axis',(0.,1.,0.));
#2012=DIRECTION('ref_axis',(6.40128590774865E-16,0.,-1.));
#2013=DIRECTION('',(6.40128590774865E-16,0.,-1.));
#2014=DIRECTION('',(-6.40128590774865E-16,0.,1.));
#2015=DIRECTION('center_axis',(-6.40128590774865E-16,0.,1.));
#2016=DIRECTION('ref_axis',(-1.,0.,-6.40128590774865E-16));
#2017=DIRECTION('',(-1.,0.,-6.40128590774865E-16));
#2018=DIRECTION('',(0.,-1.,0.));
#2019=DIRECTION('',(-1.,0.,-6.40128590774865E-16));
#2020=DIRECTION('',(0.,1.,0.));
#2021=DIRECTION('center_axis',(6.40128590774865E-16,0.,-1.));
#2022=DIRECTION('ref_axis',(1.,0.,6.40128590774865E-16));
#2023=DIRECTION('',(1.,0.,6.40128590774865E-16));
#2024=DIRECTION('',(0.,-1.,0.));
#2025=DIRECTION('',(1.,0.,6.40128590774865E-16));
#2026=DIRECTION('',(0.,1.,0.));
#2027=DIRECTION('center_axis',(0.,1.,0.));
#2028=DIRECTION('ref_axis',(6.40128590774865E-16,0.,-1.));
#2029=DIRECTION('',(6.40128590774865E-16,0.,-1.));
#2030=DIRECTION('',(-6.40128590774865E-16,0.,1.));
#2031=DIRECTION('center_axis',(0.,-1.,0.));
#2032=DIRECTION('ref_axis',(-1.,0.,-6.40128590774865E-16));
#2033=DIRECTION('',(-1.,0.,-2.98521506274817E-16));
#2034=DIRECTION('center_axis',(0.,-1.,0.));
#2035=DIRECTION('ref_axis',(1.,0.,6.40128590774865E-16));
#2036=DIRECTION('',(-6.40128590774865E-16,0.,1.));
#2037=DIRECTION('center_axis',(0.,1.,0.));
#2038=DIRECTION('ref_axis',(-1.,0.,-6.40128590774865E-16));
#2039=DIRECTION('',(-1.,0.,-6.40128590774865E-16));
#2040=DIRECTION('center_axis',(0.,1.,0.));
#2041=DIRECTION('ref_axis',(6.40128590774865E-16,0.,-1.));
#2042=DIRECTION('',(6.40128590774865E-16,0.,-1.));
#2043=DIRECTION('center_axis',(0.,1.,0.));
#2044=DIRECTION('ref_axis',(1.,0.,6.40128590774865E-16));
#2045=DIRECTION('',(1.,0.,9.0927356644157E-16));
#2046=DIRECTION('center_axis',(0.,-1.,0.));
#2047=DIRECTION('ref_axis',(-1.,0.,-6.40128590774865E-16));
#2048=DIRECTION('',(6.40128590774865E-16,0.,-1.));
#2049=DIRECTION('center_axis',(0.,1.,0.));
#2050=DIRECTION('ref_axis',(1.,0.,6.40128590774865E-16));
#2051=DIRECTION('',(1.,0.,6.40128590774865E-16));
#2052=DIRECTION('center_axis',(0.,1.,0.));
#2053=DIRECTION('ref_axis',(-6.40128590774865E-16,0.,1.));
#2054=DIRECTION('',(-6.40128590774865E-16,0.,1.));
#2055=DIRECTION('',(6.40128590774865E-16,0.,-1.));
#2056=DIRECTION('center_axis',(0.,-1.,0.));
#2057=DIRECTION('ref_axis',(-6.40128590774865E-16,0.,1.));
#2058=DIRECTION('',(-1.,0.,-6.40128590774865E-16));
#2059=DIRECTION('center_axis',(0.,-1.,0.));
#2060=DIRECTION('ref_axis',(1.,0.,6.40128590774865E-16));
#2061=DIRECTION('',(-6.40128590774865E-16,0.,1.));
#2062=DIRECTION('center_axis',(0.,-1.,0.));
#2063=DIRECTION('ref_axis',(-1.,0.,-6.40128590774865E-16));
#2064=DIRECTION('',(-1.,0.,-6.40128590774865E-16));
#2065=DIRECTION('center_axis',(0.,-1.,0.));
#2066=DIRECTION('ref_axis',(1.,0.,6.40128590774865E-16));
#2067=DIRECTION('',(6.40128590774865E-16,0.,-1.));
#2068=DIRECTION('center_axis',(0.,-1.,0.));
#2069=DIRECTION('ref_axis',(6.40128590774865E-16,0.,-1.));
#2070=DIRECTION('',(-1.,0.,-6.40128590774865E-16));
#2071=DIRECTION('center_axis',(0.,-1.,0.));
#2072=DIRECTION('ref_axis',(-1.,0.,-6.40128590774865E-16));
#2073=DIRECTION('',(6.40128590774865E-16,0.,-1.));
#2074=DIRECTION('center_axis',(0.,-1.,0.));
#2075=DIRECTION('ref_axis',(1.,0.,6.40128590774865E-16));
#2076=DIRECTION('center_axis',(0.,-1.,0.));
#2077=DIRECTION('ref_axis',(-1.,0.,-6.40128590774865E-16));
#2078=DIRECTION('',(6.40128590774865E-16,0.,-1.));
#2079=DIRECTION('',(-6.40128590774865E-16,0.,1.));
#2080=DIRECTION('center_axis',(1.,0.,6.40128590774865E-16));
#2081=DIRECTION('ref_axis',(-6.40128590774865E-16,0.,1.));
#2082=DIRECTION('',(0.,-1.,0.));
#2083=DIRECTION('',(-6.40128590774865E-16,0.,1.));
#2084=DIRECTION('',(0.,-1.,0.));
#2085=DIRECTION('center_axis',(0.,1.,0.));
#2086=DIRECTION('ref_axis',(1.,0.,6.40128590774865E-16));
#2087=DIRECTION('',(-0.707106781186561,-0.707106781186534,-4.52639267368304E-16));
#2088=DIRECTION('center_axis',(0.,1.,0.));
#2089=DIRECTION('ref_axis',(1.,0.,6.40128590774865E-16));
#2090=DIRECTION('',(-4.52639267368297E-16,0.707106781186545,0.70710678118655));
#2091=DIRECTION('center_axis',(0.,-1.,0.));
#2092=DIRECTION('ref_axis',(1.,0.,6.40128590774865E-16));
#2093=DIRECTION('center_axis',(-0.707106781186555,0.70710678118654,-4.526392673683E-16));
#2094=DIRECTION('ref_axis',(-6.40128590774865E-16,0.,1.));
#2095=DIRECTION('',(-0.70710678118654,-0.707106781186555,-4.5263926736829E-16));
#2096=DIRECTION('',(6.40128590774865E-16,0.,-1.));
#2097=DIRECTION('',(-6.40128590774865E-16,0.,1.));
#2098=DIRECTION('center_axis',(0.,1.,0.));
#2099=DIRECTION('ref_axis',(6.40128590774865E-16,0.,-1.));
#2100=DIRECTION('',(-4.52639267368297E-16,-0.707106781186545,0.70710678118655));
#2101=DIRECTION('center_axis',(0.,1.,0.));
#2102=DIRECTION('ref_axis',(6.40128590774865E-16,0.,-1.));
#2103=DIRECTION('center_axis',(0.,-1.,0.));
#2104=DIRECTION('ref_axis',(6.40128590774865E-16,0.,-1.));
#2105=DIRECTION('center_axis',(-4.52639267368294E-16,0.70710678118655,0.707106781186545));
#2106=DIRECTION('ref_axis',(1.,0.,6.40128590774865E-16));
#2107=DIRECTION('',(-4.52639267368297E-16,-0.707106781186545,0.70710678118655));
#2108=DIRECTION('',(-1.,0.,-6.40128590774865E-16));
#2109=DIRECTION('',(1.,0.,6.40128590774865E-16));
#2110=DIRECTION('center_axis',(0.,1.,0.));
#2111=DIRECTION('ref_axis',(-1.,0.,-6.40128590774865E-16));
#2112=DIRECTION('',(0.707106781186551,-0.707106781186544,4.52639267368298E-16));
#2113=DIRECTION('center_axis',(0.,1.,0.));
#2114=DIRECTION('ref_axis',(-1.,0.,-6.40128590774865E-16));
#2115=DIRECTION('center_axis',(0.,-1.,0.));
#2116=DIRECTION('ref_axis',(-1.,0.,-6.40128590774865E-16));
#2117=DIRECTION('center_axis',(0.707106781186548,0.707106781186548,4.52639267368295E-16));
#2118=DIRECTION('ref_axis',(6.40128590774865E-16,0.,-1.));
#2119=DIRECTION('',(0.707106781186548,-0.707106781186548,4.52639267368295E-16));
#2120=DIRECTION('',(-6.40128590774865E-16,0.,1.));
#2121=DIRECTION('',(6.40128590774865E-16,0.,-1.));
#2122=DIRECTION('center_axis',(0.,-1.,0.));
#2123=DIRECTION('ref_axis',(1.,0.,6.40128590774865E-16));
#2124=DIRECTION('',(-4.52639267368287E-16,-0.707106781186561,0.707106781186534));
#2125=DIRECTION('center_axis',(0.,-1.,0.));
#2126=DIRECTION('ref_axis',(1.,0.,6.40128590774865E-16));
#2127=DIRECTION('center_axis',(0.,1.,0.));
#2128=DIRECTION('ref_axis',(1.,0.,6.40128590774865E-16));
#2129=DIRECTION('center_axis',(-4.52639267368297E-16,0.707106781186545,
0.70710678118655));
#2130=DIRECTION('ref_axis',(1.,0.,6.40128590774865E-16));
#2131=DIRECTION('',(1.00146437905234E-14,-0.70710678118654,0.707106781186555));
#2132=DIRECTION('',(1.,0.,6.40128590774865E-16));
#2133=DIRECTION('center_axis',(0.,1.,0.));
#2134=DIRECTION('ref_axis',(-1.,0.,-6.40128590774865E-16));
#2135=DIRECTION('',(0.707106781186545,-0.70710678118655,4.52639267368294E-16));
#2136=DIRECTION('center_axis',(0.,1.,0.));
#2137=DIRECTION('ref_axis',(-1.,0.,-6.40128590774865E-16));
#2138=DIRECTION('center_axis',(0.,-1.,0.));
#2139=DIRECTION('ref_axis',(-1.,0.,-6.40128590774865E-16));
#2140=DIRECTION('center_axis',(0.707106781186545,0.70710678118655,4.52639267368294E-16));
#2141=DIRECTION('ref_axis',(6.40128590774865E-16,0.,-1.));
#2142=DIRECTION('',(0.707106781186529,-0.707106781186566,4.52639267368284E-16));
#2143=DIRECTION('',(-6.40128590774865E-16,0.,1.));
#2144=DIRECTION('',(6.40128590774865E-16,0.,-1.));
#2145=DIRECTION('center_axis',(0.,1.,0.));
#2146=DIRECTION('ref_axis',(-6.40128590774865E-16,0.,1.));
#2147=DIRECTION('',(4.52639267368294E-16,-0.70710678118655,-0.707106781186545));
#2148=DIRECTION('center_axis',(0.,1.,0.));
#2149=DIRECTION('ref_axis',(-6.40128590774865E-16,0.,1.));
#2150=DIRECTION('center_axis',(0.,-1.,0.));
#2151=DIRECTION('ref_axis',(-6.40128590774865E-16,0.,1.));
#2152=DIRECTION('center_axis',(4.526392673683E-16,0.70710678118654,-0.707106781186555));
#2153=DIRECTION('ref_axis',(-1.,0.,-6.40128590774865E-16));
#2154=DIRECTION('',(4.5263926736829E-16,-0.707106781186555,-0.70710678118654));
#2155=DIRECTION('',(1.,0.,6.40128590774865E-16));
#2156=DIRECTION('',(-1.,0.,-6.40128590774865E-16));
#2157=DIRECTION('center_axis',(0.,1.,0.));
#2158=DIRECTION('ref_axis',(1.,0.,6.40128590774865E-16));
#2159=DIRECTION('',(-0.707106781186545,-0.70710678118655,-4.52639267368294E-16));
#2160=DIRECTION('center_axis',(0.,1.,0.));
#2161=DIRECTION('ref_axis',(1.,0.,6.40128590774865E-16));
#2162=DIRECTION('center_axis',(0.,-1.,0.));
#2163=DIRECTION('ref_axis',(1.,0.,6.40128590774865E-16));
#2164=DIRECTION('center_axis',(-0.70710678118655,0.707106781186545,-4.52639267368297E-16));
#2165=DIRECTION('ref_axis',(-6.40128590774865E-16,0.,1.));
#2166=DIRECTION('',(-0.707106781186545,-0.70710678118655,-4.52639267368294E-16));
#2167=DIRECTION('',(6.40128590774865E-16,0.,-1.));
#2168=DIRECTION('',(-6.40128590774865E-16,0.,1.));
#2169=DIRECTION('center_axis',(0.,-1.,0.));
#2170=DIRECTION('ref_axis',(-1.,0.,-6.40128590774865E-16));
#2171=DIRECTION('',(4.52639267368308E-16,-0.707106781186529,-0.707106781186567));
#2172=DIRECTION('center_axis',(0.,-1.,0.));
#2173=DIRECTION('ref_axis',(-1.,0.,-6.40128590774865E-16));
#2174=DIRECTION('center_axis',(0.,1.,0.));
#2175=DIRECTION('ref_axis',(-1.,0.,-6.40128590774865E-16));
#2176=DIRECTION('center_axis',(4.52639267368296E-16,0.707106781186546,-0.707106781186549));
#2177=DIRECTION('ref_axis',(-1.,0.,-6.40128590774865E-16));
#2178=DIRECTION('',(1.,0.,6.40128590774865E-16));
#2179=DIRECTION('',(-1.,0.,-6.40128590774865E-16));
#2180=DIRECTION('center_axis',(0.,1.,0.));
#2181=DIRECTION('ref_axis',(1.,0.,6.40128590774865E-16));
#2182=DIRECTION('',(0.,-1.,0.));
#2183=DIRECTION('center_axis',(1.,0.,6.40128590774865E-16));
#2184=DIRECTION('ref_axis',(-6.40128590774865E-16,0.,1.));
#2185=DIRECTION('',(0.,-1.,0.));
#2186=DIRECTION('center_axis',(0.,1.,0.));
#2187=DIRECTION('ref_axis',(-1.,0.,-6.40128590774865E-16));
#2188=DIRECTION('',(0.,-1.,0.));
#2189=DIRECTION('center_axis',(-6.40128590774865E-16,0.,1.));
#2190=DIRECTION('ref_axis',(-1.,0.,-6.40128590774865E-16));
#2191=DIRECTION('',(0.,-1.,0.));
#2192=DIRECTION('center_axis',(0.,1.,0.));
#2193=DIRECTION('ref_axis',(6.40128590774865E-16,0.,-1.));
#2194=DIRECTION('',(0.,-1.,0.));
#2195=DIRECTION('center_axis',(-1.,0.,-6.40128590774865E-16));
#2196=DIRECTION('ref_axis',(6.40128590774865E-16,0.,-1.));
#2197=DIRECTION('',(0.,-1.,0.));
#2198=DIRECTION('center_axis',(0.,1.,0.));
#2199=DIRECTION('ref_axis',(1.,0.,6.40128590774865E-16));
#2200=DIRECTION('',(0.,-1.,0.));
#2201=DIRECTION('center_axis',(0.,-1.,0.));
#2202=DIRECTION('ref_axis',(-1.,0.,-6.40128590774865E-16));
#2203=DIRECTION('center_axis',(0.,1.,0.));
#2204=DIRECTION('ref_axis',(-1.,0.,-6.40128590774865E-16));
#2205=DIRECTION('center_axis',(0.,1.,0.));
#2206=DIRECTION('ref_axis',(-1.,0.,-6.40128590774865E-16));
#2207=DIRECTION('center_axis',(0.,1.,0.));
#2208=DIRECTION('ref_axis',(-1.,0.,-6.40128590774865E-16));
#2209=DIRECTION('center_axis',(0.,1.,0.));
#2210=DIRECTION('ref_axis',(-1.,0.,-6.40128590774865E-16));
#2211=DIRECTION('center_axis',(0.,-1.,0.));
#2212=DIRECTION('ref_axis',(-1.,0.,-6.40128590774865E-16));
#2213=DIRECTION('',(-0.707106781186548,0.707106781186548,-3.66043661744746E-16));
#2214=DIRECTION('center_axis',(0.,-1.,0.));
#2215=DIRECTION('ref_axis',(-1.,0.,-6.40128590774865E-16));
#2216=DIRECTION('center_axis',(0.,-1.,0.));
#2217=DIRECTION('ref_axis',(-1.,0.,-6.40128590774865E-16));
#2218=DIRECTION('',(0.,1.,0.));
#2219=DIRECTION('center_axis',(0.,-1.,0.));
#2220=DIRECTION('ref_axis',(-1.,0.,-6.40128590774865E-16));
#2221=DIRECTION('center_axis',(0.,-1.,0.));
#2222=DIRECTION('ref_axis',(-1.,0.,-6.40128590774865E-16));
#2223=DIRECTION('',(-0.70710678118655,0.707106781186545,-3.66043661744747E-16));
#2224=DIRECTION('center_axis',(0.,-1.,0.));
#2225=DIRECTION('ref_axis',(-1.,0.,-6.40128590774865E-16));
#2226=DIRECTION('center_axis',(0.,-1.,0.));
#2227=DIRECTION('ref_axis',(-1.,0.,-6.40128590774865E-16));
#2228=DIRECTION('',(0.,1.,0.));
#2229=DIRECTION('center_axis',(0.,-1.,0.));
#2230=DIRECTION('ref_axis',(-1.,0.,-6.40128590774865E-16));
#2231=DIRECTION('center_axis',(0.,-1.,0.));
#2232=DIRECTION('ref_axis',(-1.,0.,-6.40128590774865E-16));
#2233=DIRECTION('',(-0.707106781186547,0.707106781186547,-3.66043661744746E-16));
#2234=DIRECTION('center_axis',(0.,-1.,0.));
#2235=DIRECTION('ref_axis',(-1.,0.,-6.40128590774865E-16));
#2236=DIRECTION('center_axis',(0.,-1.,0.));
#2237=DIRECTION('ref_axis',(-1.,0.,-6.40128590774865E-16));
#2238=DIRECTION('',(0.,1.,0.));
#2239=DIRECTION('center_axis',(0.,-1.,0.));
#2240=DIRECTION('ref_axis',(-1.,0.,-6.40128590774865E-16));
#2241=DIRECTION('center_axis',(0.,-1.,0.));
#2242=DIRECTION('ref_axis',(-1.,0.,-6.40128590774865E-16));
#2243=DIRECTION('',(-0.70710678118655,0.707106781186545,-3.66043661744747E-16));
#2244=DIRECTION('center_axis',(0.,-1.,0.));
#2245=DIRECTION('ref_axis',(-1.,0.,-6.40128590774865E-16));
#2246=DIRECTION('center_axis',(0.,-1.,0.));
#2247=DIRECTION('ref_axis',(-1.,0.,-6.40128590774865E-16));
#2248=DIRECTION('',(0.,1.,0.));
#2249=DIRECTION('center_axis',(0.,-1.,0.));
#2250=DIRECTION('ref_axis',(-1.,0.,-6.40128590774865E-16));
#2251=DIRECTION('center_axis',(0.,-1.,0.));
#2252=DIRECTION('ref_axis',(-1.,0.,-6.40128590774865E-16));
#2253=DIRECTION('center_axis',(0.,1.,0.));
#2254=DIRECTION('ref_axis',(-1.,0.,-6.40128590774865E-16));
#2255=DIRECTION('center_axis',(0.,-1.,0.));
#2256=DIRECTION('ref_axis',(-1.,0.,-6.40128590774865E-16));
#2257=DIRECTION('center_axis',(0.,1.,0.));
#2258=DIRECTION('ref_axis',(-1.,0.,-6.40128590774865E-16));
#2259=DIRECTION('center_axis',(0.,-1.,0.));
#2260=DIRECTION('ref_axis',(-1.,0.,-6.40128590774865E-16));
#2261=DIRECTION('center_axis',(0.,1.,0.));
#2262=DIRECTION('ref_axis',(-1.,0.,-6.40128590774865E-16));
#2263=DIRECTION('center_axis',(0.,-1.,0.));
#2264=DIRECTION('ref_axis',(-1.,0.,-6.40128590774865E-16));
#2265=DIRECTION('center_axis',(0.,1.,0.));
#2266=DIRECTION('ref_axis',(-1.,0.,-6.40128590774865E-16));
#2267=DIRECTION('center_axis',(0.,1.,0.));
#2268=DIRECTION('ref_axis',(-1.,0.,-6.40128590774865E-16));
#2269=DIRECTION('center_axis',(0.,1.,0.));
#2270=DIRECTION('ref_axis',(-1.,0.,-6.40128590774865E-16));
#2271=DIRECTION('',(0.,-1.,0.));
#2272=DIRECTION('center_axis',(0.,1.,0.));
#2273=DIRECTION('ref_axis',(-1.,0.,-6.40128590774865E-16));
#2274=DIRECTION('center_axis',(0.,1.,0.));
#2275=DIRECTION('ref_axis',(-1.,0.,-6.40128590774865E-16));
#2276=DIRECTION('',(0.,-1.,0.));
#2277=DIRECTION('center_axis',(0.,1.,0.));
#2278=DIRECTION('ref_axis',(-1.,0.,-6.40128590774865E-16));
#2279=DIRECTION('center_axis',(0.,1.,0.));
#2280=DIRECTION('ref_axis',(-1.,0.,-6.40128590774865E-16));
#2281=DIRECTION('',(0.,-1.,0.));
#2282=DIRECTION('center_axis',(0.,1.,0.));
#2283=DIRECTION('ref_axis',(-1.,0.,-6.40128590774865E-16));
#2284=DIRECTION('center_axis',(0.,1.,0.));
#2285=DIRECTION('ref_axis',(-1.,0.,-6.40128590774865E-16));
#2286=DIRECTION('',(0.,-1.,0.));
#2287=DIRECTION('center_axis',(0.,1.,0.));
#2288=DIRECTION('ref_axis',(-1.,0.,-6.40128590774865E-16));
#2289=DIRECTION('',(0.,-1.,0.));
#2290=DIRECTION('center_axis',(0.,1.,0.));
#2291=DIRECTION('ref_axis',(-1.,0.,-6.40128590774865E-16));
#2292=DIRECTION('',(0.,-1.,0.));
#2293=DIRECTION('center_axis',(-6.40128590774865E-16,0.,1.));
#2294=DIRECTION('ref_axis',(-1.,0.,-6.40128590774865E-16));
#2295=DIRECTION('',(-1.,0.,-6.40128590774865E-16));
#2296=DIRECTION('',(0.,-1.,0.));
#2297=DIRECTION('center_axis',(0.,1.,0.));
#2298=DIRECTION('ref_axis',(6.40128590774865E-16,0.,-1.));
#2299=DIRECTION('center_axis',(0.,1.,0.));
#2300=DIRECTION('ref_axis',(6.40128590774865E-16,0.,-1.));
#2301=DIRECTION('',(0.,-1.,0.));
#2302=DIRECTION('center_axis',(-1.,0.,-6.40128590774865E-16));
#2303=DIRECTION('ref_axis',(6.40128590774865E-16,0.,-1.));
#2304=DIRECTION('',(6.40128590774865E-16,0.,-1.));
#2305=DIRECTION('',(0.,-1.,0.));
#2306=DIRECTION('center_axis',(0.,1.,0.));
#2307=DIRECTION('ref_axis',(1.,0.,6.40128590774865E-16));
#2308=DIRECTION('center_axis',(0.,1.,0.));
#2309=DIRECTION('ref_axis',(1.,0.,6.40128590774865E-16));
#2310=DIRECTION('',(0.,-1.,0.));
#2311=DIRECTION('center_axis',(9.0927356644157E-16,0.,-1.));
#2312=DIRECTION('ref_axis',(1.,0.,9.0927356644157E-16));
#2313=DIRECTION('',(1.,0.,9.0927356644157E-16));
#2314=DIRECTION('',(0.,-1.,0.));
#2315=DIRECTION('center_axis',(0.,1.,0.));
#2316=DIRECTION('ref_axis',(-1.,0.,-6.40128590774865E-16));
#2317=DIRECTION('center_axis',(0.,-1.,0.));
#2318=DIRECTION('ref_axis',(-1.,0.,-6.40128590774865E-16));
#2319=DIRECTION('',(0.,-1.,0.));
#2320=DIRECTION('center_axis',(-1.,0.,-6.40128590774865E-16));
#2321=DIRECTION('ref_axis',(6.40128590774865E-16,0.,-1.));
#2322=DIRECTION('',(6.40128590774865E-16,0.,-1.));
#2323=DIRECTION('',(0.,-1.,0.));
#2324=DIRECTION('center_axis',(0.,1.,0.));
#2325=DIRECTION('ref_axis',(1.,0.,6.40128590774865E-16));
#2326=DIRECTION('center_axis',(0.,1.,0.));
#2327=DIRECTION('ref_axis',(1.,0.,6.40128590774865E-16));
#2328=DIRECTION('',(0.,-1.,0.));
#2329=DIRECTION('center_axis',(6.40128590774865E-16,0.,-1.));
#2330=DIRECTION('ref_axis',(1.,0.,6.40128590774865E-16));
#2331=DIRECTION('',(1.,0.,6.40128590774865E-16));
#2332=DIRECTION('',(0.,-1.,0.));
#2333=DIRECTION('center_axis',(0.,1.,0.));
#2334=DIRECTION('ref_axis',(-6.40128590774865E-16,0.,1.));
#2335=DIRECTION('center_axis',(0.,1.,0.));
#2336=DIRECTION('ref_axis',(-6.40128590774865E-16,0.,1.));
#2337=DIRECTION('center_axis',(0.,1.,0.));
#2338=DIRECTION('ref_axis',(-1.,0.,-6.40128590774865E-16));
#2339=DIRECTION('center_axis',(0.,1.,0.));
#2340=DIRECTION('ref_axis',(-1.,0.,-6.40128590774865E-16));
#2341=DIRECTION('',(0.,-1.,0.));
#2342=DIRECTION('center_axis',(-2.98521506274817E-16,0.,1.));
#2343=DIRECTION('ref_axis',(-1.,0.,-2.98521506274817E-16));
#2344=DIRECTION('',(-1.,0.,-2.98521506274817E-16));
#2345=DIRECTION('',(0.,-1.,0.));
#2346=DIRECTION('center_axis',(0.,1.,0.));
#2347=DIRECTION('ref_axis',(1.,0.,6.40128590774865E-16));
#2348=DIRECTION('center_axis',(0.,-1.,0.));
#2349=DIRECTION('ref_axis',(1.,0.,6.40128590774865E-16));
#2350=DIRECTION('',(0.,-1.,0.));
#2351=DIRECTION('center_axis',(1.,0.,6.40128590774865E-16));
#2352=DIRECTION('ref_axis',(-6.40128590774865E-16,0.,1.));
#2353=DIRECTION('',(-6.40128590774865E-16,0.,1.));
#2354=DIRECTION('center_axis',(0.,-1.,0.));
#2355=DIRECTION('ref_axis',(-1.,0.,-6.40128590774865E-16));
#2356=DIRECTION('center_axis',(6.40128590774865E-16,0.,-1.));
#2357=DIRECTION('ref_axis',(1.,0.,6.40128590774865E-16));
#2358=DIRECTION('',(0.,-1.,0.));
#2359=DIRECTION('center_axis',(0.,1.,0.));
#2360=DIRECTION('ref_axis',(-1.,0.,-6.40128590774865E-16));
#2361=DIRECTION('',(0.,-1.,0.));
#2362=DIRECTION('center_axis',(-1.,0.,-6.40128590774865E-16));
#2363=DIRECTION('ref_axis',(6.40128590774865E-16,0.,-1.));
#2364=DIRECTION('',(0.,-1.,0.));
#2365=DIRECTION('center_axis',(0.,1.,0.));
#2366=DIRECTION('ref_axis',(1.,0.,6.40128590774865E-16));
#2367=DIRECTION('',(0.,-1.,0.));
#2368=DIRECTION('center_axis',(6.40128590774865E-16,0.,-1.));
#2369=DIRECTION('ref_axis',(1.,0.,6.40128590774865E-16));
#2370=DIRECTION('',(0.,-1.,0.));
#2371=DIRECTION('center_axis',(0.,1.,0.));
#2372=DIRECTION('ref_axis',(-6.40128590774865E-16,0.,1.));
#2373=DIRECTION('',(0.,-1.,0.));
#2374=DIRECTION('center_axis',(1.,0.,6.40128590774865E-16));
#2375=DIRECTION('ref_axis',(-6.40128590774865E-16,0.,1.));
#2376=DIRECTION('',(0.,-1.,0.));
#2377=DIRECTION('center_axis',(0.,1.,0.));
#2378=DIRECTION('ref_axis',(-1.,0.,-6.40128590774865E-16));
#2379=DIRECTION('',(0.,0.,1.));
#2380=DIRECTION('',(1.,0.,0.));
#2381=DIRECTION('',(0.,0.,1.));
#2382=DIRECTION('',(1.,0.,0.));
#2383=DIRECTION('center_axis',(0.,0.,1.));
#2384=DIRECTION('ref_axis',(1.,0.,0.));
#2385=CARTESIAN_POINT('',(0.,0.,0.));
#2386=CARTESIAN_POINT('',(0.,0.,0.));
#2387=CARTESIAN_POINT('',(0.,0.,0.));
#2388=CARTESIAN_POINT('Origin',(97.4,-3.,-23.0465719898674));
#2389=CARTESIAN_POINT('',(99.4,-3.25,-23.0465719898674));
#2390=CARTESIAN_POINT('',(98.9,-2.75,-23.0465719898674));
#2391=CARTESIAN_POINT('',(99.4,-3.25,-23.0465719898674));
#2392=CARTESIAN_POINT('',(97.4,-3.25,-25.0465719898674));
#2393=CARTESIAN_POINT('Origin',(97.4,-3.25,-23.0465719898674));
#2394=CARTESIAN_POINT('',(97.4,-2.75,-24.5465719898674));
#2395=CARTESIAN_POINT('',(97.4,-2.75,-24.5465719898674));
#2396=CARTESIAN_POINT('Origin',(97.4,-2.75,-23.0465719898674));
#2397=CARTESIAN_POINT('Origin',(99.15,-3.,-21.5465719898674));
#2398=CARTESIAN_POINT('',(98.9,-2.75,-21.0465719898674));
#2399=CARTESIAN_POINT('',(98.9,-2.75,-21.5465719898674));
#2400=CARTESIAN_POINT('',(99.4,-3.25,-21.0465719898674));
#2401=CARTESIAN_POINT('',(99.4,-3.25,-21.0465719898674));
#2402=CARTESIAN_POINT('',(99.4,-3.25,-21.5465719898674));
#2403=CARTESIAN_POINT('Origin',(97.4,-3.,-21.0465719898674));
#2404=CARTESIAN_POINT('',(97.4,-3.25,-19.0465719898674));
#2405=CARTESIAN_POINT('',(97.4,-2.75,-19.5465719898674));
#2406=CARTESIAN_POINT('',(97.4,-3.25,-19.0465719898674));
#2407=CARTESIAN_POINT('Origin',(97.4,-3.25,-21.0465719898674));
#2408=CARTESIAN_POINT('Origin',(97.4,-2.75,-21.0465719898674));
#2409=CARTESIAN_POINT('Origin',(95.9,-3.,-19.2965719898674));
#2410=CARTESIAN_POINT('',(95.4,-2.75,-19.5465719898674));
#2411=CARTESIAN_POINT('',(95.9,-2.75,-19.5465719898674));
#2412=CARTESIAN_POINT('',(95.4,-3.25,-19.0465719898674));
#2413=CARTESIAN_POINT('',(95.4,-3.25,-19.0465719898674));
#2414=CARTESIAN_POINT('',(95.9,-3.25,-19.0465719898674));
#2415=CARTESIAN_POINT('Origin',(95.4,-3.,-21.0465719898674));
#2416=CARTESIAN_POINT('',(93.4,-3.25,-21.0465719898674));
#2417=CARTESIAN_POINT('',(93.9,-2.75,-21.0465719898674));
#2418=CARTESIAN_POINT('',(93.4,-3.25,-21.0465719898674));
#2419=CARTESIAN_POINT('Origin',(95.4,-3.25,-21.0465719898674));
#2420=CARTESIAN_POINT('Origin',(95.4,-2.75,-21.0465719898674));
#2421=CARTESIAN_POINT('Origin',(93.65,-3.,-22.5465719898674));
#2422=CARTESIAN_POINT('',(93.9,-2.75,-23.0465719898674));
#2423=CARTESIAN_POINT('',(93.9,-2.75,-22.5465719898674));
#2424=CARTESIAN_POINT('',(93.4,-3.25,-23.0465719898674));
#2425=CARTESIAN_POINT('',(93.4,-3.25,-23.0465719898674));
#2426=CARTESIAN_POINT('',(93.4,-3.25,-22.5465719898674));
#2427=CARTESIAN_POINT('Origin',(95.4,-3.,-23.0465719898674));
#2428=CARTESIAN_POINT('',(95.4,-3.25,-25.0465719898674));
#2429=CARTESIAN_POINT('',(95.4,-2.75,-24.5465719898674));
#2430=CARTESIAN_POINT('',(95.4,-3.25,-25.0465719898674));
#2431=CARTESIAN_POINT('Origin',(95.4,-3.25,-23.0465719898674));
#2432=CARTESIAN_POINT('Origin',(95.4,-2.75,-23.0465719898674));
#2433=CARTESIAN_POINT('Origin',(96.9,-3.,-24.7965719898674));
#2434=CARTESIAN_POINT('',(96.9,-2.75,-24.5465719898674));
#2435=CARTESIAN_POINT('',(96.9,-3.25,-25.0465719898674));
#2436=CARTESIAN_POINT('Origin',(95.4,-2.75,-19.0465719898674));
#2437=CARTESIAN_POINT('',(95.4,-4.1,-19.0465719898674));
#2438=CARTESIAN_POINT('',(95.4,-2.75,-19.0465719898674));
#2439=CARTESIAN_POINT('',(97.4,-4.1,-19.0465719898674));
#2440=CARTESIAN_POINT('',(121.4,-4.1,-19.0465719898674));
#2441=CARTESIAN_POINT('',(97.4,-2.75,-19.0465719898674));
#2442=CARTESIAN_POINT('Origin',(97.4,-2.75,-21.0465719898674));
#2443=CARTESIAN_POINT('',(99.4,-4.1,-21.0465719898674));
#2444=CARTESIAN_POINT('Origin',(97.4,-4.1,-21.0465719898674));
#2445=CARTESIAN_POINT('',(99.4,-2.75,-21.0465719898674));
#2446=CARTESIAN_POINT('Origin',(99.4,-2.75,-21.0465719898674));
#2447=CARTESIAN_POINT('',(99.4,-4.1,-23.0465719898674));
#2448=CARTESIAN_POINT('',(99.4,-4.1,-20.0232859949337));
#2449=CARTESIAN_POINT('',(99.4,-2.75,-23.0465719898674));
#2450=CARTESIAN_POINT('Origin',(97.4,-2.75,-23.0465719898674));
#2451=CARTESIAN_POINT('',(97.4,-4.1,-25.0465719898674));
#2452=CARTESIAN_POINT('Origin',(97.4,-4.1,-23.0465719898674));
#2453=CARTESIAN_POINT('',(97.4,-2.75,-25.0465719898674));
#2454=CARTESIAN_POINT('Origin',(96.4,-2.75,-22.0465719898674));
#2455=CARTESIAN_POINT('Origin',(95.4,-2.75,-23.0465719898674));
#2456=CARTESIAN_POINT('',(95.4,-4.1,-25.0465719898674));
#2457=CARTESIAN_POINT('',(95.4,-2.75,-25.0465719898674));
#2458=CARTESIAN_POINT('',(93.4,-4.1,-23.0465719898674));
#2459=CARTESIAN_POINT('Origin',(95.4,-4.1,-23.0465719898674));
#2460=CARTESIAN_POINT('',(93.4,-2.75,-23.0465719898674));
#2461=CARTESIAN_POINT('Origin',(97.4,-2.75,-25.0465719898674));
#2462=CARTESIAN_POINT('',(122.4,-4.1,-25.0465719898674));
#2463=CARTESIAN_POINT('Origin',(95.4,-2.75,-21.0465719898674));
#2464=CARTESIAN_POINT('',(93.4,-4.1,-21.0465719898674));
#2465=CARTESIAN_POINT('',(93.4,-2.75,-21.0465719898674));
#2466=CARTESIAN_POINT('Origin',(95.4,-4.1,-21.0465719898674));
#2467=CARTESIAN_POINT('Origin',(93.4,-2.75,-23.0465719898674));
#2468=CARTESIAN_POINT('',(93.4,-4.1,-21.0232859949337));
#2469=CARTESIAN_POINT('Origin',(105.275,-1.6,-14.8931439797347));
#2470=CARTESIAN_POINT('',(105.275,-2.9,-34.));
#2471=CARTESIAN_POINT('',(105.275,-1.6,-34.));
#2472=CARTESIAN_POINT('',(105.275,-1.6,-34.));
#2473=CARTESIAN_POINT('',(105.275,-1.6,-35.5));
#2474=CARTESIAN_POINT('',(105.275,-1.6,-16.9465719898674));
#2475=CARTESIAN_POINT('',(105.275,-2.9,-35.5));
#2476=CARTESIAN_POINT('',(105.275,-1.6,-35.5));
#2477=CARTESIAN_POINT('',(105.275,-2.9,-37.2));
#2478=CARTESIAN_POINT('Origin',(87.525,-1.6,-37.2));
#2479=CARTESIAN_POINT('',(87.525,-1.6,-34.));
#2480=CARTESIAN_POINT('',(87.525,-2.9,-34.));
#2481=CARTESIAN_POINT('',(87.525,-1.6,-34.));
#2482=CARTESIAN_POINT('',(87.525,-2.9,-35.5));
#2483=CARTESIAN_POINT('',(87.525,-2.9,-14.8931439797348));
#2484=CARTESIAN_POINT('',(87.525,-1.6,-35.5));
#2485=CARTESIAN_POINT('',(87.525,-1.6,-35.5));
#2486=CARTESIAN_POINT('',(87.525,-1.6,-28.1));
#2487=CARTESIAN_POINT('Origin',(96.4,-2.9,-26.0465719898674));
#2488=CARTESIAN_POINT('',(102.4,-2.9,-34.));
#2489=CARTESIAN_POINT('',(102.4,-2.9,-35.5));
#2490=CARTESIAN_POINT('Origin',(108.4,-1.6,-35.5));
#2491=CARTESIAN_POINT('',(108.4,-1.6,-35.5));
#2492=CARTESIAN_POINT('',(82.4,-1.6,-35.5));
#2493=CARTESIAN_POINT('',(108.4,-5.9,-35.5));
#2494=CARTESIAN_POINT('',(108.4,-1.6,-35.5));
#2495=CARTESIAN_POINT('',(82.4,-5.9,-35.5));
#2496=CARTESIAN_POINT('',(127.9,-5.9,-35.5));
#2497=CARTESIAN_POINT('',(82.4,-1.6,-35.5));
#2498=CARTESIAN_POINT('',(82.4,-1.6,-35.5));
#2499=CARTESIAN_POINT('',(82.4,-1.6,-35.5));
#2500=CARTESIAN_POINT('Origin',(147.4,-1.6,-19.));
#2501=CARTESIAN_POINT('',(80.4,-1.6,-33.5));
#2502=CARTESIAN_POINT('Origin',(82.4,-1.6,-33.5));
#2503=CARTESIAN_POINT('',(80.4,-1.6,-19.0004904943383));
#2504=CARTESIAN_POINT('',(80.4,-1.6,22.));
#2505=CARTESIAN_POINT('',(81.9,-1.6,-19.0004904943383));
#2506=CARTESIAN_POINT('',(114.65,-1.6,-19.0004904943383));
#2507=CARTESIAN_POINT('',(81.9,-1.6,-33.5));
#2508=CARTESIAN_POINT('',(81.9,-1.6,-26.25));
#2509=CARTESIAN_POINT('',(82.4,-1.6,-34.));
#2510=CARTESIAN_POINT('Origin',(82.4,-1.6,-33.5));
#2511=CARTESIAN_POINT('',(127.9,-1.6,-34.));
#2512=CARTESIAN_POINT('Origin',(81.9,-1.6,-19.0004904943383));
#2513=CARTESIAN_POINT('',(80.4,-3.5,-19.0004904943383));
#2514=CARTESIAN_POINT('',(80.4,-1.6,-19.0004904943383));
#2515=CARTESIAN_POINT('',(81.9,-3.5,-19.0004904943383));
#2516=CARTESIAN_POINT('',(81.9,-3.5,-19.0004904943383));
#2517=CARTESIAN_POINT('',(81.9,-1.6,-19.0004904943383));
#2518=CARTESIAN_POINT('Origin',(80.4,-1.6,-13.0004904943383));
#2519=CARTESIAN_POINT('',(80.4,-1.6,-13.0004904943383));
#2520=CARTESIAN_POINT('',(81.9,-1.6,-13.0004904943383));
#2521=CARTESIAN_POINT('',(113.9,-1.6,-13.0004904943383));
#2522=CARTESIAN_POINT('',(81.9,-3.5,-13.0004904943383));
#2523=CARTESIAN_POINT('',(81.9,-1.6,-13.0004904943383));
#2524=CARTESIAN_POINT('',(80.4,-3.5,-13.0004904943383));
#2525=CARTESIAN_POINT('',(80.4,-3.5,-13.0004904943383));
#2526=CARTESIAN_POINT('',(80.4,-1.6,-13.0004904943383));
#2527=CARTESIAN_POINT('Origin',(81.15,-3.5,-16.0004904943383));
#2528=CARTESIAN_POINT('',(81.9,-3.5,-24.7502452471691));
#2529=CARTESIAN_POINT('',(80.4,-3.5,-24.7502452471691));
#2530=CARTESIAN_POINT('Origin',(81.9,-1.6,-9.75152594791342));
#2531=CARTESIAN_POINT('',(81.9,-1.6,-9.75152594791342));
#2532=CARTESIAN_POINT('',(80.4,-1.6,-9.75152594791342));
#2533=CARTESIAN_POINT('',(114.65,-1.6,-9.7515259479134));
#2534=CARTESIAN_POINT('',(80.4,-3.5,-9.75152594791342));
#2535=CARTESIAN_POINT('',(80.4,-1.6,-9.75152594791342));
#2536=CARTESIAN_POINT('',(81.9,-3.5,-9.75152594791342));
#2537=CARTESIAN_POINT('',(81.9,-3.5,-9.75152594791342));
#2538=CARTESIAN_POINT('',(81.9,-1.6,-9.75152594791342));
#2539=CARTESIAN_POINT('Origin',(80.4,-1.6,-1.25152594791342));
#2540=CARTESIAN_POINT('',(80.4,-1.6,-1.25152594791342));
#2541=CARTESIAN_POINT('',(81.9,-1.6,-1.25152594791342));
#2542=CARTESIAN_POINT('',(113.9,-1.6,-1.2515259479134));
#2543=CARTESIAN_POINT('',(81.9,-3.5,-1.25152594791342));
#2544=CARTESIAN_POINT('',(81.9,-1.6,-1.25152594791342));
#2545=CARTESIAN_POINT('',(80.4,-3.5,-1.25152594791342));
#2546=CARTESIAN_POINT('',(80.4,-3.5,-1.25152594791342));
#2547=CARTESIAN_POINT('',(80.4,-1.6,-1.25152594791342));
#2548=CARTESIAN_POINT('Origin',(81.15,-3.5,-5.50152594791342));
#2549=CARTESIAN_POINT('',(81.9,-3.5,-19.5007629739567));
#2550=CARTESIAN_POINT('',(80.4,-3.5,-19.5007629739567));
#2551=CARTESIAN_POINT('Origin',(147.4,-1.6,-19.));
#2552=CARTESIAN_POINT('',(108.4,-1.6,-34.));
#2553=CARTESIAN_POINT('',(127.9,-1.6,-34.));
#2554=CARTESIAN_POINT('',(111.9,-1.6,-37.5));
#2555=CARTESIAN_POINT('Origin',(108.4,-1.6,-37.5));
#2556=CARTESIAN_POINT('',(111.9,-1.6,-60.));
#2557=CARTESIAN_POINT('',(111.9,-1.6,-39.5));
#2558=CARTESIAN_POINT('',(112.4,-1.6,-60.5));
#2559=CARTESIAN_POINT('Origin',(112.4,-1.6,-60.));
#2560=CARTESIAN_POINT('',(212.4,-1.6,-60.4999999999999));
#2561=CARTESIAN_POINT('',(179.9,-1.6,-60.4999999999999));
#2562=CARTESIAN_POINT('',(212.9,-1.6,-59.9999999999999));
#2563=CARTESIAN_POINT('Origin',(212.4,-1.6,-59.9999999999999));
#2564=CARTESIAN_POINT('',(212.9,-1.6,8.65373838653771E-14));
#2565=CARTESIAN_POINT('',(212.9,-1.6,-9.49999999999991));
#2566=CARTESIAN_POINT('',(212.4,-1.6,0.500000000000076));
#2567=CARTESIAN_POINT('Origin',(212.4,-1.6,8.62173195699896E-14));
#2568=CARTESIAN_POINT('',(146.4,-1.6,0.500000000000037));
#2569=CARTESIAN_POINT('',(146.9,-1.6,0.500000000000038));
#2570=CARTESIAN_POINT('',(142.9,-1.6,4.00000000000005));
#2571=CARTESIAN_POINT('Origin',(146.4,-1.6,4.00000000000005));
#2572=CARTESIAN_POINT('',(142.9,-1.6,22.));
#2573=CARTESIAN_POINT('',(142.9,-1.6,1.50000000000005));
#2574=CARTESIAN_POINT('',(142.4,-1.6,22.5));
#2575=CARTESIAN_POINT('Origin',(142.4,-1.6,22.));
#2576=CARTESIAN_POINT('',(82.4,-1.6,22.5));
#2577=CARTESIAN_POINT('',(114.9,-1.6,22.5));
#2578=CARTESIAN_POINT('',(81.9,-1.6,22.));
#2579=CARTESIAN_POINT('Origin',(82.4,-1.6,22.));
#2580=CARTESIAN_POINT('',(81.9,-1.6,-26.25));
#2581=CARTESIAN_POINT('',(80.4,-1.6,22.));
#2582=CARTESIAN_POINT('',(80.4,-1.6,22.));
#2583=CARTESIAN_POINT('',(82.4,-1.6,24.));
#2584=CARTESIAN_POINT('Origin',(82.4,-1.6,22.));
#2585=CARTESIAN_POINT('',(142.4,-1.6,24.));
#2586=CARTESIAN_POINT('',(142.4,-1.6,24.));
#2587=CARTESIAN_POINT('',(144.4,-1.6,22.0000000000001));
#2588=CARTESIAN_POINT('Origin',(142.4,-1.6,22.));
#2589=CARTESIAN_POINT('',(144.4,-1.6,4.00000000000005));
#2590=CARTESIAN_POINT('',(144.4,-1.6,4.00000000000005));
#2591=CARTESIAN_POINT('',(146.4,-1.6,2.00000000000005));
#2592=CARTESIAN_POINT('Origin',(146.4,-1.6,4.00000000000005));
#2593=CARTESIAN_POINT('',(212.4,-1.6,2.00000000000008));
#2594=CARTESIAN_POINT('',(212.4,-1.6,2.0000000000001));
#2595=CARTESIAN_POINT('',(214.4,-1.6,8.74975767515393E-14));
#2596=CARTESIAN_POINT('Origin',(212.4,-1.6,8.62173195699896E-14));
#2597=CARTESIAN_POINT('',(214.4,-1.6,-59.9999999999999));
#2598=CARTESIAN_POINT('',(214.4,-1.6,8.74975767515393E-14));
#2599=CARTESIAN_POINT('',(212.4,-1.6,-61.9999999999999));
#2600=CARTESIAN_POINT('Origin',(212.4,-1.6,-59.9999999999999));
#2601=CARTESIAN_POINT('',(112.4,-1.6,-62.));
#2602=CARTESIAN_POINT('',(212.4,-1.6,-61.9999999999999));
#2603=CARTESIAN_POINT('',(110.4,-1.6,-60.));
#2604=CARTESIAN_POINT('Origin',(112.4,-1.6,-60.));
#2605=CARTESIAN_POINT('',(110.4,-1.6,-37.5));
#2606=CARTESIAN_POINT('',(110.4,-1.6,-37.5));
#2607=CARTESIAN_POINT('Origin',(108.4,-1.6,-37.5));
#2608=CARTESIAN_POINT('Origin',(147.4,-1.6,-19.));
#2609=CARTESIAN_POINT('',(80.4,-1.6,22.));
#2610=CARTESIAN_POINT('',(81.9,-1.6,-26.25));
#2611=CARTESIAN_POINT('Origin',(81.9,-1.6,-33.5));
#2612=CARTESIAN_POINT('',(81.9,-4.1,22.));
#2613=CARTESIAN_POINT('',(81.9,-1.6,22.));
#2614=CARTESIAN_POINT('',(81.9,-4.1,-33.5));
#2615=CARTESIAN_POINT('',(81.9,-4.1,22.));
#2616=CARTESIAN_POINT('',(81.9,-1.6,-33.5));
#2617=CARTESIAN_POINT('Origin',(212.4,-6.05,8.62173195699896E-14));
#2618=CARTESIAN_POINT('',(214.4,-5.9,8.74975767515393E-14));
#2619=CARTESIAN_POINT('',(214.1,-6.2,8.73055381743069E-14));
#2620=CARTESIAN_POINT('',(214.4,-5.9,8.74975767515393E-14));
#2621=CARTESIAN_POINT('',(212.4,-5.9,2.00000000000008));
#2622=CARTESIAN_POINT('Origin',(212.4,-5.9,8.62173195699896E-14));
#2623=CARTESIAN_POINT('',(212.4,-6.2,1.70000000000008));
#2624=CARTESIAN_POINT('',(212.4,-6.2,1.70000000000008));
#2625=CARTESIAN_POINT('Origin',(212.4,-6.2,8.62173195699896E-14));
#2626=CARTESIAN_POINT('Origin',(214.25,-6.05,-9.49999999999991));
#2627=CARTESIAN_POINT('',(214.4,-5.9,-59.9999999999999));
#2628=CARTESIAN_POINT('',(214.1,-6.2,-59.9999999999999));
#2629=CARTESIAN_POINT('',(214.4,-5.9,-59.9999999999999));
#2630=CARTESIAN_POINT('',(214.4,-5.9,-9.49999999999991));
#2631=CARTESIAN_POINT('',(214.1,-6.2,-9.49999999999991));
#2632=CARTESIAN_POINT('Origin',(212.4,-6.05,-59.9999999999999));
#2633=CARTESIAN_POINT('',(212.4,-5.9,-61.9999999999999));
#2634=CARTESIAN_POINT('',(212.4,-6.2,-61.6999999999999));
#2635=CARTESIAN_POINT('',(212.4,-5.9,-61.9999999999999));
#2636=CARTESIAN_POINT('Origin',(212.4,-5.9,-59.9999999999999));
#2637=CARTESIAN_POINT('Origin',(212.4,-6.2,-59.9999999999999));
#2638=CARTESIAN_POINT('Origin',(179.9,-6.05,-61.8499999999999));
#2639=CARTESIAN_POINT('',(112.4,-5.9,-62.));
#2640=CARTESIAN_POINT('',(112.4,-6.2,-61.7));
#2641=CARTESIAN_POINT('',(112.4,-5.9,-62.));
#2642=CARTESIAN_POINT('',(179.9,-5.9,-61.9999999999999));
#2643=CARTESIAN_POINT('',(179.9,-6.2,-61.6999999999999));
#2644=CARTESIAN_POINT('Origin',(112.4,-6.05,-60.));
#2645=CARTESIAN_POINT('',(110.4,-5.9,-60.));
#2646=CARTESIAN_POINT('',(110.7,-6.2,-60.));
#2647=CARTESIAN_POINT('',(110.4,-5.9,-60.));
#2648=CARTESIAN_POINT('Origin',(112.4,-5.9,-60.));
#2649=CARTESIAN_POINT('Origin',(112.4,-6.2,-60.));
#2650=CARTESIAN_POINT('Origin',(110.55,-6.05,-39.5));
#2651=CARTESIAN_POINT('',(110.4,-5.9,-37.5));
#2652=CARTESIAN_POINT('',(110.7,-6.2,-37.5));
#2653=CARTESIAN_POINT('',(110.4,-5.9,-37.5));
#2654=CARTESIAN_POINT('',(110.4,-5.9,-39.5));
#2655=CARTESIAN_POINT('',(110.7,-6.2,-39.5));
#2656=CARTESIAN_POINT('Origin',(108.4,-6.05,-37.5));
#2657=CARTESIAN_POINT('',(108.4,-6.2,-35.2));
#2658=CARTESIAN_POINT('',(108.4,-5.9,-35.5));
#2659=CARTESIAN_POINT('Origin',(108.4,-5.9,-37.5));
#2660=CARTESIAN_POINT('Origin',(108.4,-6.2,-37.5));
#2661=CARTESIAN_POINT('Origin',(127.9,-6.05,-35.35));
#2662=CARTESIAN_POINT('',(82.4,-6.2,-35.2));
#2663=CARTESIAN_POINT('',(82.4,-5.9,-35.5));
#2664=CARTESIAN_POINT('',(127.9,-6.2,-35.2));
#2665=CARTESIAN_POINT('Origin',(82.4,-6.05,-33.5));
#2666=CARTESIAN_POINT('',(80.4,-5.9,-33.5));
#2667=CARTESIAN_POINT('',(80.7,-6.2,-33.5));
#2668=CARTESIAN_POINT('',(80.4,-5.9,-33.5));
#2669=CARTESIAN_POINT('Origin',(82.4,-5.9,-33.5));
#2670=CARTESIAN_POINT('Origin',(82.4,-6.2,-33.5));
#2671=CARTESIAN_POINT('Origin',(80.55,-6.05,-26.25));
#2672=CARTESIAN_POINT('',(80.4,-5.9,22.));
#2673=CARTESIAN_POINT('',(80.7,-6.2,22.));
#2674=CARTESIAN_POINT('',(80.4,-5.9,22.));
#2675=CARTESIAN_POINT('',(80.4,-5.9,-26.25));
#2676=CARTESIAN_POINT('',(80.7,-6.2,-26.25));
#2677=CARTESIAN_POINT('Origin',(82.4,-6.05,22.));
#2678=CARTESIAN_POINT('',(82.4,-5.9,24.));
#2679=CARTESIAN_POINT('',(82.4,-6.2,23.7));
#2680=CARTESIAN_POINT('',(82.4,-5.9,24.));
#2681=CARTESIAN_POINT('Origin',(82.4,-5.9,22.));
#2682=CARTESIAN_POINT('Origin',(82.4,-6.2,22.));
#2683=CARTESIAN_POINT('Origin',(114.9,-6.05,23.85));
#2684=CARTESIAN_POINT('',(142.4,-5.9,24.));
#2685=CARTESIAN_POINT('',(142.4,-6.2,23.7));
#2686=CARTESIAN_POINT('',(142.4,-5.9,24.));
#2687=CARTESIAN_POINT('',(114.9,-5.9,24.));
#2688=CARTESIAN_POINT('',(114.9,-6.2,23.7));
#2689=CARTESIAN_POINT('Origin',(142.4,-6.05,22.));
#2690=CARTESIAN_POINT('',(144.4,-5.9,22.0000000000001));
#2691=CARTESIAN_POINT('',(144.1,-6.2,22.0000000000001));
#2692=CARTESIAN_POINT('',(144.4,-5.9,22.0000000000001));
#2693=CARTESIAN_POINT('Origin',(142.4,-5.9,22.));
#2694=CARTESIAN_POINT('Origin',(142.4,-6.2,22.));
#2695=CARTESIAN_POINT('Origin',(144.25,-6.05,1.50000000000005));
#2696=CARTESIAN_POINT('',(144.4,-5.9,4.00000000000005));
#2697=CARTESIAN_POINT('',(144.1,-6.2,4.00000000000005));
#2698=CARTESIAN_POINT('',(144.4,-5.9,4.00000000000005));
#2699=CARTESIAN_POINT('',(144.4,-5.9,1.50000000000005));
#2700=CARTESIAN_POINT('',(144.1,-6.2,1.50000000000005));
#2701=CARTESIAN_POINT('Origin',(146.4,-6.05,4.00000000000005));
#2702=CARTESIAN_POINT('',(146.4,-5.9,2.00000000000005));
#2703=CARTESIAN_POINT('',(146.4,-6.2,1.70000000000004));
#2704=CARTESIAN_POINT('',(146.4,-5.9,2.00000000000005));
#2705=CARTESIAN_POINT('Origin',(146.4,-5.9,4.00000000000005));
#2706=CARTESIAN_POINT('Origin',(146.4,-6.2,4.00000000000005));
#2707=CARTESIAN_POINT('Origin',(146.9,-6.05,1.85000000000006));
#2708=CARTESIAN_POINT('',(146.9,-5.9,2.00000000000006));
#2709=CARTESIAN_POINT('',(146.9,-6.2,1.70000000000006));
#2710=CARTESIAN_POINT('Origin',(108.4,-1.6,-37.5));
#2711=CARTESIAN_POINT('',(110.4,-1.6,-37.5));
#2712=CARTESIAN_POINT('Origin',(110.4,-1.6,-60.));
#2713=CARTESIAN_POINT('',(110.4,-1.6,-60.));
#2714=CARTESIAN_POINT('Origin',(112.4,-1.6,-60.));
#2715=CARTESIAN_POINT('',(112.4,-1.6,-62.));
#2716=CARTESIAN_POINT('Origin',(212.4,-1.6,-61.9999999999999));
#2717=CARTESIAN_POINT('',(212.4,-1.6,-61.9999999999999));
#2718=CARTESIAN_POINT('Origin',(212.4,-1.6,-59.9999999999999));
#2719=CARTESIAN_POINT('',(214.4,-1.6,-59.9999999999999));
#2720=CARTESIAN_POINT('Origin',(214.4,-1.6,8.74975767515393E-14));
#2721=CARTESIAN_POINT('',(214.4,-1.6,8.74975767515393E-14));
#2722=CARTESIAN_POINT('Origin',(212.4,-1.6,8.62173195699896E-14));
#2723=CARTESIAN_POINT('',(212.4,-1.6,2.00000000000008));
#2724=CARTESIAN_POINT('Origin',(147.4,-6.2,-19.));
#2725=CARTESIAN_POINT('',(115.75,-6.2,4.17022029878871E-14));
#2726=CARTESIAN_POINT('Origin',(112.4,-6.2,3.99680288865057E-14));
#2727=CARTESIAN_POINT('',(135.75,-6.2,-40.));
#2728=CARTESIAN_POINT('Origin',(132.4,-6.2,-40.));
#2729=CARTESIAN_POINT('',(175.75,-6.2,-20.));
#2730=CARTESIAN_POINT('Origin',(172.4,-6.2,-20.));
#2731=CARTESIAN_POINT('',(195.75,-6.2,-40.));
#2732=CARTESIAN_POINT('Origin',(192.4,-6.2,-40.));
#2733=CARTESIAN_POINT('Origin',(112.4,-6.05,3.99680288865057E-14));
#2734=CARTESIAN_POINT('',(115.45,-5.9,4.2293938362109E-14));
#2735=CARTESIAN_POINT('',(115.6,-6.05,4.16245534012581E-14));
#2736=CARTESIAN_POINT('Origin',(112.4,-5.9,3.99680288865057E-14));
#2737=CARTESIAN_POINT('Origin',(112.4,-6.2,3.99680288865057E-14));
#2738=CARTESIAN_POINT('',(115.45,-5.2,4.2293938362109E-14));
#2739=CARTESIAN_POINT('',(115.45,-6.2,4.2293938362109E-14));
#2740=CARTESIAN_POINT('Origin',(112.4,-5.2,3.99680288865057E-14));
#2741=CARTESIAN_POINT('Origin',(192.4,-6.05,-40.));
#2742=CARTESIAN_POINT('',(195.45,-5.9,-40.));
#2743=CARTESIAN_POINT('',(195.6,-6.05,-40.));
#2744=CARTESIAN_POINT('Origin',(192.4,-5.9,-40.));
#2745=CARTESIAN_POINT('Origin',(192.4,-6.2,-40.));
#2746=CARTESIAN_POINT('',(195.45,-5.2,-40.));
#2747=CARTESIAN_POINT('',(195.45,-6.2,-39.9999999999999));
#2748=CARTESIAN_POINT('Origin',(192.4,-5.2,-40.));
#2749=CARTESIAN_POINT('Origin',(132.4,-6.05,-40.));
#2750=CARTESIAN_POINT('',(135.45,-5.9,-40.));
#2751=CARTESIAN_POINT('',(135.6,-6.05,-40.));
#2752=CARTESIAN_POINT('Origin',(132.4,-5.9,-40.));
#2753=CARTESIAN_POINT('Origin',(132.4,-6.2,-40.));
#2754=CARTESIAN_POINT('',(135.45,-5.2,-40.));
#2755=CARTESIAN_POINT('',(135.45,-6.2,-40.));
#2756=CARTESIAN_POINT('Origin',(132.4,-5.2,-40.));
#2757=CARTESIAN_POINT('Origin',(172.4,-6.05,-20.));
#2758=CARTESIAN_POINT('',(175.45,-5.9,-20.));
#2759=CARTESIAN_POINT('',(175.6,-6.05,-20.));
#2760=CARTESIAN_POINT('Origin',(172.4,-5.9,-20.));
#2761=CARTESIAN_POINT('Origin',(172.4,-6.2,-20.));
#2762=CARTESIAN_POINT('',(175.45,-5.2,-20.));
#2763=CARTESIAN_POINT('',(175.45,-6.2,-20.));
#2764=CARTESIAN_POINT('Origin',(172.4,-5.2,-20.));
#2765=CARTESIAN_POINT('Origin',(172.4,-5.2,-20.));
#2766=CARTESIAN_POINT('',(174.1,-5.2,-20.));
#2767=CARTESIAN_POINT('Origin',(172.4,-5.2,-20.));
#2768=CARTESIAN_POINT('Origin',(132.4,-5.2,-40.));
#2769=CARTESIAN_POINT('',(134.1,-5.2,-40.));
#2770=CARTESIAN_POINT('Origin',(132.4,-5.2,-40.));
#2771=CARTESIAN_POINT('Origin',(192.4,-5.2,-40.));
#2772=CARTESIAN_POINT('',(194.1,-5.2,-40.));
#2773=CARTESIAN_POINT('Origin',(192.4,-5.2,-40.));
#2774=CARTESIAN_POINT('Origin',(112.4,-5.2,3.99680288865057E-14));
#2775=CARTESIAN_POINT('',(114.1,-5.2,4.1264437446678E-14));
#2776=CARTESIAN_POINT('Origin',(112.4,-5.2,3.99680288865057E-14));
#2777=CARTESIAN_POINT('Origin',(172.4,0.,-20.));
#2778=CARTESIAN_POINT('',(174.1,-4.1,-20.));
#2779=CARTESIAN_POINT('Origin',(172.4,-4.1,-20.));
#2780=CARTESIAN_POINT('',(174.1,0.,-20.));
#2781=CARTESIAN_POINT('Origin',(132.4,0.,-40.));
#2782=CARTESIAN_POINT('',(134.1,-4.1,-40.));
#2783=CARTESIAN_POINT('Origin',(132.4,-4.1,-40.));
#2784=CARTESIAN_POINT('',(134.1,0.,-40.));
#2785=CARTESIAN_POINT('Origin',(192.4,0.,-40.));
#2786=CARTESIAN_POINT('',(194.1,-4.1,-40.));
#2787=CARTESIAN_POINT('Origin',(192.4,-4.1,-40.));
#2788=CARTESIAN_POINT('',(194.1,0.,-40.));
#2789=CARTESIAN_POINT('Origin',(112.4,0.,3.99680288865057E-14));
#2790=CARTESIAN_POINT('',(114.1,-4.1,4.08480575349679E-14));
#2791=CARTESIAN_POINT('Origin',(112.4,-4.1,3.99680288865057E-14));
#2792=CARTESIAN_POINT('',(114.1,0.,4.08480575349679E-14));
#2793=CARTESIAN_POINT('Origin',(112.4,-1.6,-60.));
#2794=CARTESIAN_POINT('',(111.9,-4.1,-60.));
#2795=CARTESIAN_POINT('',(111.9,-1.6,-60.));
#2796=CARTESIAN_POINT('',(112.4,-4.1,-60.5));
#2797=CARTESIAN_POINT('Origin',(112.4,-4.1,-60.));
#2798=CARTESIAN_POINT('',(112.4,-1.6,-60.5));
#2799=CARTESIAN_POINT('Origin',(212.4,-1.6,-60.4999999999999));
#2800=CARTESIAN_POINT('',(212.4,-4.1,-60.4999999999999));
#2801=CARTESIAN_POINT('',(212.4,-4.1,-60.4999999999999));
#2802=CARTESIAN_POINT('',(212.4,-1.6,-60.4999999999999));
#2803=CARTESIAN_POINT('Origin',(212.4,-1.6,-59.9999999999999));
#2804=CARTESIAN_POINT('',(212.9,-4.1,-59.9999999999999));
#2805=CARTESIAN_POINT('Origin',(212.4,-4.1,-59.9999999999999));
#2806=CARTESIAN_POINT('',(212.9,-1.6,-59.9999999999999));
#2807=CARTESIAN_POINT('Origin',(212.9,-1.6,8.65373838653771E-14));
#2808=CARTESIAN_POINT('',(212.9,-4.1,8.65373838653771E-14));
#2809=CARTESIAN_POINT('',(212.9,-4.1,8.65373838653771E-14));
#2810=CARTESIAN_POINT('',(212.9,-1.6,8.65373838653771E-14));
#2811=CARTESIAN_POINT('Origin',(212.4,-1.6,8.62173195699896E-14));
#2812=CARTESIAN_POINT('',(212.4,-4.1,0.500000000000076));
#2813=CARTESIAN_POINT('Origin',(212.4,-4.1,8.62173195699896E-14));
#2814=CARTESIAN_POINT('',(212.4,-1.6,0.500000000000076));
#2815=CARTESIAN_POINT('Origin',(146.4,-1.6,0.500000000000037));
#2816=CARTESIAN_POINT('',(146.4,-4.1,0.500000000000038));
#2817=CARTESIAN_POINT('',(212.4,-4.1,0.500000000000097));
#2818=CARTESIAN_POINT('',(146.4,-1.6,0.500000000000037));
#2819=CARTESIAN_POINT('Origin',(146.4,-1.6,4.00000000000005));
#2820=CARTESIAN_POINT('',(142.9,-4.1,4.00000000000005));
#2821=CARTESIAN_POINT('Origin',(146.4,-4.1,4.00000000000005));
#2822=CARTESIAN_POINT('',(142.9,-1.6,4.00000000000005));
#2823=CARTESIAN_POINT('Origin',(142.9,-1.6,22.));
#2824=CARTESIAN_POINT('',(142.9,-4.1,22.));
#2825=CARTESIAN_POINT('',(142.9,-4.1,4.00000000000005));
#2826=CARTESIAN_POINT('',(142.9,-1.6,22.));
#2827=CARTESIAN_POINT('Origin',(142.4,-1.6,22.));
#2828=CARTESIAN_POINT('',(142.4,-4.1,22.5));
#2829=CARTESIAN_POINT('Origin',(142.4,-4.1,22.));
#2830=CARTESIAN_POINT('',(142.4,-1.6,22.5));
#2831=CARTESIAN_POINT('Origin',(82.4,-1.6,22.5));
#2832=CARTESIAN_POINT('',(82.4,-4.1,22.5));
#2833=CARTESIAN_POINT('',(142.4,-4.1,22.5));
#2834=CARTESIAN_POINT('',(82.4,-1.6,22.5));
#2835=CARTESIAN_POINT('Origin',(82.4,-1.6,22.));
#2836=CARTESIAN_POINT('Origin',(82.4,-4.1,22.));
#2837=CARTESIAN_POINT('Origin',(82.4,-1.6,-33.5));
#2838=CARTESIAN_POINT('',(82.4,-4.1,-34.));
#2839=CARTESIAN_POINT('Origin',(82.4,-4.1,-33.5));
#2840=CARTESIAN_POINT('',(82.4,-1.6,-34.));
#2841=CARTESIAN_POINT('Origin',(108.4,-1.6,-34.));
#2842=CARTESIAN_POINT('',(108.4,-4.1,-34.));
#2843=CARTESIAN_POINT('',(82.4,-4.1,-34.));
#2844=CARTESIAN_POINT('',(108.4,-1.6,-34.));
#2845=CARTESIAN_POINT('Origin',(108.4,-1.6,-37.5));
#2846=CARTESIAN_POINT('',(111.9,-4.1,-37.5));
#2847=CARTESIAN_POINT('Origin',(108.4,-4.1,-37.5));
#2848=CARTESIAN_POINT('',(111.9,-1.6,-37.5));
#2849=CARTESIAN_POINT('Origin',(111.9,-1.6,-60.));
#2850=CARTESIAN_POINT('',(111.9,-4.1,-37.5));
#2851=CARTESIAN_POINT('Origin',(147.4,-4.1,-19.));
#2852=CARTESIAN_POINT('Origin',(146.4,-1.6,2.00000000000005));
#2853=CARTESIAN_POINT('',(146.4,-1.6,2.00000000000005));
#2854=CARTESIAN_POINT('Origin',(146.4,-1.6,4.00000000000005));
#2855=CARTESIAN_POINT('',(144.4,-1.6,4.00000000000005));
#2856=CARTESIAN_POINT('Origin',(144.4,-1.6,22.0000000000001));
#2857=CARTESIAN_POINT('',(144.4,-1.6,22.0000000000001));
#2858=CARTESIAN_POINT('Origin',(142.4,-1.6,22.));
#2859=CARTESIAN_POINT('',(142.4,-1.6,24.));
#2860=CARTESIAN_POINT('Origin',(82.4,-1.6,24.));
#2861=CARTESIAN_POINT('',(82.4,-1.6,24.));
#2862=CARTESIAN_POINT('Origin',(82.4,-1.6,22.));
#2863=CARTESIAN_POINT('',(80.4,-1.6,22.));
#2864=CARTESIAN_POINT('Origin',(80.4,-1.6,-33.5));
#2865=CARTESIAN_POINT('',(80.4,-1.6,-33.5));
#2866=CARTESIAN_POINT('Origin',(82.4,-1.6,-33.5));
#2867=CARTESIAN_POINT('',(0.,0.,0.));
#2868=CARTESIAN_POINT('',(0.,0.,0.));
#2869=CARTESIAN_POINT('Origin',(0.,0.,0.));
#2870=UNCERTAINTY_MEASURE_WITH_UNIT(LENGTH_MEASURE(0.01),#2878,
'DISTANCE_ACCURACY_VALUE',
'Maximum model space distance between geometric entities at asserted c
onnectivities');
#2871=UNCERTAINTY_MEASURE_WITH_UNIT(LENGTH_MEASURE(0.01),#2878,
'DISTANCE_ACCURACY_VALUE',
'Maximum model space distance between geometric entities at asserted c
onnectivities');
#2872=UNCERTAINTY_MEASURE_WITH_UNIT(LENGTH_MEASURE(0.01),#2878,
'DISTANCE_ACCURACY_VALUE',
'Maximum model space distance between geometric entities at asserted c
onnectivities');
#2873=UNCERTAINTY_MEASURE_WITH_UNIT(LENGTH_MEASURE(0.01),#2878,
'DISTANCE_ACCURACY_VALUE',
'Maximum model space distance between geometric entities at asserted c
onnectivities');
#2874=(
GEOMETRIC_REPRESENTATION_CONTEXT(3)
GLOBAL_UNCERTAINTY_ASSIGNED_CONTEXT((#2870))
GLOBAL_UNIT_ASSIGNED_CONTEXT((#2878,#2880,#2881))
REPRESENTATION_CONTEXT('','3D')
);
#2875=(
GEOMETRIC_REPRESENTATION_CONTEXT(3)
GLOBAL_UNCERTAINTY_ASSIGNED_CONTEXT((#2871))
GLOBAL_UNIT_ASSIGNED_CONTEXT((#2878,#2880,#2881))
REPRESENTATION_CONTEXT('','3D')
);
#2876=(
GEOMETRIC_REPRESENTATION_CONTEXT(3)
GLOBAL_UNCERTAINTY_ASSIGNED_CONTEXT((#2872))
GLOBAL_UNIT_ASSIGNED_CONTEXT((#2878,#2880,#2881))
REPRESENTATION_CONTEXT('','3D')
);
#2877=(
GEOMETRIC_REPRESENTATION_CONTEXT(3)
GLOBAL_UNCERTAINTY_ASSIGNED_CONTEXT((#2873))
GLOBAL_UNIT_ASSIGNED_CONTEXT((#2878,#2880,#2881))
REPRESENTATION_CONTEXT('','3D')
);
#2878=(
LENGTH_UNIT()
NAMED_UNIT(*)
SI_UNIT(.MILLI.,.METRE.)
);
#2879=(
LENGTH_UNIT()
NAMED_UNIT(*)
SI_UNIT($,.METRE.)
);
#2880=(
NAMED_UNIT(*)
PLANE_ANGLE_UNIT()
SI_UNIT($,.RADIAN.)
);
#2881=(
NAMED_UNIT(*)
SI_UNIT($,.STERADIAN.)
SOLID_ANGLE_UNIT()
);
#2882=SHAPE_DEFINITION_REPRESENTATION(#2885,#2890);
#2883=SHAPE_DEFINITION_REPRESENTATION(#2886,#2891);
#2884=SHAPE_DEFINITION_REPRESENTATION(#2887,#2892);
#2885=PRODUCT_DEFINITION_SHAPE('',$,#2894);
#2886=PRODUCT_DEFINITION_SHAPE('',$,#2895);
#2887=PRODUCT_DEFINITION_SHAPE('',$,#2896);
#2888=PRODUCT_DEFINITION_SHAPE($,$,#20);
#2889=PRODUCT_DEFINITION_SHAPE($,$,#21);
#2890=SHAPE_REPRESENTATION('',(#1702,#1873),#2874);
#2891=SHAPE_REPRESENTATION('',(#1703,#1872),#2875);
#2892=SHAPE_REPRESENTATION('',(#1704),#2876);
#2893=PRODUCT_DEFINITION_CONTEXT('part definition',#2904,'design');
#2894=PRODUCT_DEFINITION('Non Nemo Chimera Wired Shells - Export',
'Non Nemo Chimera Wired Shells - Export v12',#2897,#2893);
#2895=PRODUCT_DEFINITION('Non Nemo Chimera Wired Shell',
'Non Nemo Chimera Wired Shell v20',#2898,#2893);
#2896=PRODUCT_DEFINITION('Right Bottom','Right Bottom',#2899,#2893);
#2897=PRODUCT_DEFINITION_FORMATION('',$,#2906);
#2898=PRODUCT_DEFINITION_FORMATION('',$,#2907);
#2899=PRODUCT_DEFINITION_FORMATION('',$,#2908);
#2900=PRODUCT_RELATED_PRODUCT_CATEGORY(
'Non Nemo Chimera Wired Shells - Export v12',
'Non Nemo Chimera Wired Shells - Export v12',(#2906));
#2901=PRODUCT_RELATED_PRODUCT_CATEGORY(
'Non Nemo Chimera Wired Shell v20','Non Nemo Chimera Wired Shell v20',(#2907));
#2902=PRODUCT_RELATED_PRODUCT_CATEGORY('Right Bottom','Right Bottom',(#2908));
#2903=APPLICATION_PROTOCOL_DEFINITION('international standard',
'automotive_design',2009,#2904);
#2904=APPLICATION_CONTEXT(
'Core Data for Automotive Mechanical Design Process');
#2905=PRODUCT_CONTEXT('part definition',#2904,'mechanical');
#2906=PRODUCT('Non Nemo Chimera Wired Shells - Export',
'Non Nemo Chimera Wired Shells - Export v12',$,(#2905));
#2907=PRODUCT('Non Nemo Chimera Wired Shell',
'Non Nemo Chimera Wired Shell v20',$,(#2905));
#2908=PRODUCT('Right Bottom','Right Bottom',$,(#2905));
#2909=PRESENTATION_STYLE_ASSIGNMENT((#2913));
#2910=PRESENTATION_STYLE_ASSIGNMENT((#2914));
#2911=PRESENTATION_STYLE_ASSIGNMENT((#2915));
#2912=PRESENTATION_STYLE_ASSIGNMENT((NULL_STYLE(.NULL.)));
#2913=SURFACE_STYLE_USAGE(.BOTH.,#2916);
#2914=SURFACE_STYLE_USAGE(.BOTH.,#2917);
#2915=SURFACE_STYLE_USAGE(.BOTH.,#2918);
#2916=SURFACE_SIDE_STYLE('',(#2919));
#2917=SURFACE_SIDE_STYLE('',(#2920));
#2918=SURFACE_SIDE_STYLE('',(#2921));
#2919=SURFACE_STYLE_FILL_AREA(#2922);
#2920=SURFACE_STYLE_FILL_AREA(#2923);
#2921=SURFACE_STYLE_FILL_AREA(#2924);
#2922=FILL_AREA_STYLE('Steel - Satin',(#2925));
#2923=FILL_AREA_STYLE('Aluminum - Anodized Rough (Blue)',(#2926));
#2924=FILL_AREA_STYLE('Aluminum - Anodized Rough (Red)',(#2927));
#2925=FILL_AREA_STYLE_COLOUR('Steel - Satin',#2928);
#2926=FILL_AREA_STYLE_COLOUR('Aluminum - Anodized Rough (Blue)',#2929);
#2927=FILL_AREA_STYLE_COLOUR('Aluminum - Anodized Rough (Red)',#2930);
#2928=COLOUR_RGB('Steel - Satin',0.627450980392157,0.627450980392157,0.627450980392157);
#2929=COLOUR_RGB('Aluminum - Anodized Rough (Blue)',0.349019607843137,0.584313725490196,
0.854901960784314);
#2930=COLOUR_RGB('Aluminum - Anodized Rough (Red)',0.854901960784314,0.349019607843137,
0.349019607843137);
ENDSEC;
END-ISO-10303-21;
