solid ASCII
  facet normal 7.048732e-01 7.048732e-01 -7.942014e-02
    outer loop
      vertex   9.940000e+01 -3.250000e+00 -2.304657e+01
      vertex   9.934986e+01 -3.250000e+00 -2.349161e+01
      vertex   9.890000e+01 -2.750000e+00 -2.304657e+01
    endloop
  endfacet
  facet normal 6.981912e-01 7.099860e-01 -9.191861e-02
    outer loop
      vertex   9.890000e+01 -2.750000e+00 -2.304657e+01
      vertex   9.934986e+01 -3.250000e+00 -2.349161e+01
      vertex   9.884889e+01 -2.750000e+00 -2.343480e+01
    endloop
  endfacet
  facet normal 6.730434e-01 7.011052e-01 -2.355081e-01
    outer loop
      vertex   9.884889e+01 -2.750000e+00 -2.343480e+01
      vertex   9.934986e+01 -3.250000e+00 -2.349161e+01
      vertex   9.920194e+01 -3.250000e+00 -2.391434e+01
    endloop
  endfacet
  facet normal 6.469845e-01 7.138575e-01 -2.679898e-01
    outer loop
      vertex   9.884889e+01 -2.750000e+00 -2.343480e+01
      vertex   9.920194e+01 -3.250000e+00 -2.391434e+01
      vertex   9.869904e+01 -2.750000e+00 -2.379657e+01
    endloop
  endfacet
  facet normal 6.056650e-01 6.988137e-01 -3.805645e-01
    outer loop
      vertex   9.869904e+01 -2.750000e+00 -2.379657e+01
      vertex   9.920194e+01 -3.250000e+00 -2.391434e+01
      vertex   9.896366e+01 -3.250000e+00 -2.429355e+01
    endloop
  endfacet
  facet normal 5.540270e-01 7.157704e-01 -4.251198e-01
    outer loop
      vertex   9.869904e+01 -2.750000e+00 -2.379657e+01
      vertex   9.896366e+01 -3.250000e+00 -2.429355e+01
      vertex   9.846066e+01 -2.750000e+00 -2.410723e+01
    endloop
  endfacet
  facet normal 5.063268e-01 6.980446e-01 -5.063268e-01
    outer loop
      vertex   9.846066e+01 -2.750000e+00 -2.410723e+01
      vertex   9.896366e+01 -3.250000e+00 -2.429355e+01
      vertex   9.864698e+01 -3.250000e+00 -2.461023e+01
    endloop
  endfacet
  facet normal 4.251198e-01 7.157704e-01 -5.540270e-01
    outer loop
      vertex   9.846066e+01 -2.750000e+00 -2.410723e+01
      vertex   9.864698e+01 -3.250000e+00 -2.461023e+01
      vertex   9.815000e+01 -2.750000e+00 -2.434561e+01
    endloop
  endfacet
  facet normal 3.805645e-01 6.988137e-01 -6.056650e-01
    outer loop
      vertex   9.815000e+01 -2.750000e+00 -2.434561e+01
      vertex   9.864698e+01 -3.250000e+00 -2.461023e+01
      vertex   9.826777e+01 -3.250000e+00 -2.484851e+01
    endloop
  endfacet
  facet normal 2.679898e-01 7.138575e-01 -6.469845e-01
    outer loop
      vertex   9.815000e+01 -2.750000e+00 -2.434561e+01
      vertex   9.826777e+01 -3.250000e+00 -2.484851e+01
      vertex   9.778823e+01 -2.750000e+00 -2.449546e+01
    endloop
  endfacet
  facet normal 2.355081e-01 7.011052e-01 -6.730434e-01
    outer loop
      vertex   9.778823e+01 -2.750000e+00 -2.449546e+01
      vertex   9.826777e+01 -3.250000e+00 -2.484851e+01
      vertex   9.784504e+01 -3.250000e+00 -2.499643e+01
    endloop
  endfacet
  facet normal 9.191861e-02 7.099860e-01 -6.981912e-01
    outer loop
      vertex   9.778823e+01 -2.750000e+00 -2.449546e+01
      vertex   9.784504e+01 -3.250000e+00 -2.499643e+01
      vertex   9.740000e+01 -2.750000e+00 -2.454657e+01
    endloop
  endfacet
  facet normal 7.942014e-02 7.048732e-01 -7.048732e-01
    outer loop
      vertex   9.740000e+01 -2.750000e+00 -2.454657e+01
      vertex   9.784504e+01 -3.250000e+00 -2.499643e+01
      vertex   9.740000e+01 -3.250000e+00 -2.504657e+01
    endloop
  endfacet
  facet normal 7.071068e-01 7.071068e-01 -0.000000e+00
    outer loop
      vertex   9.890000e+01 -2.750000e+00 -2.304657e+01
      vertex   9.890000e+01 -2.750000e+00 -2.104657e+01
      vertex   9.940000e+01 -3.250000e+00 -2.304657e+01
    endloop
  endfacet
  facet normal 7.071068e-01 7.071068e-01 -0.000000e+00
    outer loop
      vertex   9.940000e+01 -3.250000e+00 -2.304657e+01
      vertex   9.890000e+01 -2.750000e+00 -2.104657e+01
      vertex   9.940000e+01 -3.250000e+00 -2.104657e+01
    endloop
  endfacet
  facet normal 7.942014e-02 7.048732e-01 7.048732e-01
    outer loop
      vertex   9.740000e+01 -3.250000e+00 -1.904657e+01
      vertex   9.784504e+01 -3.250000e+00 -1.909672e+01
      vertex   9.740000e+01 -2.750000e+00 -1.954657e+01
    endloop
  endfacet
  facet normal 9.191861e-02 7.099860e-01 6.981912e-01
    outer loop
      vertex   9.740000e+01 -2.750000e+00 -1.954657e+01
      vertex   9.784504e+01 -3.250000e+00 -1.909672e+01
      vertex   9.778823e+01 -2.750000e+00 -1.959768e+01
    endloop
  endfacet
  facet normal 2.355081e-01 7.011052e-01 6.730434e-01
    outer loop
      vertex   9.778823e+01 -2.750000e+00 -1.959768e+01
      vertex   9.784504e+01 -3.250000e+00 -1.909672e+01
      vertex   9.826777e+01 -3.250000e+00 -1.924463e+01
    endloop
  endfacet
  facet normal 2.679898e-01 7.138575e-01 6.469845e-01
    outer loop
      vertex   9.778823e+01 -2.750000e+00 -1.959768e+01
      vertex   9.826777e+01 -3.250000e+00 -1.924463e+01
      vertex   9.815000e+01 -2.750000e+00 -1.974753e+01
    endloop
  endfacet
  facet normal 3.805645e-01 6.988137e-01 6.056650e-01
    outer loop
      vertex   9.815000e+01 -2.750000e+00 -1.974753e+01
      vertex   9.826777e+01 -3.250000e+00 -1.924463e+01
      vertex   9.864698e+01 -3.250000e+00 -1.948291e+01
    endloop
  endfacet
  facet normal 4.251198e-01 7.157704e-01 5.540270e-01
    outer loop
      vertex   9.815000e+01 -2.750000e+00 -1.974753e+01
      vertex   9.864698e+01 -3.250000e+00 -1.948291e+01
      vertex   9.846066e+01 -2.750000e+00 -1.998591e+01
    endloop
  endfacet
  facet normal 5.063268e-01 6.980446e-01 5.063268e-01
    outer loop
      vertex   9.846066e+01 -2.750000e+00 -1.998591e+01
      vertex   9.864698e+01 -3.250000e+00 -1.948291e+01
      vertex   9.896366e+01 -3.250000e+00 -1.979959e+01
    endloop
  endfacet
  facet normal 5.540270e-01 7.157704e-01 4.251198e-01
    outer loop
      vertex   9.846066e+01 -2.750000e+00 -1.998591e+01
      vertex   9.896366e+01 -3.250000e+00 -1.979959e+01
      vertex   9.869904e+01 -2.750000e+00 -2.029657e+01
    endloop
  endfacet
  facet normal 6.056650e-01 6.988137e-01 3.805645e-01
    outer loop
      vertex   9.869904e+01 -2.750000e+00 -2.029657e+01
      vertex   9.896366e+01 -3.250000e+00 -1.979959e+01
      vertex   9.920194e+01 -3.250000e+00 -2.017880e+01
    endloop
  endfacet
  facet normal 6.469845e-01 7.138575e-01 2.679898e-01
    outer loop
      vertex   9.869904e+01 -2.750000e+00 -2.029657e+01
      vertex   9.920194e+01 -3.250000e+00 -2.017880e+01
      vertex   9.884889e+01 -2.750000e+00 -2.065834e+01
    endloop
  endfacet
  facet normal 6.730434e-01 7.011052e-01 2.355081e-01
    outer loop
      vertex   9.884889e+01 -2.750000e+00 -2.065834e+01
      vertex   9.920194e+01 -3.250000e+00 -2.017880e+01
      vertex   9.934986e+01 -3.250000e+00 -2.060153e+01
    endloop
  endfacet
  facet normal 6.981912e-01 7.099860e-01 9.191861e-02
    outer loop
      vertex   9.884889e+01 -2.750000e+00 -2.065834e+01
      vertex   9.934986e+01 -3.250000e+00 -2.060153e+01
      vertex   9.890000e+01 -2.750000e+00 -2.104657e+01
    endloop
  endfacet
  facet normal 7.048732e-01 7.048732e-01 7.942014e-02
    outer loop
      vertex   9.890000e+01 -2.750000e+00 -2.104657e+01
      vertex   9.934986e+01 -3.250000e+00 -2.060153e+01
      vertex   9.940000e+01 -3.250000e+00 -2.104657e+01
    endloop
  endfacet
  facet normal -1.256074e-15 7.071068e-01 7.071068e-01
    outer loop
      vertex   9.740000e+01 -2.750000e+00 -1.954657e+01
      vertex   9.540000e+01 -2.750000e+00 -1.954657e+01
      vertex   9.740000e+01 -3.250000e+00 -1.904657e+01
    endloop
  endfacet
  facet normal 0.000000e+00 7.071068e-01 7.071068e-01
    outer loop
      vertex   9.740000e+01 -3.250000e+00 -1.904657e+01
      vertex   9.540000e+01 -2.750000e+00 -1.954657e+01
      vertex   9.540000e+01 -3.250000e+00 -1.904657e+01
    endloop
  endfacet
  facet normal -7.048732e-01 7.048732e-01 7.942014e-02
    outer loop
      vertex   9.340000e+01 -3.250000e+00 -2.104657e+01
      vertex   9.345014e+01 -3.250000e+00 -2.060153e+01
      vertex   9.390000e+01 -2.750000e+00 -2.104657e+01
    endloop
  endfacet
  facet normal -6.981912e-01 7.099860e-01 9.191861e-02
    outer loop
      vertex   9.390000e+01 -2.750000e+00 -2.104657e+01
      vertex   9.345014e+01 -3.250000e+00 -2.060153e+01
      vertex   9.395111e+01 -2.750000e+00 -2.065834e+01
    endloop
  endfacet
  facet normal -6.730434e-01 7.011052e-01 2.355081e-01
    outer loop
      vertex   9.395111e+01 -2.750000e+00 -2.065834e+01
      vertex   9.345014e+01 -3.250000e+00 -2.060153e+01
      vertex   9.359806e+01 -3.250000e+00 -2.017880e+01
    endloop
  endfacet
  facet normal -6.469845e-01 7.138575e-01 2.679898e-01
    outer loop
      vertex   9.395111e+01 -2.750000e+00 -2.065834e+01
      vertex   9.359806e+01 -3.250000e+00 -2.017880e+01
      vertex   9.410096e+01 -2.750000e+00 -2.029657e+01
    endloop
  endfacet
  facet normal -6.056650e-01 6.988137e-01 3.805645e-01
    outer loop
      vertex   9.410096e+01 -2.750000e+00 -2.029657e+01
      vertex   9.359806e+01 -3.250000e+00 -2.017880e+01
      vertex   9.383634e+01 -3.250000e+00 -1.979959e+01
    endloop
  endfacet
  facet normal -5.540270e-01 7.157704e-01 4.251198e-01
    outer loop
      vertex   9.410096e+01 -2.750000e+00 -2.029657e+01
      vertex   9.383634e+01 -3.250000e+00 -1.979959e+01
      vertex   9.433934e+01 -2.750000e+00 -1.998591e+01
    endloop
  endfacet
  facet normal -5.063268e-01 6.980446e-01 5.063268e-01
    outer loop
      vertex   9.433934e+01 -2.750000e+00 -1.998591e+01
      vertex   9.383634e+01 -3.250000e+00 -1.979959e+01
      vertex   9.415302e+01 -3.250000e+00 -1.948291e+01
    endloop
  endfacet
  facet normal -4.251198e-01 7.157704e-01 5.540270e-01
    outer loop
      vertex   9.433934e+01 -2.750000e+00 -1.998591e+01
      vertex   9.415302e+01 -3.250000e+00 -1.948291e+01
      vertex   9.465000e+01 -2.750000e+00 -1.974753e+01
    endloop
  endfacet
  facet normal -3.805645e-01 6.988137e-01 6.056650e-01
    outer loop
      vertex   9.465000e+01 -2.750000e+00 -1.974753e+01
      vertex   9.415302e+01 -3.250000e+00 -1.948291e+01
      vertex   9.453223e+01 -3.250000e+00 -1.924463e+01
    endloop
  endfacet
  facet normal -2.679898e-01 7.138575e-01 6.469845e-01
    outer loop
      vertex   9.465000e+01 -2.750000e+00 -1.974753e+01
      vertex   9.453223e+01 -3.250000e+00 -1.924463e+01
      vertex   9.501177e+01 -2.750000e+00 -1.959768e+01
    endloop
  endfacet
  facet normal -2.355081e-01 7.011052e-01 6.730434e-01
    outer loop
      vertex   9.501177e+01 -2.750000e+00 -1.959768e+01
      vertex   9.453223e+01 -3.250000e+00 -1.924463e+01
      vertex   9.495496e+01 -3.250000e+00 -1.909672e+01
    endloop
  endfacet
  facet normal -9.191861e-02 7.099860e-01 6.981912e-01
    outer loop
      vertex   9.501177e+01 -2.750000e+00 -1.959768e+01
      vertex   9.495496e+01 -3.250000e+00 -1.909672e+01
      vertex   9.540000e+01 -2.750000e+00 -1.954657e+01
    endloop
  endfacet
  facet normal -7.942014e-02 7.048732e-01 7.048732e-01
    outer loop
      vertex   9.540000e+01 -2.750000e+00 -1.954657e+01
      vertex   9.495496e+01 -3.250000e+00 -1.909672e+01
      vertex   9.540000e+01 -3.250000e+00 -1.904657e+01
    endloop
  endfacet
  facet normal -7.071068e-01 7.071068e-01 0.000000e+00
    outer loop
      vertex   9.390000e+01 -2.750000e+00 -2.104657e+01
      vertex   9.390000e+01 -2.750000e+00 -2.304657e+01
      vertex   9.340000e+01 -3.250000e+00 -2.104657e+01
    endloop
  endfacet
  facet normal -7.071068e-01 7.071068e-01 -5.024296e-15
    outer loop
      vertex   9.340000e+01 -3.250000e+00 -2.104657e+01
      vertex   9.390000e+01 -2.750000e+00 -2.304657e+01
      vertex   9.340000e+01 -3.250000e+00 -2.304657e+01
    endloop
  endfacet
  facet normal -7.942014e-02 7.048732e-01 -7.048732e-01
    outer loop
      vertex   9.540000e+01 -3.250000e+00 -2.504657e+01
      vertex   9.495496e+01 -3.250000e+00 -2.499643e+01
      vertex   9.540000e+01 -2.750000e+00 -2.454657e+01
    endloop
  endfacet
  facet normal -9.191861e-02 7.099860e-01 -6.981912e-01
    outer loop
      vertex   9.540000e+01 -2.750000e+00 -2.454657e+01
      vertex   9.495496e+01 -3.250000e+00 -2.499643e+01
      vertex   9.501177e+01 -2.750000e+00 -2.449546e+01
    endloop
  endfacet
  facet normal -2.355081e-01 7.011052e-01 -6.730434e-01
    outer loop
      vertex   9.501177e+01 -2.750000e+00 -2.449546e+01
      vertex   9.495496e+01 -3.250000e+00 -2.499643e+01
      vertex   9.453223e+01 -3.250000e+00 -2.484851e+01
    endloop
  endfacet
  facet normal -2.679898e-01 7.138575e-01 -6.469845e-01
    outer loop
      vertex   9.501177e+01 -2.750000e+00 -2.449546e+01
      vertex   9.453223e+01 -3.250000e+00 -2.484851e+01
      vertex   9.465000e+01 -2.750000e+00 -2.434561e+01
    endloop
  endfacet
  facet normal -3.805645e-01 6.988137e-01 -6.056650e-01
    outer loop
      vertex   9.465000e+01 -2.750000e+00 -2.434561e+01
      vertex   9.453223e+01 -3.250000e+00 -2.484851e+01
      vertex   9.415302e+01 -3.250000e+00 -2.461023e+01
    endloop
  endfacet
  facet normal -4.251198e-01 7.157704e-01 -5.540270e-01
    outer loop
      vertex   9.465000e+01 -2.750000e+00 -2.434561e+01
      vertex   9.415302e+01 -3.250000e+00 -2.461023e+01
      vertex   9.433934e+01 -2.750000e+00 -2.410723e+01
    endloop
  endfacet
  facet normal -5.063268e-01 6.980446e-01 -5.063268e-01
    outer loop
      vertex   9.433934e+01 -2.750000e+00 -2.410723e+01
      vertex   9.415302e+01 -3.250000e+00 -2.461023e+01
      vertex   9.383634e+01 -3.250000e+00 -2.429355e+01
    endloop
  endfacet
  facet normal -5.540270e-01 7.157704e-01 -4.251198e-01
    outer loop
      vertex   9.433934e+01 -2.750000e+00 -2.410723e+01
      vertex   9.383634e+01 -3.250000e+00 -2.429355e+01
      vertex   9.410096e+01 -2.750000e+00 -2.379657e+01
    endloop
  endfacet
  facet normal -6.056650e-01 6.988137e-01 -3.805645e-01
    outer loop
      vertex   9.410096e+01 -2.750000e+00 -2.379657e+01
      vertex   9.383634e+01 -3.250000e+00 -2.429355e+01
      vertex   9.359806e+01 -3.250000e+00 -2.391434e+01
    endloop
  endfacet
  facet normal -6.469845e-01 7.138575e-01 -2.679898e-01
    outer loop
      vertex   9.410096e+01 -2.750000e+00 -2.379657e+01
      vertex   9.359806e+01 -3.250000e+00 -2.391434e+01
      vertex   9.395111e+01 -2.750000e+00 -2.343480e+01
    endloop
  endfacet
  facet normal -6.730434e-01 7.011052e-01 -2.355081e-01
    outer loop
      vertex   9.395111e+01 -2.750000e+00 -2.343480e+01
      vertex   9.359806e+01 -3.250000e+00 -2.391434e+01
      vertex   9.345014e+01 -3.250000e+00 -2.349161e+01
    endloop
  endfacet
  facet normal -6.981912e-01 7.099860e-01 -9.191861e-02
    outer loop
      vertex   9.395111e+01 -2.750000e+00 -2.343480e+01
      vertex   9.345014e+01 -3.250000e+00 -2.349161e+01
      vertex   9.390000e+01 -2.750000e+00 -2.304657e+01
    endloop
  endfacet
  facet normal -7.048732e-01 7.048732e-01 -7.942014e-02
    outer loop
      vertex   9.390000e+01 -2.750000e+00 -2.304657e+01
      vertex   9.345014e+01 -3.250000e+00 -2.349161e+01
      vertex   9.340000e+01 -3.250000e+00 -2.304657e+01
    endloop
  endfacet
  facet normal 2.512148e-15 7.071068e-01 -7.071068e-01
    outer loop
      vertex   9.540000e+01 -2.750000e+00 -2.454657e+01
      vertex   9.740000e+01 -2.750000e+00 -2.454657e+01
      vertex   9.540000e+01 -3.250000e+00 -2.504657e+01
    endloop
  endfacet
  facet normal 1.256074e-15 7.071068e-01 -7.071068e-01
    outer loop
      vertex   9.540000e+01 -3.250000e+00 -2.504657e+01
      vertex   9.740000e+01 -2.750000e+00 -2.454657e+01
      vertex   9.740000e+01 -3.250000e+00 -2.504657e+01
    endloop
  endfacet
  facet normal 0.000000e+00 0.000000e+00 1.000000e+00
    outer loop
      vertex   9.740000e+01 -3.250000e+00 -1.904657e+01
      vertex   9.540000e+01 -3.250000e+00 -1.904657e+01
      vertex   9.740000e+01 -4.100000e+00 -1.904657e+01
    endloop
  endfacet
  facet normal 0.000000e+00 0.000000e+00 1.000000e+00
    outer loop
      vertex   9.740000e+01 -4.100000e+00 -1.904657e+01
      vertex   9.540000e+01 -3.250000e+00 -1.904657e+01
      vertex   9.540000e+01 -4.100000e+00 -1.904657e+01
    endloop
  endfacet
  facet normal 9.937122e-01 -0.000000e+00 1.119645e-01
    outer loop
      vertex   9.940000e+01 -4.100000e+00 -2.104657e+01
      vertex   9.940000e+01 -3.250000e+00 -2.104657e+01
      vertex   9.934986e+01 -4.100000e+00 -2.060153e+01
    endloop
  endfacet
  facet normal 9.937122e-01 -0.000000e+00 1.119645e-01
    outer loop
      vertex   9.934986e+01 -4.100000e+00 -2.060153e+01
      vertex   9.940000e+01 -3.250000e+00 -2.104657e+01
      vertex   9.934986e+01 -3.250000e+00 -2.060153e+01
    endloop
  endfacet
  facet normal 9.438833e-01 -0.000000e+00 3.302791e-01
    outer loop
      vertex   9.934986e+01 -4.100000e+00 -2.060153e+01
      vertex   9.934986e+01 -3.250000e+00 -2.060153e+01
      vertex   9.920194e+01 -4.100000e+00 -2.017880e+01
    endloop
  endfacet
  facet normal 9.438833e-01 -0.000000e+00 3.302791e-01
    outer loop
      vertex   9.920194e+01 -4.100000e+00 -2.017880e+01
      vertex   9.934986e+01 -3.250000e+00 -2.060153e+01
      vertex   9.920194e+01 -3.250000e+00 -2.017880e+01
    endloop
  endfacet
  facet normal 8.467242e-01 -0.000000e+00 5.320321e-01
    outer loop
      vertex   9.920194e+01 -4.100000e+00 -2.017880e+01
      vertex   9.920194e+01 -3.250000e+00 -2.017880e+01
      vertex   9.896366e+01 -4.100000e+00 -1.979959e+01
    endloop
  endfacet
  facet normal 8.467242e-01 -0.000000e+00 5.320321e-01
    outer loop
      vertex   9.896366e+01 -4.100000e+00 -1.979959e+01
      vertex   9.920194e+01 -3.250000e+00 -2.017880e+01
      vertex   9.896366e+01 -3.250000e+00 -1.979959e+01
    endloop
  endfacet
  facet normal 7.071068e-01 -0.000000e+00 7.071068e-01
    outer loop
      vertex   9.896366e+01 -4.100000e+00 -1.979959e+01
      vertex   9.896366e+01 -3.250000e+00 -1.979959e+01
      vertex   9.864698e+01 -4.100000e+00 -1.948291e+01
    endloop
  endfacet
  facet normal 7.071068e-01 -0.000000e+00 7.071068e-01
    outer loop
      vertex   9.864698e+01 -4.100000e+00 -1.948291e+01
      vertex   9.896366e+01 -3.250000e+00 -1.979959e+01
      vertex   9.864698e+01 -3.250000e+00 -1.948291e+01
    endloop
  endfacet
  facet normal 5.320321e-01 -0.000000e+00 8.467242e-01
    outer loop
      vertex   9.864698e+01 -4.100000e+00 -1.948291e+01
      vertex   9.864698e+01 -3.250000e+00 -1.948291e+01
      vertex   9.826777e+01 -4.100000e+00 -1.924463e+01
    endloop
  endfacet
  facet normal 5.320321e-01 -0.000000e+00 8.467242e-01
    outer loop
      vertex   9.826777e+01 -4.100000e+00 -1.924463e+01
      vertex   9.864698e+01 -3.250000e+00 -1.948291e+01
      vertex   9.826777e+01 -3.250000e+00 -1.924463e+01
    endloop
  endfacet
  facet normal 3.302791e-01 -0.000000e+00 9.438833e-01
    outer loop
      vertex   9.826777e+01 -4.100000e+00 -1.924463e+01
      vertex   9.826777e+01 -3.250000e+00 -1.924463e+01
      vertex   9.784504e+01 -4.100000e+00 -1.909672e+01
    endloop
  endfacet
  facet normal 3.302791e-01 -0.000000e+00 9.438833e-01
    outer loop
      vertex   9.784504e+01 -4.100000e+00 -1.909672e+01
      vertex   9.826777e+01 -3.250000e+00 -1.924463e+01
      vertex   9.784504e+01 -3.250000e+00 -1.909672e+01
    endloop
  endfacet
  facet normal 1.119645e-01 -0.000000e+00 9.937122e-01
    outer loop
      vertex   9.784504e+01 -4.100000e+00 -1.909672e+01
      vertex   9.784504e+01 -3.250000e+00 -1.909672e+01
      vertex   9.740000e+01 -4.100000e+00 -1.904657e+01
    endloop
  endfacet
  facet normal 1.119645e-01 -0.000000e+00 9.937122e-01
    outer loop
      vertex   9.740000e+01 -4.100000e+00 -1.904657e+01
      vertex   9.784504e+01 -3.250000e+00 -1.909672e+01
      vertex   9.740000e+01 -3.250000e+00 -1.904657e+01
    endloop
  endfacet
  facet normal 1.000000e+00 0.000000e+00 -0.000000e+00
    outer loop
      vertex   9.940000e+01 -3.250000e+00 -2.304657e+01
      vertex   9.940000e+01 -3.250000e+00 -2.104657e+01
      vertex   9.940000e+01 -4.100000e+00 -2.304657e+01
    endloop
  endfacet
  facet normal 1.000000e+00 0.000000e+00 0.000000e+00
    outer loop
      vertex   9.940000e+01 -4.100000e+00 -2.304657e+01
      vertex   9.940000e+01 -3.250000e+00 -2.104657e+01
      vertex   9.940000e+01 -4.100000e+00 -2.104657e+01
    endloop
  endfacet
  facet normal 1.119645e-01 0.000000e+00 -9.937122e-01
    outer loop
      vertex   9.740000e+01 -4.100000e+00 -2.504657e+01
      vertex   9.740000e+01 -3.250000e+00 -2.504657e+01
      vertex   9.784504e+01 -4.100000e+00 -2.499643e+01
    endloop
  endfacet
  facet normal 1.119645e-01 0.000000e+00 -9.937122e-01
    outer loop
      vertex   9.784504e+01 -4.100000e+00 -2.499643e+01
      vertex   9.740000e+01 -3.250000e+00 -2.504657e+01
      vertex   9.784504e+01 -3.250000e+00 -2.499643e+01
    endloop
  endfacet
  facet normal 3.302791e-01 0.000000e+00 -9.438833e-01
    outer loop
      vertex   9.784504e+01 -4.100000e+00 -2.499643e+01
      vertex   9.784504e+01 -3.250000e+00 -2.499643e+01
      vertex   9.826777e+01 -4.100000e+00 -2.484851e+01
    endloop
  endfacet
  facet normal 3.302791e-01 0.000000e+00 -9.438833e-01
    outer loop
      vertex   9.826777e+01 -4.100000e+00 -2.484851e+01
      vertex   9.784504e+01 -3.250000e+00 -2.499643e+01
      vertex   9.826777e+01 -3.250000e+00 -2.484851e+01
    endloop
  endfacet
  facet normal 5.320321e-01 0.000000e+00 -8.467242e-01
    outer loop
      vertex   9.826777e+01 -4.100000e+00 -2.484851e+01
      vertex   9.826777e+01 -3.250000e+00 -2.484851e+01
      vertex   9.864698e+01 -4.100000e+00 -2.461023e+01
    endloop
  endfacet
  facet normal 5.320321e-01 0.000000e+00 -8.467242e-01
    outer loop
      vertex   9.864698e+01 -4.100000e+00 -2.461023e+01
      vertex   9.826777e+01 -3.250000e+00 -2.484851e+01
      vertex   9.864698e+01 -3.250000e+00 -2.461023e+01
    endloop
  endfacet
  facet normal 7.071068e-01 0.000000e+00 -7.071068e-01
    outer loop
      vertex   9.864698e+01 -4.100000e+00 -2.461023e+01
      vertex   9.864698e+01 -3.250000e+00 -2.461023e+01
      vertex   9.896366e+01 -4.100000e+00 -2.429355e+01
    endloop
  endfacet
  facet normal 7.071068e-01 0.000000e+00 -7.071068e-01
    outer loop
      vertex   9.896366e+01 -4.100000e+00 -2.429355e+01
      vertex   9.864698e+01 -3.250000e+00 -2.461023e+01
      vertex   9.896366e+01 -3.250000e+00 -2.429355e+01
    endloop
  endfacet
  facet normal 8.467242e-01 0.000000e+00 -5.320321e-01
    outer loop
      vertex   9.896366e+01 -4.100000e+00 -2.429355e+01
      vertex   9.896366e+01 -3.250000e+00 -2.429355e+01
      vertex   9.920194e+01 -4.100000e+00 -2.391434e+01
    endloop
  endfacet
  facet normal 8.467242e-01 0.000000e+00 -5.320321e-01
    outer loop
      vertex   9.920194e+01 -4.100000e+00 -2.391434e+01
      vertex   9.896366e+01 -3.250000e+00 -2.429355e+01
      vertex   9.920194e+01 -3.250000e+00 -2.391434e+01
    endloop
  endfacet
  facet normal 9.438833e-01 0.000000e+00 -3.302791e-01
    outer loop
      vertex   9.920194e+01 -4.100000e+00 -2.391434e+01
      vertex   9.920194e+01 -3.250000e+00 -2.391434e+01
      vertex   9.934986e+01 -4.100000e+00 -2.349161e+01
    endloop
  endfacet
  facet normal 9.438833e-01 0.000000e+00 -3.302791e-01
    outer loop
      vertex   9.934986e+01 -4.100000e+00 -2.349161e+01
      vertex   9.920194e+01 -3.250000e+00 -2.391434e+01
      vertex   9.934986e+01 -3.250000e+00 -2.349161e+01
    endloop
  endfacet
  facet normal 9.937122e-01 0.000000e+00 -1.119645e-01
    outer loop
      vertex   9.934986e+01 -4.100000e+00 -2.349161e+01
      vertex   9.934986e+01 -3.250000e+00 -2.349161e+01
      vertex   9.940000e+01 -4.100000e+00 -2.304657e+01
    endloop
  endfacet
  facet normal 9.937122e-01 0.000000e+00 -1.119645e-01
    outer loop
      vertex   9.940000e+01 -4.100000e+00 -2.304657e+01
      vertex   9.934986e+01 -3.250000e+00 -2.349161e+01
      vertex   9.940000e+01 -3.250000e+00 -2.304657e+01
    endloop
  endfacet
  facet normal 0.000000e+00 1.000000e+00 -0.000000e+00
    outer loop
      vertex   9.884889e+01 -2.750000e+00 -2.343480e+01
      vertex   9.740000e+01 -2.750000e+00 -2.454657e+01
      vertex   9.890000e+01 -2.750000e+00 -2.304657e+01
    endloop
  endfacet
  facet normal 0.000000e+00 1.000000e+00 0.000000e+00
    outer loop
      vertex   9.890000e+01 -2.750000e+00 -2.304657e+01
      vertex   9.740000e+01 -2.750000e+00 -2.454657e+01
      vertex   9.540000e+01 -2.750000e+00 -2.454657e+01
    endloop
  endfacet
  facet normal 0.000000e+00 1.000000e+00 0.000000e+00
    outer loop
      vertex   9.890000e+01 -2.750000e+00 -2.304657e+01
      vertex   9.540000e+01 -2.750000e+00 -2.454657e+01
      vertex   9.390000e+01 -2.750000e+00 -2.304657e+01
    endloop
  endfacet
  facet normal 0.000000e+00 1.000000e+00 0.000000e+00
    outer loop
      vertex   9.390000e+01 -2.750000e+00 -2.304657e+01
      vertex   9.540000e+01 -2.750000e+00 -2.454657e+01
      vertex   9.395111e+01 -2.750000e+00 -2.343480e+01
    endloop
  endfacet
  facet normal 0.000000e+00 1.000000e+00 0.000000e+00
    outer loop
      vertex   9.395111e+01 -2.750000e+00 -2.343480e+01
      vertex   9.540000e+01 -2.750000e+00 -2.454657e+01
      vertex   9.410096e+01 -2.750000e+00 -2.379657e+01
    endloop
  endfacet
  facet normal 0.000000e+00 1.000000e+00 0.000000e+00
    outer loop
      vertex   9.410096e+01 -2.750000e+00 -2.379657e+01
      vertex   9.540000e+01 -2.750000e+00 -2.454657e+01
      vertex   9.433934e+01 -2.750000e+00 -2.410723e+01
    endloop
  endfacet
  facet normal 0.000000e+00 1.000000e+00 0.000000e+00
    outer loop
      vertex   9.433934e+01 -2.750000e+00 -2.410723e+01
      vertex   9.540000e+01 -2.750000e+00 -2.454657e+01
      vertex   9.465000e+01 -2.750000e+00 -2.434561e+01
    endloop
  endfacet
  facet normal 0.000000e+00 1.000000e+00 0.000000e+00
    outer loop
      vertex   9.465000e+01 -2.750000e+00 -2.434561e+01
      vertex   9.540000e+01 -2.750000e+00 -2.454657e+01
      vertex   9.501177e+01 -2.750000e+00 -2.449546e+01
    endloop
  endfacet
  facet normal 0.000000e+00 1.000000e+00 0.000000e+00
    outer loop
      vertex   9.884889e+01 -2.750000e+00 -2.343480e+01
      vertex   9.869904e+01 -2.750000e+00 -2.379657e+01
      vertex   9.740000e+01 -2.750000e+00 -2.454657e+01
    endloop
  endfacet
  facet normal 0.000000e+00 1.000000e+00 0.000000e+00
    outer loop
      vertex   9.740000e+01 -2.750000e+00 -2.454657e+01
      vertex   9.869904e+01 -2.750000e+00 -2.379657e+01
      vertex   9.846066e+01 -2.750000e+00 -2.410723e+01
    endloop
  endfacet
  facet normal 0.000000e+00 1.000000e+00 0.000000e+00
    outer loop
      vertex   9.740000e+01 -2.750000e+00 -2.454657e+01
      vertex   9.846066e+01 -2.750000e+00 -2.410723e+01
      vertex   9.815000e+01 -2.750000e+00 -2.434561e+01
    endloop
  endfacet
  facet normal 0.000000e+00 1.000000e+00 0.000000e+00
    outer loop
      vertex   9.815000e+01 -2.750000e+00 -2.434561e+01
      vertex   9.778823e+01 -2.750000e+00 -2.449546e+01
      vertex   9.740000e+01 -2.750000e+00 -2.454657e+01
    endloop
  endfacet
  facet normal 0.000000e+00 1.000000e+00 -0.000000e+00
    outer loop
      vertex   9.890000e+01 -2.750000e+00 -2.304657e+01
      vertex   9.390000e+01 -2.750000e+00 -2.304657e+01
      vertex   9.890000e+01 -2.750000e+00 -2.104657e+01
    endloop
  endfacet
  facet normal 0.000000e+00 1.000000e+00 0.000000e+00
    outer loop
      vertex   9.890000e+01 -2.750000e+00 -2.104657e+01
      vertex   9.390000e+01 -2.750000e+00 -2.304657e+01
      vertex   9.390000e+01 -2.750000e+00 -2.104657e+01
    endloop
  endfacet
  facet normal 0.000000e+00 1.000000e+00 0.000000e+00
    outer loop
      vertex   9.890000e+01 -2.750000e+00 -2.104657e+01
      vertex   9.390000e+01 -2.750000e+00 -2.104657e+01
      vertex   9.740000e+01 -2.750000e+00 -1.954657e+01
    endloop
  endfacet
  facet normal 0.000000e+00 1.000000e+00 0.000000e+00
    outer loop
      vertex   9.740000e+01 -2.750000e+00 -1.954657e+01
      vertex   9.390000e+01 -2.750000e+00 -2.104657e+01
      vertex   9.540000e+01 -2.750000e+00 -1.954657e+01
    endloop
  endfacet
  facet normal 0.000000e+00 1.000000e+00 0.000000e+00
    outer loop
      vertex   9.540000e+01 -2.750000e+00 -1.954657e+01
      vertex   9.390000e+01 -2.750000e+00 -2.104657e+01
      vertex   9.501177e+01 -2.750000e+00 -1.959768e+01
    endloop
  endfacet
  facet normal 0.000000e+00 1.000000e+00 0.000000e+00
    outer loop
      vertex   9.501177e+01 -2.750000e+00 -1.959768e+01
      vertex   9.390000e+01 -2.750000e+00 -2.104657e+01
      vertex   9.465000e+01 -2.750000e+00 -1.974753e+01
    endloop
  endfacet
  facet normal 0.000000e+00 1.000000e+00 0.000000e+00
    outer loop
      vertex   9.465000e+01 -2.750000e+00 -1.974753e+01
      vertex   9.390000e+01 -2.750000e+00 -2.104657e+01
      vertex   9.433934e+01 -2.750000e+00 -1.998591e+01
    endloop
  endfacet
  facet normal 0.000000e+00 1.000000e+00 0.000000e+00
    outer loop
      vertex   9.433934e+01 -2.750000e+00 -1.998591e+01
      vertex   9.390000e+01 -2.750000e+00 -2.104657e+01
      vertex   9.410096e+01 -2.750000e+00 -2.029657e+01
    endloop
  endfacet
  facet normal 0.000000e+00 1.000000e+00 0.000000e+00
    outer loop
      vertex   9.410096e+01 -2.750000e+00 -2.029657e+01
      vertex   9.390000e+01 -2.750000e+00 -2.104657e+01
      vertex   9.395111e+01 -2.750000e+00 -2.065834e+01
    endloop
  endfacet
  facet normal 0.000000e+00 1.000000e+00 0.000000e+00
    outer loop
      vertex   9.740000e+01 -2.750000e+00 -1.954657e+01
      vertex   9.778823e+01 -2.750000e+00 -1.959768e+01
      vertex   9.890000e+01 -2.750000e+00 -2.104657e+01
    endloop
  endfacet
  facet normal 0.000000e+00 1.000000e+00 0.000000e+00
    outer loop
      vertex   9.890000e+01 -2.750000e+00 -2.104657e+01
      vertex   9.778823e+01 -2.750000e+00 -1.959768e+01
      vertex   9.815000e+01 -2.750000e+00 -1.974753e+01
    endloop
  endfacet
  facet normal 0.000000e+00 1.000000e+00 0.000000e+00
    outer loop
      vertex   9.890000e+01 -2.750000e+00 -2.104657e+01
      vertex   9.815000e+01 -2.750000e+00 -1.974753e+01
      vertex   9.846066e+01 -2.750000e+00 -1.998591e+01
    endloop
  endfacet
  facet normal 0.000000e+00 1.000000e+00 0.000000e+00
    outer loop
      vertex   9.846066e+01 -2.750000e+00 -1.998591e+01
      vertex   9.869904e+01 -2.750000e+00 -2.029657e+01
      vertex   9.890000e+01 -2.750000e+00 -2.104657e+01
    endloop
  endfacet
  facet normal 0.000000e+00 1.000000e+00 0.000000e+00
    outer loop
      vertex   9.890000e+01 -2.750000e+00 -2.104657e+01
      vertex   9.869904e+01 -2.750000e+00 -2.029657e+01
      vertex   9.884889e+01 -2.750000e+00 -2.065834e+01
    endloop
  endfacet
  facet normal -9.937122e-01 0.000000e+00 -1.119645e-01
    outer loop
      vertex   9.340000e+01 -4.100000e+00 -2.304657e+01
      vertex   9.340000e+01 -3.250000e+00 -2.304657e+01
      vertex   9.345014e+01 -4.100000e+00 -2.349161e+01
    endloop
  endfacet
  facet normal -9.937122e-01 0.000000e+00 -1.119645e-01
    outer loop
      vertex   9.345014e+01 -4.100000e+00 -2.349161e+01
      vertex   9.340000e+01 -3.250000e+00 -2.304657e+01
      vertex   9.345014e+01 -3.250000e+00 -2.349161e+01
    endloop
  endfacet
  facet normal -9.438833e-01 0.000000e+00 -3.302791e-01
    outer loop
      vertex   9.345014e+01 -4.100000e+00 -2.349161e+01
      vertex   9.345014e+01 -3.250000e+00 -2.349161e+01
      vertex   9.359806e+01 -4.100000e+00 -2.391434e+01
    endloop
  endfacet
  facet normal -9.438833e-01 0.000000e+00 -3.302791e-01
    outer loop
      vertex   9.359806e+01 -4.100000e+00 -2.391434e+01
      vertex   9.345014e+01 -3.250000e+00 -2.349161e+01
      vertex   9.359806e+01 -3.250000e+00 -2.391434e+01
    endloop
  endfacet
  facet normal -8.467242e-01 0.000000e+00 -5.320321e-01
    outer loop
      vertex   9.359806e+01 -4.100000e+00 -2.391434e+01
      vertex   9.359806e+01 -3.250000e+00 -2.391434e+01
      vertex   9.383634e+01 -4.100000e+00 -2.429355e+01
    endloop
  endfacet
  facet normal -8.467242e-01 0.000000e+00 -5.320321e-01
    outer loop
      vertex   9.383634e+01 -4.100000e+00 -2.429355e+01
      vertex   9.359806e+01 -3.250000e+00 -2.391434e+01
      vertex   9.383634e+01 -3.250000e+00 -2.429355e+01
    endloop
  endfacet
  facet normal -7.071068e-01 0.000000e+00 -7.071068e-01
    outer loop
      vertex   9.383634e+01 -4.100000e+00 -2.429355e+01
      vertex   9.383634e+01 -3.250000e+00 -2.429355e+01
      vertex   9.415302e+01 -4.100000e+00 -2.461023e+01
    endloop
  endfacet
  facet normal -7.071068e-01 0.000000e+00 -7.071068e-01
    outer loop
      vertex   9.415302e+01 -4.100000e+00 -2.461023e+01
      vertex   9.383634e+01 -3.250000e+00 -2.429355e+01
      vertex   9.415302e+01 -3.250000e+00 -2.461023e+01
    endloop
  endfacet
  facet normal -5.320321e-01 0.000000e+00 -8.467242e-01
    outer loop
      vertex   9.415302e+01 -4.100000e+00 -2.461023e+01
      vertex   9.415302e+01 -3.250000e+00 -2.461023e+01
      vertex   9.453223e+01 -4.100000e+00 -2.484851e+01
    endloop
  endfacet
  facet normal -5.320321e-01 0.000000e+00 -8.467242e-01
    outer loop
      vertex   9.453223e+01 -4.100000e+00 -2.484851e+01
      vertex   9.415302e+01 -3.250000e+00 -2.461023e+01
      vertex   9.453223e+01 -3.250000e+00 -2.484851e+01
    endloop
  endfacet
  facet normal -3.302791e-01 0.000000e+00 -9.438833e-01
    outer loop
      vertex   9.453223e+01 -4.100000e+00 -2.484851e+01
      vertex   9.453223e+01 -3.250000e+00 -2.484851e+01
      vertex   9.495496e+01 -4.100000e+00 -2.499643e+01
    endloop
  endfacet
  facet normal -3.302791e-01 0.000000e+00 -9.438833e-01
    outer loop
      vertex   9.495496e+01 -4.100000e+00 -2.499643e+01
      vertex   9.453223e+01 -3.250000e+00 -2.484851e+01
      vertex   9.495496e+01 -3.250000e+00 -2.499643e+01
    endloop
  endfacet
  facet normal -1.119645e-01 0.000000e+00 -9.937122e-01
    outer loop
      vertex   9.495496e+01 -4.100000e+00 -2.499643e+01
      vertex   9.495496e+01 -3.250000e+00 -2.499643e+01
      vertex   9.540000e+01 -4.100000e+00 -2.504657e+01
    endloop
  endfacet
  facet normal -1.119645e-01 0.000000e+00 -9.937122e-01
    outer loop
      vertex   9.540000e+01 -4.100000e+00 -2.504657e+01
      vertex   9.495496e+01 -3.250000e+00 -2.499643e+01
      vertex   9.540000e+01 -3.250000e+00 -2.504657e+01
    endloop
  endfacet
  facet normal 1.776357e-15 0.000000e+00 -1.000000e+00
    outer loop
      vertex   9.540000e+01 -3.250000e+00 -2.504657e+01
      vertex   9.740000e+01 -3.250000e+00 -2.504657e+01
      vertex   9.540000e+01 -4.100000e+00 -2.504657e+01
    endloop
  endfacet
  facet normal 1.776357e-15 0.000000e+00 -1.000000e+00
    outer loop
      vertex   9.540000e+01 -4.100000e+00 -2.504657e+01
      vertex   9.740000e+01 -3.250000e+00 -2.504657e+01
      vertex   9.740000e+01 -4.100000e+00 -2.504657e+01
    endloop
  endfacet
  facet normal -1.119645e-01 0.000000e+00 9.937122e-01
    outer loop
      vertex   9.540000e+01 -4.100000e+00 -1.904657e+01
      vertex   9.540000e+01 -3.250000e+00 -1.904657e+01
      vertex   9.495496e+01 -4.100000e+00 -1.909672e+01
    endloop
  endfacet
  facet normal -1.119645e-01 0.000000e+00 9.937122e-01
    outer loop
      vertex   9.495496e+01 -4.100000e+00 -1.909672e+01
      vertex   9.540000e+01 -3.250000e+00 -1.904657e+01
      vertex   9.495496e+01 -3.250000e+00 -1.909672e+01
    endloop
  endfacet
  facet normal -3.302791e-01 0.000000e+00 9.438833e-01
    outer loop
      vertex   9.495496e+01 -4.100000e+00 -1.909672e+01
      vertex   9.495496e+01 -3.250000e+00 -1.909672e+01
      vertex   9.453223e+01 -4.100000e+00 -1.924463e+01
    endloop
  endfacet
  facet normal -3.302791e-01 0.000000e+00 9.438833e-01
    outer loop
      vertex   9.453223e+01 -4.100000e+00 -1.924463e+01
      vertex   9.495496e+01 -3.250000e+00 -1.909672e+01
      vertex   9.453223e+01 -3.250000e+00 -1.924463e+01
    endloop
  endfacet
  facet normal -5.320321e-01 0.000000e+00 8.467242e-01
    outer loop
      vertex   9.453223e+01 -4.100000e+00 -1.924463e+01
      vertex   9.453223e+01 -3.250000e+00 -1.924463e+01
      vertex   9.415302e+01 -4.100000e+00 -1.948291e+01
    endloop
  endfacet
  facet normal -5.320321e-01 0.000000e+00 8.467242e-01
    outer loop
      vertex   9.415302e+01 -4.100000e+00 -1.948291e+01
      vertex   9.453223e+01 -3.250000e+00 -1.924463e+01
      vertex   9.415302e+01 -3.250000e+00 -1.948291e+01
    endloop
  endfacet
  facet normal -7.071068e-01 0.000000e+00 7.071068e-01
    outer loop
      vertex   9.415302e+01 -4.100000e+00 -1.948291e+01
      vertex   9.415302e+01 -3.250000e+00 -1.948291e+01
      vertex   9.383634e+01 -4.100000e+00 -1.979959e+01
    endloop
  endfacet
  facet normal -7.071068e-01 0.000000e+00 7.071068e-01
    outer loop
      vertex   9.383634e+01 -4.100000e+00 -1.979959e+01
      vertex   9.415302e+01 -3.250000e+00 -1.948291e+01
      vertex   9.383634e+01 -3.250000e+00 -1.979959e+01
    endloop
  endfacet
  facet normal -8.467242e-01 0.000000e+00 5.320321e-01
    outer loop
      vertex   9.383634e+01 -4.100000e+00 -1.979959e+01
      vertex   9.383634e+01 -3.250000e+00 -1.979959e+01
      vertex   9.359806e+01 -4.100000e+00 -2.017880e+01
    endloop
  endfacet
  facet normal -8.467242e-01 0.000000e+00 5.320321e-01
    outer loop
      vertex   9.359806e+01 -4.100000e+00 -2.017880e+01
      vertex   9.383634e+01 -3.250000e+00 -1.979959e+01
      vertex   9.359806e+01 -3.250000e+00 -2.017880e+01
    endloop
  endfacet
  facet normal -9.438833e-01 0.000000e+00 3.302791e-01
    outer loop
      vertex   9.359806e+01 -4.100000e+00 -2.017880e+01
      vertex   9.359806e+01 -3.250000e+00 -2.017880e+01
      vertex   9.345014e+01 -4.100000e+00 -2.060153e+01
    endloop
  endfacet
  facet normal -9.438833e-01 0.000000e+00 3.302791e-01
    outer loop
      vertex   9.345014e+01 -4.100000e+00 -2.060153e+01
      vertex   9.359806e+01 -3.250000e+00 -2.017880e+01
      vertex   9.345014e+01 -3.250000e+00 -2.060153e+01
    endloop
  endfacet
  facet normal -9.937122e-01 0.000000e+00 1.119645e-01
    outer loop
      vertex   9.345014e+01 -4.100000e+00 -2.060153e+01
      vertex   9.345014e+01 -3.250000e+00 -2.060153e+01
      vertex   9.340000e+01 -4.100000e+00 -2.104657e+01
    endloop
  endfacet
  facet normal -9.937122e-01 0.000000e+00 1.119645e-01
    outer loop
      vertex   9.340000e+01 -4.100000e+00 -2.104657e+01
      vertex   9.345014e+01 -3.250000e+00 -2.060153e+01
      vertex   9.340000e+01 -3.250000e+00 -2.104657e+01
    endloop
  endfacet
  facet normal -1.000000e+00 -0.000000e+00 -7.105427e-15
    outer loop
      vertex   9.340000e+01 -3.250000e+00 -2.104657e+01
      vertex   9.340000e+01 -3.250000e+00 -2.304657e+01
      vertex   9.340000e+01 -4.100000e+00 -2.104657e+01
    endloop
  endfacet
  facet normal -1.000000e+00 0.000000e+00 -7.105427e-15
    outer loop
      vertex   9.340000e+01 -4.100000e+00 -2.104657e+01
      vertex   9.340000e+01 -3.250000e+00 -2.304657e+01
      vertex   9.340000e+01 -4.100000e+00 -2.304657e+01
    endloop
  endfacet
  facet normal -1.000000e+00 0.000000e+00 -0.000000e+00
    outer loop
      vertex   1.052750e+02 -1.600000e+00 -3.400000e+01
      vertex   1.052750e+02 -1.600000e+00 -3.550000e+01
      vertex   1.052750e+02 -2.900000e+00 -3.400000e+01
    endloop
  endfacet
  facet normal -1.000000e+00 0.000000e+00 0.000000e+00
    outer loop
      vertex   1.052750e+02 -2.900000e+00 -3.400000e+01
      vertex   1.052750e+02 -1.600000e+00 -3.550000e+01
      vertex   1.052750e+02 -2.900000e+00 -3.550000e+01
    endloop
  endfacet
  facet normal 1.000000e+00 -0.000000e+00 0.000000e+00
    outer loop
      vertex   8.752500e+01 -2.900000e+00 -3.400000e+01
      vertex   8.752500e+01 -2.900000e+00 -3.550000e+01
      vertex   8.752500e+01 -1.600000e+00 -3.400000e+01
    endloop
  endfacet
  facet normal 1.000000e+00 0.000000e+00 0.000000e+00
    outer loop
      vertex   8.752500e+01 -1.600000e+00 -3.400000e+01
      vertex   8.752500e+01 -2.900000e+00 -3.550000e+01
      vertex   8.752500e+01 -1.600000e+00 -3.550000e+01
    endloop
  endfacet
  facet normal 0.000000e+00 1.000000e+00 0.000000e+00
    outer loop
      vertex   1.052750e+02 -2.900000e+00 -3.400000e+01
      vertex   1.052750e+02 -2.900000e+00 -3.550000e+01
      vertex   8.752500e+01 -2.900000e+00 -3.400000e+01
    endloop
  endfacet
  facet normal 0.000000e+00 1.000000e+00 0.000000e+00
    outer loop
      vertex   8.752500e+01 -2.900000e+00 -3.400000e+01
      vertex   1.052750e+02 -2.900000e+00 -3.550000e+01
      vertex   8.752500e+01 -2.900000e+00 -3.550000e+01
    endloop
  endfacet
  facet normal 0.000000e+00 0.000000e+00 -1.000000e+00
    outer loop
      vertex   1.052750e+02 -1.600000e+00 -3.550000e+01
      vertex   1.084000e+02 -1.600000e+00 -3.550000e+01
      vertex   1.052750e+02 -2.900000e+00 -3.550000e+01
    endloop
  endfacet
  facet normal 0.000000e+00 0.000000e+00 -1.000000e+00
    outer loop
      vertex   1.052750e+02 -2.900000e+00 -3.550000e+01
      vertex   1.084000e+02 -1.600000e+00 -3.550000e+01
      vertex   1.084000e+02 -5.900000e+00 -3.550000e+01
    endloop
  endfacet
  facet normal 8.006115e-16 8.339703e-16 -1.000000e+00
    outer loop
      vertex   1.052750e+02 -2.900000e+00 -3.550000e+01
      vertex   1.084000e+02 -5.900000e+00 -3.550000e+01
      vertex   8.752500e+01 -2.900000e+00 -3.550000e+01
    endloop
  endfacet
  facet normal 8.198570e-16 9.678867e-16 -1.000000e+00
    outer loop
      vertex   8.752500e+01 -2.900000e+00 -3.550000e+01
      vertex   1.084000e+02 -5.900000e+00 -3.550000e+01
      vertex   8.240000e+01 -5.900000e+00 -3.550000e+01
    endloop
  endfacet
  facet normal 1.386425e-15 0.000000e+00 -1.000000e+00
    outer loop
      vertex   8.752500e+01 -2.900000e+00 -3.550000e+01
      vertex   8.240000e+01 -5.900000e+00 -3.550000e+01
      vertex   8.240000e+01 -1.600000e+00 -3.550000e+01
    endloop
  endfacet
  facet normal 1.386425e-15 0.000000e+00 -1.000000e+00
    outer loop
      vertex   8.240000e+01 -1.600000e+00 -3.550000e+01
      vertex   8.752500e+01 -1.600000e+00 -3.550000e+01
      vertex   8.752500e+01 -2.900000e+00 -3.550000e+01
    endloop
  endfacet
  facet normal 0.000000e+00 1.000000e+00 -0.000000e+00
    outer loop
      vertex   8.752500e+01 -1.600000e+00 -3.550000e+01
      vertex   8.240000e+01 -1.600000e+00 -3.550000e+01
      vertex   8.752500e+01 -1.600000e+00 -3.400000e+01
    endloop
  endfacet
  facet normal 0.000000e+00 1.000000e+00 0.000000e+00
    outer loop
      vertex   8.752500e+01 -1.600000e+00 -3.400000e+01
      vertex   8.240000e+01 -1.600000e+00 -3.550000e+01
      vertex   8.240000e+01 -1.600000e+00 -3.400000e+01
    endloop
  endfacet
  facet normal 0.000000e+00 1.000000e+00 0.000000e+00
    outer loop
      vertex   8.240000e+01 -1.600000e+00 -3.400000e+01
      vertex   8.240000e+01 -1.600000e+00 -3.550000e+01
      vertex   8.227059e+01 -1.600000e+00 -3.398296e+01
    endloop
  endfacet
  facet normal 0.000000e+00 1.000000e+00 0.000000e+00
    outer loop
      vertex   8.227059e+01 -1.600000e+00 -3.398296e+01
      vertex   8.240000e+01 -1.600000e+00 -3.550000e+01
      vertex   8.195496e+01 -1.600000e+00 -3.544986e+01
    endloop
  endfacet
  facet normal 0.000000e+00 1.000000e+00 0.000000e+00
    outer loop
      vertex   8.227059e+01 -1.600000e+00 -3.398296e+01
      vertex   8.195496e+01 -1.600000e+00 -3.544986e+01
      vertex   8.215000e+01 -1.600000e+00 -3.393301e+01
    endloop
  endfacet
  facet normal 0.000000e+00 1.000000e+00 0.000000e+00
    outer loop
      vertex   8.215000e+01 -1.600000e+00 -3.393301e+01
      vertex   8.195496e+01 -1.600000e+00 -3.544986e+01
      vertex   8.204645e+01 -1.600000e+00 -3.385355e+01
    endloop
  endfacet
  facet normal 0.000000e+00 1.000000e+00 0.000000e+00
    outer loop
      vertex   8.204645e+01 -1.600000e+00 -3.385355e+01
      vertex   8.195496e+01 -1.600000e+00 -3.544986e+01
      vertex   8.196699e+01 -1.600000e+00 -3.375000e+01
    endloop
  endfacet
  facet normal 0.000000e+00 1.000000e+00 0.000000e+00
    outer loop
      vertex   8.196699e+01 -1.600000e+00 -3.375000e+01
      vertex   8.195496e+01 -1.600000e+00 -3.544986e+01
      vertex   8.153223e+01 -1.600000e+00 -3.530194e+01
    endloop
  endfacet
  facet normal 0.000000e+00 1.000000e+00 0.000000e+00
    outer loop
      vertex   8.196699e+01 -1.600000e+00 -3.375000e+01
      vertex   8.153223e+01 -1.600000e+00 -3.530194e+01
      vertex   8.191704e+01 -1.600000e+00 -3.362941e+01
    endloop
  endfacet
  facet normal 0.000000e+00 1.000000e+00 0.000000e+00
    outer loop
      vertex   8.191704e+01 -1.600000e+00 -3.362941e+01
      vertex   8.153223e+01 -1.600000e+00 -3.530194e+01
      vertex   8.115302e+01 -1.600000e+00 -3.506366e+01
    endloop
  endfacet
  facet normal 0.000000e+00 1.000000e+00 0.000000e+00
    outer loop
      vertex   8.191704e+01 -1.600000e+00 -3.362941e+01
      vertex   8.115302e+01 -1.600000e+00 -3.506366e+01
      vertex   8.190000e+01 -1.600000e+00 -3.350000e+01
    endloop
  endfacet
  facet normal 0.000000e+00 1.000000e+00 0.000000e+00
    outer loop
      vertex   8.190000e+01 -1.600000e+00 -3.350000e+01
      vertex   8.115302e+01 -1.600000e+00 -3.506366e+01
      vertex   8.083634e+01 -1.600000e+00 -3.474698e+01
    endloop
  endfacet
  facet normal 0.000000e+00 1.000000e+00 0.000000e+00
    outer loop
      vertex   8.190000e+01 -1.600000e+00 -3.350000e+01
      vertex   8.083634e+01 -1.600000e+00 -3.474698e+01
      vertex   8.059806e+01 -1.600000e+00 -3.436777e+01
    endloop
  endfacet
  facet normal -0.000000e+00 1.000000e+00 -0.000000e+00
    outer loop
      vertex   8.045014e+01 -1.600000e+00 -3.394504e+01
      vertex   8.040000e+01 -1.600000e+00 -3.350000e+01
      vertex   8.059806e+01 -1.600000e+00 -3.436777e+01
    endloop
  endfacet
  facet normal 0.000000e+00 1.000000e+00 -0.000000e+00
    outer loop
      vertex   8.059806e+01 -1.600000e+00 -3.436777e+01
      vertex   8.040000e+01 -1.600000e+00 -3.350000e+01
      vertex   8.190000e+01 -1.600000e+00 -3.350000e+01
    endloop
  endfacet
  facet normal -0.000000e+00 1.000000e+00 0.000000e+00
    outer loop
      vertex   8.040000e+01 -1.600000e+00 -1.900049e+01
      vertex   8.190000e+01 -1.600000e+00 -1.900049e+01
      vertex   8.040000e+01 -1.600000e+00 -3.350000e+01
    endloop
  endfacet
  facet normal 0.000000e+00 1.000000e+00 0.000000e+00
    outer loop
      vertex   8.040000e+01 -1.600000e+00 -3.350000e+01
      vertex   8.190000e+01 -1.600000e+00 -1.900049e+01
      vertex   8.190000e+01 -1.600000e+00 -3.350000e+01
    endloop
  endfacet
  facet normal 0.000000e+00 0.000000e+00 1.000000e+00
    outer loop
      vertex   8.190000e+01 -1.600000e+00 -1.900049e+01
      vertex   8.040000e+01 -1.600000e+00 -1.900049e+01
      vertex   8.190000e+01 -3.500000e+00 -1.900049e+01
    endloop
  endfacet
  facet normal 0.000000e+00 0.000000e+00 1.000000e+00
    outer loop
      vertex   8.190000e+01 -3.500000e+00 -1.900049e+01
      vertex   8.040000e+01 -1.600000e+00 -1.900049e+01
      vertex   8.040000e+01 -3.500000e+00 -1.900049e+01
    endloop
  endfacet
  facet normal 0.000000e+00 0.000000e+00 -1.000000e+00
    outer loop
      vertex   8.040000e+01 -1.600000e+00 -1.300049e+01
      vertex   8.190000e+01 -1.600000e+00 -1.300049e+01
      vertex   8.040000e+01 -3.500000e+00 -1.300049e+01
    endloop
  endfacet
  facet normal 0.000000e+00 0.000000e+00 -1.000000e+00
    outer loop
      vertex   8.040000e+01 -3.500000e+00 -1.300049e+01
      vertex   8.190000e+01 -1.600000e+00 -1.300049e+01
      vertex   8.190000e+01 -3.500000e+00 -1.300049e+01
    endloop
  endfacet
  facet normal 0.000000e+00 1.000000e+00 0.000000e+00
    outer loop
      vertex   8.190000e+01 -3.500000e+00 -1.300049e+01
      vertex   8.190000e+01 -3.500000e+00 -1.900049e+01
      vertex   8.040000e+01 -3.500000e+00 -1.300049e+01
    endloop
  endfacet
  facet normal 0.000000e+00 1.000000e+00 0.000000e+00
    outer loop
      vertex   8.040000e+01 -3.500000e+00 -1.300049e+01
      vertex   8.190000e+01 -3.500000e+00 -1.900049e+01
      vertex   8.040000e+01 -3.500000e+00 -1.900049e+01
    endloop
  endfacet
  facet normal 0.000000e+00 0.000000e+00 1.000000e+00
    outer loop
      vertex   8.190000e+01 -1.600000e+00 -9.751526e+00
      vertex   8.040000e+01 -1.600000e+00 -9.751526e+00
      vertex   8.190000e+01 -3.500000e+00 -9.751526e+00
    endloop
  endfacet
  facet normal 0.000000e+00 0.000000e+00 1.000000e+00
    outer loop
      vertex   8.190000e+01 -3.500000e+00 -9.751526e+00
      vertex   8.040000e+01 -1.600000e+00 -9.751526e+00
      vertex   8.040000e+01 -3.500000e+00 -9.751526e+00
    endloop
  endfacet
  facet normal 8.881784e-16 0.000000e+00 -1.000000e+00
    outer loop
      vertex   8.040000e+01 -1.600000e+00 -1.251526e+00
      vertex   8.190000e+01 -1.600000e+00 -1.251526e+00
      vertex   8.040000e+01 -3.500000e+00 -1.251526e+00
    endloop
  endfacet
  facet normal 8.881784e-16 0.000000e+00 -1.000000e+00
    outer loop
      vertex   8.040000e+01 -3.500000e+00 -1.251526e+00
      vertex   8.190000e+01 -1.600000e+00 -1.251526e+00
      vertex   8.190000e+01 -3.500000e+00 -1.251526e+00
    endloop
  endfacet
  facet normal 0.000000e+00 1.000000e+00 0.000000e+00
    outer loop
      vertex   8.190000e+01 -3.500000e+00 -1.251526e+00
      vertex   8.190000e+01 -3.500000e+00 -9.751526e+00
      vertex   8.040000e+01 -3.500000e+00 -1.251526e+00
    endloop
  endfacet
  facet normal 0.000000e+00 1.000000e+00 0.000000e+00
    outer loop
      vertex   8.040000e+01 -3.500000e+00 -1.251526e+00
      vertex   8.190000e+01 -3.500000e+00 -9.751526e+00
      vertex   8.040000e+01 -3.500000e+00 -9.751526e+00
    endloop
  endfacet
  facet normal 0.000000e+00 1.000000e+00 0.000000e+00
    outer loop
      vertex   1.052750e+02 -1.600000e+00 -3.550000e+01
      vertex   1.052750e+02 -1.600000e+00 -3.400000e+01
      vertex   1.084000e+02 -1.600000e+00 -3.550000e+01
    endloop
  endfacet
  facet normal 0.000000e+00 1.000000e+00 0.000000e+00
    outer loop
      vertex   1.084000e+02 -1.600000e+00 -3.550000e+01
      vertex   1.052750e+02 -1.600000e+00 -3.400000e+01
      vertex   1.084000e+02 -1.600000e+00 -3.400000e+01
    endloop
  endfacet
  facet normal 0.000000e+00 1.000000e+00 -0.000000e+00
    outer loop
      vertex   1.084000e+02 -1.600000e+00 -3.550000e+01
      vertex   1.084000e+02 -1.600000e+00 -3.400000e+01
      vertex   1.090078e+02 -1.600000e+00 -3.405317e+01
    endloop
  endfacet
  facet normal -0.000000e+00 1.000000e+00 0.000000e+00
    outer loop
      vertex   1.084000e+02 -1.600000e+00 -3.550000e+01
      vertex   1.090078e+02 -1.600000e+00 -3.405317e+01
      vertex   1.088450e+02 -1.600000e+00 -3.555014e+01
    endloop
  endfacet
  facet normal 0.000000e+00 1.000000e+00 0.000000e+00
    outer loop
      vertex   1.088450e+02 -1.600000e+00 -3.555014e+01
      vertex   1.090078e+02 -1.600000e+00 -3.405317e+01
      vertex   1.095971e+02 -1.600000e+00 -3.421108e+01
    endloop
  endfacet
  facet normal 0.000000e+00 1.000000e+00 0.000000e+00
    outer loop
      vertex   1.088450e+02 -1.600000e+00 -3.555014e+01
      vertex   1.095971e+02 -1.600000e+00 -3.421108e+01
      vertex   1.101500e+02 -1.600000e+00 -3.446891e+01
    endloop
  endfacet
  facet normal -0.000000e+00 1.000000e+00 0.000000e+00
    outer loop
      vertex   1.088450e+02 -1.600000e+00 -3.555014e+01
      vertex   1.101500e+02 -1.600000e+00 -3.446891e+01
      vertex   1.092678e+02 -1.600000e+00 -3.569806e+01
    endloop
  endfacet
  facet normal 0.000000e+00 1.000000e+00 0.000000e+00
    outer loop
      vertex   1.092678e+02 -1.600000e+00 -3.569806e+01
      vertex   1.101500e+02 -1.600000e+00 -3.446891e+01
      vertex   1.106498e+02 -1.600000e+00 -3.481884e+01
    endloop
  endfacet
  facet normal 0.000000e+00 1.000000e+00 0.000000e+00
    outer loop
      vertex   1.092678e+02 -1.600000e+00 -3.569806e+01
      vertex   1.106498e+02 -1.600000e+00 -3.481884e+01
      vertex   1.110812e+02 -1.600000e+00 -3.525024e+01
    endloop
  endfacet
  facet normal -0.000000e+00 1.000000e+00 0.000000e+00
    outer loop
      vertex   1.092678e+02 -1.600000e+00 -3.569806e+01
      vertex   1.110812e+02 -1.600000e+00 -3.525024e+01
      vertex   1.096470e+02 -1.600000e+00 -3.593634e+01
    endloop
  endfacet
  facet normal 0.000000e+00 1.000000e+00 0.000000e+00
    outer loop
      vertex   1.096470e+02 -1.600000e+00 -3.593634e+01
      vertex   1.110812e+02 -1.600000e+00 -3.525024e+01
      vertex   1.114311e+02 -1.600000e+00 -3.575000e+01
    endloop
  endfacet
  facet normal -0.000000e+00 1.000000e+00 0.000000e+00
    outer loop
      vertex   1.096470e+02 -1.600000e+00 -3.593634e+01
      vertex   1.114311e+02 -1.600000e+00 -3.575000e+01
      vertex   1.099637e+02 -1.600000e+00 -3.625302e+01
    endloop
  endfacet
  facet normal -0.000000e+00 1.000000e+00 0.000000e+00
    outer loop
      vertex   1.099637e+02 -1.600000e+00 -3.625302e+01
      vertex   1.114311e+02 -1.600000e+00 -3.575000e+01
      vertex   1.116889e+02 -1.600000e+00 -3.630293e+01
    endloop
  endfacet
  facet normal 0.000000e+00 1.000000e+00 0.000000e+00
    outer loop
      vertex   1.099637e+02 -1.600000e+00 -3.625302e+01
      vertex   1.116889e+02 -1.600000e+00 -3.630293e+01
      vertex   1.102019e+02 -1.600000e+00 -3.663223e+01
    endloop
  endfacet
  facet normal -0.000000e+00 1.000000e+00 0.000000e+00
    outer loop
      vertex   1.102019e+02 -1.600000e+00 -3.663223e+01
      vertex   1.116889e+02 -1.600000e+00 -3.630293e+01
      vertex   1.118468e+02 -1.600000e+00 -3.689223e+01
    endloop
  endfacet
  facet normal 0.000000e+00 1.000000e+00 0.000000e+00
    outer loop
      vertex   1.102019e+02 -1.600000e+00 -3.663223e+01
      vertex   1.118468e+02 -1.600000e+00 -3.689223e+01
      vertex   1.103499e+02 -1.600000e+00 -3.705496e+01
    endloop
  endfacet
  facet normal -0.000000e+00 1.000000e+00 0.000000e+00
    outer loop
      vertex   1.103499e+02 -1.600000e+00 -3.705496e+01
      vertex   1.118468e+02 -1.600000e+00 -3.689223e+01
      vertex   1.119000e+02 -1.600000e+00 -3.750000e+01
    endloop
  endfacet
  facet normal 0.000000e+00 1.000000e+00 0.000000e+00
    outer loop
      vertex   1.103499e+02 -1.600000e+00 -3.705496e+01
      vertex   1.119000e+02 -1.600000e+00 -3.750000e+01
      vertex   1.104000e+02 -1.600000e+00 -3.750000e+01
    endloop
  endfacet
  facet normal -0.000000e+00 1.000000e+00 0.000000e+00
    outer loop
      vertex   1.104000e+02 -1.600000e+00 -3.750000e+01
      vertex   1.119000e+02 -1.600000e+00 -3.750000e+01
      vertex   1.104000e+02 -1.600000e+00 -6.000000e+01
    endloop
  endfacet
  facet normal 0.000000e+00 1.000000e+00 0.000000e+00
    outer loop
      vertex   1.104000e+02 -1.600000e+00 -6.000000e+01
      vertex   1.119000e+02 -1.600000e+00 -3.750000e+01
      vertex   1.119000e+02 -1.600000e+00 -6.000000e+01
    endloop
  endfacet
  facet normal -0.000000e+00 1.000000e+00 0.000000e+00
    outer loop
      vertex   1.104000e+02 -1.600000e+00 -6.000000e+01
      vertex   1.119000e+02 -1.600000e+00 -6.000000e+01
      vertex   1.119170e+02 -1.600000e+00 -6.012941e+01
    endloop
  endfacet
  facet normal 0.000000e+00 1.000000e+00 0.000000e+00
    outer loop
      vertex   1.104000e+02 -1.600000e+00 -6.000000e+01
      vertex   1.119170e+02 -1.600000e+00 -6.012941e+01
      vertex   1.104501e+02 -1.600000e+00 -6.044504e+01
    endloop
  endfacet
  facet normal 0.000000e+00 1.000000e+00 0.000000e+00
    outer loop
      vertex   1.104501e+02 -1.600000e+00 -6.044504e+01
      vertex   1.119170e+02 -1.600000e+00 -6.012941e+01
      vertex   1.119670e+02 -1.600000e+00 -6.025000e+01
    endloop
  endfacet
  facet normal 0.000000e+00 1.000000e+00 0.000000e+00
    outer loop
      vertex   1.104501e+02 -1.600000e+00 -6.044504e+01
      vertex   1.119670e+02 -1.600000e+00 -6.025000e+01
      vertex   1.120464e+02 -1.600000e+00 -6.035355e+01
    endloop
  endfacet
  facet normal -0.000000e+00 1.000000e+00 0.000000e+00
    outer loop
      vertex   1.104501e+02 -1.600000e+00 -6.044504e+01
      vertex   1.120464e+02 -1.600000e+00 -6.035355e+01
      vertex   1.105981e+02 -1.600000e+00 -6.086777e+01
    endloop
  endfacet
  facet normal 0.000000e+00 1.000000e+00 0.000000e+00
    outer loop
      vertex   1.105981e+02 -1.600000e+00 -6.086777e+01
      vertex   1.120464e+02 -1.600000e+00 -6.035355e+01
      vertex   1.121500e+02 -1.600000e+00 -6.043301e+01
    endloop
  endfacet
  facet normal -0.000000e+00 1.000000e+00 0.000000e+00
    outer loop
      vertex   1.105981e+02 -1.600000e+00 -6.086777e+01
      vertex   1.121500e+02 -1.600000e+00 -6.043301e+01
      vertex   1.108363e+02 -1.600000e+00 -6.124698e+01
    endloop
  endfacet
  facet normal 0.000000e+00 1.000000e+00 0.000000e+00
    outer loop
      vertex   1.108363e+02 -1.600000e+00 -6.124698e+01
      vertex   1.121500e+02 -1.600000e+00 -6.043301e+01
      vertex   1.122706e+02 -1.600000e+00 -6.048296e+01
    endloop
  endfacet
  facet normal -0.000000e+00 1.000000e+00 0.000000e+00
    outer loop
      vertex   1.108363e+02 -1.600000e+00 -6.124698e+01
      vertex   1.122706e+02 -1.600000e+00 -6.048296e+01
      vertex   1.111530e+02 -1.600000e+00 -6.156366e+01
    endloop
  endfacet
  facet normal -0.000000e+00 1.000000e+00 0.000000e+00
    outer loop
      vertex   1.111530e+02 -1.600000e+00 -6.156366e+01
      vertex   1.122706e+02 -1.600000e+00 -6.048296e+01
      vertex   1.115322e+02 -1.600000e+00 -6.180194e+01
    endloop
  endfacet
  facet normal 0.000000e+00 1.000000e+00 0.000000e+00
    outer loop
      vertex   1.115322e+02 -1.600000e+00 -6.180194e+01
      vertex   1.122706e+02 -1.600000e+00 -6.048296e+01
      vertex   1.124000e+02 -1.600000e+00 -6.050000e+01
    endloop
  endfacet
  facet normal -0.000000e+00 1.000000e+00 0.000000e+00
    outer loop
      vertex   1.115322e+02 -1.600000e+00 -6.180194e+01
      vertex   1.124000e+02 -1.600000e+00 -6.050000e+01
      vertex   1.119550e+02 -1.600000e+00 -6.194986e+01
    endloop
  endfacet
  facet normal -0.000000e+00 1.000000e+00 0.000000e+00
    outer loop
      vertex   1.119550e+02 -1.600000e+00 -6.194986e+01
      vertex   1.124000e+02 -1.600000e+00 -6.050000e+01
      vertex   1.124000e+02 -1.600000e+00 -6.200000e+01
    endloop
  endfacet
  facet normal 0.000000e+00 1.000000e+00 0.000000e+00
    outer loop
      vertex   1.124000e+02 -1.600000e+00 -6.200000e+01
      vertex   1.124000e+02 -1.600000e+00 -6.050000e+01
      vertex   2.124000e+02 -1.600000e+00 -6.050000e+01
    endloop
  endfacet
  facet normal 0.000000e+00 1.000000e+00 0.000000e+00
    outer loop
      vertex   1.124000e+02 -1.600000e+00 -6.200000e+01
      vertex   2.124000e+02 -1.600000e+00 -6.050000e+01
      vertex   2.124000e+02 -1.600000e+00 -6.200000e+01
    endloop
  endfacet
  facet normal 0.000000e+00 1.000000e+00 0.000000e+00
    outer loop
      vertex   2.124000e+02 -1.600000e+00 -6.200000e+01
      vertex   2.124000e+02 -1.600000e+00 -6.050000e+01
      vertex   2.128450e+02 -1.600000e+00 -6.194986e+01
    endloop
  endfacet
  facet normal 0.000000e+00 1.000000e+00 -0.000000e+00
    outer loop
      vertex   2.128450e+02 -1.600000e+00 -6.194986e+01
      vertex   2.124000e+02 -1.600000e+00 -6.050000e+01
      vertex   2.132678e+02 -1.600000e+00 -6.180194e+01
    endloop
  endfacet
  facet normal 0.000000e+00 1.000000e+00 0.000000e+00
    outer loop
      vertex   2.132678e+02 -1.600000e+00 -6.180194e+01
      vertex   2.124000e+02 -1.600000e+00 -6.050000e+01
      vertex   2.125294e+02 -1.600000e+00 -6.048296e+01
    endloop
  endfacet
  facet normal 0.000000e+00 1.000000e+00 -0.000000e+00
    outer loop
      vertex   2.132678e+02 -1.600000e+00 -6.180194e+01
      vertex   2.125294e+02 -1.600000e+00 -6.048296e+01
      vertex   2.136470e+02 -1.600000e+00 -6.156366e+01
    endloop
  endfacet
  facet normal 0.000000e+00 1.000000e+00 -0.000000e+00
    outer loop
      vertex   2.136470e+02 -1.600000e+00 -6.156366e+01
      vertex   2.125294e+02 -1.600000e+00 -6.048296e+01
      vertex   2.139637e+02 -1.600000e+00 -6.124698e+01
    endloop
  endfacet
  facet normal 0.000000e+00 1.000000e+00 0.000000e+00
    outer loop
      vertex   2.139637e+02 -1.600000e+00 -6.124698e+01
      vertex   2.125294e+02 -1.600000e+00 -6.048296e+01
      vertex   2.126500e+02 -1.600000e+00 -6.043301e+01
    endloop
  endfacet
  facet normal 0.000000e+00 1.000000e+00 -0.000000e+00
    outer loop
      vertex   2.139637e+02 -1.600000e+00 -6.124698e+01
      vertex   2.126500e+02 -1.600000e+00 -6.043301e+01
      vertex   2.142019e+02 -1.600000e+00 -6.086777e+01
    endloop
  endfacet
  facet normal 0.000000e+00 1.000000e+00 0.000000e+00
    outer loop
      vertex   2.142019e+02 -1.600000e+00 -6.086777e+01
      vertex   2.126500e+02 -1.600000e+00 -6.043301e+01
      vertex   2.127536e+02 -1.600000e+00 -6.035355e+01
    endloop
  endfacet
  facet normal 0.000000e+00 1.000000e+00 -0.000000e+00
    outer loop
      vertex   2.142019e+02 -1.600000e+00 -6.086777e+01
      vertex   2.127536e+02 -1.600000e+00 -6.035355e+01
      vertex   2.143499e+02 -1.600000e+00 -6.044504e+01
    endloop
  endfacet
  facet normal 0.000000e+00 1.000000e+00 0.000000e+00
    outer loop
      vertex   2.143499e+02 -1.600000e+00 -6.044504e+01
      vertex   2.127536e+02 -1.600000e+00 -6.035355e+01
      vertex   2.128330e+02 -1.600000e+00 -6.025000e+01
    endloop
  endfacet
  facet normal 0.000000e+00 1.000000e+00 0.000000e+00
    outer loop
      vertex   2.143499e+02 -1.600000e+00 -6.044504e+01
      vertex   2.128330e+02 -1.600000e+00 -6.025000e+01
      vertex   2.128830e+02 -1.600000e+00 -6.012941e+01
    endloop
  endfacet
  facet normal 0.000000e+00 1.000000e+00 -0.000000e+00
    outer loop
      vertex   2.143499e+02 -1.600000e+00 -6.044504e+01
      vertex   2.128830e+02 -1.600000e+00 -6.012941e+01
      vertex   2.144000e+02 -1.600000e+00 -6.000000e+01
    endloop
  endfacet
  facet normal 0.000000e+00 1.000000e+00 0.000000e+00
    outer loop
      vertex   2.144000e+02 -1.600000e+00 -6.000000e+01
      vertex   2.128830e+02 -1.600000e+00 -6.012941e+01
      vertex   2.129000e+02 -1.600000e+00 -6.000000e+01
    endloop
  endfacet
  facet normal 0.000000e+00 1.000000e+00 0.000000e+00
    outer loop
      vertex   2.144000e+02 -1.600000e+00 -6.000000e+01
      vertex   2.129000e+02 -1.600000e+00 -6.000000e+01
      vertex   2.144000e+02 -1.600000e+00 8.749758e-14
    endloop
  endfacet
  facet normal 0.000000e+00 1.000000e+00 0.000000e+00
    outer loop
      vertex   2.144000e+02 -1.600000e+00 8.749758e-14
      vertex   2.129000e+02 -1.600000e+00 -6.000000e+01
      vertex   2.129000e+02 -1.600000e+00 8.653738e-14
    endloop
  endfacet
  facet normal 0.000000e+00 1.000000e+00 0.000000e+00
    outer loop
      vertex   2.144000e+02 -1.600000e+00 8.749758e-14
      vertex   2.129000e+02 -1.600000e+00 8.653738e-14
      vertex   2.128830e+02 -1.600000e+00 1.294095e-01
    endloop
  endfacet
  facet normal 0.000000e+00 1.000000e+00 0.000000e+00
    outer loop
      vertex   2.144000e+02 -1.600000e+00 8.749758e-14
      vertex   2.128830e+02 -1.600000e+00 1.294095e-01
      vertex   2.143499e+02 -1.600000e+00 4.450419e-01
    endloop
  endfacet
  facet normal 0.000000e+00 1.000000e+00 0.000000e+00
    outer loop
      vertex   2.143499e+02 -1.600000e+00 4.450419e-01
      vertex   2.128830e+02 -1.600000e+00 1.294095e-01
      vertex   2.128330e+02 -1.600000e+00 2.500000e-01
    endloop
  endfacet
  facet normal 0.000000e+00 1.000000e+00 0.000000e+00
    outer loop
      vertex   2.143499e+02 -1.600000e+00 4.450419e-01
      vertex   2.128330e+02 -1.600000e+00 2.500000e-01
      vertex   2.127536e+02 -1.600000e+00 3.535534e-01
    endloop
  endfacet
  facet normal 0.000000e+00 1.000000e+00 0.000000e+00
    outer loop
      vertex   2.143499e+02 -1.600000e+00 4.450419e-01
      vertex   2.127536e+02 -1.600000e+00 3.535534e-01
      vertex   2.142019e+02 -1.600000e+00 8.677675e-01
    endloop
  endfacet
  facet normal 0.000000e+00 1.000000e+00 0.000000e+00
    outer loop
      vertex   2.142019e+02 -1.600000e+00 8.677675e-01
      vertex   2.127536e+02 -1.600000e+00 3.535534e-01
      vertex   2.126500e+02 -1.600000e+00 4.330127e-01
    endloop
  endfacet
  facet normal 0.000000e+00 1.000000e+00 0.000000e+00
    outer loop
      vertex   2.142019e+02 -1.600000e+00 8.677675e-01
      vertex   2.126500e+02 -1.600000e+00 4.330127e-01
      vertex   2.139637e+02 -1.600000e+00 1.246980e+00
    endloop
  endfacet
  facet normal 0.000000e+00 1.000000e+00 0.000000e+00
    outer loop
      vertex   2.139637e+02 -1.600000e+00 1.246980e+00
      vertex   2.126500e+02 -1.600000e+00 4.330127e-01
      vertex   2.125294e+02 -1.600000e+00 4.829629e-01
    endloop
  endfacet
  facet normal 0.000000e+00 1.000000e+00 0.000000e+00
    outer loop
      vertex   2.139637e+02 -1.600000e+00 1.246980e+00
      vertex   2.125294e+02 -1.600000e+00 4.829629e-01
      vertex   2.136470e+02 -1.600000e+00 1.563663e+00
    endloop
  endfacet
  facet normal 0.000000e+00 1.000000e+00 0.000000e+00
    outer loop
      vertex   2.136470e+02 -1.600000e+00 1.563663e+00
      vertex   2.125294e+02 -1.600000e+00 4.829629e-01
      vertex   2.132678e+02 -1.600000e+00 1.801938e+00
    endloop
  endfacet
  facet normal 0.000000e+00 1.000000e+00 0.000000e+00
    outer loop
      vertex   2.132678e+02 -1.600000e+00 1.801938e+00
      vertex   2.125294e+02 -1.600000e+00 4.829629e-01
      vertex   2.124000e+02 -1.600000e+00 5.000000e-01
    endloop
  endfacet
  facet normal 0.000000e+00 1.000000e+00 0.000000e+00
    outer loop
      vertex   2.132678e+02 -1.600000e+00 1.801938e+00
      vertex   2.124000e+02 -1.600000e+00 5.000000e-01
      vertex   2.128450e+02 -1.600000e+00 1.949856e+00
    endloop
  endfacet
  facet normal 0.000000e+00 1.000000e+00 0.000000e+00
    outer loop
      vertex   2.128450e+02 -1.600000e+00 1.949856e+00
      vertex   2.124000e+02 -1.600000e+00 5.000000e-01
      vertex   2.124000e+02 -1.600000e+00 2.000000e+00
    endloop
  endfacet
  facet normal 0.000000e+00 1.000000e+00 0.000000e+00
    outer loop
      vertex   2.124000e+02 -1.600000e+00 2.000000e+00
      vertex   2.124000e+02 -1.600000e+00 5.000000e-01
      vertex   1.464000e+02 -1.600000e+00 2.000000e+00
    endloop
  endfacet
  facet normal 0.000000e+00 1.000000e+00 0.000000e+00
    outer loop
      vertex   1.464000e+02 -1.600000e+00 2.000000e+00
      vertex   2.124000e+02 -1.600000e+00 5.000000e-01
      vertex   1.464000e+02 -1.600000e+00 5.000000e-01
    endloop
  endfacet
  facet normal 0.000000e+00 1.000000e+00 0.000000e+00
    outer loop
      vertex   1.464000e+02 -1.600000e+00 2.000000e+00
      vertex   1.464000e+02 -1.600000e+00 5.000000e-01
      vertex   1.457922e+02 -1.600000e+00 5.531729e-01
    endloop
  endfacet
  facet normal 0.000000e+00 1.000000e+00 0.000000e+00
    outer loop
      vertex   1.464000e+02 -1.600000e+00 2.000000e+00
      vertex   1.457922e+02 -1.600000e+00 5.531729e-01
      vertex   1.459550e+02 -1.600000e+00 2.050144e+00
    endloop
  endfacet
  facet normal 0.000000e+00 1.000000e+00 0.000000e+00
    outer loop
      vertex   1.459550e+02 -1.600000e+00 2.050144e+00
      vertex   1.457922e+02 -1.600000e+00 5.531729e-01
      vertex   1.452029e+02 -1.600000e+00 7.110758e-01
    endloop
  endfacet
  facet normal 0.000000e+00 1.000000e+00 0.000000e+00
    outer loop
      vertex   1.459550e+02 -1.600000e+00 2.050144e+00
      vertex   1.452029e+02 -1.600000e+00 7.110758e-01
      vertex   1.446500e+02 -1.600000e+00 9.689111e-01
    endloop
  endfacet
  facet normal 0.000000e+00 1.000000e+00 0.000000e+00
    outer loop
      vertex   1.459550e+02 -1.600000e+00 2.050144e+00
      vertex   1.446500e+02 -1.600000e+00 9.689111e-01
      vertex   1.455322e+02 -1.600000e+00 2.198062e+00
    endloop
  endfacet
  facet normal 0.000000e+00 1.000000e+00 0.000000e+00
    outer loop
      vertex   1.455322e+02 -1.600000e+00 2.198062e+00
      vertex   1.446500e+02 -1.600000e+00 9.689111e-01
      vertex   1.441502e+02 -1.600000e+00 1.318844e+00
    endloop
  endfacet
  facet normal 0.000000e+00 1.000000e+00 0.000000e+00
    outer loop
      vertex   1.455322e+02 -1.600000e+00 2.198062e+00
      vertex   1.441502e+02 -1.600000e+00 1.318844e+00
      vertex   1.437188e+02 -1.600000e+00 1.750243e+00
    endloop
  endfacet
  facet normal 0.000000e+00 1.000000e+00 0.000000e+00
    outer loop
      vertex   1.455322e+02 -1.600000e+00 2.198062e+00
      vertex   1.437188e+02 -1.600000e+00 1.750243e+00
      vertex   1.451530e+02 -1.600000e+00 2.436337e+00
    endloop
  endfacet
  facet normal 0.000000e+00 1.000000e+00 0.000000e+00
    outer loop
      vertex   1.451530e+02 -1.600000e+00 2.436337e+00
      vertex   1.437188e+02 -1.600000e+00 1.750243e+00
      vertex   1.433689e+02 -1.600000e+00 2.250000e+00
    endloop
  endfacet
  facet normal 0.000000e+00 1.000000e+00 0.000000e+00
    outer loop
      vertex   1.451530e+02 -1.600000e+00 2.436337e+00
      vertex   1.433689e+02 -1.600000e+00 2.250000e+00
      vertex   1.448363e+02 -1.600000e+00 2.753020e+00
    endloop
  endfacet
  facet normal 0.000000e+00 1.000000e+00 0.000000e+00
    outer loop
      vertex   1.448363e+02 -1.600000e+00 2.753020e+00
      vertex   1.433689e+02 -1.600000e+00 2.250000e+00
      vertex   1.431111e+02 -1.600000e+00 2.802929e+00
    endloop
  endfacet
  facet normal 0.000000e+00 1.000000e+00 0.000000e+00
    outer loop
      vertex   1.448363e+02 -1.600000e+00 2.753020e+00
      vertex   1.431111e+02 -1.600000e+00 2.802929e+00
      vertex   1.445981e+02 -1.600000e+00 3.132233e+00
    endloop
  endfacet
  facet normal 0.000000e+00 1.000000e+00 0.000000e+00
    outer loop
      vertex   1.445981e+02 -1.600000e+00 3.132233e+00
      vertex   1.431111e+02 -1.600000e+00 2.802929e+00
      vertex   1.429532e+02 -1.600000e+00 3.392231e+00
    endloop
  endfacet
  facet normal 0.000000e+00 1.000000e+00 0.000000e+00
    outer loop
      vertex   1.445981e+02 -1.600000e+00 3.132233e+00
      vertex   1.429532e+02 -1.600000e+00 3.392231e+00
      vertex   1.444501e+02 -1.600000e+00 3.554958e+00
    endloop
  endfacet
  facet normal 0.000000e+00 1.000000e+00 0.000000e+00
    outer loop
      vertex   1.444501e+02 -1.600000e+00 3.554958e+00
      vertex   1.429532e+02 -1.600000e+00 3.392231e+00
      vertex   1.429000e+02 -1.600000e+00 4.000000e+00
    endloop
  endfacet
  facet normal 0.000000e+00 1.000000e+00 0.000000e+00
    outer loop
      vertex   1.444501e+02 -1.600000e+00 3.554958e+00
      vertex   1.429000e+02 -1.600000e+00 4.000000e+00
      vertex   1.444000e+02 -1.600000e+00 4.000000e+00
    endloop
  endfacet
  facet normal 0.000000e+00 1.000000e+00 0.000000e+00
    outer loop
      vertex   1.444000e+02 -1.600000e+00 4.000000e+00
      vertex   1.429000e+02 -1.600000e+00 4.000000e+00
      vertex   1.444000e+02 -1.600000e+00 2.200000e+01
    endloop
  endfacet
  facet normal 0.000000e+00 1.000000e+00 0.000000e+00
    outer loop
      vertex   1.444000e+02 -1.600000e+00 2.200000e+01
      vertex   1.429000e+02 -1.600000e+00 4.000000e+00
      vertex   1.429000e+02 -1.600000e+00 2.200000e+01
    endloop
  endfacet
  facet normal 0.000000e+00 1.000000e+00 0.000000e+00
    outer loop
      vertex   1.444000e+02 -1.600000e+00 2.200000e+01
      vertex   1.429000e+02 -1.600000e+00 2.200000e+01
      vertex   1.428830e+02 -1.600000e+00 2.212941e+01
    endloop
  endfacet
  facet normal 0.000000e+00 1.000000e+00 0.000000e+00
    outer loop
      vertex   1.444000e+02 -1.600000e+00 2.200000e+01
      vertex   1.428830e+02 -1.600000e+00 2.212941e+01
      vertex   1.443499e+02 -1.600000e+00 2.244504e+01
    endloop
  endfacet
  facet normal 0.000000e+00 1.000000e+00 0.000000e+00
    outer loop
      vertex   1.443499e+02 -1.600000e+00 2.244504e+01
      vertex   1.428830e+02 -1.600000e+00 2.212941e+01
      vertex   1.428330e+02 -1.600000e+00 2.225000e+01
    endloop
  endfacet
  facet normal 0.000000e+00 1.000000e+00 0.000000e+00
    outer loop
      vertex   1.443499e+02 -1.600000e+00 2.244504e+01
      vertex   1.428330e+02 -1.600000e+00 2.225000e+01
      vertex   1.427536e+02 -1.600000e+00 2.235355e+01
    endloop
  endfacet
  facet normal 0.000000e+00 1.000000e+00 0.000000e+00
    outer loop
      vertex   1.443499e+02 -1.600000e+00 2.244504e+01
      vertex   1.427536e+02 -1.600000e+00 2.235355e+01
      vertex   1.442019e+02 -1.600000e+00 2.286777e+01
    endloop
  endfacet
  facet normal 0.000000e+00 1.000000e+00 0.000000e+00
    outer loop
      vertex   1.442019e+02 -1.600000e+00 2.286777e+01
      vertex   1.427536e+02 -1.600000e+00 2.235355e+01
      vertex   1.426500e+02 -1.600000e+00 2.243301e+01
    endloop
  endfacet
  facet normal 0.000000e+00 1.000000e+00 0.000000e+00
    outer loop
      vertex   1.442019e+02 -1.600000e+00 2.286777e+01
      vertex   1.426500e+02 -1.600000e+00 2.243301e+01
      vertex   1.439637e+02 -1.600000e+00 2.324698e+01
    endloop
  endfacet
  facet normal 0.000000e+00 1.000000e+00 0.000000e+00
    outer loop
      vertex   1.439637e+02 -1.600000e+00 2.324698e+01
      vertex   1.426500e+02 -1.600000e+00 2.243301e+01
      vertex   1.425294e+02 -1.600000e+00 2.248296e+01
    endloop
  endfacet
  facet normal 0.000000e+00 1.000000e+00 0.000000e+00
    outer loop
      vertex   1.439637e+02 -1.600000e+00 2.324698e+01
      vertex   1.425294e+02 -1.600000e+00 2.248296e+01
      vertex   1.436470e+02 -1.600000e+00 2.356366e+01
    endloop
  endfacet
  facet normal 0.000000e+00 1.000000e+00 0.000000e+00
    outer loop
      vertex   1.436470e+02 -1.600000e+00 2.356366e+01
      vertex   1.425294e+02 -1.600000e+00 2.248296e+01
      vertex   1.432678e+02 -1.600000e+00 2.380194e+01
    endloop
  endfacet
  facet normal 0.000000e+00 1.000000e+00 0.000000e+00
    outer loop
      vertex   1.432678e+02 -1.600000e+00 2.380194e+01
      vertex   1.425294e+02 -1.600000e+00 2.248296e+01
      vertex   1.424000e+02 -1.600000e+00 2.250000e+01
    endloop
  endfacet
  facet normal 0.000000e+00 1.000000e+00 0.000000e+00
    outer loop
      vertex   1.432678e+02 -1.600000e+00 2.380194e+01
      vertex   1.424000e+02 -1.600000e+00 2.250000e+01
      vertex   1.428450e+02 -1.600000e+00 2.394986e+01
    endloop
  endfacet
  facet normal 0.000000e+00 1.000000e+00 0.000000e+00
    outer loop
      vertex   1.428450e+02 -1.600000e+00 2.394986e+01
      vertex   1.424000e+02 -1.600000e+00 2.250000e+01
      vertex   1.424000e+02 -1.600000e+00 2.400000e+01
    endloop
  endfacet
  facet normal 0.000000e+00 1.000000e+00 0.000000e+00
    outer loop
      vertex   1.424000e+02 -1.600000e+00 2.400000e+01
      vertex   1.424000e+02 -1.600000e+00 2.250000e+01
      vertex   8.240000e+01 -1.600000e+00 2.250000e+01
    endloop
  endfacet
  facet normal 0.000000e+00 1.000000e+00 0.000000e+00
    outer loop
      vertex   1.424000e+02 -1.600000e+00 2.400000e+01
      vertex   8.240000e+01 -1.600000e+00 2.250000e+01
      vertex   8.240000e+01 -1.600000e+00 2.400000e+01
    endloop
  endfacet
  facet normal 0.000000e+00 1.000000e+00 0.000000e+00
    outer loop
      vertex   8.240000e+01 -1.600000e+00 2.400000e+01
      vertex   8.240000e+01 -1.600000e+00 2.250000e+01
      vertex   8.195496e+01 -1.600000e+00 2.394986e+01
    endloop
  endfacet
  facet normal 0.000000e+00 1.000000e+00 0.000000e+00
    outer loop
      vertex   8.195496e+01 -1.600000e+00 2.394986e+01
      vertex   8.240000e+01 -1.600000e+00 2.250000e+01
      vertex   8.153223e+01 -1.600000e+00 2.380194e+01
    endloop
  endfacet
  facet normal 0.000000e+00 1.000000e+00 0.000000e+00
    outer loop
      vertex   8.153223e+01 -1.600000e+00 2.380194e+01
      vertex   8.240000e+01 -1.600000e+00 2.250000e+01
      vertex   8.227059e+01 -1.600000e+00 2.248296e+01
    endloop
  endfacet
  facet normal 0.000000e+00 1.000000e+00 0.000000e+00
    outer loop
      vertex   8.153223e+01 -1.600000e+00 2.380194e+01
      vertex   8.227059e+01 -1.600000e+00 2.248296e+01
      vertex   8.115302e+01 -1.600000e+00 2.356366e+01
    endloop
  endfacet
  facet normal 0.000000e+00 1.000000e+00 0.000000e+00
    outer loop
      vertex   8.115302e+01 -1.600000e+00 2.356366e+01
      vertex   8.227059e+01 -1.600000e+00 2.248296e+01
      vertex   8.083634e+01 -1.600000e+00 2.324698e+01
    endloop
  endfacet
  facet normal 0.000000e+00 1.000000e+00 0.000000e+00
    outer loop
      vertex   8.083634e+01 -1.600000e+00 2.324698e+01
      vertex   8.227059e+01 -1.600000e+00 2.248296e+01
      vertex   8.215000e+01 -1.600000e+00 2.243301e+01
    endloop
  endfacet
  facet normal 0.000000e+00 1.000000e+00 0.000000e+00
    outer loop
      vertex   8.083634e+01 -1.600000e+00 2.324698e+01
      vertex   8.215000e+01 -1.600000e+00 2.243301e+01
      vertex   8.059806e+01 -1.600000e+00 2.286777e+01
    endloop
  endfacet
  facet normal 0.000000e+00 1.000000e+00 0.000000e+00
    outer loop
      vertex   8.059806e+01 -1.600000e+00 2.286777e+01
      vertex   8.215000e+01 -1.600000e+00 2.243301e+01
      vertex   8.204645e+01 -1.600000e+00 2.235355e+01
    endloop
  endfacet
  facet normal 0.000000e+00 1.000000e+00 0.000000e+00
    outer loop
      vertex   8.059806e+01 -1.600000e+00 2.286777e+01
      vertex   8.204645e+01 -1.600000e+00 2.235355e+01
      vertex   8.045014e+01 -1.600000e+00 2.244504e+01
    endloop
  endfacet
  facet normal 0.000000e+00 1.000000e+00 0.000000e+00
    outer loop
      vertex   8.045014e+01 -1.600000e+00 2.244504e+01
      vertex   8.204645e+01 -1.600000e+00 2.235355e+01
      vertex   8.196699e+01 -1.600000e+00 2.225000e+01
    endloop
  endfacet
  facet normal 0.000000e+00 1.000000e+00 0.000000e+00
    outer loop
      vertex   8.045014e+01 -1.600000e+00 2.244504e+01
      vertex   8.196699e+01 -1.600000e+00 2.225000e+01
      vertex   8.191704e+01 -1.600000e+00 2.212941e+01
    endloop
  endfacet
  facet normal 0.000000e+00 1.000000e+00 0.000000e+00
    outer loop
      vertex   8.045014e+01 -1.600000e+00 2.244504e+01
      vertex   8.191704e+01 -1.600000e+00 2.212941e+01
      vertex   8.040000e+01 -1.600000e+00 2.200000e+01
    endloop
  endfacet
  facet normal 0.000000e+00 1.000000e+00 0.000000e+00
    outer loop
      vertex   8.040000e+01 -1.600000e+00 2.200000e+01
      vertex   8.191704e+01 -1.600000e+00 2.212941e+01
      vertex   8.190000e+01 -1.600000e+00 2.200000e+01
    endloop
  endfacet
  facet normal -0.000000e+00 1.000000e+00 0.000000e+00
    outer loop
      vertex   8.040000e+01 -1.600000e+00 2.200000e+01
      vertex   8.190000e+01 -1.600000e+00 2.200000e+01
      vertex   8.040000e+01 -1.600000e+00 -1.251526e+00
    endloop
  endfacet
  facet normal 0.000000e+00 1.000000e+00 0.000000e+00
    outer loop
      vertex   8.040000e+01 -1.600000e+00 -1.251526e+00
      vertex   8.190000e+01 -1.600000e+00 2.200000e+01
      vertex   8.190000e+01 -1.600000e+00 -1.251526e+00
    endloop
  endfacet
  facet normal 0.000000e+00 1.000000e+00 -0.000000e+00
    outer loop
      vertex   8.190000e+01 -1.600000e+00 -1.300049e+01
      vertex   8.040000e+01 -1.600000e+00 -1.300049e+01
      vertex   8.190000e+01 -1.600000e+00 -9.751526e+00
    endloop
  endfacet
  facet normal 0.000000e+00 1.000000e+00 0.000000e+00
    outer loop
      vertex   8.190000e+01 -1.600000e+00 -9.751526e+00
      vertex   8.040000e+01 -1.600000e+00 -1.300049e+01
      vertex   8.040000e+01 -1.600000e+00 -9.751526e+00
    endloop
  endfacet
  facet normal 1.000000e+00 0.000000e+00 -0.000000e+00
    outer loop
      vertex   8.190000e+01 -1.600000e+00 -1.300049e+01
      vertex   8.190000e+01 -1.600000e+00 -9.751526e+00
      vertex   8.190000e+01 -3.500000e+00 -1.300049e+01
    endloop
  endfacet
  facet normal 1.000000e+00 0.000000e+00 0.000000e+00
    outer loop
      vertex   8.190000e+01 -3.500000e+00 -1.300049e+01
      vertex   8.190000e+01 -1.600000e+00 -9.751526e+00
      vertex   8.190000e+01 -3.500000e+00 -9.751526e+00
    endloop
  endfacet
  facet normal 1.000000e+00 2.368476e-14 -0.000000e+00
    outer loop
      vertex   8.190000e+01 -3.500000e+00 -1.300049e+01
      vertex   8.190000e+01 -3.500000e+00 -9.751526e+00
      vertex   8.190000e+01 -4.100000e+00 -3.350000e+01
    endloop
  endfacet
  facet normal 1.000000e+00 1.355004e-14 2.560514e-16
    outer loop
      vertex   8.190000e+01 -4.100000e+00 -3.350000e+01
      vertex   8.190000e+01 -3.500000e+00 -9.751526e+00
      vertex   8.190000e+01 -4.100000e+00 2.200000e+01
    endloop
  endfacet
  facet normal 1.000000e+00 0.000000e+00 0.000000e+00
    outer loop
      vertex   8.190000e+01 -4.100000e+00 2.200000e+01
      vertex   8.190000e+01 -3.500000e+00 -9.751526e+00
      vertex   8.190000e+01 -3.500000e+00 -1.251526e+00
    endloop
  endfacet
  facet normal 1.000000e+00 -0.000000e+00 0.000000e+00
    outer loop
      vertex   8.190000e+01 -4.100000e+00 2.200000e+01
      vertex   8.190000e+01 -3.500000e+00 -1.251526e+00
      vertex   8.190000e+01 -1.600000e+00 2.200000e+01
    endloop
  endfacet
  facet normal 1.000000e+00 0.000000e+00 0.000000e+00
    outer loop
      vertex   8.190000e+01 -1.600000e+00 2.200000e+01
      vertex   8.190000e+01 -3.500000e+00 -1.251526e+00
      vertex   8.190000e+01 -1.600000e+00 -1.251526e+00
    endloop
  endfacet
  facet normal 1.000000e+00 -5.723623e-14 2.368476e-15
    outer loop
      vertex   8.190000e+01 -3.500000e+00 -1.300049e+01
      vertex   8.190000e+01 -4.100000e+00 -3.350000e+01
      vertex   8.190000e+01 -3.500000e+00 -1.900049e+01
    endloop
  endfacet
  facet normal 1.000000e+00 0.000000e+00 0.000000e+00
    outer loop
      vertex   8.190000e+01 -3.500000e+00 -1.900049e+01
      vertex   8.190000e+01 -4.100000e+00 -3.350000e+01
      vertex   8.190000e+01 -1.600000e+00 -3.350000e+01
    endloop
  endfacet
  facet normal 1.000000e+00 -0.000000e+00 0.000000e+00
    outer loop
      vertex   8.190000e+01 -3.500000e+00 -1.900049e+01
      vertex   8.190000e+01 -1.600000e+00 -3.350000e+01
      vertex   8.190000e+01 -1.600000e+00 -1.900049e+01
    endloop
  endfacet
  facet normal 7.048732e-01 -7.048732e-01 7.942014e-02
    outer loop
      vertex   2.144000e+02 -5.900000e+00 8.749758e-14
      vertex   2.143499e+02 -5.900000e+00 4.450419e-01
      vertex   2.141000e+02 -6.200000e+00 8.730554e-14
    endloop
  endfacet
  facet normal 6.943044e-01 -7.138530e-01 9.140691e-02
    outer loop
      vertex   2.141000e+02 -6.200000e+00 8.730554e-14
      vertex   2.143499e+02 -5.900000e+00 4.450419e-01
      vertex   2.140421e+02 -6.200000e+00 4.399924e-01
    endloop
  endfacet
  facet normal 6.761833e-01 -6.977058e-01 2.366068e-01
    outer loop
      vertex   2.140421e+02 -6.200000e+00 4.399924e-01
      vertex   2.143499e+02 -5.900000e+00 4.450419e-01
      vertex   2.142019e+02 -5.900000e+00 8.677675e-01
    endloop
  endfacet
  facet normal 6.409920e-01 -7.201632e-01 2.655076e-01
    outer loop
      vertex   2.140421e+02 -6.200000e+00 4.399924e-01
      vertex   2.142019e+02 -5.900000e+00 8.677675e-01
      vertex   2.138722e+02 -6.200000e+00 8.500000e-01
    endloop
  endfacet
  facet normal 6.101926e-01 -6.932980e-01 3.834094e-01
    outer loop
      vertex   2.138722e+02 -6.200000e+00 8.500000e-01
      vertex   2.142019e+02 -5.900000e+00 8.677675e-01
      vertex   2.139637e+02 -5.900000e+00 1.246980e+00
    endloop
  endfacet
  facet normal 5.478748e-01 -7.232549e-01 4.203991e-01
    outer loop
      vertex   2.138722e+02 -6.200000e+00 8.500000e-01
      vertex   2.139637e+02 -5.900000e+00 1.246980e+00
      vertex   2.136021e+02 -6.200000e+00 1.202082e+00
    endloop
  endfacet
  facet normal 5.105870e-01 -6.918105e-01 5.105870e-01
    outer loop
      vertex   2.136021e+02 -6.200000e+00 1.202082e+00
      vertex   2.139637e+02 -5.900000e+00 1.246980e+00
      vertex   2.136470e+02 -5.900000e+00 1.563663e+00
    endloop
  endfacet
  facet normal 4.203991e-01 -7.232549e-01 5.478748e-01
    outer loop
      vertex   2.136021e+02 -6.200000e+00 1.202082e+00
      vertex   2.136470e+02 -5.900000e+00 1.563663e+00
      vertex   2.132500e+02 -6.200000e+00 1.472243e+00
    endloop
  endfacet
  facet normal 3.834094e-01 -6.932980e-01 6.101926e-01
    outer loop
      vertex   2.132500e+02 -6.200000e+00 1.472243e+00
      vertex   2.136470e+02 -5.900000e+00 1.563663e+00
      vertex   2.132678e+02 -5.900000e+00 1.801938e+00
    endloop
  endfacet
  facet normal 2.655076e-01 -7.201632e-01 6.409920e-01
    outer loop
      vertex   2.132500e+02 -6.200000e+00 1.472243e+00
      vertex   2.132678e+02 -5.900000e+00 1.801938e+00
      vertex   2.128400e+02 -6.200000e+00 1.642074e+00
    endloop
  endfacet
  facet normal 2.366068e-01 -6.977058e-01 6.761833e-01
    outer loop
      vertex   2.128400e+02 -6.200000e+00 1.642074e+00
      vertex   2.132678e+02 -5.900000e+00 1.801938e+00
      vertex   2.128450e+02 -5.900000e+00 1.949856e+00
    endloop
  endfacet
  facet normal 9.140691e-02 -7.138530e-01 6.943044e-01
    outer loop
      vertex   2.128400e+02 -6.200000e+00 1.642074e+00
      vertex   2.128450e+02 -5.900000e+00 1.949856e+00
      vertex   2.124000e+02 -6.200000e+00 1.700000e+00
    endloop
  endfacet
  facet normal 7.942014e-02 -7.048732e-01 7.048732e-01
    outer loop
      vertex   2.124000e+02 -6.200000e+00 1.700000e+00
      vertex   2.128450e+02 -5.900000e+00 1.949856e+00
      vertex   2.124000e+02 -5.900000e+00 2.000000e+00
    endloop
  endfacet
  facet normal 7.071068e-01 -7.071068e-01 6.699061e-16
    outer loop
      vertex   2.144000e+02 -5.900000e+00 -6.000000e+01
      vertex   2.144000e+02 -5.900000e+00 8.749758e-14
      vertex   2.141000e+02 -6.200000e+00 -6.000000e+01
    endloop
  endfacet
  facet normal 7.071068e-01 -7.071068e-01 6.699061e-16
    outer loop
      vertex   2.141000e+02 -6.200000e+00 -6.000000e+01
      vertex   2.144000e+02 -5.900000e+00 8.749758e-14
      vertex   2.141000e+02 -6.200000e+00 8.730554e-14
    endloop
  endfacet
  facet normal 7.942014e-02 -7.048732e-01 -7.048732e-01
    outer loop
      vertex   2.124000e+02 -5.900000e+00 -6.200000e+01
      vertex   2.128450e+02 -5.900000e+00 -6.194986e+01
      vertex   2.124000e+02 -6.200000e+00 -6.170000e+01
    endloop
  endfacet
  facet normal 9.140691e-02 -7.138530e-01 -6.943044e-01
    outer loop
      vertex   2.124000e+02 -6.200000e+00 -6.170000e+01
      vertex   2.128450e+02 -5.900000e+00 -6.194986e+01
      vertex   2.128400e+02 -6.200000e+00 -6.164207e+01
    endloop
  endfacet
  facet normal 2.366068e-01 -6.977058e-01 -6.761833e-01
    outer loop
      vertex   2.128400e+02 -6.200000e+00 -6.164207e+01
      vertex   2.128450e+02 -5.900000e+00 -6.194986e+01
      vertex   2.132678e+02 -5.900000e+00 -6.180194e+01
    endloop
  endfacet
  facet normal 2.655076e-01 -7.201632e-01 -6.409920e-01
    outer loop
      vertex   2.128400e+02 -6.200000e+00 -6.164207e+01
      vertex   2.132678e+02 -5.900000e+00 -6.180194e+01
      vertex   2.132500e+02 -6.200000e+00 -6.147224e+01
    endloop
  endfacet
  facet normal 3.834094e-01 -6.932980e-01 -6.101926e-01
    outer loop
      vertex   2.132500e+02 -6.200000e+00 -6.147224e+01
      vertex   2.132678e+02 -5.900000e+00 -6.180194e+01
      vertex   2.136470e+02 -5.900000e+00 -6.156366e+01
    endloop
  endfacet
  facet normal 4.203991e-01 -7.232549e-01 -5.478748e-01
    outer loop
      vertex   2.132500e+02 -6.200000e+00 -6.147224e+01
      vertex   2.136470e+02 -5.900000e+00 -6.156366e+01
      vertex   2.136021e+02 -6.200000e+00 -6.120208e+01
    endloop
  endfacet
  facet normal 5.105870e-01 -6.918105e-01 -5.105870e-01
    outer loop
      vertex   2.136021e+02 -6.200000e+00 -6.120208e+01
      vertex   2.136470e+02 -5.900000e+00 -6.156366e+01
      vertex   2.139637e+02 -5.900000e+00 -6.124698e+01
    endloop
  endfacet
  facet normal 5.478748e-01 -7.232549e-01 -4.203991e-01
    outer loop
      vertex   2.136021e+02 -6.200000e+00 -6.120208e+01
      vertex   2.139637e+02 -5.900000e+00 -6.124698e+01
      vertex   2.138722e+02 -6.200000e+00 -6.085000e+01
    endloop
  endfacet
  facet normal 6.101926e-01 -6.932980e-01 -3.834094e-01
    outer loop
      vertex   2.138722e+02 -6.200000e+00 -6.085000e+01
      vertex   2.139637e+02 -5.900000e+00 -6.124698e+01
      vertex   2.142019e+02 -5.900000e+00 -6.086777e+01
    endloop
  endfacet
  facet normal 6.409920e-01 -7.201632e-01 -2.655076e-01
    outer loop
      vertex   2.138722e+02 -6.200000e+00 -6.085000e+01
      vertex   2.142019e+02 -5.900000e+00 -6.086777e+01
      vertex   2.140421e+02 -6.200000e+00 -6.043999e+01
    endloop
  endfacet
  facet normal 6.761833e-01 -6.977058e-01 -2.366068e-01
    outer loop
      vertex   2.140421e+02 -6.200000e+00 -6.043999e+01
      vertex   2.142019e+02 -5.900000e+00 -6.086777e+01
      vertex   2.143499e+02 -5.900000e+00 -6.044504e+01
    endloop
  endfacet
  facet normal 6.943044e-01 -7.138530e-01 -9.140691e-02
    outer loop
      vertex   2.140421e+02 -6.200000e+00 -6.043999e+01
      vertex   2.143499e+02 -5.900000e+00 -6.044504e+01
      vertex   2.141000e+02 -6.200000e+00 -6.000000e+01
    endloop
  endfacet
  facet normal 7.048732e-01 -7.048732e-01 -7.942014e-02
    outer loop
      vertex   2.141000e+02 -6.200000e+00 -6.000000e+01
      vertex   2.143499e+02 -5.900000e+00 -6.044504e+01
      vertex   2.144000e+02 -5.900000e+00 -6.000000e+01
    endloop
  endfacet
  facet normal 5.024296e-16 -7.071068e-01 -7.071068e-01
    outer loop
      vertex   1.124000e+02 -5.900000e+00 -6.200000e+01
      vertex   2.124000e+02 -5.900000e+00 -6.200000e+01
      vertex   1.124000e+02 -6.200000e+00 -6.170000e+01
    endloop
  endfacet
  facet normal 3.517007e-16 -7.071068e-01 -7.071068e-01
    outer loop
      vertex   1.124000e+02 -6.200000e+00 -6.170000e+01
      vertex   2.124000e+02 -5.900000e+00 -6.200000e+01
      vertex   2.124000e+02 -6.200000e+00 -6.170000e+01
    endloop
  endfacet
  facet normal -7.048732e-01 -7.048732e-01 -7.942014e-02
    outer loop
      vertex   1.104000e+02 -5.900000e+00 -6.000000e+01
      vertex   1.104501e+02 -5.900000e+00 -6.044504e+01
      vertex   1.107000e+02 -6.200000e+00 -6.000000e+01
    endloop
  endfacet
  facet normal -6.943044e-01 -7.138530e-01 -9.140691e-02
    outer loop
      vertex   1.107000e+02 -6.200000e+00 -6.000000e+01
      vertex   1.104501e+02 -5.900000e+00 -6.044504e+01
      vertex   1.107579e+02 -6.200000e+00 -6.043999e+01
    endloop
  endfacet
  facet normal -6.761833e-01 -6.977058e-01 -2.366068e-01
    outer loop
      vertex   1.107579e+02 -6.200000e+00 -6.043999e+01
      vertex   1.104501e+02 -5.900000e+00 -6.044504e+01
      vertex   1.105981e+02 -5.900000e+00 -6.086777e+01
    endloop
  endfacet
  facet normal -6.409920e-01 -7.201632e-01 -2.655076e-01
    outer loop
      vertex   1.107579e+02 -6.200000e+00 -6.043999e+01
      vertex   1.105981e+02 -5.900000e+00 -6.086777e+01
      vertex   1.109278e+02 -6.200000e+00 -6.085000e+01
    endloop
  endfacet
  facet normal -6.101926e-01 -6.932980e-01 -3.834094e-01
    outer loop
      vertex   1.109278e+02 -6.200000e+00 -6.085000e+01
      vertex   1.105981e+02 -5.900000e+00 -6.086777e+01
      vertex   1.108363e+02 -5.900000e+00 -6.124698e+01
    endloop
  endfacet
  facet normal -5.478748e-01 -7.232549e-01 -4.203991e-01
    outer loop
      vertex   1.109278e+02 -6.200000e+00 -6.085000e+01
      vertex   1.108363e+02 -5.900000e+00 -6.124698e+01
      vertex   1.111979e+02 -6.200000e+00 -6.120208e+01
    endloop
  endfacet
  facet normal -5.105870e-01 -6.918105e-01 -5.105870e-01
    outer loop
      vertex   1.111979e+02 -6.200000e+00 -6.120208e+01
      vertex   1.108363e+02 -5.900000e+00 -6.124698e+01
      vertex   1.111530e+02 -5.900000e+00 -6.156366e+01
    endloop
  endfacet
  facet normal -4.203991e-01 -7.232549e-01 -5.478748e-01
    outer loop
      vertex   1.111979e+02 -6.200000e+00 -6.120208e+01
      vertex   1.111530e+02 -5.900000e+00 -6.156366e+01
      vertex   1.115500e+02 -6.200000e+00 -6.147224e+01
    endloop
  endfacet
  facet normal -3.834094e-01 -6.932980e-01 -6.101926e-01
    outer loop
      vertex   1.115500e+02 -6.200000e+00 -6.147224e+01
      vertex   1.111530e+02 -5.900000e+00 -6.156366e+01
      vertex   1.115322e+02 -5.900000e+00 -6.180194e+01
    endloop
  endfacet
  facet normal -2.655076e-01 -7.201632e-01 -6.409920e-01
    outer loop
      vertex   1.115500e+02 -6.200000e+00 -6.147224e+01
      vertex   1.115322e+02 -5.900000e+00 -6.180194e+01
      vertex   1.119600e+02 -6.200000e+00 -6.164207e+01
    endloop
  endfacet
  facet normal -2.366068e-01 -6.977058e-01 -6.761833e-01
    outer loop
      vertex   1.119600e+02 -6.200000e+00 -6.164207e+01
      vertex   1.115322e+02 -5.900000e+00 -6.180194e+01
      vertex   1.119550e+02 -5.900000e+00 -6.194986e+01
    endloop
  endfacet
  facet normal -9.140691e-02 -7.138530e-01 -6.943044e-01
    outer loop
      vertex   1.119600e+02 -6.200000e+00 -6.164207e+01
      vertex   1.119550e+02 -5.900000e+00 -6.194986e+01
      vertex   1.124000e+02 -6.200000e+00 -6.170000e+01
    endloop
  endfacet
  facet normal -7.942014e-02 -7.048732e-01 -7.048732e-01
    outer loop
      vertex   1.124000e+02 -6.200000e+00 -6.170000e+01
      vertex   1.119550e+02 -5.900000e+00 -6.194986e+01
      vertex   1.124000e+02 -5.900000e+00 -6.200000e+01
    endloop
  endfacet
  facet normal -7.071068e-01 -7.071068e-01 -0.000000e+00
    outer loop
      vertex   1.104000e+02 -5.900000e+00 -3.750000e+01
      vertex   1.104000e+02 -5.900000e+00 -6.000000e+01
      vertex   1.107000e+02 -6.200000e+00 -3.750000e+01
    endloop
  endfacet
  facet normal -7.071068e-01 -7.071068e-01 -1.339812e-15
    outer loop
      vertex   1.107000e+02 -6.200000e+00 -3.750000e+01
      vertex   1.104000e+02 -5.900000e+00 -6.000000e+01
      vertex   1.107000e+02 -6.200000e+00 -6.000000e+01
    endloop
  endfacet
  facet normal -7.942014e-02 -7.048732e-01 -7.048732e-01
    outer loop
      vertex   1.084000e+02 -6.200000e+00 -3.520000e+01
      vertex   1.084000e+02 -5.900000e+00 -3.550000e+01
      vertex   1.089118e+02 -6.200000e+00 -3.525767e+01
    endloop
  endfacet
  facet normal -7.942014e-02 -7.048732e-01 -7.048732e-01
    outer loop
      vertex   1.089118e+02 -6.200000e+00 -3.525767e+01
      vertex   1.084000e+02 -5.900000e+00 -3.550000e+01
      vertex   1.088450e+02 -5.900000e+00 -3.555014e+01
    endloop
  endfacet
  facet normal -2.342779e-01 -7.048732e-01 -6.695279e-01
    outer loop
      vertex   1.089118e+02 -6.200000e+00 -3.525767e+01
      vertex   1.088450e+02 -5.900000e+00 -3.555014e+01
      vertex   1.093979e+02 -6.200000e+00 -3.542777e+01
    endloop
  endfacet
  facet normal -2.342779e-01 -7.048732e-01 -6.695279e-01
    outer loop
      vertex   1.093979e+02 -6.200000e+00 -3.542777e+01
      vertex   1.088450e+02 -5.900000e+00 -3.555014e+01
      vertex   1.092678e+02 -5.900000e+00 -3.569806e+01
    endloop
  endfacet
  facet normal -3.773881e-01 -7.048732e-01 -6.006097e-01
    outer loop
      vertex   1.093979e+02 -6.200000e+00 -3.542777e+01
      vertex   1.092678e+02 -5.900000e+00 -3.569806e+01
      vertex   1.098340e+02 -6.200000e+00 -3.570179e+01
    endloop
  endfacet
  facet normal -3.773881e-01 -7.048732e-01 -6.006097e-01
    outer loop
      vertex   1.098340e+02 -6.200000e+00 -3.570179e+01
      vertex   1.092678e+02 -5.900000e+00 -3.569806e+01
      vertex   1.096470e+02 -5.900000e+00 -3.593634e+01
    endloop
  endfacet
  facet normal -5.015744e-01 -7.048732e-01 -5.015744e-01
    outer loop
      vertex   1.098340e+02 -6.200000e+00 -3.570179e+01
      vertex   1.096470e+02 -5.900000e+00 -3.593634e+01
      vertex   1.101982e+02 -6.200000e+00 -3.606597e+01
    endloop
  endfacet
  facet normal -5.015744e-01 -7.048732e-01 -5.015744e-01
    outer loop
      vertex   1.101982e+02 -6.200000e+00 -3.606597e+01
      vertex   1.096470e+02 -5.900000e+00 -3.593634e+01
      vertex   1.099637e+02 -5.900000e+00 -3.625302e+01
    endloop
  endfacet
  facet normal -6.006097e-01 -7.048732e-01 -3.773881e-01
    outer loop
      vertex   1.101982e+02 -6.200000e+00 -3.606597e+01
      vertex   1.099637e+02 -5.900000e+00 -3.625302e+01
      vertex   1.104722e+02 -6.200000e+00 -3.650207e+01
    endloop
  endfacet
  facet normal -6.006097e-01 -7.048732e-01 -3.773881e-01
    outer loop
      vertex   1.104722e+02 -6.200000e+00 -3.650207e+01
      vertex   1.099637e+02 -5.900000e+00 -3.625302e+01
      vertex   1.102019e+02 -5.900000e+00 -3.663223e+01
    endloop
  endfacet
  facet normal -6.695279e-01 -7.048732e-01 -2.342779e-01
    outer loop
      vertex   1.104722e+02 -6.200000e+00 -3.650207e+01
      vertex   1.102019e+02 -5.900000e+00 -3.663223e+01
      vertex   1.106423e+02 -6.200000e+00 -3.698820e+01
    endloop
  endfacet
  facet normal -6.695279e-01 -7.048732e-01 -2.342779e-01
    outer loop
      vertex   1.106423e+02 -6.200000e+00 -3.698820e+01
      vertex   1.102019e+02 -5.900000e+00 -3.663223e+01
      vertex   1.103499e+02 -5.900000e+00 -3.705496e+01
    endloop
  endfacet
  facet normal -7.048732e-01 -7.048732e-01 -7.942014e-02
    outer loop
      vertex   1.106423e+02 -6.200000e+00 -3.698820e+01
      vertex   1.103499e+02 -5.900000e+00 -3.705496e+01
      vertex   1.107000e+02 -6.200000e+00 -3.750000e+01
    endloop
  endfacet
  facet normal -7.048732e-01 -7.048732e-01 -7.942014e-02
    outer loop
      vertex   1.107000e+02 -6.200000e+00 -3.750000e+01
      vertex   1.103499e+02 -5.900000e+00 -3.705496e+01
      vertex   1.104000e+02 -5.900000e+00 -3.750000e+01
    endloop
  endfacet
  facet normal 5.797264e-16 -7.071068e-01 -7.071068e-01
    outer loop
      vertex   8.240000e+01 -5.900000e+00 -3.550000e+01
      vertex   1.084000e+02 -5.900000e+00 -3.550000e+01
      vertex   8.240000e+01 -6.200000e+00 -3.520000e+01
    endloop
  endfacet
  facet normal 1.932421e-16 -7.071068e-01 -7.071068e-01
    outer loop
      vertex   8.240000e+01 -6.200000e+00 -3.520000e+01
      vertex   1.084000e+02 -5.900000e+00 -3.550000e+01
      vertex   1.084000e+02 -6.200000e+00 -3.520000e+01
    endloop
  endfacet
  facet normal -7.048732e-01 -7.048732e-01 -7.942014e-02
    outer loop
      vertex   8.040000e+01 -5.900000e+00 -3.350000e+01
      vertex   8.045014e+01 -5.900000e+00 -3.394504e+01
      vertex   8.070000e+01 -6.200000e+00 -3.350000e+01
    endloop
  endfacet
  facet normal -6.943044e-01 -7.138530e-01 -9.140691e-02
    outer loop
      vertex   8.070000e+01 -6.200000e+00 -3.350000e+01
      vertex   8.045014e+01 -5.900000e+00 -3.394504e+01
      vertex   8.075793e+01 -6.200000e+00 -3.393999e+01
    endloop
  endfacet
  facet normal -6.761833e-01 -6.977058e-01 -2.366068e-01
    outer loop
      vertex   8.075793e+01 -6.200000e+00 -3.393999e+01
      vertex   8.045014e+01 -5.900000e+00 -3.394504e+01
      vertex   8.059806e+01 -5.900000e+00 -3.436777e+01
    endloop
  endfacet
  facet normal -6.409920e-01 -7.201632e-01 -2.655076e-01
    outer loop
      vertex   8.075793e+01 -6.200000e+00 -3.393999e+01
      vertex   8.059806e+01 -5.900000e+00 -3.436777e+01
      vertex   8.092776e+01 -6.200000e+00 -3.435000e+01
    endloop
  endfacet
  facet normal -6.101926e-01 -6.932980e-01 -3.834094e-01
    outer loop
      vertex   8.092776e+01 -6.200000e+00 -3.435000e+01
      vertex   8.059806e+01 -5.900000e+00 -3.436777e+01
      vertex   8.083634e+01 -5.900000e+00 -3.474698e+01
    endloop
  endfacet
  facet normal -5.478748e-01 -7.232549e-01 -4.203991e-01
    outer loop
      vertex   8.092776e+01 -6.200000e+00 -3.435000e+01
      vertex   8.083634e+01 -5.900000e+00 -3.474698e+01
      vertex   8.119792e+01 -6.200000e+00 -3.470208e+01
    endloop
  endfacet
  facet normal -5.105870e-01 -6.918105e-01 -5.105870e-01
    outer loop
      vertex   8.119792e+01 -6.200000e+00 -3.470208e+01
      vertex   8.083634e+01 -5.900000e+00 -3.474698e+01
      vertex   8.115302e+01 -5.900000e+00 -3.506366e+01
    endloop
  endfacet
  facet normal -4.203991e-01 -7.232549e-01 -5.478748e-01
    outer loop
      vertex   8.119792e+01 -6.200000e+00 -3.470208e+01
      vertex   8.115302e+01 -5.900000e+00 -3.506366e+01
      vertex   8.155000e+01 -6.200000e+00 -3.497224e+01
    endloop
  endfacet
  facet normal -3.834094e-01 -6.932980e-01 -6.101926e-01
    outer loop
      vertex   8.155000e+01 -6.200000e+00 -3.497224e+01
      vertex   8.115302e+01 -5.900000e+00 -3.506366e+01
      vertex   8.153223e+01 -5.900000e+00 -3.530194e+01
    endloop
  endfacet
  facet normal -2.655076e-01 -7.201632e-01 -6.409920e-01
    outer loop
      vertex   8.155000e+01 -6.200000e+00 -3.497224e+01
      vertex   8.153223e+01 -5.900000e+00 -3.530194e+01
      vertex   8.196001e+01 -6.200000e+00 -3.514207e+01
    endloop
  endfacet
  facet normal -2.366068e-01 -6.977058e-01 -6.761833e-01
    outer loop
      vertex   8.196001e+01 -6.200000e+00 -3.514207e+01
      vertex   8.153223e+01 -5.900000e+00 -3.530194e+01
      vertex   8.195496e+01 -5.900000e+00 -3.544986e+01
    endloop
  endfacet
  facet normal -9.140691e-02 -7.138530e-01 -6.943044e-01
    outer loop
      vertex   8.196001e+01 -6.200000e+00 -3.514207e+01
      vertex   8.195496e+01 -5.900000e+00 -3.544986e+01
      vertex   8.240000e+01 -6.200000e+00 -3.520000e+01
    endloop
  endfacet
  facet normal -7.942014e-02 -7.048732e-01 -7.048732e-01
    outer loop
      vertex   8.240000e+01 -6.200000e+00 -3.520000e+01
      vertex   8.195496e+01 -5.900000e+00 -3.544986e+01
      vertex   8.240000e+01 -5.900000e+00 -3.550000e+01
    endloop
  endfacet
  facet normal -7.071068e-01 -7.071068e-01 -1.810557e-16
    outer loop
      vertex   8.040000e+01 -5.900000e+00 2.200000e+01
      vertex   8.040000e+01 -5.900000e+00 -3.350000e+01
      vertex   8.070000e+01 -6.200000e+00 2.200000e+01
    endloop
  endfacet
  facet normal -7.071068e-01 -7.071068e-01 -1.810557e-16
    outer loop
      vertex   8.070000e+01 -6.200000e+00 2.200000e+01
      vertex   8.040000e+01 -5.900000e+00 -3.350000e+01
      vertex   8.070000e+01 -6.200000e+00 -3.350000e+01
    endloop
  endfacet
  facet normal -7.942014e-02 -7.048732e-01 7.048732e-01
    outer loop
      vertex   8.240000e+01 -5.900000e+00 2.400000e+01
      vertex   8.195496e+01 -5.900000e+00 2.394986e+01
      vertex   8.240000e+01 -6.200000e+00 2.370000e+01
    endloop
  endfacet
  facet normal -9.140691e-02 -7.138530e-01 6.943044e-01
    outer loop
      vertex   8.240000e+01 -6.200000e+00 2.370000e+01
      vertex   8.195496e+01 -5.900000e+00 2.394986e+01
      vertex   8.196001e+01 -6.200000e+00 2.364207e+01
    endloop
  endfacet
  facet normal -2.366068e-01 -6.977058e-01 6.761833e-01
    outer loop
      vertex   8.196001e+01 -6.200000e+00 2.364207e+01
      vertex   8.195496e+01 -5.900000e+00 2.394986e+01
      vertex   8.153223e+01 -5.900000e+00 2.380194e+01
    endloop
  endfacet
  facet normal -2.655076e-01 -7.201632e-01 6.409920e-01
    outer loop
      vertex   8.196001e+01 -6.200000e+00 2.364207e+01
      vertex   8.153223e+01 -5.900000e+00 2.380194e+01
      vertex   8.155000e+01 -6.200000e+00 2.347224e+01
    endloop
  endfacet
  facet normal -3.834094e-01 -6.932980e-01 6.101926e-01
    outer loop
      vertex   8.155000e+01 -6.200000e+00 2.347224e+01
      vertex   8.153223e+01 -5.900000e+00 2.380194e+01
      vertex   8.115302e+01 -5.900000e+00 2.356366e+01
    endloop
  endfacet
  facet normal -4.203991e-01 -7.232549e-01 5.478748e-01
    outer loop
      vertex   8.155000e+01 -6.200000e+00 2.347224e+01
      vertex   8.115302e+01 -5.900000e+00 2.356366e+01
      vertex   8.119792e+01 -6.200000e+00 2.320208e+01
    endloop
  endfacet
  facet normal -5.105870e-01 -6.918105e-01 5.105870e-01
    outer loop
      vertex   8.119792e+01 -6.200000e+00 2.320208e+01
      vertex   8.115302e+01 -5.900000e+00 2.356366e+01
      vertex   8.083634e+01 -5.900000e+00 2.324698e+01
    endloop
  endfacet
  facet normal -5.478748e-01 -7.232549e-01 4.203991e-01
    outer loop
      vertex   8.119792e+01 -6.200000e+00 2.320208e+01
      vertex   8.083634e+01 -5.900000e+00 2.324698e+01
      vertex   8.092776e+01 -6.200000e+00 2.285000e+01
    endloop
  endfacet
  facet normal -6.101926e-01 -6.932980e-01 3.834094e-01
    outer loop
      vertex   8.092776e+01 -6.200000e+00 2.285000e+01
      vertex   8.083634e+01 -5.900000e+00 2.324698e+01
      vertex   8.059806e+01 -5.900000e+00 2.286777e+01
    endloop
  endfacet
  facet normal -6.409920e-01 -7.201632e-01 2.655076e-01
    outer loop
      vertex   8.092776e+01 -6.200000e+00 2.285000e+01
      vertex   8.059806e+01 -5.900000e+00 2.286777e+01
      vertex   8.075793e+01 -6.200000e+00 2.243999e+01
    endloop
  endfacet
  facet normal -6.761833e-01 -6.977058e-01 2.366068e-01
    outer loop
      vertex   8.075793e+01 -6.200000e+00 2.243999e+01
      vertex   8.059806e+01 -5.900000e+00 2.286777e+01
      vertex   8.045014e+01 -5.900000e+00 2.244504e+01
    endloop
  endfacet
  facet normal -6.943044e-01 -7.138530e-01 9.140691e-02
    outer loop
      vertex   8.075793e+01 -6.200000e+00 2.243999e+01
      vertex   8.045014e+01 -5.900000e+00 2.244504e+01
      vertex   8.070000e+01 -6.200000e+00 2.200000e+01
    endloop
  endfacet
  facet normal -7.048732e-01 -7.048732e-01 7.942014e-02
    outer loop
      vertex   8.070000e+01 -6.200000e+00 2.200000e+01
      vertex   8.045014e+01 -5.900000e+00 2.244504e+01
      vertex   8.040000e+01 -5.900000e+00 2.200000e+01
    endloop
  endfacet
  facet normal -4.186913e-16 -7.071068e-01 7.071068e-01
    outer loop
      vertex   1.424000e+02 -5.900000e+00 2.400000e+01
      vertex   8.240000e+01 -5.900000e+00 2.400000e+01
      vertex   1.424000e+02 -6.200000e+00 2.370000e+01
    endloop
  endfacet
  facet normal -4.605605e-16 -7.071068e-01 7.071068e-01
    outer loop
      vertex   1.424000e+02 -6.200000e+00 2.370000e+01
      vertex   8.240000e+01 -5.900000e+00 2.400000e+01
      vertex   8.240000e+01 -6.200000e+00 2.370000e+01
    endloop
  endfacet
  facet normal 7.048732e-01 -7.048732e-01 7.942014e-02
    outer loop
      vertex   1.444000e+02 -5.900000e+00 2.200000e+01
      vertex   1.443499e+02 -5.900000e+00 2.244504e+01
      vertex   1.441000e+02 -6.200000e+00 2.200000e+01
    endloop
  endfacet
  facet normal 6.943044e-01 -7.138530e-01 9.140691e-02
    outer loop
      vertex   1.441000e+02 -6.200000e+00 2.200000e+01
      vertex   1.443499e+02 -5.900000e+00 2.244504e+01
      vertex   1.440421e+02 -6.200000e+00 2.243999e+01
    endloop
  endfacet
  facet normal 6.761833e-01 -6.977058e-01 2.366068e-01
    outer loop
      vertex   1.440421e+02 -6.200000e+00 2.243999e+01
      vertex   1.443499e+02 -5.900000e+00 2.244504e+01
      vertex   1.442019e+02 -5.900000e+00 2.286777e+01
    endloop
  endfacet
  facet normal 6.409920e-01 -7.201632e-01 2.655076e-01
    outer loop
      vertex   1.440421e+02 -6.200000e+00 2.243999e+01
      vertex   1.442019e+02 -5.900000e+00 2.286777e+01
      vertex   1.438722e+02 -6.200000e+00 2.285000e+01
    endloop
  endfacet
  facet normal 6.101926e-01 -6.932980e-01 3.834094e-01
    outer loop
      vertex   1.438722e+02 -6.200000e+00 2.285000e+01
      vertex   1.442019e+02 -5.900000e+00 2.286777e+01
      vertex   1.439637e+02 -5.900000e+00 2.324698e+01
    endloop
  endfacet
  facet normal 5.478748e-01 -7.232549e-01 4.203991e-01
    outer loop
      vertex   1.438722e+02 -6.200000e+00 2.285000e+01
      vertex   1.439637e+02 -5.900000e+00 2.324698e+01
      vertex   1.436021e+02 -6.200000e+00 2.320208e+01
    endloop
  endfacet
  facet normal 5.105870e-01 -6.918105e-01 5.105870e-01
    outer loop
      vertex   1.436021e+02 -6.200000e+00 2.320208e+01
      vertex   1.439637e+02 -5.900000e+00 2.324698e+01
      vertex   1.436470e+02 -5.900000e+00 2.356366e+01
    endloop
  endfacet
  facet normal 4.203991e-01 -7.232549e-01 5.478748e-01
    outer loop
      vertex   1.436021e+02 -6.200000e+00 2.320208e+01
      vertex   1.436470e+02 -5.900000e+00 2.356366e+01
      vertex   1.432500e+02 -6.200000e+00 2.347224e+01
    endloop
  endfacet
  facet normal 3.834094e-01 -6.932980e-01 6.101926e-01
    outer loop
      vertex   1.432500e+02 -6.200000e+00 2.347224e+01
      vertex   1.436470e+02 -5.900000e+00 2.356366e+01
      vertex   1.432678e+02 -5.900000e+00 2.380194e+01
    endloop
  endfacet
  facet normal 2.655076e-01 -7.201632e-01 6.409920e-01
    outer loop
      vertex   1.432500e+02 -6.200000e+00 2.347224e+01
      vertex   1.432678e+02 -5.900000e+00 2.380194e+01
      vertex   1.428400e+02 -6.200000e+00 2.364207e+01
    endloop
  endfacet
  facet normal 2.366068e-01 -6.977058e-01 6.761833e-01
    outer loop
      vertex   1.428400e+02 -6.200000e+00 2.364207e+01
      vertex   1.432678e+02 -5.900000e+00 2.380194e+01
      vertex   1.428450e+02 -5.900000e+00 2.394986e+01
    endloop
  endfacet
  facet normal 9.140691e-02 -7.138530e-01 6.943044e-01
    outer loop
      vertex   1.428400e+02 -6.200000e+00 2.364207e+01
      vertex   1.428450e+02 -5.900000e+00 2.394986e+01
      vertex   1.424000e+02 -6.200000e+00 2.370000e+01
    endloop
  endfacet
  facet normal 7.942014e-02 -7.048732e-01 7.048732e-01
    outer loop
      vertex   1.424000e+02 -6.200000e+00 2.370000e+01
      vertex   1.428450e+02 -5.900000e+00 2.394986e+01
      vertex   1.424000e+02 -5.900000e+00 2.400000e+01
    endloop
  endfacet
  facet normal 7.071068e-01 -7.071068e-01 1.116510e-15
    outer loop
      vertex   1.444000e+02 -5.900000e+00 4.000000e+00
      vertex   1.444000e+02 -5.900000e+00 2.200000e+01
      vertex   1.441000e+02 -6.200000e+00 4.000000e+00
    endloop
  endfacet
  facet normal 7.071068e-01 -7.071068e-01 0.000000e+00
    outer loop
      vertex   1.441000e+02 -6.200000e+00 4.000000e+00
      vertex   1.444000e+02 -5.900000e+00 2.200000e+01
      vertex   1.441000e+02 -6.200000e+00 2.200000e+01
    endloop
  endfacet
  facet normal 7.942014e-02 -7.048732e-01 7.048732e-01
    outer loop
      vertex   1.464000e+02 -6.200000e+00 1.700000e+00
      vertex   1.464000e+02 -5.900000e+00 2.000000e+00
      vertex   1.458882e+02 -6.200000e+00 1.757666e+00
    endloop
  endfacet
  facet normal 7.942014e-02 -7.048732e-01 7.048732e-01
    outer loop
      vertex   1.458882e+02 -6.200000e+00 1.757666e+00
      vertex   1.464000e+02 -5.900000e+00 2.000000e+00
      vertex   1.459550e+02 -5.900000e+00 2.050144e+00
    endloop
  endfacet
  facet normal 2.342779e-01 -7.048732e-01 6.695279e-01
    outer loop
      vertex   1.458882e+02 -6.200000e+00 1.757666e+00
      vertex   1.459550e+02 -5.900000e+00 2.050144e+00
      vertex   1.454021e+02 -6.200000e+00 1.927772e+00
    endloop
  endfacet
  facet normal 2.342779e-01 -7.048732e-01 6.695279e-01
    outer loop
      vertex   1.454021e+02 -6.200000e+00 1.927772e+00
      vertex   1.459550e+02 -5.900000e+00 2.050144e+00
      vertex   1.455322e+02 -5.900000e+00 2.198062e+00
    endloop
  endfacet
  facet normal 3.773881e-01 -7.048732e-01 6.006097e-01
    outer loop
      vertex   1.454021e+02 -6.200000e+00 1.927772e+00
      vertex   1.455322e+02 -5.900000e+00 2.198062e+00
      vertex   1.449660e+02 -6.200000e+00 2.201788e+00
    endloop
  endfacet
  facet normal 3.773881e-01 -7.048732e-01 6.006097e-01
    outer loop
      vertex   1.449660e+02 -6.200000e+00 2.201788e+00
      vertex   1.455322e+02 -5.900000e+00 2.198062e+00
      vertex   1.451530e+02 -5.900000e+00 2.436337e+00
    endloop
  endfacet
  facet normal 5.015744e-01 -7.048732e-01 5.015744e-01
    outer loop
      vertex   1.449660e+02 -6.200000e+00 2.201788e+00
      vertex   1.451530e+02 -5.900000e+00 2.436337e+00
      vertex   1.446018e+02 -6.200000e+00 2.565973e+00
    endloop
  endfacet
  facet normal 5.015744e-01 -7.048732e-01 5.015744e-01
    outer loop
      vertex   1.446018e+02 -6.200000e+00 2.565973e+00
      vertex   1.451530e+02 -5.900000e+00 2.436337e+00
      vertex   1.448363e+02 -5.900000e+00 2.753020e+00
    endloop
  endfacet
  facet normal 6.006097e-01 -7.048732e-01 3.773881e-01
    outer loop
      vertex   1.446018e+02 -6.200000e+00 2.565973e+00
      vertex   1.448363e+02 -5.900000e+00 2.753020e+00
      vertex   1.443278e+02 -6.200000e+00 3.002067e+00
    endloop
  endfacet
  facet normal 6.006097e-01 -7.048732e-01 3.773881e-01
    outer loop
      vertex   1.443278e+02 -6.200000e+00 3.002067e+00
      vertex   1.448363e+02 -5.900000e+00 2.753020e+00
      vertex   1.445981e+02 -5.900000e+00 3.132233e+00
    endloop
  endfacet
  facet normal 6.695279e-01 -7.048732e-01 2.342779e-01
    outer loop
      vertex   1.443278e+02 -6.200000e+00 3.002067e+00
      vertex   1.445981e+02 -5.900000e+00 3.132233e+00
      vertex   1.441577e+02 -6.200000e+00 3.488202e+00
    endloop
  endfacet
  facet normal 6.695279e-01 -7.048732e-01 2.342779e-01
    outer loop
      vertex   1.441577e+02 -6.200000e+00 3.488202e+00
      vertex   1.445981e+02 -5.900000e+00 3.132233e+00
      vertex   1.444501e+02 -5.900000e+00 3.554958e+00
    endloop
  endfacet
  facet normal 7.048732e-01 -7.048732e-01 7.942014e-02
    outer loop
      vertex   1.441577e+02 -6.200000e+00 3.488202e+00
      vertex   1.444501e+02 -5.900000e+00 3.554958e+00
      vertex   1.441000e+02 -6.200000e+00 4.000000e+00
    endloop
  endfacet
  facet normal 7.048732e-01 -7.048732e-01 7.942014e-02
    outer loop
      vertex   1.441000e+02 -6.200000e+00 4.000000e+00
      vertex   1.444501e+02 -5.900000e+00 3.554958e+00
      vertex   1.444000e+02 -5.900000e+00 4.000000e+00
    endloop
  endfacet
  facet normal -2.616821e-16 -7.071068e-01 7.071068e-01
    outer loop
      vertex   2.124000e+02 -5.900000e+00 2.000000e+00
      vertex   1.464000e+02 -5.900000e+00 2.000000e+00
      vertex   2.124000e+02 -6.200000e+00 1.700000e+00
    endloop
  endfacet
  facet normal -4.115545e-16 -7.071068e-01 7.071068e-01
    outer loop
      vertex   2.124000e+02 -6.200000e+00 1.700000e+00
      vertex   1.464000e+02 -5.900000e+00 2.000000e+00
      vertex   1.464000e+02 -6.200000e+00 1.700000e+00
    endloop
  endfacet
  facet normal -9.937122e-01 -0.000000e+00 -1.119645e-01
    outer loop
      vertex   1.104000e+02 -1.600000e+00 -3.750000e+01
      vertex   1.104000e+02 -5.900000e+00 -3.750000e+01
      vertex   1.103499e+02 -1.600000e+00 -3.705496e+01
    endloop
  endfacet
  facet normal -9.937122e-01 -0.000000e+00 -1.119645e-01
    outer loop
      vertex   1.103499e+02 -1.600000e+00 -3.705496e+01
      vertex   1.104000e+02 -5.900000e+00 -3.750000e+01
      vertex   1.103499e+02 -5.900000e+00 -3.705496e+01
    endloop
  endfacet
  facet normal -9.438833e-01 -0.000000e+00 -3.302791e-01
    outer loop
      vertex   1.103499e+02 -1.600000e+00 -3.705496e+01
      vertex   1.103499e+02 -5.900000e+00 -3.705496e+01
      vertex   1.102019e+02 -1.600000e+00 -3.663223e+01
    endloop
  endfacet
  facet normal -9.438833e-01 -0.000000e+00 -3.302791e-01
    outer loop
      vertex   1.102019e+02 -1.600000e+00 -3.663223e+01
      vertex   1.103499e+02 -5.900000e+00 -3.705496e+01
      vertex   1.102019e+02 -5.900000e+00 -3.663223e+01
    endloop
  endfacet
  facet normal -8.467242e-01 -0.000000e+00 -5.320321e-01
    outer loop
      vertex   1.102019e+02 -1.600000e+00 -3.663223e+01
      vertex   1.102019e+02 -5.900000e+00 -3.663223e+01
      vertex   1.099637e+02 -1.600000e+00 -3.625302e+01
    endloop
  endfacet
  facet normal -8.467242e-01 -0.000000e+00 -5.320321e-01
    outer loop
      vertex   1.099637e+02 -1.600000e+00 -3.625302e+01
      vertex   1.102019e+02 -5.900000e+00 -3.663223e+01
      vertex   1.099637e+02 -5.900000e+00 -3.625302e+01
    endloop
  endfacet
  facet normal -7.071068e-01 -0.000000e+00 -7.071068e-01
    outer loop
      vertex   1.099637e+02 -1.600000e+00 -3.625302e+01
      vertex   1.099637e+02 -5.900000e+00 -3.625302e+01
      vertex   1.096470e+02 -1.600000e+00 -3.593634e+01
    endloop
  endfacet
  facet normal -7.071068e-01 -0.000000e+00 -7.071068e-01
    outer loop
      vertex   1.096470e+02 -1.600000e+00 -3.593634e+01
      vertex   1.099637e+02 -5.900000e+00 -3.625302e+01
      vertex   1.096470e+02 -5.900000e+00 -3.593634e+01
    endloop
  endfacet
  facet normal -5.320321e-01 -0.000000e+00 -8.467242e-01
    outer loop
      vertex   1.096470e+02 -1.600000e+00 -3.593634e+01
      vertex   1.096470e+02 -5.900000e+00 -3.593634e+01
      vertex   1.092678e+02 -1.600000e+00 -3.569806e+01
    endloop
  endfacet
  facet normal -5.320321e-01 -0.000000e+00 -8.467242e-01
    outer loop
      vertex   1.092678e+02 -1.600000e+00 -3.569806e+01
      vertex   1.096470e+02 -5.900000e+00 -3.593634e+01
      vertex   1.092678e+02 -5.900000e+00 -3.569806e+01
    endloop
  endfacet
  facet normal -3.302791e-01 -0.000000e+00 -9.438833e-01
    outer loop
      vertex   1.092678e+02 -1.600000e+00 -3.569806e+01
      vertex   1.092678e+02 -5.900000e+00 -3.569806e+01
      vertex   1.088450e+02 -1.600000e+00 -3.555014e+01
    endloop
  endfacet
  facet normal -3.302791e-01 -0.000000e+00 -9.438833e-01
    outer loop
      vertex   1.088450e+02 -1.600000e+00 -3.555014e+01
      vertex   1.092678e+02 -5.900000e+00 -3.569806e+01
      vertex   1.088450e+02 -5.900000e+00 -3.555014e+01
    endloop
  endfacet
  facet normal -1.119645e-01 -0.000000e+00 -9.937122e-01
    outer loop
      vertex   1.088450e+02 -1.600000e+00 -3.555014e+01
      vertex   1.088450e+02 -5.900000e+00 -3.555014e+01
      vertex   1.084000e+02 -1.600000e+00 -3.550000e+01
    endloop
  endfacet
  facet normal -1.119645e-01 -0.000000e+00 -9.937122e-01
    outer loop
      vertex   1.084000e+02 -1.600000e+00 -3.550000e+01
      vertex   1.088450e+02 -5.900000e+00 -3.555014e+01
      vertex   1.084000e+02 -5.900000e+00 -3.550000e+01
    endloop
  endfacet
  facet normal -1.000000e+00 0.000000e+00 0.000000e+00
    outer loop
      vertex   1.104000e+02 -5.900000e+00 -6.000000e+01
      vertex   1.104000e+02 -5.900000e+00 -3.750000e+01
      vertex   1.104000e+02 -1.600000e+00 -6.000000e+01
    endloop
  endfacet
  facet normal -1.000000e+00 0.000000e+00 0.000000e+00
    outer loop
      vertex   1.104000e+02 -1.600000e+00 -6.000000e+01
      vertex   1.104000e+02 -5.900000e+00 -3.750000e+01
      vertex   1.104000e+02 -1.600000e+00 -3.750000e+01
    endloop
  endfacet
  facet normal -1.119645e-01 -0.000000e+00 -9.937122e-01
    outer loop
      vertex   1.124000e+02 -1.600000e+00 -6.200000e+01
      vertex   1.124000e+02 -5.900000e+00 -6.200000e+01
      vertex   1.119550e+02 -1.600000e+00 -6.194986e+01
    endloop
  endfacet
  facet normal -1.119645e-01 -0.000000e+00 -9.937122e-01
    outer loop
      vertex   1.119550e+02 -1.600000e+00 -6.194986e+01
      vertex   1.124000e+02 -5.900000e+00 -6.200000e+01
      vertex   1.119550e+02 -5.900000e+00 -6.194986e+01
    endloop
  endfacet
  facet normal -3.302791e-01 -0.000000e+00 -9.438833e-01
    outer loop
      vertex   1.119550e+02 -1.600000e+00 -6.194986e+01
      vertex   1.119550e+02 -5.900000e+00 -6.194986e+01
      vertex   1.115322e+02 -1.600000e+00 -6.180194e+01
    endloop
  endfacet
  facet normal -3.302791e-01 -0.000000e+00 -9.438833e-01
    outer loop
      vertex   1.115322e+02 -1.600000e+00 -6.180194e+01
      vertex   1.119550e+02 -5.900000e+00 -6.194986e+01
      vertex   1.115322e+02 -5.900000e+00 -6.180194e+01
    endloop
  endfacet
  facet normal -5.320321e-01 -0.000000e+00 -8.467242e-01
    outer loop
      vertex   1.115322e+02 -1.600000e+00 -6.180194e+01
      vertex   1.115322e+02 -5.900000e+00 -6.180194e+01
      vertex   1.111530e+02 -1.600000e+00 -6.156366e+01
    endloop
  endfacet
  facet normal -5.320321e-01 -0.000000e+00 -8.467242e-01
    outer loop
      vertex   1.111530e+02 -1.600000e+00 -6.156366e+01
      vertex   1.115322e+02 -5.900000e+00 -6.180194e+01
      vertex   1.111530e+02 -5.900000e+00 -6.156366e+01
    endloop
  endfacet
  facet normal -7.071068e-01 -0.000000e+00 -7.071068e-01
    outer loop
      vertex   1.111530e+02 -1.600000e+00 -6.156366e+01
      vertex   1.111530e+02 -5.900000e+00 -6.156366e+01
      vertex   1.108363e+02 -1.600000e+00 -6.124698e+01
    endloop
  endfacet
  facet normal -7.071068e-01 -0.000000e+00 -7.071068e-01
    outer loop
      vertex   1.108363e+02 -1.600000e+00 -6.124698e+01
      vertex   1.111530e+02 -5.900000e+00 -6.156366e+01
      vertex   1.108363e+02 -5.900000e+00 -6.124698e+01
    endloop
  endfacet
  facet normal -8.467242e-01 -0.000000e+00 -5.320321e-01
    outer loop
      vertex   1.108363e+02 -1.600000e+00 -6.124698e+01
      vertex   1.108363e+02 -5.900000e+00 -6.124698e+01
      vertex   1.105981e+02 -1.600000e+00 -6.086777e+01
    endloop
  endfacet
  facet normal -8.467242e-01 -0.000000e+00 -5.320321e-01
    outer loop
      vertex   1.105981e+02 -1.600000e+00 -6.086777e+01
      vertex   1.108363e+02 -5.900000e+00 -6.124698e+01
      vertex   1.105981e+02 -5.900000e+00 -6.086777e+01
    endloop
  endfacet
  facet normal -9.438833e-01 -0.000000e+00 -3.302791e-01
    outer loop
      vertex   1.105981e+02 -1.600000e+00 -6.086777e+01
      vertex   1.105981e+02 -5.900000e+00 -6.086777e+01
      vertex   1.104501e+02 -1.600000e+00 -6.044504e+01
    endloop
  endfacet
  facet normal -9.438833e-01 -0.000000e+00 -3.302791e-01
    outer loop
      vertex   1.104501e+02 -1.600000e+00 -6.044504e+01
      vertex   1.105981e+02 -5.900000e+00 -6.086777e+01
      vertex   1.104501e+02 -5.900000e+00 -6.044504e+01
    endloop
  endfacet
  facet normal -9.937122e-01 -0.000000e+00 -1.119645e-01
    outer loop
      vertex   1.104501e+02 -1.600000e+00 -6.044504e+01
      vertex   1.104501e+02 -5.900000e+00 -6.044504e+01
      vertex   1.104000e+02 -1.600000e+00 -6.000000e+01
    endloop
  endfacet
  facet normal -9.937122e-01 -0.000000e+00 -1.119645e-01
    outer loop
      vertex   1.104000e+02 -1.600000e+00 -6.000000e+01
      vertex   1.104501e+02 -5.900000e+00 -6.044504e+01
      vertex   1.104000e+02 -5.900000e+00 -6.000000e+01
    endloop
  endfacet
  facet normal 7.105427e-16 0.000000e+00 -1.000000e+00
    outer loop
      vertex   2.124000e+02 -5.900000e+00 -6.200000e+01
      vertex   1.124000e+02 -5.900000e+00 -6.200000e+01
      vertex   2.124000e+02 -1.600000e+00 -6.200000e+01
    endloop
  endfacet
  facet normal 7.105427e-16 0.000000e+00 -1.000000e+00
    outer loop
      vertex   2.124000e+02 -1.600000e+00 -6.200000e+01
      vertex   1.124000e+02 -5.900000e+00 -6.200000e+01
      vertex   1.124000e+02 -1.600000e+00 -6.200000e+01
    endloop
  endfacet
  facet normal 9.937122e-01 0.000000e+00 -1.119645e-01
    outer loop
      vertex   2.144000e+02 -1.600000e+00 -6.000000e+01
      vertex   2.144000e+02 -5.900000e+00 -6.000000e+01
      vertex   2.143499e+02 -1.600000e+00 -6.044504e+01
    endloop
  endfacet
  facet normal 9.937122e-01 0.000000e+00 -1.119645e-01
    outer loop
      vertex   2.143499e+02 -1.600000e+00 -6.044504e+01
      vertex   2.144000e+02 -5.900000e+00 -6.000000e+01
      vertex   2.143499e+02 -5.900000e+00 -6.044504e+01
    endloop
  endfacet
  facet normal 9.438833e-01 0.000000e+00 -3.302791e-01
    outer loop
      vertex   2.143499e+02 -1.600000e+00 -6.044504e+01
      vertex   2.143499e+02 -5.900000e+00 -6.044504e+01
      vertex   2.142019e+02 -1.600000e+00 -6.086777e+01
    endloop
  endfacet
  facet normal 9.438833e-01 0.000000e+00 -3.302791e-01
    outer loop
      vertex   2.142019e+02 -1.600000e+00 -6.086777e+01
      vertex   2.143499e+02 -5.900000e+00 -6.044504e+01
      vertex   2.142019e+02 -5.900000e+00 -6.086777e+01
    endloop
  endfacet
  facet normal 8.467242e-01 0.000000e+00 -5.320321e-01
    outer loop
      vertex   2.142019e+02 -1.600000e+00 -6.086777e+01
      vertex   2.142019e+02 -5.900000e+00 -6.086777e+01
      vertex   2.139637e+02 -1.600000e+00 -6.124698e+01
    endloop
  endfacet
  facet normal 8.467242e-01 0.000000e+00 -5.320321e-01
    outer loop
      vertex   2.139637e+02 -1.600000e+00 -6.124698e+01
      vertex   2.142019e+02 -5.900000e+00 -6.086777e+01
      vertex   2.139637e+02 -5.900000e+00 -6.124698e+01
    endloop
  endfacet
  facet normal 7.071068e-01 0.000000e+00 -7.071068e-01
    outer loop
      vertex   2.139637e+02 -1.600000e+00 -6.124698e+01
      vertex   2.139637e+02 -5.900000e+00 -6.124698e+01
      vertex   2.136470e+02 -1.600000e+00 -6.156366e+01
    endloop
  endfacet
  facet normal 7.071068e-01 0.000000e+00 -7.071068e-01
    outer loop
      vertex   2.136470e+02 -1.600000e+00 -6.156366e+01
      vertex   2.139637e+02 -5.900000e+00 -6.124698e+01
      vertex   2.136470e+02 -5.900000e+00 -6.156366e+01
    endloop
  endfacet
  facet normal 5.320321e-01 0.000000e+00 -8.467242e-01
    outer loop
      vertex   2.136470e+02 -1.600000e+00 -6.156366e+01
      vertex   2.136470e+02 -5.900000e+00 -6.156366e+01
      vertex   2.132678e+02 -1.600000e+00 -6.180194e+01
    endloop
  endfacet
  facet normal 5.320321e-01 0.000000e+00 -8.467242e-01
    outer loop
      vertex   2.132678e+02 -1.600000e+00 -6.180194e+01
      vertex   2.136470e+02 -5.900000e+00 -6.156366e+01
      vertex   2.132678e+02 -5.900000e+00 -6.180194e+01
    endloop
  endfacet
  facet normal 3.302791e-01 0.000000e+00 -9.438833e-01
    outer loop
      vertex   2.132678e+02 -1.600000e+00 -6.180194e+01
      vertex   2.132678e+02 -5.900000e+00 -6.180194e+01
      vertex   2.128450e+02 -1.600000e+00 -6.194986e+01
    endloop
  endfacet
  facet normal 3.302791e-01 0.000000e+00 -9.438833e-01
    outer loop
      vertex   2.128450e+02 -1.600000e+00 -6.194986e+01
      vertex   2.132678e+02 -5.900000e+00 -6.180194e+01
      vertex   2.128450e+02 -5.900000e+00 -6.194986e+01
    endloop
  endfacet
  facet normal 1.119645e-01 0.000000e+00 -9.937122e-01
    outer loop
      vertex   2.128450e+02 -1.600000e+00 -6.194986e+01
      vertex   2.128450e+02 -5.900000e+00 -6.194986e+01
      vertex   2.124000e+02 -1.600000e+00 -6.200000e+01
    endloop
  endfacet
  facet normal 1.119645e-01 0.000000e+00 -9.937122e-01
    outer loop
      vertex   2.124000e+02 -1.600000e+00 -6.200000e+01
      vertex   2.128450e+02 -5.900000e+00 -6.194986e+01
      vertex   2.124000e+02 -5.900000e+00 -6.200000e+01
    endloop
  endfacet
  facet normal 1.000000e+00 -0.000000e+00 9.473903e-16
    outer loop
      vertex   2.144000e+02 -5.900000e+00 8.749758e-14
      vertex   2.144000e+02 -5.900000e+00 -6.000000e+01
      vertex   2.144000e+02 -1.600000e+00 8.749758e-14
    endloop
  endfacet
  facet normal 1.000000e+00 0.000000e+00 9.473903e-16
    outer loop
      vertex   2.144000e+02 -1.600000e+00 8.749758e-14
      vertex   2.144000e+02 -5.900000e+00 -6.000000e+01
      vertex   2.144000e+02 -1.600000e+00 -6.000000e+01
    endloop
  endfacet
  facet normal 1.119645e-01 0.000000e+00 9.937122e-01
    outer loop
      vertex   2.124000e+02 -1.600000e+00 2.000000e+00
      vertex   2.124000e+02 -5.900000e+00 2.000000e+00
      vertex   2.128450e+02 -1.600000e+00 1.949856e+00
    endloop
  endfacet
  facet normal 1.119645e-01 0.000000e+00 9.937122e-01
    outer loop
      vertex   2.128450e+02 -1.600000e+00 1.949856e+00
      vertex   2.124000e+02 -5.900000e+00 2.000000e+00
      vertex   2.128450e+02 -5.900000e+00 1.949856e+00
    endloop
  endfacet
  facet normal 3.302791e-01 0.000000e+00 9.438833e-01
    outer loop
      vertex   2.128450e+02 -1.600000e+00 1.949856e+00
      vertex   2.128450e+02 -5.900000e+00 1.949856e+00
      vertex   2.132678e+02 -1.600000e+00 1.801938e+00
    endloop
  endfacet
  facet normal 3.302791e-01 0.000000e+00 9.438833e-01
    outer loop
      vertex   2.132678e+02 -1.600000e+00 1.801938e+00
      vertex   2.128450e+02 -5.900000e+00 1.949856e+00
      vertex   2.132678e+02 -5.900000e+00 1.801938e+00
    endloop
  endfacet
  facet normal 5.320321e-01 0.000000e+00 8.467242e-01
    outer loop
      vertex   2.132678e+02 -1.600000e+00 1.801938e+00
      vertex   2.132678e+02 -5.900000e+00 1.801938e+00
      vertex   2.136470e+02 -1.600000e+00 1.563663e+00
    endloop
  endfacet
  facet normal 5.320321e-01 0.000000e+00 8.467242e-01
    outer loop
      vertex   2.136470e+02 -1.600000e+00 1.563663e+00
      vertex   2.132678e+02 -5.900000e+00 1.801938e+00
      vertex   2.136470e+02 -5.900000e+00 1.563663e+00
    endloop
  endfacet
  facet normal 7.071068e-01 0.000000e+00 7.071068e-01
    outer loop
      vertex   2.136470e+02 -1.600000e+00 1.563663e+00
      vertex   2.136470e+02 -5.900000e+00 1.563663e+00
      vertex   2.139637e+02 -1.600000e+00 1.246980e+00
    endloop
  endfacet
  facet normal 7.071068e-01 0.000000e+00 7.071068e-01
    outer loop
      vertex   2.139637e+02 -1.600000e+00 1.246980e+00
      vertex   2.136470e+02 -5.900000e+00 1.563663e+00
      vertex   2.139637e+02 -5.900000e+00 1.246980e+00
    endloop
  endfacet
  facet normal 8.467242e-01 0.000000e+00 5.320321e-01
    outer loop
      vertex   2.139637e+02 -1.600000e+00 1.246980e+00
      vertex   2.139637e+02 -5.900000e+00 1.246980e+00
      vertex   2.142019e+02 -1.600000e+00 8.677675e-01
    endloop
  endfacet
  facet normal 8.467242e-01 0.000000e+00 5.320321e-01
    outer loop
      vertex   2.142019e+02 -1.600000e+00 8.677675e-01
      vertex   2.139637e+02 -5.900000e+00 1.246980e+00
      vertex   2.142019e+02 -5.900000e+00 8.677675e-01
    endloop
  endfacet
  facet normal 9.438833e-01 0.000000e+00 3.302791e-01
    outer loop
      vertex   2.142019e+02 -1.600000e+00 8.677675e-01
      vertex   2.142019e+02 -5.900000e+00 8.677675e-01
      vertex   2.143499e+02 -1.600000e+00 4.450419e-01
    endloop
  endfacet
  facet normal 9.438833e-01 0.000000e+00 3.302791e-01
    outer loop
      vertex   2.143499e+02 -1.600000e+00 4.450419e-01
      vertex   2.142019e+02 -5.900000e+00 8.677675e-01
      vertex   2.143499e+02 -5.900000e+00 4.450419e-01
    endloop
  endfacet
  facet normal 9.937122e-01 0.000000e+00 1.119645e-01
    outer loop
      vertex   2.143499e+02 -1.600000e+00 4.450419e-01
      vertex   2.143499e+02 -5.900000e+00 4.450419e-01
      vertex   2.144000e+02 -1.600000e+00 8.749758e-14
    endloop
  endfacet
  facet normal 9.937122e-01 0.000000e+00 1.119645e-01
    outer loop
      vertex   2.144000e+02 -1.600000e+00 8.749758e-14
      vertex   2.143499e+02 -5.900000e+00 4.450419e-01
      vertex   2.144000e+02 -5.900000e+00 8.749758e-14
    endloop
  endfacet
  facet normal 0.000000e+00 -1.000000e+00 0.000000e+00
    outer loop
      vertex   1.156895e+02 -6.200000e+00 -6.339917e-01
      vertex   1.446018e+02 -6.200000e+00 2.565973e+00
      vertex   1.157500e+02 -6.200000e+00 4.170220e-14
    endloop
  endfacet
  facet normal 0.000000e+00 -1.000000e+00 0.000000e+00
    outer loop
      vertex   1.157500e+02 -6.200000e+00 4.170220e-14
      vertex   1.446018e+02 -6.200000e+00 2.565973e+00
      vertex   1.443278e+02 -6.200000e+00 3.002067e+00
    endloop
  endfacet
  facet normal 0.000000e+00 -1.000000e+00 0.000000e+00
    outer loop
      vertex   1.157500e+02 -6.200000e+00 4.170220e-14
      vertex   1.443278e+02 -6.200000e+00 3.002067e+00
      vertex   1.156895e+02 -6.200000e+00 6.339917e-01
    endloop
  endfacet
  facet normal 0.000000e+00 -1.000000e+00 0.000000e+00
    outer loop
      vertex   1.156895e+02 -6.200000e+00 6.339917e-01
      vertex   1.443278e+02 -6.200000e+00 3.002067e+00
      vertex   1.441577e+02 -6.200000e+00 3.488202e+00
    endloop
  endfacet
  facet normal 0.000000e+00 -1.000000e+00 0.000000e+00
    outer loop
      vertex   1.156895e+02 -6.200000e+00 6.339917e-01
      vertex   1.441577e+02 -6.200000e+00 3.488202e+00
      vertex   1.155100e+02 -6.200000e+00 1.245069e+00
    endloop
  endfacet
  facet normal 0.000000e+00 -1.000000e+00 0.000000e+00
    outer loop
      vertex   1.155100e+02 -6.200000e+00 1.245069e+00
      vertex   1.441577e+02 -6.200000e+00 3.488202e+00
      vertex   1.441000e+02 -6.200000e+00 4.000000e+00
    endloop
  endfacet
  facet normal 0.000000e+00 -1.000000e+00 0.000000e+00
    outer loop
      vertex   1.155100e+02 -6.200000e+00 1.245069e+00
      vertex   1.441000e+02 -6.200000e+00 4.000000e+00
      vertex   1.152182e+02 -6.200000e+00 1.811147e+00
    endloop
  endfacet
  facet normal 0.000000e+00 -1.000000e+00 0.000000e+00
    outer loop
      vertex   1.152182e+02 -6.200000e+00 1.811147e+00
      vertex   1.441000e+02 -6.200000e+00 4.000000e+00
      vertex   1.148245e+02 -6.200000e+00 2.311765e+00
    endloop
  endfacet
  facet normal 0.000000e+00 -1.000000e+00 0.000000e+00
    outer loop
      vertex   1.148245e+02 -6.200000e+00 2.311765e+00
      vertex   1.441000e+02 -6.200000e+00 4.000000e+00
      vertex   1.143432e+02 -6.200000e+00 2.728829e+00
    endloop
  endfacet
  facet normal 0.000000e+00 -1.000000e+00 0.000000e+00
    outer loop
      vertex   1.143432e+02 -6.200000e+00 2.728829e+00
      vertex   1.441000e+02 -6.200000e+00 4.000000e+00
      vertex   1.137916e+02 -6.200000e+00 3.047267e+00
    endloop
  endfacet
  facet normal 0.000000e+00 -1.000000e+00 0.000000e+00
    outer loop
      vertex   1.137916e+02 -6.200000e+00 3.047267e+00
      vertex   1.441000e+02 -6.200000e+00 4.000000e+00
      vertex   1.441000e+02 -6.200000e+00 2.200000e+01
    endloop
  endfacet
  facet normal 0.000000e+00 -1.000000e+00 0.000000e+00
    outer loop
      vertex   1.137916e+02 -6.200000e+00 3.047267e+00
      vertex   1.441000e+02 -6.200000e+00 2.200000e+01
      vertex   1.424000e+02 -6.200000e+00 2.370000e+01
    endloop
  endfacet
  facet normal 0.000000e+00 -1.000000e+00 0.000000e+00
    outer loop
      vertex   1.424000e+02 -6.200000e+00 2.370000e+01
      vertex   1.441000e+02 -6.200000e+00 2.200000e+01
      vertex   1.440421e+02 -6.200000e+00 2.243999e+01
    endloop
  endfacet
  facet normal 0.000000e+00 -1.000000e+00 0.000000e+00
    outer loop
      vertex   1.424000e+02 -6.200000e+00 2.370000e+01
      vertex   1.440421e+02 -6.200000e+00 2.243999e+01
      vertex   1.438722e+02 -6.200000e+00 2.285000e+01
    endloop
  endfacet
  facet normal 0.000000e+00 -1.000000e+00 -0.000000e+00
    outer loop
      vertex   1.156895e+02 -6.200000e+00 -6.339917e-01
      vertex   1.155100e+02 -6.200000e+00 -1.245069e+00
      vertex   1.446018e+02 -6.200000e+00 2.565973e+00
    endloop
  endfacet
  facet normal 0.000000e+00 -1.000000e+00 -0.000000e+00
    outer loop
      vertex   1.446018e+02 -6.200000e+00 2.565973e+00
      vertex   1.155100e+02 -6.200000e+00 -1.245069e+00
      vertex   1.449660e+02 -6.200000e+00 2.201788e+00
    endloop
  endfacet
  facet normal 0.000000e+00 -1.000000e+00 0.000000e+00
    outer loop
      vertex   1.449660e+02 -6.200000e+00 2.201788e+00
      vertex   1.155100e+02 -6.200000e+00 -1.245069e+00
      vertex   1.152182e+02 -6.200000e+00 -1.811147e+00
    endloop
  endfacet
  facet normal 0.000000e+00 -1.000000e+00 -0.000000e+00
    outer loop
      vertex   1.449660e+02 -6.200000e+00 2.201788e+00
      vertex   1.152182e+02 -6.200000e+00 -1.811147e+00
      vertex   1.454021e+02 -6.200000e+00 1.927772e+00
    endloop
  endfacet
  facet normal 0.000000e+00 -1.000000e+00 0.000000e+00
    outer loop
      vertex   1.454021e+02 -6.200000e+00 1.927772e+00
      vertex   1.152182e+02 -6.200000e+00 -1.811147e+00
      vertex   1.148245e+02 -6.200000e+00 -2.311765e+00
    endloop
  endfacet
  facet normal 0.000000e+00 -1.000000e+00 0.000000e+00
    outer loop
      vertex   1.454021e+02 -6.200000e+00 1.927772e+00
      vertex   1.148245e+02 -6.200000e+00 -2.311765e+00
      vertex   1.143432e+02 -6.200000e+00 -2.728829e+00
    endloop
  endfacet
  facet normal 0.000000e+00 -1.000000e+00 0.000000e+00
    outer loop
      vertex   1.137916e+02 -6.200000e+00 -3.047267e+00
      vertex   1.325594e+02 -6.200000e+00 -3.665379e+01
      vertex   1.143432e+02 -6.200000e+00 -2.728829e+00
    endloop
  endfacet
  facet normal 0.000000e+00 -1.000000e+00 0.000000e+00
    outer loop
      vertex   1.143432e+02 -6.200000e+00 -2.728829e+00
      vertex   1.325594e+02 -6.200000e+00 -3.665379e+01
      vertex   1.458882e+02 -6.200000e+00 1.757666e+00
    endloop
  endfacet
  facet normal 0.000000e+00 -1.000000e+00 0.000000e+00
    outer loop
      vertex   1.143432e+02 -6.200000e+00 -2.728829e+00
      vertex   1.458882e+02 -6.200000e+00 1.757666e+00
      vertex   1.454021e+02 -6.200000e+00 1.927772e+00
    endloop
  endfacet
  facet normal -0.000000e+00 -1.000000e+00 0.000000e+00
    outer loop
      vertex   1.325594e+02 -6.200000e+00 -3.665379e+01
      vertex   1.137916e+02 -6.200000e+00 -3.047267e+00
      vertex   1.319232e+02 -6.200000e+00 -3.668410e+01
    endloop
  endfacet
  facet normal 0.000000e+00 -1.000000e+00 0.000000e+00
    outer loop
      vertex   1.319232e+02 -6.200000e+00 -3.668410e+01
      vertex   1.137916e+02 -6.200000e+00 -3.047267e+00
      vertex   1.131898e+02 -6.200000e+00 -3.255569e+00
    endloop
  endfacet
  facet normal 0.000000e+00 -1.000000e+00 0.000000e+00
    outer loop
      vertex   1.319232e+02 -6.200000e+00 -3.668410e+01
      vertex   1.131898e+02 -6.200000e+00 -3.255569e+00
      vertex   1.093979e+02 -6.200000e+00 -3.542777e+01
    endloop
  endfacet
  facet normal 0.000000e+00 -1.000000e+00 0.000000e+00
    outer loop
      vertex   1.093979e+02 -6.200000e+00 -3.542777e+01
      vertex   1.131898e+02 -6.200000e+00 -3.255569e+00
      vertex   1.089118e+02 -6.200000e+00 -3.525767e+01
    endloop
  endfacet
  facet normal 0.000000e+00 -1.000000e+00 0.000000e+00
    outer loop
      vertex   1.089118e+02 -6.200000e+00 -3.525767e+01
      vertex   1.131898e+02 -6.200000e+00 -3.255569e+00
      vertex   1.125594e+02 -6.200000e+00 -3.346206e+00
    endloop
  endfacet
  facet normal 0.000000e+00 -1.000000e+00 0.000000e+00
    outer loop
      vertex   1.089118e+02 -6.200000e+00 -3.525767e+01
      vertex   1.125594e+02 -6.200000e+00 -3.346206e+00
      vertex   1.084000e+02 -6.200000e+00 -3.520000e+01
    endloop
  endfacet
  facet normal 0.000000e+00 -1.000000e+00 0.000000e+00
    outer loop
      vertex   1.084000e+02 -6.200000e+00 -3.520000e+01
      vertex   1.125594e+02 -6.200000e+00 -3.346206e+00
      vertex   1.119232e+02 -6.200000e+00 -3.315902e+00
    endloop
  endfacet
  facet normal 0.000000e+00 -1.000000e+00 0.000000e+00
    outer loop
      vertex   1.084000e+02 -6.200000e+00 -3.520000e+01
      vertex   1.119232e+02 -6.200000e+00 -3.315902e+00
      vertex   1.113043e+02 -6.200000e+00 -3.165753e+00
    endloop
  endfacet
  facet normal 0.000000e+00 -1.000000e+00 0.000000e+00
    outer loop
      vertex   1.084000e+02 -6.200000e+00 -3.520000e+01
      vertex   1.113043e+02 -6.200000e+00 -3.165753e+00
      vertex   8.070000e+01 -6.200000e+00 -3.350000e+01
    endloop
  endfacet
  facet normal 0.000000e+00 -1.000000e+00 0.000000e+00
    outer loop
      vertex   8.070000e+01 -6.200000e+00 -3.350000e+01
      vertex   1.113043e+02 -6.200000e+00 -3.165753e+00
      vertex   1.107250e+02 -6.200000e+00 -2.901185e+00
    endloop
  endfacet
  facet normal 0.000000e+00 -1.000000e+00 0.000000e+00
    outer loop
      vertex   8.070000e+01 -6.200000e+00 -3.350000e+01
      vertex   1.107250e+02 -6.200000e+00 -2.901185e+00
      vertex   1.102062e+02 -6.200000e+00 -2.531761e+00
    endloop
  endfacet
  facet normal -0.000000e+00 -1.000000e+00 0.000000e+00
    outer loop
      vertex   1.102062e+02 -6.200000e+00 -2.531761e+00
      vertex   1.097667e+02 -6.200000e+00 -2.070833e+00
      vertex   8.070000e+01 -6.200000e+00 -3.350000e+01
    endloop
  endfacet
  facet normal 0.000000e+00 -1.000000e+00 0.000000e+00
    outer loop
      vertex   8.070000e+01 -6.200000e+00 -3.350000e+01
      vertex   1.097667e+02 -6.200000e+00 -2.070833e+00
      vertex   1.094224e+02 -6.200000e+00 -1.535059e+00
    endloop
  endfacet
  facet normal 0.000000e+00 -1.000000e+00 0.000000e+00
    outer loop
      vertex   8.070000e+01 -6.200000e+00 -3.350000e+01
      vertex   1.094224e+02 -6.200000e+00 -1.535059e+00
      vertex   1.091857e+02 -6.200000e+00 -9.438041e-01
    endloop
  endfacet
  facet normal 0.000000e+00 -1.000000e+00 0.000000e+00
    outer loop
      vertex   8.070000e+01 -6.200000e+00 -3.350000e+01
      vertex   1.091857e+02 -6.200000e+00 -9.438041e-01
      vertex   8.070000e+01 -6.200000e+00 2.200000e+01
    endloop
  endfacet
  facet normal 0.000000e+00 -1.000000e+00 0.000000e+00
    outer loop
      vertex   8.070000e+01 -6.200000e+00 2.200000e+01
      vertex   1.091857e+02 -6.200000e+00 -9.438041e-01
      vertex   1.090652e+02 -6.200000e+00 -3.184377e-01
    endloop
  endfacet
  facet normal 0.000000e+00 -1.000000e+00 0.000000e+00
    outer loop
      vertex   8.070000e+01 -6.200000e+00 2.200000e+01
      vertex   1.090652e+02 -6.200000e+00 -3.184377e-01
      vertex   1.090652e+02 -6.200000e+00 3.184377e-01
    endloop
  endfacet
  facet normal 0.000000e+00 -1.000000e+00 0.000000e+00
    outer loop
      vertex   1.090652e+02 -6.200000e+00 3.184377e-01
      vertex   1.091857e+02 -6.200000e+00 9.438041e-01
      vertex   8.070000e+01 -6.200000e+00 2.200000e+01
    endloop
  endfacet
  facet normal 0.000000e+00 -1.000000e+00 0.000000e+00
    outer loop
      vertex   8.070000e+01 -6.200000e+00 2.200000e+01
      vertex   1.091857e+02 -6.200000e+00 9.438041e-01
      vertex   1.094224e+02 -6.200000e+00 1.535059e+00
    endloop
  endfacet
  facet normal 0.000000e+00 -1.000000e+00 0.000000e+00
    outer loop
      vertex   8.070000e+01 -6.200000e+00 2.200000e+01
      vertex   1.094224e+02 -6.200000e+00 1.535059e+00
      vertex   1.097667e+02 -6.200000e+00 2.070833e+00
    endloop
  endfacet
  facet normal 0.000000e+00 -1.000000e+00 0.000000e+00
    outer loop
      vertex   1.097667e+02 -6.200000e+00 2.070833e+00
      vertex   1.102062e+02 -6.200000e+00 2.531761e+00
      vertex   8.070000e+01 -6.200000e+00 2.200000e+01
    endloop
  endfacet
  facet normal 0.000000e+00 -1.000000e+00 0.000000e+00
    outer loop
      vertex   8.070000e+01 -6.200000e+00 2.200000e+01
      vertex   1.102062e+02 -6.200000e+00 2.531761e+00
      vertex   1.107250e+02 -6.200000e+00 2.901185e+00
    endloop
  endfacet
  facet normal 0.000000e+00 -1.000000e+00 0.000000e+00
    outer loop
      vertex   8.070000e+01 -6.200000e+00 2.200000e+01
      vertex   1.107250e+02 -6.200000e+00 2.901185e+00
      vertex   1.113043e+02 -6.200000e+00 3.165753e+00
    endloop
  endfacet
  facet normal 0.000000e+00 -1.000000e+00 0.000000e+00
    outer loop
      vertex   8.070000e+01 -6.200000e+00 2.200000e+01
      vertex   1.113043e+02 -6.200000e+00 3.165753e+00
      vertex   8.240000e+01 -6.200000e+00 2.370000e+01
    endloop
  endfacet
  facet normal 0.000000e+00 -1.000000e+00 0.000000e+00
    outer loop
      vertex   8.240000e+01 -6.200000e+00 2.370000e+01
      vertex   1.113043e+02 -6.200000e+00 3.165753e+00
      vertex   1.119232e+02 -6.200000e+00 3.315902e+00
    endloop
  endfacet
  facet normal 0.000000e+00 -1.000000e+00 0.000000e+00
    outer loop
      vertex   8.240000e+01 -6.200000e+00 2.370000e+01
      vertex   1.119232e+02 -6.200000e+00 3.315902e+00
      vertex   1.125594e+02 -6.200000e+00 3.346206e+00
    endloop
  endfacet
  facet normal 0.000000e+00 -1.000000e+00 0.000000e+00
    outer loop
      vertex   8.240000e+01 -6.200000e+00 2.370000e+01
      vertex   1.125594e+02 -6.200000e+00 3.346206e+00
      vertex   1.424000e+02 -6.200000e+00 2.370000e+01
    endloop
  endfacet
  facet normal 0.000000e+00 -1.000000e+00 0.000000e+00
    outer loop
      vertex   1.424000e+02 -6.200000e+00 2.370000e+01
      vertex   1.125594e+02 -6.200000e+00 3.346206e+00
      vertex   1.131898e+02 -6.200000e+00 3.255569e+00
    endloop
  endfacet
  facet normal 0.000000e+00 -1.000000e+00 0.000000e+00
    outer loop
      vertex   1.424000e+02 -6.200000e+00 2.370000e+01
      vertex   1.131898e+02 -6.200000e+00 3.255569e+00
      vertex   1.137916e+02 -6.200000e+00 3.047267e+00
    endloop
  endfacet
  facet normal 0.000000e+00 -1.000000e+00 0.000000e+00
    outer loop
      vertex   1.356895e+02 -6.200000e+00 -4.063399e+01
      vertex   1.890652e+02 -6.200000e+00 -4.031844e+01
      vertex   1.357500e+02 -6.200000e+00 -4.000000e+01
    endloop
  endfacet
  facet normal 0.000000e+00 -1.000000e+00 0.000000e+00
    outer loop
      vertex   1.357500e+02 -6.200000e+00 -4.000000e+01
      vertex   1.890652e+02 -6.200000e+00 -4.031844e+01
      vertex   1.890652e+02 -6.200000e+00 -3.968156e+01
    endloop
  endfacet
  facet normal 0.000000e+00 -1.000000e+00 0.000000e+00
    outer loop
      vertex   1.357500e+02 -6.200000e+00 -4.000000e+01
      vertex   1.890652e+02 -6.200000e+00 -3.968156e+01
      vertex   1.719232e+02 -6.200000e+00 -2.331590e+01
    endloop
  endfacet
  facet normal 0.000000e+00 -1.000000e+00 0.000000e+00
    outer loop
      vertex   1.719232e+02 -6.200000e+00 -2.331590e+01
      vertex   1.890652e+02 -6.200000e+00 -3.968156e+01
      vertex   1.891857e+02 -6.200000e+00 -3.905620e+01
    endloop
  endfacet
  facet normal 0.000000e+00 -1.000000e+00 0.000000e+00
    outer loop
      vertex   1.719232e+02 -6.200000e+00 -2.331590e+01
      vertex   1.891857e+02 -6.200000e+00 -3.905620e+01
      vertex   1.894224e+02 -6.200000e+00 -3.846494e+01
    endloop
  endfacet
  facet normal 0.000000e+00 -1.000000e+00 -0.000000e+00
    outer loop
      vertex   1.890652e+02 -6.200000e+00 -4.031844e+01
      vertex   1.356895e+02 -6.200000e+00 -4.063399e+01
      vertex   1.891857e+02 -6.200000e+00 -4.094380e+01
    endloop
  endfacet
  facet normal -0.000000e+00 -1.000000e+00 0.000000e+00
    outer loop
      vertex   1.891857e+02 -6.200000e+00 -4.094380e+01
      vertex   1.356895e+02 -6.200000e+00 -4.063399e+01
      vertex   1.355100e+02 -6.200000e+00 -4.124507e+01
    endloop
  endfacet
  facet normal 0.000000e+00 -1.000000e+00 -0.000000e+00
    outer loop
      vertex   1.891857e+02 -6.200000e+00 -4.094380e+01
      vertex   1.355100e+02 -6.200000e+00 -4.124507e+01
      vertex   1.894224e+02 -6.200000e+00 -4.153506e+01
    endloop
  endfacet
  facet normal -0.000000e+00 -1.000000e+00 0.000000e+00
    outer loop
      vertex   1.894224e+02 -6.200000e+00 -4.153506e+01
      vertex   1.355100e+02 -6.200000e+00 -4.124507e+01
      vertex   1.352182e+02 -6.200000e+00 -4.181115e+01
    endloop
  endfacet
  facet normal 0.000000e+00 -1.000000e+00 -0.000000e+00
    outer loop
      vertex   1.894224e+02 -6.200000e+00 -4.153506e+01
      vertex   1.352182e+02 -6.200000e+00 -4.181115e+01
      vertex   1.897667e+02 -6.200000e+00 -4.207083e+01
    endloop
  endfacet
  facet normal -0.000000e+00 -1.000000e+00 0.000000e+00
    outer loop
      vertex   1.897667e+02 -6.200000e+00 -4.207083e+01
      vertex   1.352182e+02 -6.200000e+00 -4.181115e+01
      vertex   1.348245e+02 -6.200000e+00 -4.231176e+01
    endloop
  endfacet
  facet normal 0.000000e+00 -1.000000e+00 -0.000000e+00
    outer loop
      vertex   1.897667e+02 -6.200000e+00 -4.207083e+01
      vertex   1.348245e+02 -6.200000e+00 -4.231176e+01
      vertex   1.902062e+02 -6.200000e+00 -4.253176e+01
    endloop
  endfacet
  facet normal -0.000000e+00 -1.000000e+00 0.000000e+00
    outer loop
      vertex   1.902062e+02 -6.200000e+00 -4.253176e+01
      vertex   1.348245e+02 -6.200000e+00 -4.231176e+01
      vertex   1.343432e+02 -6.200000e+00 -4.272883e+01
    endloop
  endfacet
  facet normal 0.000000e+00 -1.000000e+00 -0.000000e+00
    outer loop
      vertex   1.902062e+02 -6.200000e+00 -4.253176e+01
      vertex   1.343432e+02 -6.200000e+00 -4.272883e+01
      vertex   1.907250e+02 -6.200000e+00 -4.290119e+01
    endloop
  endfacet
  facet normal -0.000000e+00 -1.000000e+00 0.000000e+00
    outer loop
      vertex   1.907250e+02 -6.200000e+00 -4.290119e+01
      vertex   1.343432e+02 -6.200000e+00 -4.272883e+01
      vertex   1.337916e+02 -6.200000e+00 -4.304727e+01
    endloop
  endfacet
  facet normal 0.000000e+00 -1.000000e+00 -0.000000e+00
    outer loop
      vertex   1.907250e+02 -6.200000e+00 -4.290119e+01
      vertex   1.337916e+02 -6.200000e+00 -4.304727e+01
      vertex   1.913043e+02 -6.200000e+00 -4.316575e+01
    endloop
  endfacet
  facet normal -0.000000e+00 -1.000000e+00 0.000000e+00
    outer loop
      vertex   1.913043e+02 -6.200000e+00 -4.316575e+01
      vertex   1.337916e+02 -6.200000e+00 -4.304727e+01
      vertex   1.124000e+02 -6.200000e+00 -6.170000e+01
    endloop
  endfacet
  facet normal 0.000000e+00 -1.000000e+00 -0.000000e+00
    outer loop
      vertex   1.913043e+02 -6.200000e+00 -4.316575e+01
      vertex   1.124000e+02 -6.200000e+00 -6.170000e+01
      vertex   2.124000e+02 -6.200000e+00 -6.170000e+01
    endloop
  endfacet
  facet normal 0.000000e+00 -1.000000e+00 0.000000e+00
    outer loop
      vertex   1.337916e+02 -6.200000e+00 -4.304727e+01
      vertex   1.331898e+02 -6.200000e+00 -4.325557e+01
      vertex   1.124000e+02 -6.200000e+00 -6.170000e+01
    endloop
  endfacet
  facet normal 0.000000e+00 -1.000000e+00 0.000000e+00
    outer loop
      vertex   1.124000e+02 -6.200000e+00 -6.170000e+01
      vertex   1.331898e+02 -6.200000e+00 -4.325557e+01
      vertex   1.325594e+02 -6.200000e+00 -4.334621e+01
    endloop
  endfacet
  facet normal 0.000000e+00 -1.000000e+00 0.000000e+00
    outer loop
      vertex   1.124000e+02 -6.200000e+00 -6.170000e+01
      vertex   1.325594e+02 -6.200000e+00 -4.334621e+01
      vertex   1.319232e+02 -6.200000e+00 -4.331590e+01
    endloop
  endfacet
  facet normal 0.000000e+00 -1.000000e+00 0.000000e+00
    outer loop
      vertex   1.124000e+02 -6.200000e+00 -6.170000e+01
      vertex   1.319232e+02 -6.200000e+00 -4.331590e+01
      vertex   1.107000e+02 -6.200000e+00 -6.000000e+01
    endloop
  endfacet
  facet normal 0.000000e+00 -1.000000e+00 0.000000e+00
    outer loop
      vertex   1.107000e+02 -6.200000e+00 -6.000000e+01
      vertex   1.319232e+02 -6.200000e+00 -4.331590e+01
      vertex   1.313043e+02 -6.200000e+00 -4.316575e+01
    endloop
  endfacet
  facet normal 0.000000e+00 -1.000000e+00 0.000000e+00
    outer loop
      vertex   1.107000e+02 -6.200000e+00 -6.000000e+01
      vertex   1.313043e+02 -6.200000e+00 -4.316575e+01
      vertex   1.307250e+02 -6.200000e+00 -4.290119e+01
    endloop
  endfacet
  facet normal -0.000000e+00 -1.000000e+00 0.000000e+00
    outer loop
      vertex   1.307250e+02 -6.200000e+00 -4.290119e+01
      vertex   1.302062e+02 -6.200000e+00 -4.253176e+01
      vertex   1.107000e+02 -6.200000e+00 -6.000000e+01
    endloop
  endfacet
  facet normal 0.000000e+00 -1.000000e+00 0.000000e+00
    outer loop
      vertex   1.107000e+02 -6.200000e+00 -6.000000e+01
      vertex   1.302062e+02 -6.200000e+00 -4.253176e+01
      vertex   1.107000e+02 -6.200000e+00 -3.750000e+01
    endloop
  endfacet
  facet normal 0.000000e+00 -1.000000e+00 0.000000e+00
    outer loop
      vertex   1.107000e+02 -6.200000e+00 -3.750000e+01
      vertex   1.302062e+02 -6.200000e+00 -4.253176e+01
      vertex   1.297667e+02 -6.200000e+00 -4.207083e+01
    endloop
  endfacet
  facet normal 0.000000e+00 -1.000000e+00 0.000000e+00
    outer loop
      vertex   1.107000e+02 -6.200000e+00 -3.750000e+01
      vertex   1.297667e+02 -6.200000e+00 -4.207083e+01
      vertex   1.294224e+02 -6.200000e+00 -4.153506e+01
    endloop
  endfacet
  facet normal 0.000000e+00 -1.000000e+00 0.000000e+00
    outer loop
      vertex   1.294224e+02 -6.200000e+00 -4.153506e+01
      vertex   1.291857e+02 -6.200000e+00 -4.094380e+01
      vertex   1.107000e+02 -6.200000e+00 -3.750000e+01
    endloop
  endfacet
  facet normal 0.000000e+00 -1.000000e+00 0.000000e+00
    outer loop
      vertex   1.107000e+02 -6.200000e+00 -3.750000e+01
      vertex   1.291857e+02 -6.200000e+00 -4.094380e+01
      vertex   1.290652e+02 -6.200000e+00 -4.031844e+01
    endloop
  endfacet
  facet normal 0.000000e+00 -1.000000e+00 0.000000e+00
    outer loop
      vertex   1.107000e+02 -6.200000e+00 -3.750000e+01
      vertex   1.290652e+02 -6.200000e+00 -4.031844e+01
      vertex   1.290652e+02 -6.200000e+00 -3.968156e+01
    endloop
  endfacet
  facet normal 0.000000e+00 -1.000000e+00 0.000000e+00
    outer loop
      vertex   1.290652e+02 -6.200000e+00 -3.968156e+01
      vertex   1.291857e+02 -6.200000e+00 -3.905620e+01
      vertex   1.107000e+02 -6.200000e+00 -3.750000e+01
    endloop
  endfacet
  facet normal 0.000000e+00 -1.000000e+00 0.000000e+00
    outer loop
      vertex   1.107000e+02 -6.200000e+00 -3.750000e+01
      vertex   1.291857e+02 -6.200000e+00 -3.905620e+01
      vertex   1.294224e+02 -6.200000e+00 -3.846494e+01
    endloop
  endfacet
  facet normal 0.000000e+00 -1.000000e+00 0.000000e+00
    outer loop
      vertex   1.107000e+02 -6.200000e+00 -3.750000e+01
      vertex   1.294224e+02 -6.200000e+00 -3.846494e+01
      vertex   1.106423e+02 -6.200000e+00 -3.698820e+01
    endloop
  endfacet
  facet normal 0.000000e+00 -1.000000e+00 0.000000e+00
    outer loop
      vertex   1.106423e+02 -6.200000e+00 -3.698820e+01
      vertex   1.294224e+02 -6.200000e+00 -3.846494e+01
      vertex   1.297667e+02 -6.200000e+00 -3.792917e+01
    endloop
  endfacet
  facet normal 0.000000e+00 -1.000000e+00 0.000000e+00
    outer loop
      vertex   1.106423e+02 -6.200000e+00 -3.698820e+01
      vertex   1.297667e+02 -6.200000e+00 -3.792917e+01
      vertex   1.104722e+02 -6.200000e+00 -3.650207e+01
    endloop
  endfacet
  facet normal 0.000000e+00 -1.000000e+00 0.000000e+00
    outer loop
      vertex   1.104722e+02 -6.200000e+00 -3.650207e+01
      vertex   1.297667e+02 -6.200000e+00 -3.792917e+01
      vertex   1.302062e+02 -6.200000e+00 -3.746824e+01
    endloop
  endfacet
  facet normal 0.000000e+00 -1.000000e+00 0.000000e+00
    outer loop
      vertex   1.104722e+02 -6.200000e+00 -3.650207e+01
      vertex   1.302062e+02 -6.200000e+00 -3.746824e+01
      vertex   1.101982e+02 -6.200000e+00 -3.606597e+01
    endloop
  endfacet
  facet normal 0.000000e+00 -1.000000e+00 0.000000e+00
    outer loop
      vertex   1.101982e+02 -6.200000e+00 -3.606597e+01
      vertex   1.302062e+02 -6.200000e+00 -3.746824e+01
      vertex   1.307250e+02 -6.200000e+00 -3.709881e+01
    endloop
  endfacet
  facet normal 0.000000e+00 -1.000000e+00 0.000000e+00
    outer loop
      vertex   1.101982e+02 -6.200000e+00 -3.606597e+01
      vertex   1.307250e+02 -6.200000e+00 -3.709881e+01
      vertex   1.098340e+02 -6.200000e+00 -3.570179e+01
    endloop
  endfacet
  facet normal 0.000000e+00 -1.000000e+00 0.000000e+00
    outer loop
      vertex   1.098340e+02 -6.200000e+00 -3.570179e+01
      vertex   1.307250e+02 -6.200000e+00 -3.709881e+01
      vertex   1.313043e+02 -6.200000e+00 -3.683425e+01
    endloop
  endfacet
  facet normal 0.000000e+00 -1.000000e+00 0.000000e+00
    outer loop
      vertex   1.098340e+02 -6.200000e+00 -3.570179e+01
      vertex   1.313043e+02 -6.200000e+00 -3.683425e+01
      vertex   1.093979e+02 -6.200000e+00 -3.542777e+01
    endloop
  endfacet
  facet normal 0.000000e+00 -1.000000e+00 0.000000e+00
    outer loop
      vertex   1.093979e+02 -6.200000e+00 -3.542777e+01
      vertex   1.313043e+02 -6.200000e+00 -3.683425e+01
      vertex   1.319232e+02 -6.200000e+00 -3.668410e+01
    endloop
  endfacet
  facet normal 0.000000e+00 -1.000000e+00 -0.000000e+00
    outer loop
      vertex   1.458882e+02 -6.200000e+00 1.757666e+00
      vertex   1.325594e+02 -6.200000e+00 -3.665379e+01
      vertex   1.690652e+02 -6.200000e+00 -1.968156e+01
    endloop
  endfacet
  facet normal 0.000000e+00 -1.000000e+00 0.000000e+00
    outer loop
      vertex   1.690652e+02 -6.200000e+00 -1.968156e+01
      vertex   1.325594e+02 -6.200000e+00 -3.665379e+01
      vertex   1.331898e+02 -6.200000e+00 -3.674443e+01
    endloop
  endfacet
  facet normal 0.000000e+00 -1.000000e+00 -0.000000e+00
    outer loop
      vertex   1.690652e+02 -6.200000e+00 -1.968156e+01
      vertex   1.331898e+02 -6.200000e+00 -3.674443e+01
      vertex   1.690652e+02 -6.200000e+00 -2.031844e+01
    endloop
  endfacet
  facet normal 0.000000e+00 -1.000000e+00 -0.000000e+00
    outer loop
      vertex   1.690652e+02 -6.200000e+00 -2.031844e+01
      vertex   1.331898e+02 -6.200000e+00 -3.674443e+01
      vertex   1.691857e+02 -6.200000e+00 -2.094380e+01
    endloop
  endfacet
  facet normal 0.000000e+00 -1.000000e+00 0.000000e+00
    outer loop
      vertex   1.691857e+02 -6.200000e+00 -2.094380e+01
      vertex   1.331898e+02 -6.200000e+00 -3.674443e+01
      vertex   1.337916e+02 -6.200000e+00 -3.695273e+01
    endloop
  endfacet
  facet normal 0.000000e+00 -1.000000e+00 -0.000000e+00
    outer loop
      vertex   1.691857e+02 -6.200000e+00 -2.094380e+01
      vertex   1.337916e+02 -6.200000e+00 -3.695273e+01
      vertex   1.694224e+02 -6.200000e+00 -2.153506e+01
    endloop
  endfacet
  facet normal 0.000000e+00 -1.000000e+00 0.000000e+00
    outer loop
      vertex   1.694224e+02 -6.200000e+00 -2.153506e+01
      vertex   1.337916e+02 -6.200000e+00 -3.695273e+01
      vertex   1.343432e+02 -6.200000e+00 -3.727117e+01
    endloop
  endfacet
  facet normal 0.000000e+00 -1.000000e+00 -0.000000e+00
    outer loop
      vertex   1.694224e+02 -6.200000e+00 -2.153506e+01
      vertex   1.343432e+02 -6.200000e+00 -3.727117e+01
      vertex   1.697667e+02 -6.200000e+00 -2.207083e+01
    endloop
  endfacet
  facet normal 0.000000e+00 -1.000000e+00 0.000000e+00
    outer loop
      vertex   1.697667e+02 -6.200000e+00 -2.207083e+01
      vertex   1.343432e+02 -6.200000e+00 -3.727117e+01
      vertex   1.348245e+02 -6.200000e+00 -3.768824e+01
    endloop
  endfacet
  facet normal 0.000000e+00 -1.000000e+00 -0.000000e+00
    outer loop
      vertex   1.697667e+02 -6.200000e+00 -2.207083e+01
      vertex   1.348245e+02 -6.200000e+00 -3.768824e+01
      vertex   1.702062e+02 -6.200000e+00 -2.253176e+01
    endloop
  endfacet
  facet normal 0.000000e+00 -1.000000e+00 0.000000e+00
    outer loop
      vertex   1.702062e+02 -6.200000e+00 -2.253176e+01
      vertex   1.348245e+02 -6.200000e+00 -3.768824e+01
      vertex   1.352182e+02 -6.200000e+00 -3.818885e+01
    endloop
  endfacet
  facet normal 0.000000e+00 -1.000000e+00 -0.000000e+00
    outer loop
      vertex   1.702062e+02 -6.200000e+00 -2.253176e+01
      vertex   1.352182e+02 -6.200000e+00 -3.818885e+01
      vertex   1.707250e+02 -6.200000e+00 -2.290119e+01
    endloop
  endfacet
  facet normal 0.000000e+00 -1.000000e+00 0.000000e+00
    outer loop
      vertex   1.707250e+02 -6.200000e+00 -2.290119e+01
      vertex   1.352182e+02 -6.200000e+00 -3.818885e+01
      vertex   1.355100e+02 -6.200000e+00 -3.875493e+01
    endloop
  endfacet
  facet normal 0.000000e+00 -1.000000e+00 -0.000000e+00
    outer loop
      vertex   1.707250e+02 -6.200000e+00 -2.290119e+01
      vertex   1.355100e+02 -6.200000e+00 -3.875493e+01
      vertex   1.713043e+02 -6.200000e+00 -2.316575e+01
    endloop
  endfacet
  facet normal 0.000000e+00 -1.000000e+00 0.000000e+00
    outer loop
      vertex   1.713043e+02 -6.200000e+00 -2.316575e+01
      vertex   1.355100e+02 -6.200000e+00 -3.875493e+01
      vertex   1.356895e+02 -6.200000e+00 -3.936601e+01
    endloop
  endfacet
  facet normal 0.000000e+00 -1.000000e+00 0.000000e+00
    outer loop
      vertex   1.713043e+02 -6.200000e+00 -2.316575e+01
      vertex   1.356895e+02 -6.200000e+00 -3.936601e+01
      vertex   1.357500e+02 -6.200000e+00 -4.000000e+01
    endloop
  endfacet
  facet normal 0.000000e+00 -1.000000e+00 0.000000e+00
    outer loop
      vertex   1.756895e+02 -6.200000e+00 -2.063399e+01
      vertex   1.931898e+02 -6.200000e+00 -3.674443e+01
      vertex   1.757500e+02 -6.200000e+00 -2.000000e+01
    endloop
  endfacet
  facet normal 0.000000e+00 -1.000000e+00 0.000000e+00
    outer loop
      vertex   1.757500e+02 -6.200000e+00 -2.000000e+01
      vertex   1.931898e+02 -6.200000e+00 -3.674443e+01
      vertex   2.141000e+02 -6.200000e+00 8.730554e-14
    endloop
  endfacet
  facet normal 0.000000e+00 -1.000000e+00 0.000000e+00
    outer loop
      vertex   1.757500e+02 -6.200000e+00 -2.000000e+01
      vertex   2.141000e+02 -6.200000e+00 8.730554e-14
      vertex   1.756895e+02 -6.200000e+00 -1.936601e+01
    endloop
  endfacet
  facet normal 0.000000e+00 -1.000000e+00 0.000000e+00
    outer loop
      vertex   1.756895e+02 -6.200000e+00 -1.936601e+01
      vertex   2.141000e+02 -6.200000e+00 8.730554e-14
      vertex   1.755100e+02 -6.200000e+00 -1.875493e+01
    endloop
  endfacet
  facet normal 0.000000e+00 -1.000000e+00 0.000000e+00
    outer loop
      vertex   1.755100e+02 -6.200000e+00 -1.875493e+01
      vertex   2.141000e+02 -6.200000e+00 8.730554e-14
      vertex   1.752182e+02 -6.200000e+00 -1.818885e+01
    endloop
  endfacet
  facet normal 0.000000e+00 -1.000000e+00 0.000000e+00
    outer loop
      vertex   1.752182e+02 -6.200000e+00 -1.818885e+01
      vertex   2.141000e+02 -6.200000e+00 8.730554e-14
      vertex   1.748245e+02 -6.200000e+00 -1.768824e+01
    endloop
  endfacet
  facet normal 0.000000e+00 -1.000000e+00 0.000000e+00
    outer loop
      vertex   1.748245e+02 -6.200000e+00 -1.768824e+01
      vertex   2.141000e+02 -6.200000e+00 8.730554e-14
      vertex   1.743432e+02 -6.200000e+00 -1.727117e+01
    endloop
  endfacet
  facet normal 0.000000e+00 -1.000000e+00 0.000000e+00
    outer loop
      vertex   1.743432e+02 -6.200000e+00 -1.727117e+01
      vertex   2.141000e+02 -6.200000e+00 8.730554e-14
      vertex   2.124000e+02 -6.200000e+00 1.700000e+00
    endloop
  endfacet
  facet normal 0.000000e+00 -1.000000e+00 0.000000e+00
    outer loop
      vertex   1.743432e+02 -6.200000e+00 -1.727117e+01
      vertex   2.124000e+02 -6.200000e+00 1.700000e+00
      vertex   1.737916e+02 -6.200000e+00 -1.695273e+01
    endloop
  endfacet
  facet normal 0.000000e+00 -1.000000e+00 0.000000e+00
    outer loop
      vertex   1.737916e+02 -6.200000e+00 -1.695273e+01
      vertex   2.124000e+02 -6.200000e+00 1.700000e+00
      vertex   1.731898e+02 -6.200000e+00 -1.674443e+01
    endloop
  endfacet
  facet normal 0.000000e+00 -1.000000e+00 0.000000e+00
    outer loop
      vertex   1.731898e+02 -6.200000e+00 -1.674443e+01
      vertex   2.124000e+02 -6.200000e+00 1.700000e+00
      vertex   1.725594e+02 -6.200000e+00 -1.665379e+01
    endloop
  endfacet
  facet normal 0.000000e+00 -1.000000e+00 0.000000e+00
    outer loop
      vertex   1.725594e+02 -6.200000e+00 -1.665379e+01
      vertex   2.124000e+02 -6.200000e+00 1.700000e+00
      vertex   1.464000e+02 -6.200000e+00 1.700000e+00
    endloop
  endfacet
  facet normal -0.000000e+00 -1.000000e+00 0.000000e+00
    outer loop
      vertex   1.725594e+02 -6.200000e+00 -1.665379e+01
      vertex   1.464000e+02 -6.200000e+00 1.700000e+00
      vertex   1.719232e+02 -6.200000e+00 -1.668410e+01
    endloop
  endfacet
  facet normal -0.000000e+00 -1.000000e+00 0.000000e+00
    outer loop
      vertex   1.719232e+02 -6.200000e+00 -1.668410e+01
      vertex   1.464000e+02 -6.200000e+00 1.700000e+00
      vertex   1.713043e+02 -6.200000e+00 -1.683425e+01
    endloop
  endfacet
  facet normal -0.000000e+00 -1.000000e+00 0.000000e+00
    outer loop
      vertex   1.713043e+02 -6.200000e+00 -1.683425e+01
      vertex   1.464000e+02 -6.200000e+00 1.700000e+00
      vertex   1.707250e+02 -6.200000e+00 -1.709881e+01
    endloop
  endfacet
  facet normal -0.000000e+00 -1.000000e+00 0.000000e+00
    outer loop
      vertex   1.707250e+02 -6.200000e+00 -1.709881e+01
      vertex   1.464000e+02 -6.200000e+00 1.700000e+00
      vertex   1.702062e+02 -6.200000e+00 -1.746824e+01
    endloop
  endfacet
  facet normal -0.000000e+00 -1.000000e+00 0.000000e+00
    outer loop
      vertex   1.702062e+02 -6.200000e+00 -1.746824e+01
      vertex   1.464000e+02 -6.200000e+00 1.700000e+00
      vertex   1.697667e+02 -6.200000e+00 -1.792917e+01
    endloop
  endfacet
  facet normal -0.000000e+00 -1.000000e+00 0.000000e+00
    outer loop
      vertex   1.697667e+02 -6.200000e+00 -1.792917e+01
      vertex   1.464000e+02 -6.200000e+00 1.700000e+00
      vertex   1.694224e+02 -6.200000e+00 -1.846494e+01
    endloop
  endfacet
  facet normal -0.000000e+00 -1.000000e+00 0.000000e+00
    outer loop
      vertex   1.694224e+02 -6.200000e+00 -1.846494e+01
      vertex   1.464000e+02 -6.200000e+00 1.700000e+00
      vertex   1.691857e+02 -6.200000e+00 -1.905620e+01
    endloop
  endfacet
  facet normal 0.000000e+00 -1.000000e+00 0.000000e+00
    outer loop
      vertex   1.691857e+02 -6.200000e+00 -1.905620e+01
      vertex   1.464000e+02 -6.200000e+00 1.700000e+00
      vertex   1.458882e+02 -6.200000e+00 1.757666e+00
    endloop
  endfacet
  facet normal -0.000000e+00 -1.000000e+00 0.000000e+00
    outer loop
      vertex   1.691857e+02 -6.200000e+00 -1.905620e+01
      vertex   1.458882e+02 -6.200000e+00 1.757666e+00
      vertex   1.690652e+02 -6.200000e+00 -1.968156e+01
    endloop
  endfacet
  facet normal 0.000000e+00 -1.000000e+00 0.000000e+00
    outer loop
      vertex   1.931898e+02 -6.200000e+00 -3.674443e+01
      vertex   1.756895e+02 -6.200000e+00 -2.063399e+01
      vertex   1.925594e+02 -6.200000e+00 -3.665379e+01
    endloop
  endfacet
  facet normal 0.000000e+00 -1.000000e+00 0.000000e+00
    outer loop
      vertex   1.925594e+02 -6.200000e+00 -3.665379e+01
      vertex   1.756895e+02 -6.200000e+00 -2.063399e+01
      vertex   1.755100e+02 -6.200000e+00 -2.124507e+01
    endloop
  endfacet
  facet normal 0.000000e+00 -1.000000e+00 0.000000e+00
    outer loop
      vertex   1.925594e+02 -6.200000e+00 -3.665379e+01
      vertex   1.755100e+02 -6.200000e+00 -2.124507e+01
      vertex   1.752182e+02 -6.200000e+00 -2.181115e+01
    endloop
  endfacet
  facet normal -0.000000e+00 -1.000000e+00 0.000000e+00
    outer loop
      vertex   1.925594e+02 -6.200000e+00 -3.665379e+01
      vertex   1.752182e+02 -6.200000e+00 -2.181115e+01
      vertex   1.919232e+02 -6.200000e+00 -3.668410e+01
    endloop
  endfacet
  facet normal 0.000000e+00 -1.000000e+00 0.000000e+00
    outer loop
      vertex   1.919232e+02 -6.200000e+00 -3.668410e+01
      vertex   1.752182e+02 -6.200000e+00 -2.181115e+01
      vertex   1.748245e+02 -6.200000e+00 -2.231176e+01
    endloop
  endfacet
  facet normal -0.000000e+00 -1.000000e+00 0.000000e+00
    outer loop
      vertex   1.919232e+02 -6.200000e+00 -3.668410e+01
      vertex   1.748245e+02 -6.200000e+00 -2.231176e+01
      vertex   1.913043e+02 -6.200000e+00 -3.683425e+01
    endloop
  endfacet
  facet normal 0.000000e+00 -1.000000e+00 0.000000e+00
    outer loop
      vertex   1.913043e+02 -6.200000e+00 -3.683425e+01
      vertex   1.748245e+02 -6.200000e+00 -2.231176e+01
      vertex   1.743432e+02 -6.200000e+00 -2.272883e+01
    endloop
  endfacet
  facet normal 0.000000e+00 -1.000000e+00 0.000000e+00
    outer loop
      vertex   1.913043e+02 -6.200000e+00 -3.683425e+01
      vertex   1.743432e+02 -6.200000e+00 -2.272883e+01
      vertex   1.737916e+02 -6.200000e+00 -2.304727e+01
    endloop
  endfacet
  facet normal -0.000000e+00 -1.000000e+00 0.000000e+00
    outer loop
      vertex   1.913043e+02 -6.200000e+00 -3.683425e+01
      vertex   1.737916e+02 -6.200000e+00 -2.304727e+01
      vertex   1.907250e+02 -6.200000e+00 -3.709881e+01
    endloop
  endfacet
  facet normal 0.000000e+00 -1.000000e+00 0.000000e+00
    outer loop
      vertex   1.907250e+02 -6.200000e+00 -3.709881e+01
      vertex   1.737916e+02 -6.200000e+00 -2.304727e+01
      vertex   1.731898e+02 -6.200000e+00 -2.325557e+01
    endloop
  endfacet
  facet normal -0.000000e+00 -1.000000e+00 0.000000e+00
    outer loop
      vertex   1.907250e+02 -6.200000e+00 -3.709881e+01
      vertex   1.731898e+02 -6.200000e+00 -2.325557e+01
      vertex   1.902062e+02 -6.200000e+00 -3.746824e+01
    endloop
  endfacet
  facet normal -0.000000e+00 -1.000000e+00 0.000000e+00
    outer loop
      vertex   1.902062e+02 -6.200000e+00 -3.746824e+01
      vertex   1.731898e+02 -6.200000e+00 -2.325557e+01
      vertex   1.897667e+02 -6.200000e+00 -3.792917e+01
    endloop
  endfacet
  facet normal 0.000000e+00 -1.000000e+00 0.000000e+00
    outer loop
      vertex   1.897667e+02 -6.200000e+00 -3.792917e+01
      vertex   1.731898e+02 -6.200000e+00 -2.325557e+01
      vertex   1.725594e+02 -6.200000e+00 -2.334621e+01
    endloop
  endfacet
  facet normal -0.000000e+00 -1.000000e+00 0.000000e+00
    outer loop
      vertex   1.897667e+02 -6.200000e+00 -3.792917e+01
      vertex   1.725594e+02 -6.200000e+00 -2.334621e+01
      vertex   1.894224e+02 -6.200000e+00 -3.846494e+01
    endloop
  endfacet
  facet normal 0.000000e+00 -1.000000e+00 0.000000e+00
    outer loop
      vertex   1.894224e+02 -6.200000e+00 -3.846494e+01
      vertex   1.725594e+02 -6.200000e+00 -2.334621e+01
      vertex   1.719232e+02 -6.200000e+00 -2.331590e+01
    endloop
  endfacet
  facet normal -0.000000e+00 -1.000000e+00 0.000000e+00
    outer loop
      vertex   1.719232e+02 -6.200000e+00 -2.331590e+01
      vertex   1.713043e+02 -6.200000e+00 -2.316575e+01
      vertex   1.357500e+02 -6.200000e+00 -4.000000e+01
    endloop
  endfacet
  facet normal 0.000000e+00 -1.000000e+00 0.000000e+00
    outer loop
      vertex   1.956895e+02 -6.200000e+00 -3.936601e+01
      vertex   1.957500e+02 -6.200000e+00 -4.000000e+01
      vertex   2.141000e+02 -6.200000e+00 -6.000000e+01
    endloop
  endfacet
  facet normal 0.000000e+00 -1.000000e+00 0.000000e+00
    outer loop
      vertex   2.141000e+02 -6.200000e+00 -6.000000e+01
      vertex   1.957500e+02 -6.200000e+00 -4.000000e+01
      vertex   1.956895e+02 -6.200000e+00 -4.063399e+01
    endloop
  endfacet
  facet normal 0.000000e+00 -1.000000e+00 0.000000e+00
    outer loop
      vertex   2.141000e+02 -6.200000e+00 -6.000000e+01
      vertex   1.956895e+02 -6.200000e+00 -4.063399e+01
      vertex   1.955100e+02 -6.200000e+00 -4.124507e+01
    endloop
  endfacet
  facet normal 0.000000e+00 -1.000000e+00 -0.000000e+00
    outer loop
      vertex   1.955100e+02 -6.200000e+00 -4.124507e+01
      vertex   1.952182e+02 -6.200000e+00 -4.181115e+01
      vertex   2.141000e+02 -6.200000e+00 -6.000000e+01
    endloop
  endfacet
  facet normal 0.000000e+00 -1.000000e+00 0.000000e+00
    outer loop
      vertex   2.141000e+02 -6.200000e+00 -6.000000e+01
      vertex   1.952182e+02 -6.200000e+00 -4.181115e+01
      vertex   1.948245e+02 -6.200000e+00 -4.231176e+01
    endloop
  endfacet
  facet normal 0.000000e+00 -1.000000e+00 0.000000e+00
    outer loop
      vertex   2.141000e+02 -6.200000e+00 -6.000000e+01
      vertex   1.948245e+02 -6.200000e+00 -4.231176e+01
      vertex   1.943432e+02 -6.200000e+00 -4.272883e+01
    endloop
  endfacet
  facet normal 0.000000e+00 -1.000000e+00 -0.000000e+00
    outer loop
      vertex   1.943432e+02 -6.200000e+00 -4.272883e+01
      vertex   1.937916e+02 -6.200000e+00 -4.304727e+01
      vertex   2.141000e+02 -6.200000e+00 -6.000000e+01
    endloop
  endfacet
  facet normal 0.000000e+00 -1.000000e+00 0.000000e+00
    outer loop
      vertex   2.141000e+02 -6.200000e+00 -6.000000e+01
      vertex   1.937916e+02 -6.200000e+00 -4.304727e+01
      vertex   1.931898e+02 -6.200000e+00 -4.325557e+01
    endloop
  endfacet
  facet normal -0.000000e+00 -1.000000e+00 0.000000e+00
    outer loop
      vertex   2.141000e+02 -6.200000e+00 -6.000000e+01
      vertex   1.931898e+02 -6.200000e+00 -4.325557e+01
      vertex   2.124000e+02 -6.200000e+00 -6.170000e+01
    endloop
  endfacet
  facet normal 0.000000e+00 -1.000000e+00 0.000000e+00
    outer loop
      vertex   2.124000e+02 -6.200000e+00 -6.170000e+01
      vertex   1.931898e+02 -6.200000e+00 -4.325557e+01
      vertex   1.925594e+02 -6.200000e+00 -4.334621e+01
    endloop
  endfacet
  facet normal 0.000000e+00 -1.000000e+00 0.000000e+00
    outer loop
      vertex   2.124000e+02 -6.200000e+00 -6.170000e+01
      vertex   1.925594e+02 -6.200000e+00 -4.334621e+01
      vertex   1.919232e+02 -6.200000e+00 -4.331590e+01
    endloop
  endfacet
  facet normal -0.000000e+00 -1.000000e+00 -0.000000e+00
    outer loop
      vertex   1.919232e+02 -6.200000e+00 -4.331590e+01
      vertex   1.913043e+02 -6.200000e+00 -4.316575e+01
      vertex   2.124000e+02 -6.200000e+00 -6.170000e+01
    endloop
  endfacet
  facet normal 0.000000e+00 -1.000000e+00 0.000000e+00
    outer loop
      vertex   1.931898e+02 -6.200000e+00 -3.674443e+01
      vertex   1.937916e+02 -6.200000e+00 -3.695273e+01
      vertex   2.141000e+02 -6.200000e+00 8.730554e-14
    endloop
  endfacet
  facet normal 0.000000e+00 -1.000000e+00 0.000000e+00
    outer loop
      vertex   2.141000e+02 -6.200000e+00 8.730554e-14
      vertex   1.937916e+02 -6.200000e+00 -3.695273e+01
      vertex   1.943432e+02 -6.200000e+00 -3.727117e+01
    endloop
  endfacet
  facet normal 0.000000e+00 -1.000000e+00 0.000000e+00
    outer loop
      vertex   2.141000e+02 -6.200000e+00 8.730554e-14
      vertex   1.943432e+02 -6.200000e+00 -3.727117e+01
      vertex   1.948245e+02 -6.200000e+00 -3.768824e+01
    endloop
  endfacet
  facet normal 0.000000e+00 -1.000000e+00 0.000000e+00
    outer loop
      vertex   1.948245e+02 -6.200000e+00 -3.768824e+01
      vertex   1.952182e+02 -6.200000e+00 -3.818885e+01
      vertex   2.141000e+02 -6.200000e+00 8.730554e-14
    endloop
  endfacet
  facet normal 0.000000e+00 -1.000000e+00 0.000000e+00
    outer loop
      vertex   2.141000e+02 -6.200000e+00 8.730554e-14
      vertex   1.952182e+02 -6.200000e+00 -3.818885e+01
      vertex   1.955100e+02 -6.200000e+00 -3.875493e+01
    endloop
  endfacet
  facet normal 0.000000e+00 -1.000000e+00 -0.000000e+00
    outer loop
      vertex   2.141000e+02 -6.200000e+00 8.730554e-14
      vertex   1.955100e+02 -6.200000e+00 -3.875493e+01
      vertex   2.141000e+02 -6.200000e+00 -6.000000e+01
    endloop
  endfacet
  facet normal 0.000000e+00 -1.000000e+00 0.000000e+00
    outer loop
      vertex   2.141000e+02 -6.200000e+00 -6.000000e+01
      vertex   1.955100e+02 -6.200000e+00 -3.875493e+01
      vertex   1.956895e+02 -6.200000e+00 -3.936601e+01
    endloop
  endfacet
  facet normal 0.000000e+00 -1.000000e+00 0.000000e+00
    outer loop
      vertex   2.141000e+02 -6.200000e+00 8.730554e-14
      vertex   2.140421e+02 -6.200000e+00 4.399924e-01
      vertex   2.124000e+02 -6.200000e+00 1.700000e+00
    endloop
  endfacet
  facet normal 0.000000e+00 -1.000000e+00 0.000000e+00
    outer loop
      vertex   2.124000e+02 -6.200000e+00 1.700000e+00
      vertex   2.140421e+02 -6.200000e+00 4.399924e-01
      vertex   2.138722e+02 -6.200000e+00 8.500000e-01
    endloop
  endfacet
  facet normal 0.000000e+00 -1.000000e+00 0.000000e+00
    outer loop
      vertex   2.124000e+02 -6.200000e+00 1.700000e+00
      vertex   2.138722e+02 -6.200000e+00 8.500000e-01
      vertex   2.136021e+02 -6.200000e+00 1.202082e+00
    endloop
  endfacet
  facet normal 0.000000e+00 -1.000000e+00 0.000000e+00
    outer loop
      vertex   2.136021e+02 -6.200000e+00 1.202082e+00
      vertex   2.132500e+02 -6.200000e+00 1.472243e+00
      vertex   2.124000e+02 -6.200000e+00 1.700000e+00
    endloop
  endfacet
  facet normal 0.000000e+00 -1.000000e+00 0.000000e+00
    outer loop
      vertex   2.124000e+02 -6.200000e+00 1.700000e+00
      vertex   2.132500e+02 -6.200000e+00 1.472243e+00
      vertex   2.128400e+02 -6.200000e+00 1.642074e+00
    endloop
  endfacet
  facet normal 0.000000e+00 -1.000000e+00 0.000000e+00
    outer loop
      vertex   1.438722e+02 -6.200000e+00 2.285000e+01
      vertex   1.436021e+02 -6.200000e+00 2.320208e+01
      vertex   1.424000e+02 -6.200000e+00 2.370000e+01
    endloop
  endfacet
  facet normal 0.000000e+00 -1.000000e+00 0.000000e+00
    outer loop
      vertex   1.424000e+02 -6.200000e+00 2.370000e+01
      vertex   1.436021e+02 -6.200000e+00 2.320208e+01
      vertex   1.432500e+02 -6.200000e+00 2.347224e+01
    endloop
  endfacet
  facet normal 0.000000e+00 -1.000000e+00 0.000000e+00
    outer loop
      vertex   1.424000e+02 -6.200000e+00 2.370000e+01
      vertex   1.432500e+02 -6.200000e+00 2.347224e+01
      vertex   1.428400e+02 -6.200000e+00 2.364207e+01
    endloop
  endfacet
  facet normal 0.000000e+00 -1.000000e+00 -0.000000e+00
    outer loop
      vertex   8.196001e+01 -6.200000e+00 2.364207e+01
      vertex   8.155000e+01 -6.200000e+00 2.347224e+01
      vertex   8.240000e+01 -6.200000e+00 2.370000e+01
    endloop
  endfacet
  facet normal 0.000000e+00 -1.000000e+00 0.000000e+00
    outer loop
      vertex   8.240000e+01 -6.200000e+00 2.370000e+01
      vertex   8.155000e+01 -6.200000e+00 2.347224e+01
      vertex   8.119792e+01 -6.200000e+00 2.320208e+01
    endloop
  endfacet
  facet normal 0.000000e+00 -1.000000e+00 0.000000e+00
    outer loop
      vertex   8.240000e+01 -6.200000e+00 2.370000e+01
      vertex   8.119792e+01 -6.200000e+00 2.320208e+01
      vertex   8.092776e+01 -6.200000e+00 2.285000e+01
    endloop
  endfacet
  facet normal 0.000000e+00 -1.000000e+00 -0.000000e+00
    outer loop
      vertex   8.092776e+01 -6.200000e+00 2.285000e+01
      vertex   8.075793e+01 -6.200000e+00 2.243999e+01
      vertex   8.240000e+01 -6.200000e+00 2.370000e+01
    endloop
  endfacet
  facet normal 0.000000e+00 -1.000000e+00 0.000000e+00
    outer loop
      vertex   8.240000e+01 -6.200000e+00 2.370000e+01
      vertex   8.075793e+01 -6.200000e+00 2.243999e+01
      vertex   8.070000e+01 -6.200000e+00 2.200000e+01
    endloop
  endfacet
  facet normal -0.000000e+00 -1.000000e+00 0.000000e+00
    outer loop
      vertex   1.084000e+02 -6.200000e+00 -3.520000e+01
      vertex   8.070000e+01 -6.200000e+00 -3.350000e+01
      vertex   8.240000e+01 -6.200000e+00 -3.520000e+01
    endloop
  endfacet
  facet normal 0.000000e+00 -1.000000e+00 0.000000e+00
    outer loop
      vertex   8.240000e+01 -6.200000e+00 -3.520000e+01
      vertex   8.070000e+01 -6.200000e+00 -3.350000e+01
      vertex   8.075793e+01 -6.200000e+00 -3.393999e+01
    endloop
  endfacet
  facet normal 0.000000e+00 -1.000000e+00 0.000000e+00
    outer loop
      vertex   8.240000e+01 -6.200000e+00 -3.520000e+01
      vertex   8.075793e+01 -6.200000e+00 -3.393999e+01
      vertex   8.092776e+01 -6.200000e+00 -3.435000e+01
    endloop
  endfacet
  facet normal 0.000000e+00 -1.000000e+00 0.000000e+00
    outer loop
      vertex   8.092776e+01 -6.200000e+00 -3.435000e+01
      vertex   8.119792e+01 -6.200000e+00 -3.470208e+01
      vertex   8.240000e+01 -6.200000e+00 -3.520000e+01
    endloop
  endfacet
  facet normal 0.000000e+00 -1.000000e+00 0.000000e+00
    outer loop
      vertex   8.240000e+01 -6.200000e+00 -3.520000e+01
      vertex   8.119792e+01 -6.200000e+00 -3.470208e+01
      vertex   8.155000e+01 -6.200000e+00 -3.497224e+01
    endloop
  endfacet
  facet normal 0.000000e+00 -1.000000e+00 0.000000e+00
    outer loop
      vertex   8.240000e+01 -6.200000e+00 -3.520000e+01
      vertex   8.155000e+01 -6.200000e+00 -3.497224e+01
      vertex   8.196001e+01 -6.200000e+00 -3.514207e+01
    endloop
  endfacet
  facet normal 0.000000e+00 -1.000000e+00 0.000000e+00
    outer loop
      vertex   1.107000e+02 -6.200000e+00 -6.000000e+01
      vertex   1.107579e+02 -6.200000e+00 -6.043999e+01
      vertex   1.124000e+02 -6.200000e+00 -6.170000e+01
    endloop
  endfacet
  facet normal 0.000000e+00 -1.000000e+00 0.000000e+00
    outer loop
      vertex   1.124000e+02 -6.200000e+00 -6.170000e+01
      vertex   1.107579e+02 -6.200000e+00 -6.043999e+01
      vertex   1.109278e+02 -6.200000e+00 -6.085000e+01
    endloop
  endfacet
  facet normal 0.000000e+00 -1.000000e+00 0.000000e+00
    outer loop
      vertex   1.124000e+02 -6.200000e+00 -6.170000e+01
      vertex   1.109278e+02 -6.200000e+00 -6.085000e+01
      vertex   1.111979e+02 -6.200000e+00 -6.120208e+01
    endloop
  endfacet
  facet normal 0.000000e+00 -1.000000e+00 0.000000e+00
    outer loop
      vertex   1.111979e+02 -6.200000e+00 -6.120208e+01
      vertex   1.115500e+02 -6.200000e+00 -6.147224e+01
      vertex   1.124000e+02 -6.200000e+00 -6.170000e+01
    endloop
  endfacet
  facet normal 0.000000e+00 -1.000000e+00 0.000000e+00
    outer loop
      vertex   1.124000e+02 -6.200000e+00 -6.170000e+01
      vertex   1.115500e+02 -6.200000e+00 -6.147224e+01
      vertex   1.119600e+02 -6.200000e+00 -6.164207e+01
    endloop
  endfacet
  facet normal -0.000000e+00 -1.000000e+00 0.000000e+00
    outer loop
      vertex   2.128400e+02 -6.200000e+00 -6.164207e+01
      vertex   2.132500e+02 -6.200000e+00 -6.147224e+01
      vertex   2.124000e+02 -6.200000e+00 -6.170000e+01
    endloop
  endfacet
  facet normal 0.000000e+00 -1.000000e+00 0.000000e+00
    outer loop
      vertex   2.124000e+02 -6.200000e+00 -6.170000e+01
      vertex   2.132500e+02 -6.200000e+00 -6.147224e+01
      vertex   2.136021e+02 -6.200000e+00 -6.120208e+01
    endloop
  endfacet
  facet normal 0.000000e+00 -1.000000e+00 0.000000e+00
    outer loop
      vertex   2.124000e+02 -6.200000e+00 -6.170000e+01
      vertex   2.136021e+02 -6.200000e+00 -6.120208e+01
      vertex   2.138722e+02 -6.200000e+00 -6.085000e+01
    endloop
  endfacet
  facet normal -0.000000e+00 -1.000000e+00 0.000000e+00
    outer loop
      vertex   2.138722e+02 -6.200000e+00 -6.085000e+01
      vertex   2.140421e+02 -6.200000e+00 -6.043999e+01
      vertex   2.124000e+02 -6.200000e+00 -6.170000e+01
    endloop
  endfacet
  facet normal 0.000000e+00 -1.000000e+00 0.000000e+00
    outer loop
      vertex   2.124000e+02 -6.200000e+00 -6.170000e+01
      vertex   2.140421e+02 -6.200000e+00 -6.043999e+01
      vertex   2.141000e+02 -6.200000e+00 -6.000000e+01
    endloop
  endfacet
  facet normal -7.007028e-01 -7.098862e-01 7.125451e-02
    outer loop
      vertex   1.153876e+02 -5.900000e+00 -6.139605e-01
      vertex   1.156895e+02 -6.200000e+00 -6.339917e-01
      vertex   1.154500e+02 -5.900000e+00 4.229394e-14
    endloop
  endfacet
  facet normal -7.055004e-01 -7.055004e-01 6.736712e-02
    outer loop
      vertex   1.154500e+02 -5.900000e+00 4.229394e-14
      vertex   1.156895e+02 -6.200000e+00 -6.339917e-01
      vertex   1.157500e+02 -6.200000e+00 4.170220e-14
    endloop
  endfacet
  facet normal -7.055004e-01 -7.055004e-01 -6.736712e-02
    outer loop
      vertex   1.154500e+02 -5.900000e+00 4.229394e-14
      vertex   1.157500e+02 -6.200000e+00 4.170220e-14
      vertex   1.156895e+02 -6.200000e+00 6.339917e-01
    endloop
  endfacet
  facet normal -6.837886e-01 -7.015135e-01 2.007784e-01
    outer loop
      vertex   1.156895e+02 -6.200000e+00 -6.339917e-01
      vertex   1.153876e+02 -5.900000e+00 -6.139605e-01
      vertex   1.155100e+02 -6.200000e+00 -1.245069e+00
    endloop
  endfacet
  facet normal -6.682099e-01 -7.138217e-01 2.096522e-01
    outer loop
      vertex   1.155100e+02 -6.200000e+00 -1.245069e+00
      vertex   1.153876e+02 -5.900000e+00 -6.139605e-01
      vertex   1.152028e+02 -5.900000e+00 -1.202785e+00
    endloop
  endfacet
  facet normal -6.364743e-01 -6.980216e-01 3.281253e-01
    outer loop
      vertex   1.155100e+02 -6.200000e+00 -1.245069e+00
      vertex   1.152028e+02 -5.900000e+00 -1.202785e+00
      vertex   1.152182e+02 -6.200000e+00 -1.811147e+00
    endloop
  endfacet
  facet normal -6.093731e-01 -7.171228e-01 3.382297e-01
    outer loop
      vertex   1.152182e+02 -6.200000e+00 -1.811147e+00
      vertex   1.152028e+02 -5.900000e+00 -1.202785e+00
      vertex   1.149033e+02 -5.900000e+00 -1.742368e+00
    endloop
  endfacet
  facet normal -5.651429e-01 -6.950486e-01 4.444333e-01
    outer loop
      vertex   1.152182e+02 -6.200000e+00 -1.811147e+00
      vertex   1.149033e+02 -5.900000e+00 -1.742368e+00
      vertex   1.148245e+02 -6.200000e+00 -2.311765e+00
    endloop
  endfacet
  facet normal -5.267044e-01 -7.198145e-01 4.521609e-01
    outer loop
      vertex   1.148245e+02 -6.200000e+00 -2.311765e+00
      vertex   1.149033e+02 -5.900000e+00 -1.742368e+00
      vertex   1.145013e+02 -5.900000e+00 -2.210618e+00
    endloop
  endfacet
  facet normal -4.723561e-01 -6.926148e-01 5.451280e-01
    outer loop
      vertex   1.148245e+02 -6.200000e+00 -2.311765e+00
      vertex   1.145013e+02 -5.900000e+00 -2.210618e+00
      vertex   1.143432e+02 -6.200000e+00 -2.728829e+00
    endloop
  endfacet
  facet normal -4.235647e-01 -7.219173e-01 5.472005e-01
    outer loop
      vertex   1.143432e+02 -6.200000e+00 -2.728829e+00
      vertex   1.145013e+02 -5.900000e+00 -2.210618e+00
      vertex   1.140133e+02 -5.900000e+00 -2.588365e+00
    endloop
  endfacet
  facet normal -3.615529e-01 -6.907372e-01 6.262280e-01
    outer loop
      vertex   1.143432e+02 -6.200000e+00 -2.728829e+00
      vertex   1.140133e+02 -5.900000e+00 -2.588365e+00
      vertex   1.137916e+02 -6.200000e+00 -3.047267e+00
    endloop
  endfacet
  facet normal -3.040393e-01 -7.234470e-01 6.198262e-01
    outer loop
      vertex   1.137916e+02 -6.200000e+00 -3.047267e+00
      vertex   1.140133e+02 -5.900000e+00 -2.588365e+00
      vertex   1.134593e+02 -5.900000e+00 -2.860144e+00
    endloop
  endfacet
  facet normal -2.369128e-01 -6.894289e-01 6.845145e-01
    outer loop
      vertex   1.137916e+02 -6.200000e+00 -3.047267e+00
      vertex   1.134593e+02 -5.900000e+00 -2.860144e+00
      vertex   1.131898e+02 -6.200000e+00 -3.255569e+00
    endloop
  endfacet
  facet normal -1.727908e-01 -7.244151e-01 6.673575e-01
    outer loop
      vertex   1.131898e+02 -6.200000e+00 -3.255569e+00
      vertex   1.134593e+02 -5.900000e+00 -2.860144e+00
      vertex   1.128619e+02 -5.900000e+00 -3.014828e+00
    endloop
  endfacet
  facet normal -1.031850e-01 -6.886991e-01 7.176673e-01
    outer loop
      vertex   1.131898e+02 -6.200000e+00 -3.255569e+00
      vertex   1.128619e+02 -5.900000e+00 -3.014828e+00
      vertex   1.125594e+02 -6.200000e+00 -3.346206e+00
    endloop
  endfacet
  facet normal -3.489369e-02 -7.248287e-01 6.880449e-01
    outer loop
      vertex   1.125594e+02 -6.200000e+00 -3.346206e+00
      vertex   1.128619e+02 -5.900000e+00 -3.014828e+00
      vertex   1.122455e+02 -5.900000e+00 -3.046085e+00
    endloop
  endfacet
  facet normal 3.450574e-02 -6.885529e-01 7.243647e-01
    outer loop
      vertex   1.125594e+02 -6.200000e+00 -3.346206e+00
      vertex   1.122455e+02 -5.900000e+00 -3.046085e+00
      vertex   1.119232e+02 -6.200000e+00 -3.315902e+00
    endloop
  endfacet
  facet normal 1.043450e-01 -7.246909e-01 6.811279e-01
    outer loop
      vertex   1.119232e+02 -6.200000e+00 -3.315902e+00
      vertex   1.122455e+02 -5.900000e+00 -3.046085e+00
      vertex   1.116355e+02 -5.900000e+00 -2.952635e+00
    endloop
  endfacet
  facet normal 1.708709e-01 -6.889913e-01 7.043395e-01
    outer loop
      vertex   1.119232e+02 -6.200000e+00 -3.315902e+00
      vertex   1.116355e+02 -5.900000e+00 -2.952635e+00
      vertex   1.113043e+02 -6.200000e+00 -3.165753e+00
    endloop
  endfacet
  facet normal 2.395709e-01 -7.240007e-01 6.468607e-01
    outer loop
      vertex   1.113043e+02 -6.200000e+00 -3.165753e+00
      vertex   1.116355e+02 -5.900000e+00 -2.952635e+00
      vertex   1.110568e+02 -5.900000e+00 -2.738304e+00
    endloop
  endfacet
  facet normal 3.006768e-01 -6.900113e-01 6.583904e-01
    outer loop
      vertex   1.113043e+02 -6.200000e+00 -3.165753e+00
      vertex   1.110568e+02 -5.900000e+00 -2.738304e+00
      vertex   1.107250e+02 -6.200000e+00 -2.901185e+00
    endloop
  endfacet
  facet normal 3.655704e-01 -7.227530e-01 5.865035e-01
    outer loop
      vertex   1.107250e+02 -6.200000e+00 -2.901185e+00
      vertex   1.110568e+02 -5.900000e+00 -2.738304e+00
      vertex   1.105331e+02 -5.900000e+00 -2.411866e+00
    endloop
  endfacet
  facet normal 4.189608e-01 -6.916056e-01 5.883482e-01
    outer loop
      vertex   1.107250e+02 -6.200000e+00 -2.901185e+00
      vertex   1.105331e+02 -5.900000e+00 -2.411866e+00
      vertex   1.102062e+02 -6.200000e+00 -2.531761e+00
    endloop
  endfacet
  facet normal 4.774535e-01 -7.209384e-01 5.022808e-01
    outer loop
      vertex   1.102062e+02 -6.200000e+00 -2.531761e+00
      vertex   1.105331e+02 -5.900000e+00 -2.411866e+00
      vertex   1.100858e+02 -5.900000e+00 -1.986686e+00
    endloop
  endfacet
  facet normal 5.212356e-01 -6.937631e-01 4.969972e-01
    outer loop
      vertex   1.102062e+02 -6.200000e+00 -2.531761e+00
      vertex   1.100858e+02 -5.900000e+00 -1.986686e+00
      vertex   1.097667e+02 -6.200000e+00 -2.070833e+00
    endloop
  endfacet
  facet normal 5.708263e-01 -7.185434e-01 3.973068e-01
    outer loop
      vertex   1.097667e+02 -6.200000e+00 -2.070833e+00
      vertex   1.100858e+02 -5.900000e+00 -1.986686e+00
      vertex   1.097332e+02 -5.900000e+00 -1.480171e+00
    endloop
  endfacet
  facet normal 6.036726e-01 -6.964689e-01 3.879568e-01
    outer loop
      vertex   1.097667e+02 -6.200000e+00 -2.070833e+00
      vertex   1.097332e+02 -5.900000e+00 -1.480171e+00
      vertex   1.094224e+02 -6.200000e+00 -1.535059e+00
    endloop
  endfacet
  facet normal 6.419487e-01 -7.155499e-01 2.754819e-01
    outer loop
      vertex   1.094224e+02 -6.200000e+00 -1.535059e+00
      vertex   1.097332e+02 -5.900000e+00 -1.480171e+00
      vertex   1.094899e+02 -5.900000e+00 -9.130575e-01
    endloop
  endfacet
  facet normal 6.632564e-01 -6.997041e-01 2.655278e-01
    outer loop
      vertex   1.094224e+02 -6.200000e+00 -1.535059e+00
      vertex   1.094899e+02 -5.900000e+00 -9.130575e-01
      vertex   1.091857e+02 -6.200000e+00 -9.438041e-01
    endloop
  endfacet
  facet normal 6.878703e-01 -7.119350e-01 1.413609e-01
    outer loop
      vertex   1.091857e+02 -6.200000e+00 -9.438041e-01
      vertex   1.094899e+02 -5.900000e+00 -9.130575e-01
      vertex   1.093656e+02 -5.900000e+00 -3.085634e-01
    endloop
  endfacet
  facet normal 6.979039e-01 -7.034467e-01 1.345099e-01
    outer loop
      vertex   1.091857e+02 -6.200000e+00 -9.438041e-01
      vertex   1.093656e+02 -5.900000e+00 -3.085634e-01
      vertex   1.090652e+02 -6.200000e+00 -3.184377e-01
    endloop
  endfacet
  facet normal 7.065419e-01 -7.076712e-01 -8.182266e-19
    outer loop
      vertex   1.090652e+02 -6.200000e+00 -3.184377e-01
      vertex   1.093656e+02 -5.900000e+00 -3.085634e-01
      vertex   1.093656e+02 -5.900000e+00 3.085634e-01
    endloop
  endfacet
  facet normal 7.065419e-01 -7.076712e-01 0.000000e+00
    outer loop
      vertex   1.090652e+02 -6.200000e+00 -3.184377e-01
      vertex   1.093656e+02 -5.900000e+00 3.085634e-01
      vertex   1.090652e+02 -6.200000e+00 3.184377e-01
    endloop
  endfacet
  facet normal 6.979039e-01 -7.034467e-01 -1.345099e-01
    outer loop
      vertex   1.090652e+02 -6.200000e+00 3.184377e-01
      vertex   1.093656e+02 -5.900000e+00 3.085634e-01
      vertex   1.091857e+02 -6.200000e+00 9.438041e-01
    endloop
  endfacet
  facet normal 6.878703e-01 -7.119350e-01 -1.413609e-01
    outer loop
      vertex   1.091857e+02 -6.200000e+00 9.438041e-01
      vertex   1.093656e+02 -5.900000e+00 3.085634e-01
      vertex   1.094899e+02 -5.900000e+00 9.130575e-01
    endloop
  endfacet
  facet normal 6.632564e-01 -6.997041e-01 -2.655278e-01
    outer loop
      vertex   1.091857e+02 -6.200000e+00 9.438041e-01
      vertex   1.094899e+02 -5.900000e+00 9.130575e-01
      vertex   1.094224e+02 -6.200000e+00 1.535059e+00
    endloop
  endfacet
  facet normal 6.419487e-01 -7.155499e-01 -2.754819e-01
    outer loop
      vertex   1.094224e+02 -6.200000e+00 1.535059e+00
      vertex   1.094899e+02 -5.900000e+00 9.130575e-01
      vertex   1.097332e+02 -5.900000e+00 1.480171e+00
    endloop
  endfacet
  facet normal 6.036726e-01 -6.964689e-01 -3.879568e-01
    outer loop
      vertex   1.094224e+02 -6.200000e+00 1.535059e+00
      vertex   1.097332e+02 -5.900000e+00 1.480171e+00
      vertex   1.097667e+02 -6.200000e+00 2.070833e+00
    endloop
  endfacet
  facet normal 5.708263e-01 -7.185434e-01 -3.973068e-01
    outer loop
      vertex   1.097667e+02 -6.200000e+00 2.070833e+00
      vertex   1.097332e+02 -5.900000e+00 1.480171e+00
      vertex   1.100858e+02 -5.900000e+00 1.986686e+00
    endloop
  endfacet
  facet normal 5.212356e-01 -6.937631e-01 -4.969972e-01
    outer loop
      vertex   1.097667e+02 -6.200000e+00 2.070833e+00
      vertex   1.100858e+02 -5.900000e+00 1.986686e+00
      vertex   1.102062e+02 -6.200000e+00 2.531761e+00
    endloop
  endfacet
  facet normal 4.774535e-01 -7.209384e-01 -5.022808e-01
    outer loop
      vertex   1.102062e+02 -6.200000e+00 2.531761e+00
      vertex   1.100858e+02 -5.900000e+00 1.986686e+00
      vertex   1.105331e+02 -5.900000e+00 2.411866e+00
    endloop
  endfacet
  facet normal 4.189608e-01 -6.916056e-01 -5.883482e-01
    outer loop
      vertex   1.102062e+02 -6.200000e+00 2.531761e+00
      vertex   1.105331e+02 -5.900000e+00 2.411866e+00
      vertex   1.107250e+02 -6.200000e+00 2.901185e+00
    endloop
  endfacet
  facet normal 3.655704e-01 -7.227530e-01 -5.865035e-01
    outer loop
      vertex   1.107250e+02 -6.200000e+00 2.901185e+00
      vertex   1.105331e+02 -5.900000e+00 2.411866e+00
      vertex   1.110568e+02 -5.900000e+00 2.738304e+00
    endloop
  endfacet
  facet normal 3.006768e-01 -6.900113e-01 -6.583904e-01
    outer loop
      vertex   1.107250e+02 -6.200000e+00 2.901185e+00
      vertex   1.110568e+02 -5.900000e+00 2.738304e+00
      vertex   1.113043e+02 -6.200000e+00 3.165753e+00
    endloop
  endfacet
  facet normal 2.395709e-01 -7.240007e-01 -6.468607e-01
    outer loop
      vertex   1.113043e+02 -6.200000e+00 3.165753e+00
      vertex   1.110568e+02 -5.900000e+00 2.738304e+00
      vertex   1.116355e+02 -5.900000e+00 2.952635e+00
    endloop
  endfacet
  facet normal 1.708709e-01 -6.889913e-01 -7.043395e-01
    outer loop
      vertex   1.113043e+02 -6.200000e+00 3.165753e+00
      vertex   1.116355e+02 -5.900000e+00 2.952635e+00
      vertex   1.119232e+02 -6.200000e+00 3.315902e+00
    endloop
  endfacet
  facet normal 1.043450e-01 -7.246909e-01 -6.811279e-01
    outer loop
      vertex   1.119232e+02 -6.200000e+00 3.315902e+00
      vertex   1.116355e+02 -5.900000e+00 2.952635e+00
      vertex   1.122455e+02 -5.900000e+00 3.046085e+00
    endloop
  endfacet
  facet normal 3.450574e-02 -6.885529e-01 -7.243647e-01
    outer loop
      vertex   1.119232e+02 -6.200000e+00 3.315902e+00
      vertex   1.122455e+02 -5.900000e+00 3.046085e+00
      vertex   1.125594e+02 -6.200000e+00 3.346206e+00
    endloop
  endfacet
  facet normal -3.489369e-02 -7.248287e-01 -6.880449e-01
    outer loop
      vertex   1.125594e+02 -6.200000e+00 3.346206e+00
      vertex   1.122455e+02 -5.900000e+00 3.046085e+00
      vertex   1.128619e+02 -5.900000e+00 3.014828e+00
    endloop
  endfacet
  facet normal -1.031850e-01 -6.886991e-01 -7.176673e-01
    outer loop
      vertex   1.125594e+02 -6.200000e+00 3.346206e+00
      vertex   1.128619e+02 -5.900000e+00 3.014828e+00
      vertex   1.131898e+02 -6.200000e+00 3.255569e+00
    endloop
  endfacet
  facet normal -1.727908e-01 -7.244151e-01 -6.673575e-01
    outer loop
      vertex   1.131898e+02 -6.200000e+00 3.255569e+00
      vertex   1.128619e+02 -5.900000e+00 3.014828e+00
      vertex   1.134593e+02 -5.900000e+00 2.860144e+00
    endloop
  endfacet
  facet normal -2.369128e-01 -6.894289e-01 -6.845145e-01
    outer loop
      vertex   1.131898e+02 -6.200000e+00 3.255569e+00
      vertex   1.134593e+02 -5.900000e+00 2.860144e+00
      vertex   1.137916e+02 -6.200000e+00 3.047267e+00
    endloop
  endfacet
  facet normal -3.040393e-01 -7.234470e-01 -6.198262e-01
    outer loop
      vertex   1.137916e+02 -6.200000e+00 3.047267e+00
      vertex   1.134593e+02 -5.900000e+00 2.860144e+00
      vertex   1.140133e+02 -5.900000e+00 2.588365e+00
    endloop
  endfacet
  facet normal -3.615529e-01 -6.907372e-01 -6.262280e-01
    outer loop
      vertex   1.137916e+02 -6.200000e+00 3.047267e+00
      vertex   1.140133e+02 -5.900000e+00 2.588365e+00
      vertex   1.143432e+02 -6.200000e+00 2.728829e+00
    endloop
  endfacet
  facet normal -4.235647e-01 -7.219173e-01 -5.472005e-01
    outer loop
      vertex   1.143432e+02 -6.200000e+00 2.728829e+00
      vertex   1.140133e+02 -5.900000e+00 2.588365e+00
      vertex   1.145013e+02 -5.900000e+00 2.210618e+00
    endloop
  endfacet
  facet normal -4.723561e-01 -6.926148e-01 -5.451280e-01
    outer loop
      vertex   1.143432e+02 -6.200000e+00 2.728829e+00
      vertex   1.145013e+02 -5.900000e+00 2.210618e+00
      vertex   1.148245e+02 -6.200000e+00 2.311765e+00
    endloop
  endfacet
  facet normal -5.267044e-01 -7.198145e-01 -4.521609e-01
    outer loop
      vertex   1.148245e+02 -6.200000e+00 2.311765e+00
      vertex   1.145013e+02 -5.900000e+00 2.210618e+00
      vertex   1.149033e+02 -5.900000e+00 1.742368e+00
    endloop
  endfacet
  facet normal -5.651429e-01 -6.950486e-01 -4.444333e-01
    outer loop
      vertex   1.148245e+02 -6.200000e+00 2.311765e+00
      vertex   1.149033e+02 -5.900000e+00 1.742368e+00
      vertex   1.152182e+02 -6.200000e+00 1.811147e+00
    endloop
  endfacet
  facet normal -6.093731e-01 -7.171228e-01 -3.382297e-01
    outer loop
      vertex   1.152182e+02 -6.200000e+00 1.811147e+00
      vertex   1.149033e+02 -5.900000e+00 1.742368e+00
      vertex   1.152028e+02 -5.900000e+00 1.202785e+00
    endloop
  endfacet
  facet normal -6.364743e-01 -6.980216e-01 -3.281253e-01
    outer loop
      vertex   1.152182e+02 -6.200000e+00 1.811147e+00
      vertex   1.152028e+02 -5.900000e+00 1.202785e+00
      vertex   1.155100e+02 -6.200000e+00 1.245069e+00
    endloop
  endfacet
  facet normal -6.682099e-01 -7.138217e-01 -2.096522e-01
    outer loop
      vertex   1.155100e+02 -6.200000e+00 1.245069e+00
      vertex   1.152028e+02 -5.900000e+00 1.202785e+00
      vertex   1.153876e+02 -5.900000e+00 6.139605e-01
    endloop
  endfacet
  facet normal -6.837886e-01 -7.015135e-01 -2.007784e-01
    outer loop
      vertex   1.155100e+02 -6.200000e+00 1.245069e+00
      vertex   1.153876e+02 -5.900000e+00 6.139605e-01
      vertex   1.156895e+02 -6.200000e+00 6.339917e-01
    endloop
  endfacet
  facet normal -7.007028e-01 -7.098862e-01 -7.125451e-02
    outer loop
      vertex   1.156895e+02 -6.200000e+00 6.339917e-01
      vertex   1.153876e+02 -5.900000e+00 6.139605e-01
      vertex   1.154500e+02 -5.900000e+00 4.229394e-14
    endloop
  endfacet
  facet normal -9.948693e-01 0.000000e+00 1.011683e-01
    outer loop
      vertex   1.153876e+02 -5.200000e+00 -6.139605e-01
      vertex   1.153876e+02 -5.900000e+00 -6.139605e-01
      vertex   1.154500e+02 -5.200000e+00 4.229394e-14
    endloop
  endfacet
  facet normal -9.948693e-01 0.000000e+00 1.011683e-01
    outer loop
      vertex   1.154500e+02 -5.200000e+00 4.229394e-14
      vertex   1.153876e+02 -5.900000e+00 -6.139605e-01
      vertex   1.154500e+02 -5.900000e+00 4.229394e-14
    endloop
  endfacet
  facet normal -9.948693e-01 -0.000000e+00 -1.011683e-01
    outer loop
      vertex   1.154500e+02 -5.200000e+00 4.229394e-14
      vertex   1.154500e+02 -5.900000e+00 4.229394e-14
      vertex   1.153876e+02 -5.200000e+00 6.139605e-01
    endloop
  endfacet
  facet normal -9.948693e-01 -0.000000e+00 -1.011683e-01
    outer loop
      vertex   1.153876e+02 -5.200000e+00 6.139605e-01
      vertex   1.154500e+02 -5.900000e+00 4.229394e-14
      vertex   1.153876e+02 -5.900000e+00 6.139605e-01
    endloop
  endfacet
  facet normal -9.541393e-01 -0.000000e+00 -2.993631e-01
    outer loop
      vertex   1.153876e+02 -5.200000e+00 6.139605e-01
      vertex   1.153876e+02 -5.900000e+00 6.139605e-01
      vertex   1.152028e+02 -5.200000e+00 1.202785e+00
    endloop
  endfacet
  facet normal -9.541393e-01 -0.000000e+00 -2.993631e-01
    outer loop
      vertex   1.152028e+02 -5.200000e+00 1.202785e+00
      vertex   1.153876e+02 -5.900000e+00 6.139605e-01
      vertex   1.152028e+02 -5.900000e+00 1.202785e+00
    endloop
  endfacet
  facet normal -8.743466e-01 -0.000000e+00 -4.853020e-01
    outer loop
      vertex   1.152028e+02 -5.200000e+00 1.202785e+00
      vertex   1.152028e+02 -5.900000e+00 1.202785e+00
      vertex   1.149033e+02 -5.200000e+00 1.742368e+00
    endloop
  endfacet
  facet normal -8.743466e-01 -0.000000e+00 -4.853020e-01
    outer loop
      vertex   1.149033e+02 -5.200000e+00 1.742368e+00
      vertex   1.152028e+02 -5.900000e+00 1.202785e+00
      vertex   1.149033e+02 -5.900000e+00 1.742368e+00
    endloop
  endfacet
  facet normal -7.587581e-01 -0.000000e+00 -6.513725e-01
    outer loop
      vertex   1.149033e+02 -5.200000e+00 1.742368e+00
      vertex   1.149033e+02 -5.900000e+00 1.742368e+00
      vertex   1.145013e+02 -5.200000e+00 2.210618e+00
    endloop
  endfacet
  facet normal -7.587581e-01 -0.000000e+00 -6.513725e-01
    outer loop
      vertex   1.145013e+02 -5.200000e+00 2.210618e+00
      vertex   1.149033e+02 -5.900000e+00 1.742368e+00
      vertex   1.145013e+02 -5.900000e+00 2.210618e+00
    endloop
  endfacet
  facet normal -6.121060e-01 -0.000000e+00 -7.907757e-01
    outer loop
      vertex   1.145013e+02 -5.200000e+00 2.210618e+00
      vertex   1.145013e+02 -5.900000e+00 2.210618e+00
      vertex   1.140133e+02 -5.200000e+00 2.588365e+00
    endloop
  endfacet
  facet normal -6.121060e-01 -0.000000e+00 -7.907757e-01
    outer loop
      vertex   1.140133e+02 -5.200000e+00 2.588365e+00
      vertex   1.145013e+02 -5.900000e+00 2.210618e+00
      vertex   1.140133e+02 -5.900000e+00 2.588365e+00
    endloop
  endfacet
  facet normal -4.403942e-01 -0.000000e+00 -8.978045e-01
    outer loop
      vertex   1.140133e+02 -5.200000e+00 2.588365e+00
      vertex   1.140133e+02 -5.900000e+00 2.588365e+00
      vertex   1.134593e+02 -5.200000e+00 2.860144e+00
    endloop
  endfacet
  facet normal -4.403942e-01 -0.000000e+00 -8.978045e-01
    outer loop
      vertex   1.134593e+02 -5.200000e+00 2.860144e+00
      vertex   1.140133e+02 -5.900000e+00 2.588365e+00
      vertex   1.134593e+02 -5.900000e+00 2.860144e+00
    endloop
  endfacet
  facet normal -2.506525e-01 -0.000000e+00 -9.680771e-01
    outer loop
      vertex   1.134593e+02 -5.200000e+00 2.860144e+00
      vertex   1.134593e+02 -5.900000e+00 2.860144e+00
      vertex   1.128619e+02 -5.200000e+00 3.014828e+00
    endloop
  endfacet
  facet normal -2.506525e-01 -0.000000e+00 -9.680771e-01
    outer loop
      vertex   1.128619e+02 -5.200000e+00 3.014828e+00
      vertex   1.134593e+02 -5.900000e+00 2.860144e+00
      vertex   1.128619e+02 -5.900000e+00 3.014828e+00
    endloop
  endfacet
  facet normal -5.064917e-02 -0.000000e+00 -9.987165e-01
    outer loop
      vertex   1.128619e+02 -5.200000e+00 3.014828e+00
      vertex   1.128619e+02 -5.900000e+00 3.014828e+00
      vertex   1.122455e+02 -5.200000e+00 3.046085e+00
    endloop
  endfacet
  facet normal -5.064917e-02 -0.000000e+00 -9.987165e-01
    outer loop
      vertex   1.122455e+02 -5.200000e+00 3.046085e+00
      vertex   1.128619e+02 -5.900000e+00 3.014828e+00
      vertex   1.122455e+02 -5.900000e+00 3.046085e+00
    endloop
  endfacet
  facet normal 1.514278e-01 0.000000e+00 -9.884683e-01
    outer loop
      vertex   1.122455e+02 -5.200000e+00 3.046085e+00
      vertex   1.122455e+02 -5.900000e+00 3.046085e+00
      vertex   1.116355e+02 -5.200000e+00 2.952635e+00
    endloop
  endfacet
  facet normal 1.514278e-01 0.000000e+00 -9.884683e-01
    outer loop
      vertex   1.116355e+02 -5.200000e+00 2.952635e+00
      vertex   1.122455e+02 -5.900000e+00 3.046085e+00
      vertex   1.116355e+02 -5.900000e+00 2.952635e+00
    endloop
  endfacet
  facet normal 3.473053e-01 0.000000e+00 -9.377521e-01
    outer loop
      vertex   1.116355e+02 -5.200000e+00 2.952635e+00
      vertex   1.116355e+02 -5.900000e+00 2.952635e+00
      vertex   1.110568e+02 -5.200000e+00 2.738304e+00
    endloop
  endfacet
  facet normal 3.473053e-01 0.000000e+00 -9.377521e-01
    outer loop
      vertex   1.110568e+02 -5.200000e+00 2.738304e+00
      vertex   1.116355e+02 -5.900000e+00 2.952635e+00
      vertex   1.110568e+02 -5.900000e+00 2.738304e+00
    endloop
  endfacet
  facet normal 5.289640e-01 0.000000e+00 -8.486443e-01
    outer loop
      vertex   1.110568e+02 -5.200000e+00 2.738304e+00
      vertex   1.110568e+02 -5.900000e+00 2.738304e+00
      vertex   1.105331e+02 -5.200000e+00 2.411866e+00
    endloop
  endfacet
  facet normal 5.289640e-01 0.000000e+00 -8.486443e-01
    outer loop
      vertex   1.105331e+02 -5.200000e+00 2.411866e+00
      vertex   1.110568e+02 -5.900000e+00 2.738304e+00
      vertex   1.105331e+02 -5.900000e+00 2.411866e+00
    endloop
  endfacet
  facet normal 6.889669e-01 0.000000e+00 -7.247928e-01
    outer loop
      vertex   1.105331e+02 -5.200000e+00 2.411866e+00
      vertex   1.105331e+02 -5.900000e+00 2.411866e+00
      vertex   1.100858e+02 -5.200000e+00 1.986686e+00
    endloop
  endfacet
  facet normal 6.889669e-01 0.000000e+00 -7.247928e-01
    outer loop
      vertex   1.100858e+02 -5.200000e+00 1.986686e+00
      vertex   1.105331e+02 -5.900000e+00 2.411866e+00
      vertex   1.100858e+02 -5.900000e+00 1.986686e+00
    endloop
  endfacet
  facet normal 8.207634e-01 0.000000e+00 -5.712682e-01
    outer loop
      vertex   1.100858e+02 -5.200000e+00 1.986686e+00
      vertex   1.100858e+02 -5.900000e+00 1.986686e+00
      vertex   1.097332e+02 -5.200000e+00 1.480171e+00
    endloop
  endfacet
  facet normal 8.207634e-01 0.000000e+00 -5.712682e-01
    outer loop
      vertex   1.097332e+02 -5.200000e+00 1.480171e+00
      vertex   1.100858e+02 -5.900000e+00 1.986686e+00
      vertex   1.097332e+02 -5.900000e+00 1.480171e+00
    endloop
  endfacet
  facet normal 9.189578e-01 0.000000e+00 -3.943559e-01
    outer loop
      vertex   1.097332e+02 -5.200000e+00 1.480171e+00
      vertex   1.097332e+02 -5.900000e+00 1.480171e+00
      vertex   1.094899e+02 -5.200000e+00 9.130575e-01
    endloop
  endfacet
  facet normal 9.189578e-01 0.000000e+00 -3.943559e-01
    outer loop
      vertex   1.094899e+02 -5.200000e+00 9.130575e-01
      vertex   1.097332e+02 -5.900000e+00 1.480171e+00
      vertex   1.094899e+02 -5.900000e+00 9.130575e-01
    endloop
  endfacet
  facet normal 9.795299e-01 0.000000e+00 -2.012985e-01
    outer loop
      vertex   1.094899e+02 -5.200000e+00 9.130575e-01
      vertex   1.094899e+02 -5.900000e+00 9.130575e-01
      vertex   1.093656e+02 -5.200000e+00 3.085634e-01
    endloop
  endfacet
  facet normal 9.795299e-01 0.000000e+00 -2.012985e-01
    outer loop
      vertex   1.093656e+02 -5.200000e+00 3.085634e-01
      vertex   1.094899e+02 -5.900000e+00 9.130575e-01
      vertex   1.093656e+02 -5.900000e+00 3.085634e-01
    endloop
  endfacet
  facet normal 1.000000e+00 0.000000e+00 0.000000e+00
    outer loop
      vertex   1.093656e+02 -5.200000e+00 3.085634e-01
      vertex   1.093656e+02 -5.900000e+00 3.085634e-01
      vertex   1.093656e+02 -5.200000e+00 -3.085634e-01
    endloop
  endfacet
  facet normal 1.000000e+00 0.000000e+00 0.000000e+00
    outer loop
      vertex   1.093656e+02 -5.200000e+00 -3.085634e-01
      vertex   1.093656e+02 -5.900000e+00 3.085634e-01
      vertex   1.093656e+02 -5.900000e+00 -3.085634e-01
    endloop
  endfacet
  facet normal 9.795299e-01 0.000000e+00 2.012985e-01
    outer loop
      vertex   1.093656e+02 -5.200000e+00 -3.085634e-01
      vertex   1.093656e+02 -5.900000e+00 -3.085634e-01
      vertex   1.094899e+02 -5.200000e+00 -9.130575e-01
    endloop
  endfacet
  facet normal 9.795299e-01 0.000000e+00 2.012985e-01
    outer loop
      vertex   1.094899e+02 -5.200000e+00 -9.130575e-01
      vertex   1.093656e+02 -5.900000e+00 -3.085634e-01
      vertex   1.094899e+02 -5.900000e+00 -9.130575e-01
    endloop
  endfacet
  facet normal 9.189578e-01 0.000000e+00 3.943559e-01
    outer loop
      vertex   1.094899e+02 -5.200000e+00 -9.130575e-01
      vertex   1.094899e+02 -5.900000e+00 -9.130575e-01
      vertex   1.097332e+02 -5.200000e+00 -1.480171e+00
    endloop
  endfacet
  facet normal 9.189578e-01 0.000000e+00 3.943559e-01
    outer loop
      vertex   1.097332e+02 -5.200000e+00 -1.480171e+00
      vertex   1.094899e+02 -5.900000e+00 -9.130575e-01
      vertex   1.097332e+02 -5.900000e+00 -1.480171e+00
    endloop
  endfacet
  facet normal 8.207634e-01 0.000000e+00 5.712682e-01
    outer loop
      vertex   1.097332e+02 -5.200000e+00 -1.480171e+00
      vertex   1.097332e+02 -5.900000e+00 -1.480171e+00
      vertex   1.100858e+02 -5.200000e+00 -1.986686e+00
    endloop
  endfacet
  facet normal 8.207634e-01 0.000000e+00 5.712682e-01
    outer loop
      vertex   1.100858e+02 -5.200000e+00 -1.986686e+00
      vertex   1.097332e+02 -5.900000e+00 -1.480171e+00
      vertex   1.100858e+02 -5.900000e+00 -1.986686e+00
    endloop
  endfacet
  facet normal 6.889669e-01 0.000000e+00 7.247928e-01
    outer loop
      vertex   1.100858e+02 -5.200000e+00 -1.986686e+00
      vertex   1.100858e+02 -5.900000e+00 -1.986686e+00
      vertex   1.105331e+02 -5.200000e+00 -2.411866e+00
    endloop
  endfacet
  facet normal 6.889669e-01 0.000000e+00 7.247928e-01
    outer loop
      vertex   1.105331e+02 -5.200000e+00 -2.411866e+00
      vertex   1.100858e+02 -5.900000e+00 -1.986686e+00
      vertex   1.105331e+02 -5.900000e+00 -2.411866e+00
    endloop
  endfacet
  facet normal 5.289640e-01 0.000000e+00 8.486443e-01
    outer loop
      vertex   1.105331e+02 -5.200000e+00 -2.411866e+00
      vertex   1.105331e+02 -5.900000e+00 -2.411866e+00
      vertex   1.110568e+02 -5.200000e+00 -2.738304e+00
    endloop
  endfacet
  facet normal 5.289640e-01 0.000000e+00 8.486443e-01
    outer loop
      vertex   1.110568e+02 -5.200000e+00 -2.738304e+00
      vertex   1.105331e+02 -5.900000e+00 -2.411866e+00
      vertex   1.110568e+02 -5.900000e+00 -2.738304e+00
    endloop
  endfacet
  facet normal 3.473053e-01 0.000000e+00 9.377521e-01
    outer loop
      vertex   1.110568e+02 -5.200000e+00 -2.738304e+00
      vertex   1.110568e+02 -5.900000e+00 -2.738304e+00
      vertex   1.116355e+02 -5.200000e+00 -2.952635e+00
    endloop
  endfacet
  facet normal 3.473053e-01 0.000000e+00 9.377521e-01
    outer loop
      vertex   1.116355e+02 -5.200000e+00 -2.952635e+00
      vertex   1.110568e+02 -5.900000e+00 -2.738304e+00
      vertex   1.116355e+02 -5.900000e+00 -2.952635e+00
    endloop
  endfacet
  facet normal 1.514278e-01 0.000000e+00 9.884683e-01
    outer loop
      vertex   1.116355e+02 -5.200000e+00 -2.952635e+00
      vertex   1.116355e+02 -5.900000e+00 -2.952635e+00
      vertex   1.122455e+02 -5.200000e+00 -3.046085e+00
    endloop
  endfacet
  facet normal 1.514278e-01 0.000000e+00 9.884683e-01
    outer loop
      vertex   1.122455e+02 -5.200000e+00 -3.046085e+00
      vertex   1.116355e+02 -5.900000e+00 -2.952635e+00
      vertex   1.122455e+02 -5.900000e+00 -3.046085e+00
    endloop
  endfacet
  facet normal -5.064917e-02 0.000000e+00 9.987165e-01
    outer loop
      vertex   1.122455e+02 -5.200000e+00 -3.046085e+00
      vertex   1.122455e+02 -5.900000e+00 -3.046085e+00
      vertex   1.128619e+02 -5.200000e+00 -3.014828e+00
    endloop
  endfacet
  facet normal -5.064917e-02 0.000000e+00 9.987165e-01
    outer loop
      vertex   1.128619e+02 -5.200000e+00 -3.014828e+00
      vertex   1.122455e+02 -5.900000e+00 -3.046085e+00
      vertex   1.128619e+02 -5.900000e+00 -3.014828e+00
    endloop
  endfacet
  facet normal -2.506525e-01 0.000000e+00 9.680771e-01
    outer loop
      vertex   1.128619e+02 -5.200000e+00 -3.014828e+00
      vertex   1.128619e+02 -5.900000e+00 -3.014828e+00
      vertex   1.134593e+02 -5.200000e+00 -2.860144e+00
    endloop
  endfacet
  facet normal -2.506525e-01 0.000000e+00 9.680771e-01
    outer loop
      vertex   1.134593e+02 -5.200000e+00 -2.860144e+00
      vertex   1.128619e+02 -5.900000e+00 -3.014828e+00
      vertex   1.134593e+02 -5.900000e+00 -2.860144e+00
    endloop
  endfacet
  facet normal -4.403942e-01 0.000000e+00 8.978045e-01
    outer loop
      vertex   1.134593e+02 -5.200000e+00 -2.860144e+00
      vertex   1.134593e+02 -5.900000e+00 -2.860144e+00
      vertex   1.140133e+02 -5.200000e+00 -2.588365e+00
    endloop
  endfacet
  facet normal -4.403942e-01 0.000000e+00 8.978045e-01
    outer loop
      vertex   1.140133e+02 -5.200000e+00 -2.588365e+00
      vertex   1.134593e+02 -5.900000e+00 -2.860144e+00
      vertex   1.140133e+02 -5.900000e+00 -2.588365e+00
    endloop
  endfacet
  facet normal -6.121060e-01 0.000000e+00 7.907757e-01
    outer loop
      vertex   1.140133e+02 -5.200000e+00 -2.588365e+00
      vertex   1.140133e+02 -5.900000e+00 -2.588365e+00
      vertex   1.145013e+02 -5.200000e+00 -2.210618e+00
    endloop
  endfacet
  facet normal -6.121060e-01 0.000000e+00 7.907757e-01
    outer loop
      vertex   1.145013e+02 -5.200000e+00 -2.210618e+00
      vertex   1.140133e+02 -5.900000e+00 -2.588365e+00
      vertex   1.145013e+02 -5.900000e+00 -2.210618e+00
    endloop
  endfacet
  facet normal -7.587581e-01 0.000000e+00 6.513725e-01
    outer loop
      vertex   1.145013e+02 -5.200000e+00 -2.210618e+00
      vertex   1.145013e+02 -5.900000e+00 -2.210618e+00
      vertex   1.149033e+02 -5.200000e+00 -1.742368e+00
    endloop
  endfacet
  facet normal -7.587581e-01 0.000000e+00 6.513725e-01
    outer loop
      vertex   1.149033e+02 -5.200000e+00 -1.742368e+00
      vertex   1.145013e+02 -5.900000e+00 -2.210618e+00
      vertex   1.149033e+02 -5.900000e+00 -1.742368e+00
    endloop
  endfacet
  facet normal -8.743466e-01 0.000000e+00 4.853020e-01
    outer loop
      vertex   1.149033e+02 -5.200000e+00 -1.742368e+00
      vertex   1.149033e+02 -5.900000e+00 -1.742368e+00
      vertex   1.152028e+02 -5.200000e+00 -1.202785e+00
    endloop
  endfacet
  facet normal -8.743466e-01 0.000000e+00 4.853020e-01
    outer loop
      vertex   1.152028e+02 -5.200000e+00 -1.202785e+00
      vertex   1.149033e+02 -5.900000e+00 -1.742368e+00
      vertex   1.152028e+02 -5.900000e+00 -1.202785e+00
    endloop
  endfacet
  facet normal -9.541393e-01 0.000000e+00 2.993631e-01
    outer loop
      vertex   1.152028e+02 -5.200000e+00 -1.202785e+00
      vertex   1.152028e+02 -5.900000e+00 -1.202785e+00
      vertex   1.153876e+02 -5.200000e+00 -6.139605e-01
    endloop
  endfacet
  facet normal -9.541393e-01 0.000000e+00 2.993631e-01
    outer loop
      vertex   1.153876e+02 -5.200000e+00 -6.139605e-01
      vertex   1.152028e+02 -5.900000e+00 -1.202785e+00
      vertex   1.153876e+02 -5.900000e+00 -6.139605e-01
    endloop
  endfacet
  facet normal -7.007028e-01 -7.098862e-01 7.125451e-02
    outer loop
      vertex   1.953876e+02 -5.900000e+00 -4.061396e+01
      vertex   1.956895e+02 -6.200000e+00 -4.063399e+01
      vertex   1.954500e+02 -5.900000e+00 -4.000000e+01
    endloop
  endfacet
  facet normal -7.055004e-01 -7.055004e-01 6.736712e-02
    outer loop
      vertex   1.954500e+02 -5.900000e+00 -4.000000e+01
      vertex   1.956895e+02 -6.200000e+00 -4.063399e+01
      vertex   1.957500e+02 -6.200000e+00 -4.000000e+01
    endloop
  endfacet
  facet normal -7.055004e-01 -7.055004e-01 -6.736712e-02
    outer loop
      vertex   1.954500e+02 -5.900000e+00 -4.000000e+01
      vertex   1.957500e+02 -6.200000e+00 -4.000000e+01
      vertex   1.956895e+02 -6.200000e+00 -3.936601e+01
    endloop
  endfacet
  facet normal -6.837886e-01 -7.015135e-01 2.007784e-01
    outer loop
      vertex   1.956895e+02 -6.200000e+00 -4.063399e+01
      vertex   1.953876e+02 -5.900000e+00 -4.061396e+01
      vertex   1.955100e+02 -6.200000e+00 -4.124507e+01
    endloop
  endfacet
  facet normal -6.682099e-01 -7.138217e-01 2.096522e-01
    outer loop
      vertex   1.955100e+02 -6.200000e+00 -4.124507e+01
      vertex   1.953876e+02 -5.900000e+00 -4.061396e+01
      vertex   1.952028e+02 -5.900000e+00 -4.120279e+01
    endloop
  endfacet
  facet normal -6.364743e-01 -6.980216e-01 3.281253e-01
    outer loop
      vertex   1.955100e+02 -6.200000e+00 -4.124507e+01
      vertex   1.952028e+02 -5.900000e+00 -4.120279e+01
      vertex   1.952182e+02 -6.200000e+00 -4.181115e+01
    endloop
  endfacet
  facet normal -6.093731e-01 -7.171228e-01 3.382297e-01
    outer loop
      vertex   1.952182e+02 -6.200000e+00 -4.181115e+01
      vertex   1.952028e+02 -5.900000e+00 -4.120279e+01
      vertex   1.949033e+02 -5.900000e+00 -4.174237e+01
    endloop
  endfacet
  facet normal -5.651429e-01 -6.950486e-01 4.444333e-01
    outer loop
      vertex   1.952182e+02 -6.200000e+00 -4.181115e+01
      vertex   1.949033e+02 -5.900000e+00 -4.174237e+01
      vertex   1.948245e+02 -6.200000e+00 -4.231176e+01
    endloop
  endfacet
  facet normal -5.267044e-01 -7.198145e-01 4.521609e-01
    outer loop
      vertex   1.948245e+02 -6.200000e+00 -4.231176e+01
      vertex   1.949033e+02 -5.900000e+00 -4.174237e+01
      vertex   1.945013e+02 -5.900000e+00 -4.221062e+01
    endloop
  endfacet
  facet normal -4.723561e-01 -6.926148e-01 5.451280e-01
    outer loop
      vertex   1.948245e+02 -6.200000e+00 -4.231176e+01
      vertex   1.945013e+02 -5.900000e+00 -4.221062e+01
      vertex   1.943432e+02 -6.200000e+00 -4.272883e+01
    endloop
  endfacet
  facet normal -4.235647e-01 -7.219173e-01 5.472005e-01
    outer loop
      vertex   1.943432e+02 -6.200000e+00 -4.272883e+01
      vertex   1.945013e+02 -5.900000e+00 -4.221062e+01
      vertex   1.940133e+02 -5.900000e+00 -4.258836e+01
    endloop
  endfacet
  facet normal -3.615529e-01 -6.907372e-01 6.262280e-01
    outer loop
      vertex   1.943432e+02 -6.200000e+00 -4.272883e+01
      vertex   1.940133e+02 -5.900000e+00 -4.258836e+01
      vertex   1.937916e+02 -6.200000e+00 -4.304727e+01
    endloop
  endfacet
  facet normal -3.040393e-01 -7.234470e-01 6.198262e-01
    outer loop
      vertex   1.937916e+02 -6.200000e+00 -4.304727e+01
      vertex   1.940133e+02 -5.900000e+00 -4.258836e+01
      vertex   1.934593e+02 -5.900000e+00 -4.286014e+01
    endloop
  endfacet
  facet normal -2.369128e-01 -6.894289e-01 6.845145e-01
    outer loop
      vertex   1.937916e+02 -6.200000e+00 -4.304727e+01
      vertex   1.934593e+02 -5.900000e+00 -4.286014e+01
      vertex   1.931898e+02 -6.200000e+00 -4.325557e+01
    endloop
  endfacet
  facet normal -1.727908e-01 -7.244151e-01 6.673575e-01
    outer loop
      vertex   1.931898e+02 -6.200000e+00 -4.325557e+01
      vertex   1.934593e+02 -5.900000e+00 -4.286014e+01
      vertex   1.928619e+02 -5.900000e+00 -4.301483e+01
    endloop
  endfacet
  facet normal -1.031850e-01 -6.886991e-01 7.176673e-01
    outer loop
      vertex   1.931898e+02 -6.200000e+00 -4.325557e+01
      vertex   1.928619e+02 -5.900000e+00 -4.301483e+01
      vertex   1.925594e+02 -6.200000e+00 -4.334621e+01
    endloop
  endfacet
  facet normal -3.489369e-02 -7.248287e-01 6.880449e-01
    outer loop
      vertex   1.925594e+02 -6.200000e+00 -4.334621e+01
      vertex   1.928619e+02 -5.900000e+00 -4.301483e+01
      vertex   1.922455e+02 -5.900000e+00 -4.304609e+01
    endloop
  endfacet
  facet normal 3.450574e-02 -6.885529e-01 7.243647e-01
    outer loop
      vertex   1.925594e+02 -6.200000e+00 -4.334621e+01
      vertex   1.922455e+02 -5.900000e+00 -4.304609e+01
      vertex   1.919232e+02 -6.200000e+00 -4.331590e+01
    endloop
  endfacet
  facet normal 1.043450e-01 -7.246909e-01 6.811279e-01
    outer loop
      vertex   1.919232e+02 -6.200000e+00 -4.331590e+01
      vertex   1.922455e+02 -5.900000e+00 -4.304609e+01
      vertex   1.916355e+02 -5.900000e+00 -4.295264e+01
    endloop
  endfacet
  facet normal 1.708709e-01 -6.889913e-01 7.043395e-01
    outer loop
      vertex   1.919232e+02 -6.200000e+00 -4.331590e+01
      vertex   1.916355e+02 -5.900000e+00 -4.295264e+01
      vertex   1.913043e+02 -6.200000e+00 -4.316575e+01
    endloop
  endfacet
  facet normal 2.395709e-01 -7.240007e-01 6.468607e-01
    outer loop
      vertex   1.913043e+02 -6.200000e+00 -4.316575e+01
      vertex   1.916355e+02 -5.900000e+00 -4.295264e+01
      vertex   1.910568e+02 -5.900000e+00 -4.273830e+01
    endloop
  endfacet
  facet normal 3.006768e-01 -6.900113e-01 6.583904e-01
    outer loop
      vertex   1.913043e+02 -6.200000e+00 -4.316575e+01
      vertex   1.910568e+02 -5.900000e+00 -4.273830e+01
      vertex   1.907250e+02 -6.200000e+00 -4.290119e+01
    endloop
  endfacet
  facet normal 3.655704e-01 -7.227530e-01 5.865035e-01
    outer loop
      vertex   1.907250e+02 -6.200000e+00 -4.290119e+01
      vertex   1.910568e+02 -5.900000e+00 -4.273830e+01
      vertex   1.905331e+02 -5.900000e+00 -4.241187e+01
    endloop
  endfacet
  facet normal 4.189608e-01 -6.916056e-01 5.883482e-01
    outer loop
      vertex   1.907250e+02 -6.200000e+00 -4.290119e+01
      vertex   1.905331e+02 -5.900000e+00 -4.241187e+01
      vertex   1.902062e+02 -6.200000e+00 -4.253176e+01
    endloop
  endfacet
  facet normal 4.774535e-01 -7.209384e-01 5.022808e-01
    outer loop
      vertex   1.902062e+02 -6.200000e+00 -4.253176e+01
      vertex   1.905331e+02 -5.900000e+00 -4.241187e+01
      vertex   1.900858e+02 -5.900000e+00 -4.198669e+01
    endloop
  endfacet
  facet normal 5.212356e-01 -6.937631e-01 4.969972e-01
    outer loop
      vertex   1.902062e+02 -6.200000e+00 -4.253176e+01
      vertex   1.900858e+02 -5.900000e+00 -4.198669e+01
      vertex   1.897667e+02 -6.200000e+00 -4.207083e+01
    endloop
  endfacet
  facet normal 5.708263e-01 -7.185434e-01 3.973068e-01
    outer loop
      vertex   1.897667e+02 -6.200000e+00 -4.207083e+01
      vertex   1.900858e+02 -5.900000e+00 -4.198669e+01
      vertex   1.897332e+02 -5.900000e+00 -4.148017e+01
    endloop
  endfacet
  facet normal 6.036726e-01 -6.964689e-01 3.879568e-01
    outer loop
      vertex   1.897667e+02 -6.200000e+00 -4.207083e+01
      vertex   1.897332e+02 -5.900000e+00 -4.148017e+01
      vertex   1.894224e+02 -6.200000e+00 -4.153506e+01
    endloop
  endfacet
  facet normal 6.419487e-01 -7.155499e-01 2.754819e-01
    outer loop
      vertex   1.894224e+02 -6.200000e+00 -4.153506e+01
      vertex   1.897332e+02 -5.900000e+00 -4.148017e+01
      vertex   1.894899e+02 -5.900000e+00 -4.091306e+01
    endloop
  endfacet
  facet normal 6.632564e-01 -6.997041e-01 2.655278e-01
    outer loop
      vertex   1.894224e+02 -6.200000e+00 -4.153506e+01
      vertex   1.894899e+02 -5.900000e+00 -4.091306e+01
      vertex   1.891857e+02 -6.200000e+00 -4.094380e+01
    endloop
  endfacet
  facet normal 6.878703e-01 -7.119350e-01 1.413609e-01
    outer loop
      vertex   1.891857e+02 -6.200000e+00 -4.094380e+01
      vertex   1.894899e+02 -5.900000e+00 -4.091306e+01
      vertex   1.893656e+02 -5.900000e+00 -4.030856e+01
    endloop
  endfacet
  facet normal 6.979039e-01 -7.034467e-01 1.345099e-01
    outer loop
      vertex   1.891857e+02 -6.200000e+00 -4.094380e+01
      vertex   1.893656e+02 -5.900000e+00 -4.030856e+01
      vertex   1.890652e+02 -6.200000e+00 -4.031844e+01
    endloop
  endfacet
  facet normal 7.065419e-01 -7.076712e-01 -8.182266e-19
    outer loop
      vertex   1.890652e+02 -6.200000e+00 -4.031844e+01
      vertex   1.893656e+02 -5.900000e+00 -4.030856e+01
      vertex   1.893656e+02 -5.900000e+00 -3.969144e+01
    endloop
  endfacet
  facet normal 7.065419e-01 -7.076712e-01 0.000000e+00
    outer loop
      vertex   1.890652e+02 -6.200000e+00 -4.031844e+01
      vertex   1.893656e+02 -5.900000e+00 -3.969144e+01
      vertex   1.890652e+02 -6.200000e+00 -3.968156e+01
    endloop
  endfacet
  facet normal 6.979039e-01 -7.034467e-01 -1.345099e-01
    outer loop
      vertex   1.890652e+02 -6.200000e+00 -3.968156e+01
      vertex   1.893656e+02 -5.900000e+00 -3.969144e+01
      vertex   1.891857e+02 -6.200000e+00 -3.905620e+01
    endloop
  endfacet
  facet normal 6.878703e-01 -7.119350e-01 -1.413609e-01
    outer loop
      vertex   1.891857e+02 -6.200000e+00 -3.905620e+01
      vertex   1.893656e+02 -5.900000e+00 -3.969144e+01
      vertex   1.894899e+02 -5.900000e+00 -3.908694e+01
    endloop
  endfacet
  facet normal 6.632564e-01 -6.997041e-01 -2.655278e-01
    outer loop
      vertex   1.891857e+02 -6.200000e+00 -3.905620e+01
      vertex   1.894899e+02 -5.900000e+00 -3.908694e+01
      vertex   1.894224e+02 -6.200000e+00 -3.846494e+01
    endloop
  endfacet
  facet normal 6.419487e-01 -7.155499e-01 -2.754819e-01
    outer loop
      vertex   1.894224e+02 -6.200000e+00 -3.846494e+01
      vertex   1.894899e+02 -5.900000e+00 -3.908694e+01
      vertex   1.897332e+02 -5.900000e+00 -3.851983e+01
    endloop
  endfacet
  facet normal 6.036726e-01 -6.964689e-01 -3.879568e-01
    outer loop
      vertex   1.894224e+02 -6.200000e+00 -3.846494e+01
      vertex   1.897332e+02 -5.900000e+00 -3.851983e+01
      vertex   1.897667e+02 -6.200000e+00 -3.792917e+01
    endloop
  endfacet
  facet normal 5.708263e-01 -7.185434e-01 -3.973068e-01
    outer loop
      vertex   1.897667e+02 -6.200000e+00 -3.792917e+01
      vertex   1.897332e+02 -5.900000e+00 -3.851983e+01
      vertex   1.900858e+02 -5.900000e+00 -3.801331e+01
    endloop
  endfacet
  facet normal 5.212356e-01 -6.937631e-01 -4.969972e-01
    outer loop
      vertex   1.897667e+02 -6.200000e+00 -3.792917e+01
      vertex   1.900858e+02 -5.900000e+00 -3.801331e+01
      vertex   1.902062e+02 -6.200000e+00 -3.746824e+01
    endloop
  endfacet
  facet normal 4.774535e-01 -7.209384e-01 -5.022808e-01
    outer loop
      vertex   1.902062e+02 -6.200000e+00 -3.746824e+01
      vertex   1.900858e+02 -5.900000e+00 -3.801331e+01
      vertex   1.905331e+02 -5.900000e+00 -3.758813e+01
    endloop
  endfacet
  facet normal 4.189608e-01 -6.916056e-01 -5.883482e-01
    outer loop
      vertex   1.902062e+02 -6.200000e+00 -3.746824e+01
      vertex   1.905331e+02 -5.900000e+00 -3.758813e+01
      vertex   1.907250e+02 -6.200000e+00 -3.709881e+01
    endloop
  endfacet
  facet normal 3.655704e-01 -7.227530e-01 -5.865035e-01
    outer loop
      vertex   1.907250e+02 -6.200000e+00 -3.709881e+01
      vertex   1.905331e+02 -5.900000e+00 -3.758813e+01
      vertex   1.910568e+02 -5.900000e+00 -3.726170e+01
    endloop
  endfacet
  facet normal 3.006768e-01 -6.900113e-01 -6.583904e-01
    outer loop
      vertex   1.907250e+02 -6.200000e+00 -3.709881e+01
      vertex   1.910568e+02 -5.900000e+00 -3.726170e+01
      vertex   1.913043e+02 -6.200000e+00 -3.683425e+01
    endloop
  endfacet
  facet normal 2.395709e-01 -7.240007e-01 -6.468607e-01
    outer loop
      vertex   1.913043e+02 -6.200000e+00 -3.683425e+01
      vertex   1.910568e+02 -5.900000e+00 -3.726170e+01
      vertex   1.916355e+02 -5.900000e+00 -3.704736e+01
    endloop
  endfacet
  facet normal 1.708709e-01 -6.889913e-01 -7.043395e-01
    outer loop
      vertex   1.913043e+02 -6.200000e+00 -3.683425e+01
      vertex   1.916355e+02 -5.900000e+00 -3.704736e+01
      vertex   1.919232e+02 -6.200000e+00 -3.668410e+01
    endloop
  endfacet
  facet normal 1.043450e-01 -7.246909e-01 -6.811279e-01
    outer loop
      vertex   1.919232e+02 -6.200000e+00 -3.668410e+01
      vertex   1.916355e+02 -5.900000e+00 -3.704736e+01
      vertex   1.922455e+02 -5.900000e+00 -3.695391e+01
    endloop
  endfacet
  facet normal 3.450574e-02 -6.885529e-01 -7.243647e-01
    outer loop
      vertex   1.919232e+02 -6.200000e+00 -3.668410e+01
      vertex   1.922455e+02 -5.900000e+00 -3.695391e+01
      vertex   1.925594e+02 -6.200000e+00 -3.665379e+01
    endloop
  endfacet
  facet normal -3.489369e-02 -7.248287e-01 -6.880449e-01
    outer loop
      vertex   1.925594e+02 -6.200000e+00 -3.665379e+01
      vertex   1.922455e+02 -5.900000e+00 -3.695391e+01
      vertex   1.928619e+02 -5.900000e+00 -3.698517e+01
    endloop
  endfacet
  facet normal -1.031850e-01 -6.886991e-01 -7.176673e-01
    outer loop
      vertex   1.925594e+02 -6.200000e+00 -3.665379e+01
      vertex   1.928619e+02 -5.900000e+00 -3.698517e+01
      vertex   1.931898e+02 -6.200000e+00 -3.674443e+01
    endloop
  endfacet
  facet normal -1.727908e-01 -7.244151e-01 -6.673575e-01
    outer loop
      vertex   1.931898e+02 -6.200000e+00 -3.674443e+01
      vertex   1.928619e+02 -5.900000e+00 -3.698517e+01
      vertex   1.934593e+02 -5.900000e+00 -3.713986e+01
    endloop
  endfacet
  facet normal -2.369128e-01 -6.894289e-01 -6.845145e-01
    outer loop
      vertex   1.931898e+02 -6.200000e+00 -3.674443e+01
      vertex   1.934593e+02 -5.900000e+00 -3.713986e+01
      vertex   1.937916e+02 -6.200000e+00 -3.695273e+01
    endloop
  endfacet
  facet normal -3.040393e-01 -7.234470e-01 -6.198262e-01
    outer loop
      vertex   1.937916e+02 -6.200000e+00 -3.695273e+01
      vertex   1.934593e+02 -5.900000e+00 -3.713986e+01
      vertex   1.940133e+02 -5.900000e+00 -3.741164e+01
    endloop
  endfacet
  facet normal -3.615529e-01 -6.907372e-01 -6.262280e-01
    outer loop
      vertex   1.937916e+02 -6.200000e+00 -3.695273e+01
      vertex   1.940133e+02 -5.900000e+00 -3.741164e+01
      vertex   1.943432e+02 -6.200000e+00 -3.727117e+01
    endloop
  endfacet
  facet normal -4.235647e-01 -7.219173e-01 -5.472005e-01
    outer loop
      vertex   1.943432e+02 -6.200000e+00 -3.727117e+01
      vertex   1.940133e+02 -5.900000e+00 -3.741164e+01
      vertex   1.945013e+02 -5.900000e+00 -3.778938e+01
    endloop
  endfacet
  facet normal -4.723561e-01 -6.926148e-01 -5.451280e-01
    outer loop
      vertex   1.943432e+02 -6.200000e+00 -3.727117e+01
      vertex   1.945013e+02 -5.900000e+00 -3.778938e+01
      vertex   1.948245e+02 -6.200000e+00 -3.768824e+01
    endloop
  endfacet
  facet normal -5.267044e-01 -7.198145e-01 -4.521609e-01
    outer loop
      vertex   1.948245e+02 -6.200000e+00 -3.768824e+01
      vertex   1.945013e+02 -5.900000e+00 -3.778938e+01
      vertex   1.949033e+02 -5.900000e+00 -3.825763e+01
    endloop
  endfacet
  facet normal -5.651429e-01 -6.950486e-01 -4.444333e-01
    outer loop
      vertex   1.948245e+02 -6.200000e+00 -3.768824e+01
      vertex   1.949033e+02 -5.900000e+00 -3.825763e+01
      vertex   1.952182e+02 -6.200000e+00 -3.818885e+01
    endloop
  endfacet
  facet normal -6.093731e-01 -7.171228e-01 -3.382297e-01
    outer loop
      vertex   1.952182e+02 -6.200000e+00 -3.818885e+01
      vertex   1.949033e+02 -5.900000e+00 -3.825763e+01
      vertex   1.952028e+02 -5.900000e+00 -3.879721e+01
    endloop
  endfacet
  facet normal -6.364743e-01 -6.980216e-01 -3.281253e-01
    outer loop
      vertex   1.952182e+02 -6.200000e+00 -3.818885e+01
      vertex   1.952028e+02 -5.900000e+00 -3.879721e+01
      vertex   1.955100e+02 -6.200000e+00 -3.875493e+01
    endloop
  endfacet
  facet normal -6.682099e-01 -7.138217e-01 -2.096522e-01
    outer loop
      vertex   1.955100e+02 -6.200000e+00 -3.875493e+01
      vertex   1.952028e+02 -5.900000e+00 -3.879721e+01
      vertex   1.953876e+02 -5.900000e+00 -3.938604e+01
    endloop
  endfacet
  facet normal -6.837886e-01 -7.015135e-01 -2.007784e-01
    outer loop
      vertex   1.955100e+02 -6.200000e+00 -3.875493e+01
      vertex   1.953876e+02 -5.900000e+00 -3.938604e+01
      vertex   1.956895e+02 -6.200000e+00 -3.936601e+01
    endloop
  endfacet
  facet normal -7.007028e-01 -7.098862e-01 -7.125451e-02
    outer loop
      vertex   1.956895e+02 -6.200000e+00 -3.936601e+01
      vertex   1.953876e+02 -5.900000e+00 -3.938604e+01
      vertex   1.954500e+02 -5.900000e+00 -4.000000e+01
    endloop
  endfacet
  facet normal -9.948693e-01 0.000000e+00 1.011683e-01
    outer loop
      vertex   1.953876e+02 -5.200000e+00 -4.061396e+01
      vertex   1.953876e+02 -5.900000e+00 -4.061396e+01
      vertex   1.954500e+02 -5.200000e+00 -4.000000e+01
    endloop
  endfacet
  facet normal -9.948693e-01 0.000000e+00 1.011683e-01
    outer loop
      vertex   1.954500e+02 -5.200000e+00 -4.000000e+01
      vertex   1.953876e+02 -5.900000e+00 -4.061396e+01
      vertex   1.954500e+02 -5.900000e+00 -4.000000e+01
    endloop
  endfacet
  facet normal -9.948693e-01 -0.000000e+00 -1.011683e-01
    outer loop
      vertex   1.954500e+02 -5.200000e+00 -4.000000e+01
      vertex   1.954500e+02 -5.900000e+00 -4.000000e+01
      vertex   1.953876e+02 -5.200000e+00 -3.938604e+01
    endloop
  endfacet
  facet normal -9.948693e-01 -0.000000e+00 -1.011683e-01
    outer loop
      vertex   1.953876e+02 -5.200000e+00 -3.938604e+01
      vertex   1.954500e+02 -5.900000e+00 -4.000000e+01
      vertex   1.953876e+02 -5.900000e+00 -3.938604e+01
    endloop
  endfacet
  facet normal -9.541393e-01 -0.000000e+00 -2.993631e-01
    outer loop
      vertex   1.953876e+02 -5.200000e+00 -3.938604e+01
      vertex   1.953876e+02 -5.900000e+00 -3.938604e+01
      vertex   1.952028e+02 -5.200000e+00 -3.879721e+01
    endloop
  endfacet
  facet normal -9.541393e-01 -0.000000e+00 -2.993631e-01
    outer loop
      vertex   1.952028e+02 -5.200000e+00 -3.879721e+01
      vertex   1.953876e+02 -5.900000e+00 -3.938604e+01
      vertex   1.952028e+02 -5.900000e+00 -3.879721e+01
    endloop
  endfacet
  facet normal -8.743466e-01 -0.000000e+00 -4.853020e-01
    outer loop
      vertex   1.952028e+02 -5.200000e+00 -3.879721e+01
      vertex   1.952028e+02 -5.900000e+00 -3.879721e+01
      vertex   1.949033e+02 -5.200000e+00 -3.825763e+01
    endloop
  endfacet
  facet normal -8.743466e-01 -0.000000e+00 -4.853020e-01
    outer loop
      vertex   1.949033e+02 -5.200000e+00 -3.825763e+01
      vertex   1.952028e+02 -5.900000e+00 -3.879721e+01
      vertex   1.949033e+02 -5.900000e+00 -3.825763e+01
    endloop
  endfacet
  facet normal -7.587581e-01 -0.000000e+00 -6.513725e-01
    outer loop
      vertex   1.949033e+02 -5.200000e+00 -3.825763e+01
      vertex   1.949033e+02 -5.900000e+00 -3.825763e+01
      vertex   1.945013e+02 -5.200000e+00 -3.778938e+01
    endloop
  endfacet
  facet normal -7.587581e-01 -0.000000e+00 -6.513725e-01
    outer loop
      vertex   1.945013e+02 -5.200000e+00 -3.778938e+01
      vertex   1.949033e+02 -5.900000e+00 -3.825763e+01
      vertex   1.945013e+02 -5.900000e+00 -3.778938e+01
    endloop
  endfacet
  facet normal -6.121060e-01 -0.000000e+00 -7.907757e-01
    outer loop
      vertex   1.945013e+02 -5.200000e+00 -3.778938e+01
      vertex   1.945013e+02 -5.900000e+00 -3.778938e+01
      vertex   1.940133e+02 -5.200000e+00 -3.741164e+01
    endloop
  endfacet
  facet normal -6.121060e-01 -0.000000e+00 -7.907757e-01
    outer loop
      vertex   1.940133e+02 -5.200000e+00 -3.741164e+01
      vertex   1.945013e+02 -5.900000e+00 -3.778938e+01
      vertex   1.940133e+02 -5.900000e+00 -3.741164e+01
    endloop
  endfacet
  facet normal -4.403942e-01 -0.000000e+00 -8.978045e-01
    outer loop
      vertex   1.940133e+02 -5.200000e+00 -3.741164e+01
      vertex   1.940133e+02 -5.900000e+00 -3.741164e+01
      vertex   1.934593e+02 -5.200000e+00 -3.713986e+01
    endloop
  endfacet
  facet normal -4.403942e-01 -0.000000e+00 -8.978045e-01
    outer loop
      vertex   1.934593e+02 -5.200000e+00 -3.713986e+01
      vertex   1.940133e+02 -5.900000e+00 -3.741164e+01
      vertex   1.934593e+02 -5.900000e+00 -3.713986e+01
    endloop
  endfacet
  facet normal -2.506525e-01 -0.000000e+00 -9.680771e-01
    outer loop
      vertex   1.934593e+02 -5.200000e+00 -3.713986e+01
      vertex   1.934593e+02 -5.900000e+00 -3.713986e+01
      vertex   1.928619e+02 -5.200000e+00 -3.698517e+01
    endloop
  endfacet
  facet normal -2.506525e-01 -0.000000e+00 -9.680771e-01
    outer loop
      vertex   1.928619e+02 -5.200000e+00 -3.698517e+01
      vertex   1.934593e+02 -5.900000e+00 -3.713986e+01
      vertex   1.928619e+02 -5.900000e+00 -3.698517e+01
    endloop
  endfacet
  facet normal -5.064917e-02 -0.000000e+00 -9.987165e-01
    outer loop
      vertex   1.928619e+02 -5.200000e+00 -3.698517e+01
      vertex   1.928619e+02 -5.900000e+00 -3.698517e+01
      vertex   1.922455e+02 -5.200000e+00 -3.695391e+01
    endloop
  endfacet
  facet normal -5.064917e-02 -0.000000e+00 -9.987165e-01
    outer loop
      vertex   1.922455e+02 -5.200000e+00 -3.695391e+01
      vertex   1.928619e+02 -5.900000e+00 -3.698517e+01
      vertex   1.922455e+02 -5.900000e+00 -3.695391e+01
    endloop
  endfacet
  facet normal 1.514278e-01 0.000000e+00 -9.884683e-01
    outer loop
      vertex   1.922455e+02 -5.200000e+00 -3.695391e+01
      vertex   1.922455e+02 -5.900000e+00 -3.695391e+01
      vertex   1.916355e+02 -5.200000e+00 -3.704736e+01
    endloop
  endfacet
  facet normal 1.514278e-01 0.000000e+00 -9.884683e-01
    outer loop
      vertex   1.916355e+02 -5.200000e+00 -3.704736e+01
      vertex   1.922455e+02 -5.900000e+00 -3.695391e+01
      vertex   1.916355e+02 -5.900000e+00 -3.704736e+01
    endloop
  endfacet
  facet normal 3.473053e-01 0.000000e+00 -9.377521e-01
    outer loop
      vertex   1.916355e+02 -5.200000e+00 -3.704736e+01
      vertex   1.916355e+02 -5.900000e+00 -3.704736e+01
      vertex   1.910568e+02 -5.200000e+00 -3.726170e+01
    endloop
  endfacet
  facet normal 3.473053e-01 0.000000e+00 -9.377521e-01
    outer loop
      vertex   1.910568e+02 -5.200000e+00 -3.726170e+01
      vertex   1.916355e+02 -5.900000e+00 -3.704736e+01
      vertex   1.910568e+02 -5.900000e+00 -3.726170e+01
    endloop
  endfacet
  facet normal 5.289640e-01 0.000000e+00 -8.486443e-01
    outer loop
      vertex   1.910568e+02 -5.200000e+00 -3.726170e+01
      vertex   1.910568e+02 -5.900000e+00 -3.726170e+01
      vertex   1.905331e+02 -5.200000e+00 -3.758813e+01
    endloop
  endfacet
  facet normal 5.289640e-01 0.000000e+00 -8.486443e-01
    outer loop
      vertex   1.905331e+02 -5.200000e+00 -3.758813e+01
      vertex   1.910568e+02 -5.900000e+00 -3.726170e+01
      vertex   1.905331e+02 -5.900000e+00 -3.758813e+01
    endloop
  endfacet
  facet normal 6.889669e-01 0.000000e+00 -7.247928e-01
    outer loop
      vertex   1.905331e+02 -5.200000e+00 -3.758813e+01
      vertex   1.905331e+02 -5.900000e+00 -3.758813e+01
      vertex   1.900858e+02 -5.200000e+00 -3.801331e+01
    endloop
  endfacet
  facet normal 6.889669e-01 0.000000e+00 -7.247928e-01
    outer loop
      vertex   1.900858e+02 -5.200000e+00 -3.801331e+01
      vertex   1.905331e+02 -5.900000e+00 -3.758813e+01
      vertex   1.900858e+02 -5.900000e+00 -3.801331e+01
    endloop
  endfacet
  facet normal 8.207634e-01 0.000000e+00 -5.712682e-01
    outer loop
      vertex   1.900858e+02 -5.200000e+00 -3.801331e+01
      vertex   1.900858e+02 -5.900000e+00 -3.801331e+01
      vertex   1.897332e+02 -5.200000e+00 -3.851983e+01
    endloop
  endfacet
  facet normal 8.207634e-01 0.000000e+00 -5.712682e-01
    outer loop
      vertex   1.897332e+02 -5.200000e+00 -3.851983e+01
      vertex   1.900858e+02 -5.900000e+00 -3.801331e+01
      vertex   1.897332e+02 -5.900000e+00 -3.851983e+01
    endloop
  endfacet
  facet normal 9.189578e-01 0.000000e+00 -3.943559e-01
    outer loop
      vertex   1.897332e+02 -5.200000e+00 -3.851983e+01
      vertex   1.897332e+02 -5.900000e+00 -3.851983e+01
      vertex   1.894899e+02 -5.200000e+00 -3.908694e+01
    endloop
  endfacet
  facet normal 9.189578e-01 0.000000e+00 -3.943559e-01
    outer loop
      vertex   1.894899e+02 -5.200000e+00 -3.908694e+01
      vertex   1.897332e+02 -5.900000e+00 -3.851983e+01
      vertex   1.894899e+02 -5.900000e+00 -3.908694e+01
    endloop
  endfacet
  facet normal 9.795299e-01 0.000000e+00 -2.012985e-01
    outer loop
      vertex   1.894899e+02 -5.200000e+00 -3.908694e+01
      vertex   1.894899e+02 -5.900000e+00 -3.908694e+01
      vertex   1.893656e+02 -5.200000e+00 -3.969144e+01
    endloop
  endfacet
  facet normal 9.795299e-01 0.000000e+00 -2.012985e-01
    outer loop
      vertex   1.893656e+02 -5.200000e+00 -3.969144e+01
      vertex   1.894899e+02 -5.900000e+00 -3.908694e+01
      vertex   1.893656e+02 -5.900000e+00 -3.969144e+01
    endloop
  endfacet
  facet normal 1.000000e+00 0.000000e+00 0.000000e+00
    outer loop
      vertex   1.893656e+02 -5.200000e+00 -3.969144e+01
      vertex   1.893656e+02 -5.900000e+00 -3.969144e+01
      vertex   1.893656e+02 -5.200000e+00 -4.030856e+01
    endloop
  endfacet
  facet normal 1.000000e+00 0.000000e+00 0.000000e+00
    outer loop
      vertex   1.893656e+02 -5.200000e+00 -4.030856e+01
      vertex   1.893656e+02 -5.900000e+00 -3.969144e+01
      vertex   1.893656e+02 -5.900000e+00 -4.030856e+01
    endloop
  endfacet
  facet normal 9.795299e-01 0.000000e+00 2.012985e-01
    outer loop
      vertex   1.893656e+02 -5.200000e+00 -4.030856e+01
      vertex   1.893656e+02 -5.900000e+00 -4.030856e+01
      vertex   1.894899e+02 -5.200000e+00 -4.091306e+01
    endloop
  endfacet
  facet normal 9.795299e-01 0.000000e+00 2.012985e-01
    outer loop
      vertex   1.894899e+02 -5.200000e+00 -4.091306e+01
      vertex   1.893656e+02 -5.900000e+00 -4.030856e+01
      vertex   1.894899e+02 -5.900000e+00 -4.091306e+01
    endloop
  endfacet
  facet normal 9.189578e-01 0.000000e+00 3.943559e-01
    outer loop
      vertex   1.894899e+02 -5.200000e+00 -4.091306e+01
      vertex   1.894899e+02 -5.900000e+00 -4.091306e+01
      vertex   1.897332e+02 -5.200000e+00 -4.148017e+01
    endloop
  endfacet
  facet normal 9.189578e-01 0.000000e+00 3.943559e-01
    outer loop
      vertex   1.897332e+02 -5.200000e+00 -4.148017e+01
      vertex   1.894899e+02 -5.900000e+00 -4.091306e+01
      vertex   1.897332e+02 -5.900000e+00 -4.148017e+01
    endloop
  endfacet
  facet normal 8.207634e-01 0.000000e+00 5.712682e-01
    outer loop
      vertex   1.897332e+02 -5.200000e+00 -4.148017e+01
      vertex   1.897332e+02 -5.900000e+00 -4.148017e+01
      vertex   1.900858e+02 -5.200000e+00 -4.198669e+01
    endloop
  endfacet
  facet normal 8.207634e-01 0.000000e+00 5.712682e-01
    outer loop
      vertex   1.900858e+02 -5.200000e+00 -4.198669e+01
      vertex   1.897332e+02 -5.900000e+00 -4.148017e+01
      vertex   1.900858e+02 -5.900000e+00 -4.198669e+01
    endloop
  endfacet
  facet normal 6.889669e-01 0.000000e+00 7.247928e-01
    outer loop
      vertex   1.900858e+02 -5.200000e+00 -4.198669e+01
      vertex   1.900858e+02 -5.900000e+00 -4.198669e+01
      vertex   1.905331e+02 -5.200000e+00 -4.241187e+01
    endloop
  endfacet
  facet normal 6.889669e-01 0.000000e+00 7.247928e-01
    outer loop
      vertex   1.905331e+02 -5.200000e+00 -4.241187e+01
      vertex   1.900858e+02 -5.900000e+00 -4.198669e+01
      vertex   1.905331e+02 -5.900000e+00 -4.241187e+01
    endloop
  endfacet
  facet normal 5.289640e-01 0.000000e+00 8.486443e-01
    outer loop
      vertex   1.905331e+02 -5.200000e+00 -4.241187e+01
      vertex   1.905331e+02 -5.900000e+00 -4.241187e+01
      vertex   1.910568e+02 -5.200000e+00 -4.273830e+01
    endloop
  endfacet
  facet normal 5.289640e-01 0.000000e+00 8.486443e-01
    outer loop
      vertex   1.910568e+02 -5.200000e+00 -4.273830e+01
      vertex   1.905331e+02 -5.900000e+00 -4.241187e+01
      vertex   1.910568e+02 -5.900000e+00 -4.273830e+01
    endloop
  endfacet
  facet normal 3.473053e-01 0.000000e+00 9.377521e-01
    outer loop
      vertex   1.910568e+02 -5.200000e+00 -4.273830e+01
      vertex   1.910568e+02 -5.900000e+00 -4.273830e+01
      vertex   1.916355e+02 -5.200000e+00 -4.295264e+01
    endloop
  endfacet
  facet normal 3.473053e-01 0.000000e+00 9.377521e-01
    outer loop
      vertex   1.916355e+02 -5.200000e+00 -4.295264e+01
      vertex   1.910568e+02 -5.900000e+00 -4.273830e+01
      vertex   1.916355e+02 -5.900000e+00 -4.295264e+01
    endloop
  endfacet
  facet normal 1.514278e-01 0.000000e+00 9.884683e-01
    outer loop
      vertex   1.916355e+02 -5.200000e+00 -4.295264e+01
      vertex   1.916355e+02 -5.900000e+00 -4.295264e+01
      vertex   1.922455e+02 -5.200000e+00 -4.304609e+01
    endloop
  endfacet
  facet normal 1.514278e-01 0.000000e+00 9.884683e-01
    outer loop
      vertex   1.922455e+02 -5.200000e+00 -4.304609e+01
      vertex   1.916355e+02 -5.900000e+00 -4.295264e+01
      vertex   1.922455e+02 -5.900000e+00 -4.304609e+01
    endloop
  endfacet
  facet normal -5.064917e-02 0.000000e+00 9.987165e-01
    outer loop
      vertex   1.922455e+02 -5.200000e+00 -4.304609e+01
      vertex   1.922455e+02 -5.900000e+00 -4.304609e+01
      vertex   1.928619e+02 -5.200000e+00 -4.301483e+01
    endloop
  endfacet
  facet normal -5.064917e-02 0.000000e+00 9.987165e-01
    outer loop
      vertex   1.928619e+02 -5.200000e+00 -4.301483e+01
      vertex   1.922455e+02 -5.900000e+00 -4.304609e+01
      vertex   1.928619e+02 -5.900000e+00 -4.301483e+01
    endloop
  endfacet
  facet normal -2.506525e-01 0.000000e+00 9.680771e-01
    outer loop
      vertex   1.928619e+02 -5.200000e+00 -4.301483e+01
      vertex   1.928619e+02 -5.900000e+00 -4.301483e+01
      vertex   1.934593e+02 -5.200000e+00 -4.286014e+01
    endloop
  endfacet
  facet normal -2.506525e-01 0.000000e+00 9.680771e-01
    outer loop
      vertex   1.934593e+02 -5.200000e+00 -4.286014e+01
      vertex   1.928619e+02 -5.900000e+00 -4.301483e+01
      vertex   1.934593e+02 -5.900000e+00 -4.286014e+01
    endloop
  endfacet
  facet normal -4.403942e-01 0.000000e+00 8.978045e-01
    outer loop
      vertex   1.934593e+02 -5.200000e+00 -4.286014e+01
      vertex   1.934593e+02 -5.900000e+00 -4.286014e+01
      vertex   1.940133e+02 -5.200000e+00 -4.258836e+01
    endloop
  endfacet
  facet normal -4.403942e-01 0.000000e+00 8.978045e-01
    outer loop
      vertex   1.940133e+02 -5.200000e+00 -4.258836e+01
      vertex   1.934593e+02 -5.900000e+00 -4.286014e+01
      vertex   1.940133e+02 -5.900000e+00 -4.258836e+01
    endloop
  endfacet
  facet normal -6.121060e-01 0.000000e+00 7.907757e-01
    outer loop
      vertex   1.940133e+02 -5.200000e+00 -4.258836e+01
      vertex   1.940133e+02 -5.900000e+00 -4.258836e+01
      vertex   1.945013e+02 -5.200000e+00 -4.221062e+01
    endloop
  endfacet
  facet normal -6.121060e-01 0.000000e+00 7.907757e-01
    outer loop
      vertex   1.945013e+02 -5.200000e+00 -4.221062e+01
      vertex   1.940133e+02 -5.900000e+00 -4.258836e+01
      vertex   1.945013e+02 -5.900000e+00 -4.221062e+01
    endloop
  endfacet
  facet normal -7.587581e-01 0.000000e+00 6.513725e-01
    outer loop
      vertex   1.945013e+02 -5.200000e+00 -4.221062e+01
      vertex   1.945013e+02 -5.900000e+00 -4.221062e+01
      vertex   1.949033e+02 -5.200000e+00 -4.174237e+01
    endloop
  endfacet
  facet normal -7.587581e-01 0.000000e+00 6.513725e-01
    outer loop
      vertex   1.949033e+02 -5.200000e+00 -4.174237e+01
      vertex   1.945013e+02 -5.900000e+00 -4.221062e+01
      vertex   1.949033e+02 -5.900000e+00 -4.174237e+01
    endloop
  endfacet
  facet normal -8.743466e-01 0.000000e+00 4.853020e-01
    outer loop
      vertex   1.949033e+02 -5.200000e+00 -4.174237e+01
      vertex   1.949033e+02 -5.900000e+00 -4.174237e+01
      vertex   1.952028e+02 -5.200000e+00 -4.120279e+01
    endloop
  endfacet
  facet normal -8.743466e-01 0.000000e+00 4.853020e-01
    outer loop
      vertex   1.952028e+02 -5.200000e+00 -4.120279e+01
      vertex   1.949033e+02 -5.900000e+00 -4.174237e+01
      vertex   1.952028e+02 -5.900000e+00 -4.120279e+01
    endloop
  endfacet
  facet normal -9.541393e-01 0.000000e+00 2.993631e-01
    outer loop
      vertex   1.952028e+02 -5.200000e+00 -4.120279e+01
      vertex   1.952028e+02 -5.900000e+00 -4.120279e+01
      vertex   1.953876e+02 -5.200000e+00 -4.061396e+01
    endloop
  endfacet
  facet normal -9.541393e-01 0.000000e+00 2.993631e-01
    outer loop
      vertex   1.953876e+02 -5.200000e+00 -4.061396e+01
      vertex   1.952028e+02 -5.900000e+00 -4.120279e+01
      vertex   1.953876e+02 -5.900000e+00 -4.061396e+01
    endloop
  endfacet
  facet normal -7.007028e-01 -7.098862e-01 7.125451e-02
    outer loop
      vertex   1.353876e+02 -5.900000e+00 -4.061396e+01
      vertex   1.356895e+02 -6.200000e+00 -4.063399e+01
      vertex   1.354500e+02 -5.900000e+00 -4.000000e+01
    endloop
  endfacet
  facet normal -7.055004e-01 -7.055004e-01 6.736712e-02
    outer loop
      vertex   1.354500e+02 -5.900000e+00 -4.000000e+01
      vertex   1.356895e+02 -6.200000e+00 -4.063399e+01
      vertex   1.357500e+02 -6.200000e+00 -4.000000e+01
    endloop
  endfacet
  facet normal -7.055004e-01 -7.055004e-01 -6.736712e-02
    outer loop
      vertex   1.354500e+02 -5.900000e+00 -4.000000e+01
      vertex   1.357500e+02 -6.200000e+00 -4.000000e+01
      vertex   1.356895e+02 -6.200000e+00 -3.936601e+01
    endloop
  endfacet
  facet normal -6.837886e-01 -7.015135e-01 2.007784e-01
    outer loop
      vertex   1.356895e+02 -6.200000e+00 -4.063399e+01
      vertex   1.353876e+02 -5.900000e+00 -4.061396e+01
      vertex   1.355100e+02 -6.200000e+00 -4.124507e+01
    endloop
  endfacet
  facet normal -6.682099e-01 -7.138217e-01 2.096522e-01
    outer loop
      vertex   1.355100e+02 -6.200000e+00 -4.124507e+01
      vertex   1.353876e+02 -5.900000e+00 -4.061396e+01
      vertex   1.352028e+02 -5.900000e+00 -4.120279e+01
    endloop
  endfacet
  facet normal -6.364743e-01 -6.980216e-01 3.281253e-01
    outer loop
      vertex   1.355100e+02 -6.200000e+00 -4.124507e+01
      vertex   1.352028e+02 -5.900000e+00 -4.120279e+01
      vertex   1.352182e+02 -6.200000e+00 -4.181115e+01
    endloop
  endfacet
  facet normal -6.093731e-01 -7.171228e-01 3.382297e-01
    outer loop
      vertex   1.352182e+02 -6.200000e+00 -4.181115e+01
      vertex   1.352028e+02 -5.900000e+00 -4.120279e+01
      vertex   1.349033e+02 -5.900000e+00 -4.174237e+01
    endloop
  endfacet
  facet normal -5.651429e-01 -6.950486e-01 4.444333e-01
    outer loop
      vertex   1.352182e+02 -6.200000e+00 -4.181115e+01
      vertex   1.349033e+02 -5.900000e+00 -4.174237e+01
      vertex   1.348245e+02 -6.200000e+00 -4.231176e+01
    endloop
  endfacet
  facet normal -5.267044e-01 -7.198145e-01 4.521609e-01
    outer loop
      vertex   1.348245e+02 -6.200000e+00 -4.231176e+01
      vertex   1.349033e+02 -5.900000e+00 -4.174237e+01
      vertex   1.345013e+02 -5.900000e+00 -4.221062e+01
    endloop
  endfacet
  facet normal -4.723561e-01 -6.926148e-01 5.451280e-01
    outer loop
      vertex   1.348245e+02 -6.200000e+00 -4.231176e+01
      vertex   1.345013e+02 -5.900000e+00 -4.221062e+01
      vertex   1.343432e+02 -6.200000e+00 -4.272883e+01
    endloop
  endfacet
  facet normal -4.235647e-01 -7.219173e-01 5.472005e-01
    outer loop
      vertex   1.343432e+02 -6.200000e+00 -4.272883e+01
      vertex   1.345013e+02 -5.900000e+00 -4.221062e+01
      vertex   1.340133e+02 -5.900000e+00 -4.258836e+01
    endloop
  endfacet
  facet normal -3.615529e-01 -6.907372e-01 6.262280e-01
    outer loop
      vertex   1.343432e+02 -6.200000e+00 -4.272883e+01
      vertex   1.340133e+02 -5.900000e+00 -4.258836e+01
      vertex   1.337916e+02 -6.200000e+00 -4.304727e+01
    endloop
  endfacet
  facet normal -3.040393e-01 -7.234470e-01 6.198262e-01
    outer loop
      vertex   1.337916e+02 -6.200000e+00 -4.304727e+01
      vertex   1.340133e+02 -5.900000e+00 -4.258836e+01
      vertex   1.334593e+02 -5.900000e+00 -4.286014e+01
    endloop
  endfacet
  facet normal -2.369128e-01 -6.894289e-01 6.845145e-01
    outer loop
      vertex   1.337916e+02 -6.200000e+00 -4.304727e+01
      vertex   1.334593e+02 -5.900000e+00 -4.286014e+01
      vertex   1.331898e+02 -6.200000e+00 -4.325557e+01
    endloop
  endfacet
  facet normal -1.727908e-01 -7.244151e-01 6.673575e-01
    outer loop
      vertex   1.331898e+02 -6.200000e+00 -4.325557e+01
      vertex   1.334593e+02 -5.900000e+00 -4.286014e+01
      vertex   1.328619e+02 -5.900000e+00 -4.301483e+01
    endloop
  endfacet
  facet normal -1.031850e-01 -6.886991e-01 7.176673e-01
    outer loop
      vertex   1.331898e+02 -6.200000e+00 -4.325557e+01
      vertex   1.328619e+02 -5.900000e+00 -4.301483e+01
      vertex   1.325594e+02 -6.200000e+00 -4.334621e+01
    endloop
  endfacet
  facet normal -3.489369e-02 -7.248287e-01 6.880449e-01
    outer loop
      vertex   1.325594e+02 -6.200000e+00 -4.334621e+01
      vertex   1.328619e+02 -5.900000e+00 -4.301483e+01
      vertex   1.322455e+02 -5.900000e+00 -4.304609e+01
    endloop
  endfacet
  facet normal 3.450574e-02 -6.885529e-01 7.243647e-01
    outer loop
      vertex   1.325594e+02 -6.200000e+00 -4.334621e+01
      vertex   1.322455e+02 -5.900000e+00 -4.304609e+01
      vertex   1.319232e+02 -6.200000e+00 -4.331590e+01
    endloop
  endfacet
  facet normal 1.043450e-01 -7.246909e-01 6.811279e-01
    outer loop
      vertex   1.319232e+02 -6.200000e+00 -4.331590e+01
      vertex   1.322455e+02 -5.900000e+00 -4.304609e+01
      vertex   1.316355e+02 -5.900000e+00 -4.295264e+01
    endloop
  endfacet
  facet normal 1.708709e-01 -6.889913e-01 7.043395e-01
    outer loop
      vertex   1.319232e+02 -6.200000e+00 -4.331590e+01
      vertex   1.316355e+02 -5.900000e+00 -4.295264e+01
      vertex   1.313043e+02 -6.200000e+00 -4.316575e+01
    endloop
  endfacet
  facet normal 2.395709e-01 -7.240007e-01 6.468607e-01
    outer loop
      vertex   1.313043e+02 -6.200000e+00 -4.316575e+01
      vertex   1.316355e+02 -5.900000e+00 -4.295264e+01
      vertex   1.310568e+02 -5.900000e+00 -4.273830e+01
    endloop
  endfacet
  facet normal 3.006768e-01 -6.900113e-01 6.583904e-01
    outer loop
      vertex   1.313043e+02 -6.200000e+00 -4.316575e+01
      vertex   1.310568e+02 -5.900000e+00 -4.273830e+01
      vertex   1.307250e+02 -6.200000e+00 -4.290119e+01
    endloop
  endfacet
  facet normal 3.655704e-01 -7.227530e-01 5.865035e-01
    outer loop
      vertex   1.307250e+02 -6.200000e+00 -4.290119e+01
      vertex   1.310568e+02 -5.900000e+00 -4.273830e+01
      vertex   1.305331e+02 -5.900000e+00 -4.241187e+01
    endloop
  endfacet
  facet normal 4.189608e-01 -6.916056e-01 5.883482e-01
    outer loop
      vertex   1.307250e+02 -6.200000e+00 -4.290119e+01
      vertex   1.305331e+02 -5.900000e+00 -4.241187e+01
      vertex   1.302062e+02 -6.200000e+00 -4.253176e+01
    endloop
  endfacet
  facet normal 4.774535e-01 -7.209384e-01 5.022808e-01
    outer loop
      vertex   1.302062e+02 -6.200000e+00 -4.253176e+01
      vertex   1.305331e+02 -5.900000e+00 -4.241187e+01
      vertex   1.300858e+02 -5.900000e+00 -4.198669e+01
    endloop
  endfacet
  facet normal 5.212356e-01 -6.937631e-01 4.969972e-01
    outer loop
      vertex   1.302062e+02 -6.200000e+00 -4.253176e+01
      vertex   1.300858e+02 -5.900000e+00 -4.198669e+01
      vertex   1.297667e+02 -6.200000e+00 -4.207083e+01
    endloop
  endfacet
  facet normal 5.708263e-01 -7.185434e-01 3.973068e-01
    outer loop
      vertex   1.297667e+02 -6.200000e+00 -4.207083e+01
      vertex   1.300858e+02 -5.900000e+00 -4.198669e+01
      vertex   1.297332e+02 -5.900000e+00 -4.148017e+01
    endloop
  endfacet
  facet normal 6.036726e-01 -6.964689e-01 3.879568e-01
    outer loop
      vertex   1.297667e+02 -6.200000e+00 -4.207083e+01
      vertex   1.297332e+02 -5.900000e+00 -4.148017e+01
      vertex   1.294224e+02 -6.200000e+00 -4.153506e+01
    endloop
  endfacet
  facet normal 6.419487e-01 -7.155499e-01 2.754819e-01
    outer loop
      vertex   1.294224e+02 -6.200000e+00 -4.153506e+01
      vertex   1.297332e+02 -5.900000e+00 -4.148017e+01
      vertex   1.294899e+02 -5.900000e+00 -4.091306e+01
    endloop
  endfacet
  facet normal 6.632564e-01 -6.997041e-01 2.655278e-01
    outer loop
      vertex   1.294224e+02 -6.200000e+00 -4.153506e+01
      vertex   1.294899e+02 -5.900000e+00 -4.091306e+01
      vertex   1.291857e+02 -6.200000e+00 -4.094380e+01
    endloop
  endfacet
  facet normal 6.878703e-01 -7.119350e-01 1.413609e-01
    outer loop
      vertex   1.291857e+02 -6.200000e+00 -4.094380e+01
      vertex   1.294899e+02 -5.900000e+00 -4.091306e+01
      vertex   1.293656e+02 -5.900000e+00 -4.030856e+01
    endloop
  endfacet
  facet normal 6.979039e-01 -7.034467e-01 1.345099e-01
    outer loop
      vertex   1.291857e+02 -6.200000e+00 -4.094380e+01
      vertex   1.293656e+02 -5.900000e+00 -4.030856e+01
      vertex   1.290652e+02 -6.200000e+00 -4.031844e+01
    endloop
  endfacet
  facet normal 7.065419e-01 -7.076712e-01 -2.200294e-17
    outer loop
      vertex   1.290652e+02 -6.200000e+00 -4.031844e+01
      vertex   1.293656e+02 -5.900000e+00 -4.030856e+01
      vertex   1.293656e+02 -5.900000e+00 -3.969144e+01
    endloop
  endfacet
  facet normal 7.065419e-01 -7.076712e-01 0.000000e+00
    outer loop
      vertex   1.290652e+02 -6.200000e+00 -4.031844e+01
      vertex   1.293656e+02 -5.900000e+00 -3.969144e+01
      vertex   1.290652e+02 -6.200000e+00 -3.968156e+01
    endloop
  endfacet
  facet normal 6.979039e-01 -7.034467e-01 -1.345099e-01
    outer loop
      vertex   1.290652e+02 -6.200000e+00 -3.968156e+01
      vertex   1.293656e+02 -5.900000e+00 -3.969144e+01
      vertex   1.291857e+02 -6.200000e+00 -3.905620e+01
    endloop
  endfacet
  facet normal 6.878703e-01 -7.119350e-01 -1.413609e-01
    outer loop
      vertex   1.291857e+02 -6.200000e+00 -3.905620e+01
      vertex   1.293656e+02 -5.900000e+00 -3.969144e+01
      vertex   1.294899e+02 -5.900000e+00 -3.908694e+01
    endloop
  endfacet
  facet normal 6.632564e-01 -6.997041e-01 -2.655278e-01
    outer loop
      vertex   1.291857e+02 -6.200000e+00 -3.905620e+01
      vertex   1.294899e+02 -5.900000e+00 -3.908694e+01
      vertex   1.294224e+02 -6.200000e+00 -3.846494e+01
    endloop
  endfacet
  facet normal 6.419487e-01 -7.155499e-01 -2.754819e-01
    outer loop
      vertex   1.294224e+02 -6.200000e+00 -3.846494e+01
      vertex   1.294899e+02 -5.900000e+00 -3.908694e+01
      vertex   1.297332e+02 -5.900000e+00 -3.851983e+01
    endloop
  endfacet
  facet normal 6.036726e-01 -6.964689e-01 -3.879568e-01
    outer loop
      vertex   1.294224e+02 -6.200000e+00 -3.846494e+01
      vertex   1.297332e+02 -5.900000e+00 -3.851983e+01
      vertex   1.297667e+02 -6.200000e+00 -3.792917e+01
    endloop
  endfacet
  facet normal 5.708263e-01 -7.185434e-01 -3.973068e-01
    outer loop
      vertex   1.297667e+02 -6.200000e+00 -3.792917e+01
      vertex   1.297332e+02 -5.900000e+00 -3.851983e+01
      vertex   1.300858e+02 -5.900000e+00 -3.801331e+01
    endloop
  endfacet
  facet normal 5.212356e-01 -6.937631e-01 -4.969972e-01
    outer loop
      vertex   1.297667e+02 -6.200000e+00 -3.792917e+01
      vertex   1.300858e+02 -5.900000e+00 -3.801331e+01
      vertex   1.302062e+02 -6.200000e+00 -3.746824e+01
    endloop
  endfacet
  facet normal 4.774535e-01 -7.209384e-01 -5.022808e-01
    outer loop
      vertex   1.302062e+02 -6.200000e+00 -3.746824e+01
      vertex   1.300858e+02 -5.900000e+00 -3.801331e+01
      vertex   1.305331e+02 -5.900000e+00 -3.758813e+01
    endloop
  endfacet
  facet normal 4.189608e-01 -6.916056e-01 -5.883482e-01
    outer loop
      vertex   1.302062e+02 -6.200000e+00 -3.746824e+01
      vertex   1.305331e+02 -5.900000e+00 -3.758813e+01
      vertex   1.307250e+02 -6.200000e+00 -3.709881e+01
    endloop
  endfacet
  facet normal 3.655704e-01 -7.227530e-01 -5.865035e-01
    outer loop
      vertex   1.307250e+02 -6.200000e+00 -3.709881e+01
      vertex   1.305331e+02 -5.900000e+00 -3.758813e+01
      vertex   1.310568e+02 -5.900000e+00 -3.726170e+01
    endloop
  endfacet
  facet normal 3.006768e-01 -6.900113e-01 -6.583904e-01
    outer loop
      vertex   1.307250e+02 -6.200000e+00 -3.709881e+01
      vertex   1.310568e+02 -5.900000e+00 -3.726170e+01
      vertex   1.313043e+02 -6.200000e+00 -3.683425e+01
    endloop
  endfacet
  facet normal 2.395709e-01 -7.240007e-01 -6.468607e-01
    outer loop
      vertex   1.313043e+02 -6.200000e+00 -3.683425e+01
      vertex   1.310568e+02 -5.900000e+00 -3.726170e+01
      vertex   1.316355e+02 -5.900000e+00 -3.704736e+01
    endloop
  endfacet
  facet normal 1.708709e-01 -6.889913e-01 -7.043395e-01
    outer loop
      vertex   1.313043e+02 -6.200000e+00 -3.683425e+01
      vertex   1.316355e+02 -5.900000e+00 -3.704736e+01
      vertex   1.319232e+02 -6.200000e+00 -3.668410e+01
    endloop
  endfacet
  facet normal 1.043450e-01 -7.246909e-01 -6.811279e-01
    outer loop
      vertex   1.319232e+02 -6.200000e+00 -3.668410e+01
      vertex   1.316355e+02 -5.900000e+00 -3.704736e+01
      vertex   1.322455e+02 -5.900000e+00 -3.695391e+01
    endloop
  endfacet
  facet normal 3.450574e-02 -6.885529e-01 -7.243647e-01
    outer loop
      vertex   1.319232e+02 -6.200000e+00 -3.668410e+01
      vertex   1.322455e+02 -5.900000e+00 -3.695391e+01
      vertex   1.325594e+02 -6.200000e+00 -3.665379e+01
    endloop
  endfacet
  facet normal -3.489369e-02 -7.248287e-01 -6.880449e-01
    outer loop
      vertex   1.325594e+02 -6.200000e+00 -3.665379e+01
      vertex   1.322455e+02 -5.900000e+00 -3.695391e+01
      vertex   1.328619e+02 -5.900000e+00 -3.698517e+01
    endloop
  endfacet
  facet normal -1.031850e-01 -6.886991e-01 -7.176673e-01
    outer loop
      vertex   1.325594e+02 -6.200000e+00 -3.665379e+01
      vertex   1.328619e+02 -5.900000e+00 -3.698517e+01
      vertex   1.331898e+02 -6.200000e+00 -3.674443e+01
    endloop
  endfacet
  facet normal -1.727908e-01 -7.244151e-01 -6.673575e-01
    outer loop
      vertex   1.331898e+02 -6.200000e+00 -3.674443e+01
      vertex   1.328619e+02 -5.900000e+00 -3.698517e+01
      vertex   1.334593e+02 -5.900000e+00 -3.713986e+01
    endloop
  endfacet
  facet normal -2.369128e-01 -6.894289e-01 -6.845145e-01
    outer loop
      vertex   1.331898e+02 -6.200000e+00 -3.674443e+01
      vertex   1.334593e+02 -5.900000e+00 -3.713986e+01
      vertex   1.337916e+02 -6.200000e+00 -3.695273e+01
    endloop
  endfacet
  facet normal -3.040393e-01 -7.234470e-01 -6.198262e-01
    outer loop
      vertex   1.337916e+02 -6.200000e+00 -3.695273e+01
      vertex   1.334593e+02 -5.900000e+00 -3.713986e+01
      vertex   1.340133e+02 -5.900000e+00 -3.741164e+01
    endloop
  endfacet
  facet normal -3.615529e-01 -6.907372e-01 -6.262280e-01
    outer loop
      vertex   1.337916e+02 -6.200000e+00 -3.695273e+01
      vertex   1.340133e+02 -5.900000e+00 -3.741164e+01
      vertex   1.343432e+02 -6.200000e+00 -3.727117e+01
    endloop
  endfacet
  facet normal -4.235647e-01 -7.219173e-01 -5.472005e-01
    outer loop
      vertex   1.343432e+02 -6.200000e+00 -3.727117e+01
      vertex   1.340133e+02 -5.900000e+00 -3.741164e+01
      vertex   1.345013e+02 -5.900000e+00 -3.778938e+01
    endloop
  endfacet
  facet normal -4.723561e-01 -6.926148e-01 -5.451280e-01
    outer loop
      vertex   1.343432e+02 -6.200000e+00 -3.727117e+01
      vertex   1.345013e+02 -5.900000e+00 -3.778938e+01
      vertex   1.348245e+02 -6.200000e+00 -3.768824e+01
    endloop
  endfacet
  facet normal -5.267044e-01 -7.198145e-01 -4.521609e-01
    outer loop
      vertex   1.348245e+02 -6.200000e+00 -3.768824e+01
      vertex   1.345013e+02 -5.900000e+00 -3.778938e+01
      vertex   1.349033e+02 -5.900000e+00 -3.825763e+01
    endloop
  endfacet
  facet normal -5.651429e-01 -6.950486e-01 -4.444333e-01
    outer loop
      vertex   1.348245e+02 -6.200000e+00 -3.768824e+01
      vertex   1.349033e+02 -5.900000e+00 -3.825763e+01
      vertex   1.352182e+02 -6.200000e+00 -3.818885e+01
    endloop
  endfacet
  facet normal -6.093731e-01 -7.171228e-01 -3.382297e-01
    outer loop
      vertex   1.352182e+02 -6.200000e+00 -3.818885e+01
      vertex   1.349033e+02 -5.900000e+00 -3.825763e+01
      vertex   1.352028e+02 -5.900000e+00 -3.879721e+01
    endloop
  endfacet
  facet normal -6.364743e-01 -6.980216e-01 -3.281253e-01
    outer loop
      vertex   1.352182e+02 -6.200000e+00 -3.818885e+01
      vertex   1.352028e+02 -5.900000e+00 -3.879721e+01
      vertex   1.355100e+02 -6.200000e+00 -3.875493e+01
    endloop
  endfacet
  facet normal -6.682099e-01 -7.138217e-01 -2.096522e-01
    outer loop
      vertex   1.355100e+02 -6.200000e+00 -3.875493e+01
      vertex   1.352028e+02 -5.900000e+00 -3.879721e+01
      vertex   1.353876e+02 -5.900000e+00 -3.938604e+01
    endloop
  endfacet
  facet normal -6.837886e-01 -7.015135e-01 -2.007784e-01
    outer loop
      vertex   1.355100e+02 -6.200000e+00 -3.875493e+01
      vertex   1.353876e+02 -5.900000e+00 -3.938604e+01
      vertex   1.356895e+02 -6.200000e+00 -3.936601e+01
    endloop
  endfacet
  facet normal -7.007028e-01 -7.098862e-01 -7.125451e-02
    outer loop
      vertex   1.356895e+02 -6.200000e+00 -3.936601e+01
      vertex   1.353876e+02 -5.900000e+00 -3.938604e+01
      vertex   1.354500e+02 -5.900000e+00 -4.000000e+01
    endloop
  endfacet
  facet normal -9.948693e-01 0.000000e+00 1.011683e-01
    outer loop
      vertex   1.353876e+02 -5.200000e+00 -4.061396e+01
      vertex   1.353876e+02 -5.900000e+00 -4.061396e+01
      vertex   1.354500e+02 -5.200000e+00 -4.000000e+01
    endloop
  endfacet
  facet normal -9.948693e-01 0.000000e+00 1.011683e-01
    outer loop
      vertex   1.354500e+02 -5.200000e+00 -4.000000e+01
      vertex   1.353876e+02 -5.900000e+00 -4.061396e+01
      vertex   1.354500e+02 -5.900000e+00 -4.000000e+01
    endloop
  endfacet
  facet normal -9.948693e-01 -0.000000e+00 -1.011683e-01
    outer loop
      vertex   1.354500e+02 -5.200000e+00 -4.000000e+01
      vertex   1.354500e+02 -5.900000e+00 -4.000000e+01
      vertex   1.353876e+02 -5.200000e+00 -3.938604e+01
    endloop
  endfacet
  facet normal -9.948693e-01 -0.000000e+00 -1.011683e-01
    outer loop
      vertex   1.353876e+02 -5.200000e+00 -3.938604e+01
      vertex   1.354500e+02 -5.900000e+00 -4.000000e+01
      vertex   1.353876e+02 -5.900000e+00 -3.938604e+01
    endloop
  endfacet
  facet normal -9.541393e-01 -0.000000e+00 -2.993631e-01
    outer loop
      vertex   1.353876e+02 -5.200000e+00 -3.938604e+01
      vertex   1.353876e+02 -5.900000e+00 -3.938604e+01
      vertex   1.352028e+02 -5.200000e+00 -3.879721e+01
    endloop
  endfacet
  facet normal -9.541393e-01 -0.000000e+00 -2.993631e-01
    outer loop
      vertex   1.352028e+02 -5.200000e+00 -3.879721e+01
      vertex   1.353876e+02 -5.900000e+00 -3.938604e+01
      vertex   1.352028e+02 -5.900000e+00 -3.879721e+01
    endloop
  endfacet
  facet normal -8.743466e-01 -0.000000e+00 -4.853020e-01
    outer loop
      vertex   1.352028e+02 -5.200000e+00 -3.879721e+01
      vertex   1.352028e+02 -5.900000e+00 -3.879721e+01
      vertex   1.349033e+02 -5.200000e+00 -3.825763e+01
    endloop
  endfacet
  facet normal -8.743466e-01 -0.000000e+00 -4.853020e-01
    outer loop
      vertex   1.349033e+02 -5.200000e+00 -3.825763e+01
      vertex   1.352028e+02 -5.900000e+00 -3.879721e+01
      vertex   1.349033e+02 -5.900000e+00 -3.825763e+01
    endloop
  endfacet
  facet normal -7.587581e-01 -0.000000e+00 -6.513725e-01
    outer loop
      vertex   1.349033e+02 -5.200000e+00 -3.825763e+01
      vertex   1.349033e+02 -5.900000e+00 -3.825763e+01
      vertex   1.345013e+02 -5.200000e+00 -3.778938e+01
    endloop
  endfacet
  facet normal -7.587581e-01 -0.000000e+00 -6.513725e-01
    outer loop
      vertex   1.345013e+02 -5.200000e+00 -3.778938e+01
      vertex   1.349033e+02 -5.900000e+00 -3.825763e+01
      vertex   1.345013e+02 -5.900000e+00 -3.778938e+01
    endloop
  endfacet
  facet normal -6.121060e-01 -0.000000e+00 -7.907757e-01
    outer loop
      vertex   1.345013e+02 -5.200000e+00 -3.778938e+01
      vertex   1.345013e+02 -5.900000e+00 -3.778938e+01
      vertex   1.340133e+02 -5.200000e+00 -3.741164e+01
    endloop
  endfacet
  facet normal -6.121060e-01 -0.000000e+00 -7.907757e-01
    outer loop
      vertex   1.340133e+02 -5.200000e+00 -3.741164e+01
      vertex   1.345013e+02 -5.900000e+00 -3.778938e+01
      vertex   1.340133e+02 -5.900000e+00 -3.741164e+01
    endloop
  endfacet
  facet normal -4.403942e-01 -0.000000e+00 -8.978045e-01
    outer loop
      vertex   1.340133e+02 -5.200000e+00 -3.741164e+01
      vertex   1.340133e+02 -5.900000e+00 -3.741164e+01
      vertex   1.334593e+02 -5.200000e+00 -3.713986e+01
    endloop
  endfacet
  facet normal -4.403942e-01 -0.000000e+00 -8.978045e-01
    outer loop
      vertex   1.334593e+02 -5.200000e+00 -3.713986e+01
      vertex   1.340133e+02 -5.900000e+00 -3.741164e+01
      vertex   1.334593e+02 -5.900000e+00 -3.713986e+01
    endloop
  endfacet
  facet normal -2.506525e-01 -0.000000e+00 -9.680771e-01
    outer loop
      vertex   1.334593e+02 -5.200000e+00 -3.713986e+01
      vertex   1.334593e+02 -5.900000e+00 -3.713986e+01
      vertex   1.328619e+02 -5.200000e+00 -3.698517e+01
    endloop
  endfacet
  facet normal -2.506525e-01 -0.000000e+00 -9.680771e-01
    outer loop
      vertex   1.328619e+02 -5.200000e+00 -3.698517e+01
      vertex   1.334593e+02 -5.900000e+00 -3.713986e+01
      vertex   1.328619e+02 -5.900000e+00 -3.698517e+01
    endloop
  endfacet
  facet normal -5.064917e-02 -0.000000e+00 -9.987165e-01
    outer loop
      vertex   1.328619e+02 -5.200000e+00 -3.698517e+01
      vertex   1.328619e+02 -5.900000e+00 -3.698517e+01
      vertex   1.322455e+02 -5.200000e+00 -3.695391e+01
    endloop
  endfacet
  facet normal -5.064917e-02 -0.000000e+00 -9.987165e-01
    outer loop
      vertex   1.322455e+02 -5.200000e+00 -3.695391e+01
      vertex   1.328619e+02 -5.900000e+00 -3.698517e+01
      vertex   1.322455e+02 -5.900000e+00 -3.695391e+01
    endloop
  endfacet
  facet normal 1.514278e-01 0.000000e+00 -9.884683e-01
    outer loop
      vertex   1.322455e+02 -5.200000e+00 -3.695391e+01
      vertex   1.322455e+02 -5.900000e+00 -3.695391e+01
      vertex   1.316355e+02 -5.200000e+00 -3.704736e+01
    endloop
  endfacet
  facet normal 1.514278e-01 0.000000e+00 -9.884683e-01
    outer loop
      vertex   1.316355e+02 -5.200000e+00 -3.704736e+01
      vertex   1.322455e+02 -5.900000e+00 -3.695391e+01
      vertex   1.316355e+02 -5.900000e+00 -3.704736e+01
    endloop
  endfacet
  facet normal 3.473053e-01 0.000000e+00 -9.377521e-01
    outer loop
      vertex   1.316355e+02 -5.200000e+00 -3.704736e+01
      vertex   1.316355e+02 -5.900000e+00 -3.704736e+01
      vertex   1.310568e+02 -5.200000e+00 -3.726170e+01
    endloop
  endfacet
  facet normal 3.473053e-01 0.000000e+00 -9.377521e-01
    outer loop
      vertex   1.310568e+02 -5.200000e+00 -3.726170e+01
      vertex   1.316355e+02 -5.900000e+00 -3.704736e+01
      vertex   1.310568e+02 -5.900000e+00 -3.726170e+01
    endloop
  endfacet
  facet normal 5.289640e-01 0.000000e+00 -8.486443e-01
    outer loop
      vertex   1.310568e+02 -5.200000e+00 -3.726170e+01
      vertex   1.310568e+02 -5.900000e+00 -3.726170e+01
      vertex   1.305331e+02 -5.200000e+00 -3.758813e+01
    endloop
  endfacet
  facet normal 5.289640e-01 0.000000e+00 -8.486443e-01
    outer loop
      vertex   1.305331e+02 -5.200000e+00 -3.758813e+01
      vertex   1.310568e+02 -5.900000e+00 -3.726170e+01
      vertex   1.305331e+02 -5.900000e+00 -3.758813e+01
    endloop
  endfacet
  facet normal 6.889669e-01 0.000000e+00 -7.247928e-01
    outer loop
      vertex   1.305331e+02 -5.200000e+00 -3.758813e+01
      vertex   1.305331e+02 -5.900000e+00 -3.758813e+01
      vertex   1.300858e+02 -5.200000e+00 -3.801331e+01
    endloop
  endfacet
  facet normal 6.889669e-01 0.000000e+00 -7.247928e-01
    outer loop
      vertex   1.300858e+02 -5.200000e+00 -3.801331e+01
      vertex   1.305331e+02 -5.900000e+00 -3.758813e+01
      vertex   1.300858e+02 -5.900000e+00 -3.801331e+01
    endloop
  endfacet
  facet normal 8.207634e-01 0.000000e+00 -5.712682e-01
    outer loop
      vertex   1.300858e+02 -5.200000e+00 -3.801331e+01
      vertex   1.300858e+02 -5.900000e+00 -3.801331e+01
      vertex   1.297332e+02 -5.200000e+00 -3.851983e+01
    endloop
  endfacet
  facet normal 8.207634e-01 0.000000e+00 -5.712682e-01
    outer loop
      vertex   1.297332e+02 -5.200000e+00 -3.851983e+01
      vertex   1.300858e+02 -5.900000e+00 -3.801331e+01
      vertex   1.297332e+02 -5.900000e+00 -3.851983e+01
    endloop
  endfacet
  facet normal 9.189578e-01 0.000000e+00 -3.943559e-01
    outer loop
      vertex   1.297332e+02 -5.200000e+00 -3.851983e+01
      vertex   1.297332e+02 -5.900000e+00 -3.851983e+01
      vertex   1.294899e+02 -5.200000e+00 -3.908694e+01
    endloop
  endfacet
  facet normal 9.189578e-01 0.000000e+00 -3.943559e-01
    outer loop
      vertex   1.294899e+02 -5.200000e+00 -3.908694e+01
      vertex   1.297332e+02 -5.900000e+00 -3.851983e+01
      vertex   1.294899e+02 -5.900000e+00 -3.908694e+01
    endloop
  endfacet
  facet normal 9.795299e-01 0.000000e+00 -2.012985e-01
    outer loop
      vertex   1.294899e+02 -5.200000e+00 -3.908694e+01
      vertex   1.294899e+02 -5.900000e+00 -3.908694e+01
      vertex   1.293656e+02 -5.200000e+00 -3.969144e+01
    endloop
  endfacet
  facet normal 9.795299e-01 0.000000e+00 -2.012985e-01
    outer loop
      vertex   1.293656e+02 -5.200000e+00 -3.969144e+01
      vertex   1.294899e+02 -5.900000e+00 -3.908694e+01
      vertex   1.293656e+02 -5.900000e+00 -3.969144e+01
    endloop
  endfacet
  facet normal 1.000000e+00 0.000000e+00 0.000000e+00
    outer loop
      vertex   1.293656e+02 -5.200000e+00 -3.969144e+01
      vertex   1.293656e+02 -5.900000e+00 -3.969144e+01
      vertex   1.293656e+02 -5.200000e+00 -4.030856e+01
    endloop
  endfacet
  facet normal 1.000000e+00 0.000000e+00 0.000000e+00
    outer loop
      vertex   1.293656e+02 -5.200000e+00 -4.030856e+01
      vertex   1.293656e+02 -5.900000e+00 -3.969144e+01
      vertex   1.293656e+02 -5.900000e+00 -4.030856e+01
    endloop
  endfacet
  facet normal 9.795299e-01 0.000000e+00 2.012985e-01
    outer loop
      vertex   1.293656e+02 -5.200000e+00 -4.030856e+01
      vertex   1.293656e+02 -5.900000e+00 -4.030856e+01
      vertex   1.294899e+02 -5.200000e+00 -4.091306e+01
    endloop
  endfacet
  facet normal 9.795299e-01 0.000000e+00 2.012985e-01
    outer loop
      vertex   1.294899e+02 -5.200000e+00 -4.091306e+01
      vertex   1.293656e+02 -5.900000e+00 -4.030856e+01
      vertex   1.294899e+02 -5.900000e+00 -4.091306e+01
    endloop
  endfacet
  facet normal 9.189578e-01 0.000000e+00 3.943559e-01
    outer loop
      vertex   1.294899e+02 -5.200000e+00 -4.091306e+01
      vertex   1.294899e+02 -5.900000e+00 -4.091306e+01
      vertex   1.297332e+02 -5.200000e+00 -4.148017e+01
    endloop
  endfacet
  facet normal 9.189578e-01 0.000000e+00 3.943559e-01
    outer loop
      vertex   1.297332e+02 -5.200000e+00 -4.148017e+01
      vertex   1.294899e+02 -5.900000e+00 -4.091306e+01
      vertex   1.297332e+02 -5.900000e+00 -4.148017e+01
    endloop
  endfacet
  facet normal 8.207634e-01 0.000000e+00 5.712682e-01
    outer loop
      vertex   1.297332e+02 -5.200000e+00 -4.148017e+01
      vertex   1.297332e+02 -5.900000e+00 -4.148017e+01
      vertex   1.300858e+02 -5.200000e+00 -4.198669e+01
    endloop
  endfacet
  facet normal 8.207634e-01 0.000000e+00 5.712682e-01
    outer loop
      vertex   1.300858e+02 -5.200000e+00 -4.198669e+01
      vertex   1.297332e+02 -5.900000e+00 -4.148017e+01
      vertex   1.300858e+02 -5.900000e+00 -4.198669e+01
    endloop
  endfacet
  facet normal 6.889669e-01 0.000000e+00 7.247928e-01
    outer loop
      vertex   1.300858e+02 -5.200000e+00 -4.198669e+01
      vertex   1.300858e+02 -5.900000e+00 -4.198669e+01
      vertex   1.305331e+02 -5.200000e+00 -4.241187e+01
    endloop
  endfacet
  facet normal 6.889669e-01 0.000000e+00 7.247928e-01
    outer loop
      vertex   1.305331e+02 -5.200000e+00 -4.241187e+01
      vertex   1.300858e+02 -5.900000e+00 -4.198669e+01
      vertex   1.305331e+02 -5.900000e+00 -4.241187e+01
    endloop
  endfacet
  facet normal 5.289640e-01 0.000000e+00 8.486443e-01
    outer loop
      vertex   1.305331e+02 -5.200000e+00 -4.241187e+01
      vertex   1.305331e+02 -5.900000e+00 -4.241187e+01
      vertex   1.310568e+02 -5.200000e+00 -4.273830e+01
    endloop
  endfacet
  facet normal 5.289640e-01 0.000000e+00 8.486443e-01
    outer loop
      vertex   1.310568e+02 -5.200000e+00 -4.273830e+01
      vertex   1.305331e+02 -5.900000e+00 -4.241187e+01
      vertex   1.310568e+02 -5.900000e+00 -4.273830e+01
    endloop
  endfacet
  facet normal 3.473053e-01 0.000000e+00 9.377521e-01
    outer loop
      vertex   1.310568e+02 -5.200000e+00 -4.273830e+01
      vertex   1.310568e+02 -5.900000e+00 -4.273830e+01
      vertex   1.316355e+02 -5.200000e+00 -4.295264e+01
    endloop
  endfacet
  facet normal 3.473053e-01 0.000000e+00 9.377521e-01
    outer loop
      vertex   1.316355e+02 -5.200000e+00 -4.295264e+01
      vertex   1.310568e+02 -5.900000e+00 -4.273830e+01
      vertex   1.316355e+02 -5.900000e+00 -4.295264e+01
    endloop
  endfacet
  facet normal 1.514278e-01 0.000000e+00 9.884683e-01
    outer loop
      vertex   1.316355e+02 -5.200000e+00 -4.295264e+01
      vertex   1.316355e+02 -5.900000e+00 -4.295264e+01
      vertex   1.322455e+02 -5.200000e+00 -4.304609e+01
    endloop
  endfacet
  facet normal 1.514278e-01 0.000000e+00 9.884683e-01
    outer loop
      vertex   1.322455e+02 -5.200000e+00 -4.304609e+01
      vertex   1.316355e+02 -5.900000e+00 -4.295264e+01
      vertex   1.322455e+02 -5.900000e+00 -4.304609e+01
    endloop
  endfacet
  facet normal -5.064917e-02 0.000000e+00 9.987165e-01
    outer loop
      vertex   1.322455e+02 -5.200000e+00 -4.304609e+01
      vertex   1.322455e+02 -5.900000e+00 -4.304609e+01
      vertex   1.328619e+02 -5.200000e+00 -4.301483e+01
    endloop
  endfacet
  facet normal -5.064917e-02 0.000000e+00 9.987165e-01
    outer loop
      vertex   1.328619e+02 -5.200000e+00 -4.301483e+01
      vertex   1.322455e+02 -5.900000e+00 -4.304609e+01
      vertex   1.328619e+02 -5.900000e+00 -4.301483e+01
    endloop
  endfacet
  facet normal -2.506525e-01 0.000000e+00 9.680771e-01
    outer loop
      vertex   1.328619e+02 -5.200000e+00 -4.301483e+01
      vertex   1.328619e+02 -5.900000e+00 -4.301483e+01
      vertex   1.334593e+02 -5.200000e+00 -4.286014e+01
    endloop
  endfacet
  facet normal -2.506525e-01 0.000000e+00 9.680771e-01
    outer loop
      vertex   1.334593e+02 -5.200000e+00 -4.286014e+01
      vertex   1.328619e+02 -5.900000e+00 -4.301483e+01
      vertex   1.334593e+02 -5.900000e+00 -4.286014e+01
    endloop
  endfacet
  facet normal -4.403942e-01 0.000000e+00 8.978045e-01
    outer loop
      vertex   1.334593e+02 -5.200000e+00 -4.286014e+01
      vertex   1.334593e+02 -5.900000e+00 -4.286014e+01
      vertex   1.340133e+02 -5.200000e+00 -4.258836e+01
    endloop
  endfacet
  facet normal -4.403942e-01 0.000000e+00 8.978045e-01
    outer loop
      vertex   1.340133e+02 -5.200000e+00 -4.258836e+01
      vertex   1.334593e+02 -5.900000e+00 -4.286014e+01
      vertex   1.340133e+02 -5.900000e+00 -4.258836e+01
    endloop
  endfacet
  facet normal -6.121060e-01 0.000000e+00 7.907757e-01
    outer loop
      vertex   1.340133e+02 -5.200000e+00 -4.258836e+01
      vertex   1.340133e+02 -5.900000e+00 -4.258836e+01
      vertex   1.345013e+02 -5.200000e+00 -4.221062e+01
    endloop
  endfacet
  facet normal -6.121060e-01 0.000000e+00 7.907757e-01
    outer loop
      vertex   1.345013e+02 -5.200000e+00 -4.221062e+01
      vertex   1.340133e+02 -5.900000e+00 -4.258836e+01
      vertex   1.345013e+02 -5.900000e+00 -4.221062e+01
    endloop
  endfacet
  facet normal -7.587581e-01 0.000000e+00 6.513725e-01
    outer loop
      vertex   1.345013e+02 -5.200000e+00 -4.221062e+01
      vertex   1.345013e+02 -5.900000e+00 -4.221062e+01
      vertex   1.349033e+02 -5.200000e+00 -4.174237e+01
    endloop
  endfacet
  facet normal -7.587581e-01 0.000000e+00 6.513725e-01
    outer loop
      vertex   1.349033e+02 -5.200000e+00 -4.174237e+01
      vertex   1.345013e+02 -5.900000e+00 -4.221062e+01
      vertex   1.349033e+02 -5.900000e+00 -4.174237e+01
    endloop
  endfacet
  facet normal -8.743466e-01 0.000000e+00 4.853020e-01
    outer loop
      vertex   1.349033e+02 -5.200000e+00 -4.174237e+01
      vertex   1.349033e+02 -5.900000e+00 -4.174237e+01
      vertex   1.352028e+02 -5.200000e+00 -4.120279e+01
    endloop
  endfacet
  facet normal -8.743466e-01 0.000000e+00 4.853020e-01
    outer loop
      vertex   1.352028e+02 -5.200000e+00 -4.120279e+01
      vertex   1.349033e+02 -5.900000e+00 -4.174237e+01
      vertex   1.352028e+02 -5.900000e+00 -4.120279e+01
    endloop
  endfacet
  facet normal -9.541393e-01 0.000000e+00 2.993631e-01
    outer loop
      vertex   1.352028e+02 -5.200000e+00 -4.120279e+01
      vertex   1.352028e+02 -5.900000e+00 -4.120279e+01
      vertex   1.353876e+02 -5.200000e+00 -4.061396e+01
    endloop
  endfacet
  facet normal -9.541393e-01 0.000000e+00 2.993631e-01
    outer loop
      vertex   1.353876e+02 -5.200000e+00 -4.061396e+01
      vertex   1.352028e+02 -5.900000e+00 -4.120279e+01
      vertex   1.353876e+02 -5.900000e+00 -4.061396e+01
    endloop
  endfacet
  facet normal -7.007028e-01 -7.098862e-01 7.125451e-02
    outer loop
      vertex   1.753876e+02 -5.900000e+00 -2.061396e+01
      vertex   1.756895e+02 -6.200000e+00 -2.063399e+01
      vertex   1.754500e+02 -5.900000e+00 -2.000000e+01
    endloop
  endfacet
  facet normal -7.055004e-01 -7.055004e-01 6.736712e-02
    outer loop
      vertex   1.754500e+02 -5.900000e+00 -2.000000e+01
      vertex   1.756895e+02 -6.200000e+00 -2.063399e+01
      vertex   1.757500e+02 -6.200000e+00 -2.000000e+01
    endloop
  endfacet
  facet normal -7.055004e-01 -7.055004e-01 -6.736712e-02
    outer loop
      vertex   1.754500e+02 -5.900000e+00 -2.000000e+01
      vertex   1.757500e+02 -6.200000e+00 -2.000000e+01
      vertex   1.756895e+02 -6.200000e+00 -1.936601e+01
    endloop
  endfacet
  facet normal -6.837886e-01 -7.015135e-01 2.007784e-01
    outer loop
      vertex   1.756895e+02 -6.200000e+00 -2.063399e+01
      vertex   1.753876e+02 -5.900000e+00 -2.061396e+01
      vertex   1.755100e+02 -6.200000e+00 -2.124507e+01
    endloop
  endfacet
  facet normal -6.682099e-01 -7.138217e-01 2.096522e-01
    outer loop
      vertex   1.755100e+02 -6.200000e+00 -2.124507e+01
      vertex   1.753876e+02 -5.900000e+00 -2.061396e+01
      vertex   1.752028e+02 -5.900000e+00 -2.120279e+01
    endloop
  endfacet
  facet normal -6.364743e-01 -6.980216e-01 3.281253e-01
    outer loop
      vertex   1.755100e+02 -6.200000e+00 -2.124507e+01
      vertex   1.752028e+02 -5.900000e+00 -2.120279e+01
      vertex   1.752182e+02 -6.200000e+00 -2.181115e+01
    endloop
  endfacet
  facet normal -6.093731e-01 -7.171228e-01 3.382297e-01
    outer loop
      vertex   1.752182e+02 -6.200000e+00 -2.181115e+01
      vertex   1.752028e+02 -5.900000e+00 -2.120279e+01
      vertex   1.749033e+02 -5.900000e+00 -2.174237e+01
    endloop
  endfacet
  facet normal -5.651429e-01 -6.950486e-01 4.444333e-01
    outer loop
      vertex   1.752182e+02 -6.200000e+00 -2.181115e+01
      vertex   1.749033e+02 -5.900000e+00 -2.174237e+01
      vertex   1.748245e+02 -6.200000e+00 -2.231176e+01
    endloop
  endfacet
  facet normal -5.267044e-01 -7.198145e-01 4.521609e-01
    outer loop
      vertex   1.748245e+02 -6.200000e+00 -2.231176e+01
      vertex   1.749033e+02 -5.900000e+00 -2.174237e+01
      vertex   1.745013e+02 -5.900000e+00 -2.221062e+01
    endloop
  endfacet
  facet normal -4.723561e-01 -6.926148e-01 5.451280e-01
    outer loop
      vertex   1.748245e+02 -6.200000e+00 -2.231176e+01
      vertex   1.745013e+02 -5.900000e+00 -2.221062e+01
      vertex   1.743432e+02 -6.200000e+00 -2.272883e+01
    endloop
  endfacet
  facet normal -4.235647e-01 -7.219173e-01 5.472005e-01
    outer loop
      vertex   1.743432e+02 -6.200000e+00 -2.272883e+01
      vertex   1.745013e+02 -5.900000e+00 -2.221062e+01
      vertex   1.740133e+02 -5.900000e+00 -2.258836e+01
    endloop
  endfacet
  facet normal -3.615529e-01 -6.907372e-01 6.262280e-01
    outer loop
      vertex   1.743432e+02 -6.200000e+00 -2.272883e+01
      vertex   1.740133e+02 -5.900000e+00 -2.258836e+01
      vertex   1.737916e+02 -6.200000e+00 -2.304727e+01
    endloop
  endfacet
  facet normal -3.040393e-01 -7.234470e-01 6.198262e-01
    outer loop
      vertex   1.737916e+02 -6.200000e+00 -2.304727e+01
      vertex   1.740133e+02 -5.900000e+00 -2.258836e+01
      vertex   1.734593e+02 -5.900000e+00 -2.286014e+01
    endloop
  endfacet
  facet normal -2.369128e-01 -6.894289e-01 6.845145e-01
    outer loop
      vertex   1.737916e+02 -6.200000e+00 -2.304727e+01
      vertex   1.734593e+02 -5.900000e+00 -2.286014e+01
      vertex   1.731898e+02 -6.200000e+00 -2.325557e+01
    endloop
  endfacet
  facet normal -1.727908e-01 -7.244151e-01 6.673575e-01
    outer loop
      vertex   1.731898e+02 -6.200000e+00 -2.325557e+01
      vertex   1.734593e+02 -5.900000e+00 -2.286014e+01
      vertex   1.728619e+02 -5.900000e+00 -2.301483e+01
    endloop
  endfacet
  facet normal -1.031850e-01 -6.886991e-01 7.176673e-01
    outer loop
      vertex   1.731898e+02 -6.200000e+00 -2.325557e+01
      vertex   1.728619e+02 -5.900000e+00 -2.301483e+01
      vertex   1.725594e+02 -6.200000e+00 -2.334621e+01
    endloop
  endfacet
  facet normal -3.489369e-02 -7.248287e-01 6.880449e-01
    outer loop
      vertex   1.725594e+02 -6.200000e+00 -2.334621e+01
      vertex   1.728619e+02 -5.900000e+00 -2.301483e+01
      vertex   1.722455e+02 -5.900000e+00 -2.304609e+01
    endloop
  endfacet
  facet normal 3.450574e-02 -6.885529e-01 7.243647e-01
    outer loop
      vertex   1.725594e+02 -6.200000e+00 -2.334621e+01
      vertex   1.722455e+02 -5.900000e+00 -2.304609e+01
      vertex   1.719232e+02 -6.200000e+00 -2.331590e+01
    endloop
  endfacet
  facet normal 1.043450e-01 -7.246909e-01 6.811279e-01
    outer loop
      vertex   1.719232e+02 -6.200000e+00 -2.331590e+01
      vertex   1.722455e+02 -5.900000e+00 -2.304609e+01
      vertex   1.716355e+02 -5.900000e+00 -2.295264e+01
    endloop
  endfacet
  facet normal 1.708709e-01 -6.889913e-01 7.043395e-01
    outer loop
      vertex   1.719232e+02 -6.200000e+00 -2.331590e+01
      vertex   1.716355e+02 -5.900000e+00 -2.295264e+01
      vertex   1.713043e+02 -6.200000e+00 -2.316575e+01
    endloop
  endfacet
  facet normal 2.395709e-01 -7.240007e-01 6.468607e-01
    outer loop
      vertex   1.713043e+02 -6.200000e+00 -2.316575e+01
      vertex   1.716355e+02 -5.900000e+00 -2.295264e+01
      vertex   1.710568e+02 -5.900000e+00 -2.273830e+01
    endloop
  endfacet
  facet normal 3.006768e-01 -6.900113e-01 6.583904e-01
    outer loop
      vertex   1.713043e+02 -6.200000e+00 -2.316575e+01
      vertex   1.710568e+02 -5.900000e+00 -2.273830e+01
      vertex   1.707250e+02 -6.200000e+00 -2.290119e+01
    endloop
  endfacet
  facet normal 3.655704e-01 -7.227530e-01 5.865035e-01
    outer loop
      vertex   1.707250e+02 -6.200000e+00 -2.290119e+01
      vertex   1.710568e+02 -5.900000e+00 -2.273830e+01
      vertex   1.705331e+02 -5.900000e+00 -2.241187e+01
    endloop
  endfacet
  facet normal 4.189608e-01 -6.916056e-01 5.883482e-01
    outer loop
      vertex   1.707250e+02 -6.200000e+00 -2.290119e+01
      vertex   1.705331e+02 -5.900000e+00 -2.241187e+01
      vertex   1.702062e+02 -6.200000e+00 -2.253176e+01
    endloop
  endfacet
  facet normal 4.774535e-01 -7.209384e-01 5.022808e-01
    outer loop
      vertex   1.702062e+02 -6.200000e+00 -2.253176e+01
      vertex   1.705331e+02 -5.900000e+00 -2.241187e+01
      vertex   1.700858e+02 -5.900000e+00 -2.198669e+01
    endloop
  endfacet
  facet normal 5.212356e-01 -6.937631e-01 4.969972e-01
    outer loop
      vertex   1.702062e+02 -6.200000e+00 -2.253176e+01
      vertex   1.700858e+02 -5.900000e+00 -2.198669e+01
      vertex   1.697667e+02 -6.200000e+00 -2.207083e+01
    endloop
  endfacet
  facet normal 5.708263e-01 -7.185434e-01 3.973068e-01
    outer loop
      vertex   1.697667e+02 -6.200000e+00 -2.207083e+01
      vertex   1.700858e+02 -5.900000e+00 -2.198669e+01
      vertex   1.697332e+02 -5.900000e+00 -2.148017e+01
    endloop
  endfacet
  facet normal 6.036726e-01 -6.964689e-01 3.879568e-01
    outer loop
      vertex   1.697667e+02 -6.200000e+00 -2.207083e+01
      vertex   1.697332e+02 -5.900000e+00 -2.148017e+01
      vertex   1.694224e+02 -6.200000e+00 -2.153506e+01
    endloop
  endfacet
  facet normal 6.419487e-01 -7.155499e-01 2.754819e-01
    outer loop
      vertex   1.694224e+02 -6.200000e+00 -2.153506e+01
      vertex   1.697332e+02 -5.900000e+00 -2.148017e+01
      vertex   1.694899e+02 -5.900000e+00 -2.091306e+01
    endloop
  endfacet
  facet normal 6.632564e-01 -6.997041e-01 2.655278e-01
    outer loop
      vertex   1.694224e+02 -6.200000e+00 -2.153506e+01
      vertex   1.694899e+02 -5.900000e+00 -2.091306e+01
      vertex   1.691857e+02 -6.200000e+00 -2.094380e+01
    endloop
  endfacet
  facet normal 6.878703e-01 -7.119350e-01 1.413609e-01
    outer loop
      vertex   1.691857e+02 -6.200000e+00 -2.094380e+01
      vertex   1.694899e+02 -5.900000e+00 -2.091306e+01
      vertex   1.693656e+02 -5.900000e+00 -2.030856e+01
    endloop
  endfacet
  facet normal 6.979039e-01 -7.034467e-01 1.345099e-01
    outer loop
      vertex   1.691857e+02 -6.200000e+00 -2.094380e+01
      vertex   1.693656e+02 -5.900000e+00 -2.030856e+01
      vertex   1.690652e+02 -6.200000e+00 -2.031844e+01
    endloop
  endfacet
  facet normal 7.065419e-01 -7.076712e-01 -8.182266e-19
    outer loop
      vertex   1.690652e+02 -6.200000e+00 -2.031844e+01
      vertex   1.693656e+02 -5.900000e+00 -2.030856e+01
      vertex   1.693656e+02 -5.900000e+00 -1.969144e+01
    endloop
  endfacet
  facet normal 7.065419e-01 -7.076712e-01 0.000000e+00
    outer loop
      vertex   1.690652e+02 -6.200000e+00 -2.031844e+01
      vertex   1.693656e+02 -5.900000e+00 -1.969144e+01
      vertex   1.690652e+02 -6.200000e+00 -1.968156e+01
    endloop
  endfacet
  facet normal 6.979039e-01 -7.034467e-01 -1.345099e-01
    outer loop
      vertex   1.690652e+02 -6.200000e+00 -1.968156e+01
      vertex   1.693656e+02 -5.900000e+00 -1.969144e+01
      vertex   1.691857e+02 -6.200000e+00 -1.905620e+01
    endloop
  endfacet
  facet normal 6.878703e-01 -7.119350e-01 -1.413609e-01
    outer loop
      vertex   1.691857e+02 -6.200000e+00 -1.905620e+01
      vertex   1.693656e+02 -5.900000e+00 -1.969144e+01
      vertex   1.694899e+02 -5.900000e+00 -1.908694e+01
    endloop
  endfacet
  facet normal 6.632564e-01 -6.997041e-01 -2.655278e-01
    outer loop
      vertex   1.691857e+02 -6.200000e+00 -1.905620e+01
      vertex   1.694899e+02 -5.900000e+00 -1.908694e+01
      vertex   1.694224e+02 -6.200000e+00 -1.846494e+01
    endloop
  endfacet
  facet normal 6.419487e-01 -7.155499e-01 -2.754819e-01
    outer loop
      vertex   1.694224e+02 -6.200000e+00 -1.846494e+01
      vertex   1.694899e+02 -5.900000e+00 -1.908694e+01
      vertex   1.697332e+02 -5.900000e+00 -1.851983e+01
    endloop
  endfacet
  facet normal 6.036726e-01 -6.964689e-01 -3.879568e-01
    outer loop
      vertex   1.694224e+02 -6.200000e+00 -1.846494e+01
      vertex   1.697332e+02 -5.900000e+00 -1.851983e+01
      vertex   1.697667e+02 -6.200000e+00 -1.792917e+01
    endloop
  endfacet
  facet normal 5.708263e-01 -7.185434e-01 -3.973068e-01
    outer loop
      vertex   1.697667e+02 -6.200000e+00 -1.792917e+01
      vertex   1.697332e+02 -5.900000e+00 -1.851983e+01
      vertex   1.700858e+02 -5.900000e+00 -1.801331e+01
    endloop
  endfacet
  facet normal 5.212356e-01 -6.937631e-01 -4.969972e-01
    outer loop
      vertex   1.697667e+02 -6.200000e+00 -1.792917e+01
      vertex   1.700858e+02 -5.900000e+00 -1.801331e+01
      vertex   1.702062e+02 -6.200000e+00 -1.746824e+01
    endloop
  endfacet
  facet normal 4.774535e-01 -7.209384e-01 -5.022808e-01
    outer loop
      vertex   1.702062e+02 -6.200000e+00 -1.746824e+01
      vertex   1.700858e+02 -5.900000e+00 -1.801331e+01
      vertex   1.705331e+02 -5.900000e+00 -1.758813e+01
    endloop
  endfacet
  facet normal 4.189608e-01 -6.916056e-01 -5.883482e-01
    outer loop
      vertex   1.702062e+02 -6.200000e+00 -1.746824e+01
      vertex   1.705331e+02 -5.900000e+00 -1.758813e+01
      vertex   1.707250e+02 -6.200000e+00 -1.709881e+01
    endloop
  endfacet
  facet normal 3.655704e-01 -7.227530e-01 -5.865035e-01
    outer loop
      vertex   1.707250e+02 -6.200000e+00 -1.709881e+01
      vertex   1.705331e+02 -5.900000e+00 -1.758813e+01
      vertex   1.710568e+02 -5.900000e+00 -1.726170e+01
    endloop
  endfacet
  facet normal 3.006768e-01 -6.900113e-01 -6.583904e-01
    outer loop
      vertex   1.707250e+02 -6.200000e+00 -1.709881e+01
      vertex   1.710568e+02 -5.900000e+00 -1.726170e+01
      vertex   1.713043e+02 -6.200000e+00 -1.683425e+01
    endloop
  endfacet
  facet normal 2.395709e-01 -7.240007e-01 -6.468607e-01
    outer loop
      vertex   1.713043e+02 -6.200000e+00 -1.683425e+01
      vertex   1.710568e+02 -5.900000e+00 -1.726170e+01
      vertex   1.716355e+02 -5.900000e+00 -1.704736e+01
    endloop
  endfacet
  facet normal 1.708709e-01 -6.889913e-01 -7.043395e-01
    outer loop
      vertex   1.713043e+02 -6.200000e+00 -1.683425e+01
      vertex   1.716355e+02 -5.900000e+00 -1.704736e+01
      vertex   1.719232e+02 -6.200000e+00 -1.668410e+01
    endloop
  endfacet
  facet normal 1.043450e-01 -7.246909e-01 -6.811279e-01
    outer loop
      vertex   1.719232e+02 -6.200000e+00 -1.668410e+01
      vertex   1.716355e+02 -5.900000e+00 -1.704736e+01
      vertex   1.722455e+02 -5.900000e+00 -1.695391e+01
    endloop
  endfacet
  facet normal 3.450574e-02 -6.885529e-01 -7.243647e-01
    outer loop
      vertex   1.719232e+02 -6.200000e+00 -1.668410e+01
      vertex   1.722455e+02 -5.900000e+00 -1.695391e+01
      vertex   1.725594e+02 -6.200000e+00 -1.665379e+01
    endloop
  endfacet
  facet normal -3.489369e-02 -7.248287e-01 -6.880449e-01
    outer loop
      vertex   1.725594e+02 -6.200000e+00 -1.665379e+01
      vertex   1.722455e+02 -5.900000e+00 -1.695391e+01
      vertex   1.728619e+02 -5.900000e+00 -1.698517e+01
    endloop
  endfacet
  facet normal -1.031850e-01 -6.886991e-01 -7.176673e-01
    outer loop
      vertex   1.725594e+02 -6.200000e+00 -1.665379e+01
      vertex   1.728619e+02 -5.900000e+00 -1.698517e+01
      vertex   1.731898e+02 -6.200000e+00 -1.674443e+01
    endloop
  endfacet
  facet normal -1.727908e-01 -7.244151e-01 -6.673575e-01
    outer loop
      vertex   1.731898e+02 -6.200000e+00 -1.674443e+01
      vertex   1.728619e+02 -5.900000e+00 -1.698517e+01
      vertex   1.734593e+02 -5.900000e+00 -1.713986e+01
    endloop
  endfacet
  facet normal -2.369128e-01 -6.894289e-01 -6.845145e-01
    outer loop
      vertex   1.731898e+02 -6.200000e+00 -1.674443e+01
      vertex   1.734593e+02 -5.900000e+00 -1.713986e+01
      vertex   1.737916e+02 -6.200000e+00 -1.695273e+01
    endloop
  endfacet
  facet normal -3.040393e-01 -7.234470e-01 -6.198262e-01
    outer loop
      vertex   1.737916e+02 -6.200000e+00 -1.695273e+01
      vertex   1.734593e+02 -5.900000e+00 -1.713986e+01
      vertex   1.740133e+02 -5.900000e+00 -1.741164e+01
    endloop
  endfacet
  facet normal -3.615529e-01 -6.907372e-01 -6.262280e-01
    outer loop
      vertex   1.737916e+02 -6.200000e+00 -1.695273e+01
      vertex   1.740133e+02 -5.900000e+00 -1.741164e+01
      vertex   1.743432e+02 -6.200000e+00 -1.727117e+01
    endloop
  endfacet
  facet normal -4.235647e-01 -7.219173e-01 -5.472005e-01
    outer loop
      vertex   1.743432e+02 -6.200000e+00 -1.727117e+01
      vertex   1.740133e+02 -5.900000e+00 -1.741164e+01
      vertex   1.745013e+02 -5.900000e+00 -1.778938e+01
    endloop
  endfacet
  facet normal -4.723561e-01 -6.926148e-01 -5.451280e-01
    outer loop
      vertex   1.743432e+02 -6.200000e+00 -1.727117e+01
      vertex   1.745013e+02 -5.900000e+00 -1.778938e+01
      vertex   1.748245e+02 -6.200000e+00 -1.768824e+01
    endloop
  endfacet
  facet normal -5.267044e-01 -7.198145e-01 -4.521609e-01
    outer loop
      vertex   1.748245e+02 -6.200000e+00 -1.768824e+01
      vertex   1.745013e+02 -5.900000e+00 -1.778938e+01
      vertex   1.749033e+02 -5.900000e+00 -1.825763e+01
    endloop
  endfacet
  facet normal -5.651429e-01 -6.950486e-01 -4.444333e-01
    outer loop
      vertex   1.748245e+02 -6.200000e+00 -1.768824e+01
      vertex   1.749033e+02 -5.900000e+00 -1.825763e+01
      vertex   1.752182e+02 -6.200000e+00 -1.818885e+01
    endloop
  endfacet
  facet normal -6.093731e-01 -7.171228e-01 -3.382297e-01
    outer loop
      vertex   1.752182e+02 -6.200000e+00 -1.818885e+01
      vertex   1.749033e+02 -5.900000e+00 -1.825763e+01
      vertex   1.752028e+02 -5.900000e+00 -1.879721e+01
    endloop
  endfacet
  facet normal -6.364743e-01 -6.980216e-01 -3.281253e-01
    outer loop
      vertex   1.752182e+02 -6.200000e+00 -1.818885e+01
      vertex   1.752028e+02 -5.900000e+00 -1.879721e+01
      vertex   1.755100e+02 -6.200000e+00 -1.875493e+01
    endloop
  endfacet
  facet normal -6.682099e-01 -7.138217e-01 -2.096522e-01
    outer loop
      vertex   1.755100e+02 -6.200000e+00 -1.875493e+01
      vertex   1.752028e+02 -5.900000e+00 -1.879721e+01
      vertex   1.753876e+02 -5.900000e+00 -1.938604e+01
    endloop
  endfacet
  facet normal -6.837886e-01 -7.015135e-01 -2.007784e-01
    outer loop
      vertex   1.755100e+02 -6.200000e+00 -1.875493e+01
      vertex   1.753876e+02 -5.900000e+00 -1.938604e+01
      vertex   1.756895e+02 -6.200000e+00 -1.936601e+01
    endloop
  endfacet
  facet normal -7.007028e-01 -7.098862e-01 -7.125451e-02
    outer loop
      vertex   1.756895e+02 -6.200000e+00 -1.936601e+01
      vertex   1.753876e+02 -5.900000e+00 -1.938604e+01
      vertex   1.754500e+02 -5.900000e+00 -2.000000e+01
    endloop
  endfacet
  facet normal -9.948693e-01 0.000000e+00 1.011683e-01
    outer loop
      vertex   1.753876e+02 -5.200000e+00 -2.061396e+01
      vertex   1.753876e+02 -5.900000e+00 -2.061396e+01
      vertex   1.754500e+02 -5.200000e+00 -2.000000e+01
    endloop
  endfacet
  facet normal -9.948693e-01 0.000000e+00 1.011683e-01
    outer loop
      vertex   1.754500e+02 -5.200000e+00 -2.000000e+01
      vertex   1.753876e+02 -5.900000e+00 -2.061396e+01
      vertex   1.754500e+02 -5.900000e+00 -2.000000e+01
    endloop
  endfacet
  facet normal -9.948693e-01 -0.000000e+00 -1.011683e-01
    outer loop
      vertex   1.754500e+02 -5.200000e+00 -2.000000e+01
      vertex   1.754500e+02 -5.900000e+00 -2.000000e+01
      vertex   1.753876e+02 -5.200000e+00 -1.938604e+01
    endloop
  endfacet
  facet normal -9.948693e-01 -0.000000e+00 -1.011683e-01
    outer loop
      vertex   1.753876e+02 -5.200000e+00 -1.938604e+01
      vertex   1.754500e+02 -5.900000e+00 -2.000000e+01
      vertex   1.753876e+02 -5.900000e+00 -1.938604e+01
    endloop
  endfacet
  facet normal -9.541393e-01 -0.000000e+00 -2.993631e-01
    outer loop
      vertex   1.753876e+02 -5.200000e+00 -1.938604e+01
      vertex   1.753876e+02 -5.900000e+00 -1.938604e+01
      vertex   1.752028e+02 -5.200000e+00 -1.879721e+01
    endloop
  endfacet
  facet normal -9.541393e-01 -0.000000e+00 -2.993631e-01
    outer loop
      vertex   1.752028e+02 -5.200000e+00 -1.879721e+01
      vertex   1.753876e+02 -5.900000e+00 -1.938604e+01
      vertex   1.752028e+02 -5.900000e+00 -1.879721e+01
    endloop
  endfacet
  facet normal -8.743466e-01 -0.000000e+00 -4.853020e-01
    outer loop
      vertex   1.752028e+02 -5.200000e+00 -1.879721e+01
      vertex   1.752028e+02 -5.900000e+00 -1.879721e+01
      vertex   1.749033e+02 -5.200000e+00 -1.825763e+01
    endloop
  endfacet
  facet normal -8.743466e-01 -0.000000e+00 -4.853020e-01
    outer loop
      vertex   1.749033e+02 -5.200000e+00 -1.825763e+01
      vertex   1.752028e+02 -5.900000e+00 -1.879721e+01
      vertex   1.749033e+02 -5.900000e+00 -1.825763e+01
    endloop
  endfacet
  facet normal -7.587581e-01 -0.000000e+00 -6.513725e-01
    outer loop
      vertex   1.749033e+02 -5.200000e+00 -1.825763e+01
      vertex   1.749033e+02 -5.900000e+00 -1.825763e+01
      vertex   1.745013e+02 -5.200000e+00 -1.778938e+01
    endloop
  endfacet
  facet normal -7.587581e-01 -0.000000e+00 -6.513725e-01
    outer loop
      vertex   1.745013e+02 -5.200000e+00 -1.778938e+01
      vertex   1.749033e+02 -5.900000e+00 -1.825763e+01
      vertex   1.745013e+02 -5.900000e+00 -1.778938e+01
    endloop
  endfacet
  facet normal -6.121060e-01 -0.000000e+00 -7.907757e-01
    outer loop
      vertex   1.745013e+02 -5.200000e+00 -1.778938e+01
      vertex   1.745013e+02 -5.900000e+00 -1.778938e+01
      vertex   1.740133e+02 -5.200000e+00 -1.741164e+01
    endloop
  endfacet
  facet normal -6.121060e-01 -0.000000e+00 -7.907757e-01
    outer loop
      vertex   1.740133e+02 -5.200000e+00 -1.741164e+01
      vertex   1.745013e+02 -5.900000e+00 -1.778938e+01
      vertex   1.740133e+02 -5.900000e+00 -1.741164e+01
    endloop
  endfacet
  facet normal -4.403942e-01 -0.000000e+00 -8.978045e-01
    outer loop
      vertex   1.740133e+02 -5.200000e+00 -1.741164e+01
      vertex   1.740133e+02 -5.900000e+00 -1.741164e+01
      vertex   1.734593e+02 -5.200000e+00 -1.713986e+01
    endloop
  endfacet
  facet normal -4.403942e-01 -0.000000e+00 -8.978045e-01
    outer loop
      vertex   1.734593e+02 -5.200000e+00 -1.713986e+01
      vertex   1.740133e+02 -5.900000e+00 -1.741164e+01
      vertex   1.734593e+02 -5.900000e+00 -1.713986e+01
    endloop
  endfacet
  facet normal -2.506525e-01 -0.000000e+00 -9.680771e-01
    outer loop
      vertex   1.734593e+02 -5.200000e+00 -1.713986e+01
      vertex   1.734593e+02 -5.900000e+00 -1.713986e+01
      vertex   1.728619e+02 -5.200000e+00 -1.698517e+01
    endloop
  endfacet
  facet normal -2.506525e-01 -0.000000e+00 -9.680771e-01
    outer loop
      vertex   1.728619e+02 -5.200000e+00 -1.698517e+01
      vertex   1.734593e+02 -5.900000e+00 -1.713986e+01
      vertex   1.728619e+02 -5.900000e+00 -1.698517e+01
    endloop
  endfacet
  facet normal -5.064917e-02 -0.000000e+00 -9.987165e-01
    outer loop
      vertex   1.728619e+02 -5.200000e+00 -1.698517e+01
      vertex   1.728619e+02 -5.900000e+00 -1.698517e+01
      vertex   1.722455e+02 -5.200000e+00 -1.695391e+01
    endloop
  endfacet
  facet normal -5.064917e-02 -0.000000e+00 -9.987165e-01
    outer loop
      vertex   1.722455e+02 -5.200000e+00 -1.695391e+01
      vertex   1.728619e+02 -5.900000e+00 -1.698517e+01
      vertex   1.722455e+02 -5.900000e+00 -1.695391e+01
    endloop
  endfacet
  facet normal 1.514278e-01 0.000000e+00 -9.884683e-01
    outer loop
      vertex   1.722455e+02 -5.200000e+00 -1.695391e+01
      vertex   1.722455e+02 -5.900000e+00 -1.695391e+01
      vertex   1.716355e+02 -5.200000e+00 -1.704736e+01
    endloop
  endfacet
  facet normal 1.514278e-01 0.000000e+00 -9.884683e-01
    outer loop
      vertex   1.716355e+02 -5.200000e+00 -1.704736e+01
      vertex   1.722455e+02 -5.900000e+00 -1.695391e+01
      vertex   1.716355e+02 -5.900000e+00 -1.704736e+01
    endloop
  endfacet
  facet normal 3.473053e-01 0.000000e+00 -9.377521e-01
    outer loop
      vertex   1.716355e+02 -5.200000e+00 -1.704736e+01
      vertex   1.716355e+02 -5.900000e+00 -1.704736e+01
      vertex   1.710568e+02 -5.200000e+00 -1.726170e+01
    endloop
  endfacet
  facet normal 3.473053e-01 0.000000e+00 -9.377521e-01
    outer loop
      vertex   1.710568e+02 -5.200000e+00 -1.726170e+01
      vertex   1.716355e+02 -5.900000e+00 -1.704736e+01
      vertex   1.710568e+02 -5.900000e+00 -1.726170e+01
    endloop
  endfacet
  facet normal 5.289640e-01 0.000000e+00 -8.486443e-01
    outer loop
      vertex   1.710568e+02 -5.200000e+00 -1.726170e+01
      vertex   1.710568e+02 -5.900000e+00 -1.726170e+01
      vertex   1.705331e+02 -5.200000e+00 -1.758813e+01
    endloop
  endfacet
  facet normal 5.289640e-01 0.000000e+00 -8.486443e-01
    outer loop
      vertex   1.705331e+02 -5.200000e+00 -1.758813e+01
      vertex   1.710568e+02 -5.900000e+00 -1.726170e+01
      vertex   1.705331e+02 -5.900000e+00 -1.758813e+01
    endloop
  endfacet
  facet normal 6.889669e-01 0.000000e+00 -7.247928e-01
    outer loop
      vertex   1.705331e+02 -5.200000e+00 -1.758813e+01
      vertex   1.705331e+02 -5.900000e+00 -1.758813e+01
      vertex   1.700858e+02 -5.200000e+00 -1.801331e+01
    endloop
  endfacet
  facet normal 6.889669e-01 0.000000e+00 -7.247928e-01
    outer loop
      vertex   1.700858e+02 -5.200000e+00 -1.801331e+01
      vertex   1.705331e+02 -5.900000e+00 -1.758813e+01
      vertex   1.700858e+02 -5.900000e+00 -1.801331e+01
    endloop
  endfacet
  facet normal 8.207634e-01 0.000000e+00 -5.712682e-01
    outer loop
      vertex   1.700858e+02 -5.200000e+00 -1.801331e+01
      vertex   1.700858e+02 -5.900000e+00 -1.801331e+01
      vertex   1.697332e+02 -5.200000e+00 -1.851983e+01
    endloop
  endfacet
  facet normal 8.207634e-01 0.000000e+00 -5.712682e-01
    outer loop
      vertex   1.697332e+02 -5.200000e+00 -1.851983e+01
      vertex   1.700858e+02 -5.900000e+00 -1.801331e+01
      vertex   1.697332e+02 -5.900000e+00 -1.851983e+01
    endloop
  endfacet
  facet normal 9.189578e-01 0.000000e+00 -3.943559e-01
    outer loop
      vertex   1.697332e+02 -5.200000e+00 -1.851983e+01
      vertex   1.697332e+02 -5.900000e+00 -1.851983e+01
      vertex   1.694899e+02 -5.200000e+00 -1.908694e+01
    endloop
  endfacet
  facet normal 9.189578e-01 0.000000e+00 -3.943559e-01
    outer loop
      vertex   1.694899e+02 -5.200000e+00 -1.908694e+01
      vertex   1.697332e+02 -5.900000e+00 -1.851983e+01
      vertex   1.694899e+02 -5.900000e+00 -1.908694e+01
    endloop
  endfacet
  facet normal 9.795299e-01 0.000000e+00 -2.012985e-01
    outer loop
      vertex   1.694899e+02 -5.200000e+00 -1.908694e+01
      vertex   1.694899e+02 -5.900000e+00 -1.908694e+01
      vertex   1.693656e+02 -5.200000e+00 -1.969144e+01
    endloop
  endfacet
  facet normal 9.795299e-01 0.000000e+00 -2.012985e-01
    outer loop
      vertex   1.693656e+02 -5.200000e+00 -1.969144e+01
      vertex   1.694899e+02 -5.900000e+00 -1.908694e+01
      vertex   1.693656e+02 -5.900000e+00 -1.969144e+01
    endloop
  endfacet
  facet normal 1.000000e+00 0.000000e+00 0.000000e+00
    outer loop
      vertex   1.693656e+02 -5.200000e+00 -1.969144e+01
      vertex   1.693656e+02 -5.900000e+00 -1.969144e+01
      vertex   1.693656e+02 -5.200000e+00 -2.030856e+01
    endloop
  endfacet
  facet normal 1.000000e+00 0.000000e+00 0.000000e+00
    outer loop
      vertex   1.693656e+02 -5.200000e+00 -2.030856e+01
      vertex   1.693656e+02 -5.900000e+00 -1.969144e+01
      vertex   1.693656e+02 -5.900000e+00 -2.030856e+01
    endloop
  endfacet
  facet normal 9.795299e-01 0.000000e+00 2.012985e-01
    outer loop
      vertex   1.693656e+02 -5.200000e+00 -2.030856e+01
      vertex   1.693656e+02 -5.900000e+00 -2.030856e+01
      vertex   1.694899e+02 -5.200000e+00 -2.091306e+01
    endloop
  endfacet
  facet normal 9.795299e-01 0.000000e+00 2.012985e-01
    outer loop
      vertex   1.694899e+02 -5.200000e+00 -2.091306e+01
      vertex   1.693656e+02 -5.900000e+00 -2.030856e+01
      vertex   1.694899e+02 -5.900000e+00 -2.091306e+01
    endloop
  endfacet
  facet normal 9.189578e-01 0.000000e+00 3.943559e-01
    outer loop
      vertex   1.694899e+02 -5.200000e+00 -2.091306e+01
      vertex   1.694899e+02 -5.900000e+00 -2.091306e+01
      vertex   1.697332e+02 -5.200000e+00 -2.148017e+01
    endloop
  endfacet
  facet normal 9.189578e-01 0.000000e+00 3.943559e-01
    outer loop
      vertex   1.697332e+02 -5.200000e+00 -2.148017e+01
      vertex   1.694899e+02 -5.900000e+00 -2.091306e+01
      vertex   1.697332e+02 -5.900000e+00 -2.148017e+01
    endloop
  endfacet
  facet normal 8.207634e-01 0.000000e+00 5.712682e-01
    outer loop
      vertex   1.697332e+02 -5.200000e+00 -2.148017e+01
      vertex   1.697332e+02 -5.900000e+00 -2.148017e+01
      vertex   1.700858e+02 -5.200000e+00 -2.198669e+01
    endloop
  endfacet
  facet normal 8.207634e-01 0.000000e+00 5.712682e-01
    outer loop
      vertex   1.700858e+02 -5.200000e+00 -2.198669e+01
      vertex   1.697332e+02 -5.900000e+00 -2.148017e+01
      vertex   1.700858e+02 -5.900000e+00 -2.198669e+01
    endloop
  endfacet
  facet normal 6.889669e-01 0.000000e+00 7.247928e-01
    outer loop
      vertex   1.700858e+02 -5.200000e+00 -2.198669e+01
      vertex   1.700858e+02 -5.900000e+00 -2.198669e+01
      vertex   1.705331e+02 -5.200000e+00 -2.241187e+01
    endloop
  endfacet
  facet normal 6.889669e-01 0.000000e+00 7.247928e-01
    outer loop
      vertex   1.705331e+02 -5.200000e+00 -2.241187e+01
      vertex   1.700858e+02 -5.900000e+00 -2.198669e+01
      vertex   1.705331e+02 -5.900000e+00 -2.241187e+01
    endloop
  endfacet
  facet normal 5.289640e-01 0.000000e+00 8.486443e-01
    outer loop
      vertex   1.705331e+02 -5.200000e+00 -2.241187e+01
      vertex   1.705331e+02 -5.900000e+00 -2.241187e+01
      vertex   1.710568e+02 -5.200000e+00 -2.273830e+01
    endloop
  endfacet
  facet normal 5.289640e-01 0.000000e+00 8.486443e-01
    outer loop
      vertex   1.710568e+02 -5.200000e+00 -2.273830e+01
      vertex   1.705331e+02 -5.900000e+00 -2.241187e+01
      vertex   1.710568e+02 -5.900000e+00 -2.273830e+01
    endloop
  endfacet
  facet normal 3.473053e-01 0.000000e+00 9.377521e-01
    outer loop
      vertex   1.710568e+02 -5.200000e+00 -2.273830e+01
      vertex   1.710568e+02 -5.900000e+00 -2.273830e+01
      vertex   1.716355e+02 -5.200000e+00 -2.295264e+01
    endloop
  endfacet
  facet normal 3.473053e-01 0.000000e+00 9.377521e-01
    outer loop
      vertex   1.716355e+02 -5.200000e+00 -2.295264e+01
      vertex   1.710568e+02 -5.900000e+00 -2.273830e+01
      vertex   1.716355e+02 -5.900000e+00 -2.295264e+01
    endloop
  endfacet
  facet normal 1.514278e-01 0.000000e+00 9.884683e-01
    outer loop
      vertex   1.716355e+02 -5.200000e+00 -2.295264e+01
      vertex   1.716355e+02 -5.900000e+00 -2.295264e+01
      vertex   1.722455e+02 -5.200000e+00 -2.304609e+01
    endloop
  endfacet
  facet normal 1.514278e-01 0.000000e+00 9.884683e-01
    outer loop
      vertex   1.722455e+02 -5.200000e+00 -2.304609e+01
      vertex   1.716355e+02 -5.900000e+00 -2.295264e+01
      vertex   1.722455e+02 -5.900000e+00 -2.304609e+01
    endloop
  endfacet
  facet normal -5.064917e-02 0.000000e+00 9.987165e-01
    outer loop
      vertex   1.722455e+02 -5.200000e+00 -2.304609e+01
      vertex   1.722455e+02 -5.900000e+00 -2.304609e+01
      vertex   1.728619e+02 -5.200000e+00 -2.301483e+01
    endloop
  endfacet
  facet normal -5.064917e-02 0.000000e+00 9.987165e-01
    outer loop
      vertex   1.728619e+02 -5.200000e+00 -2.301483e+01
      vertex   1.722455e+02 -5.900000e+00 -2.304609e+01
      vertex   1.728619e+02 -5.900000e+00 -2.301483e+01
    endloop
  endfacet
  facet normal -2.506525e-01 0.000000e+00 9.680771e-01
    outer loop
      vertex   1.728619e+02 -5.200000e+00 -2.301483e+01
      vertex   1.728619e+02 -5.900000e+00 -2.301483e+01
      vertex   1.734593e+02 -5.200000e+00 -2.286014e+01
    endloop
  endfacet
  facet normal -2.506525e-01 0.000000e+00 9.680771e-01
    outer loop
      vertex   1.734593e+02 -5.200000e+00 -2.286014e+01
      vertex   1.728619e+02 -5.900000e+00 -2.301483e+01
      vertex   1.734593e+02 -5.900000e+00 -2.286014e+01
    endloop
  endfacet
  facet normal -4.403942e-01 0.000000e+00 8.978045e-01
    outer loop
      vertex   1.734593e+02 -5.200000e+00 -2.286014e+01
      vertex   1.734593e+02 -5.900000e+00 -2.286014e+01
      vertex   1.740133e+02 -5.200000e+00 -2.258836e+01
    endloop
  endfacet
  facet normal -4.403942e-01 0.000000e+00 8.978045e-01
    outer loop
      vertex   1.740133e+02 -5.200000e+00 -2.258836e+01
      vertex   1.734593e+02 -5.900000e+00 -2.286014e+01
      vertex   1.740133e+02 -5.900000e+00 -2.258836e+01
    endloop
  endfacet
  facet normal -6.121060e-01 0.000000e+00 7.907757e-01
    outer loop
      vertex   1.740133e+02 -5.200000e+00 -2.258836e+01
      vertex   1.740133e+02 -5.900000e+00 -2.258836e+01
      vertex   1.745013e+02 -5.200000e+00 -2.221062e+01
    endloop
  endfacet
  facet normal -6.121060e-01 0.000000e+00 7.907757e-01
    outer loop
      vertex   1.745013e+02 -5.200000e+00 -2.221062e+01
      vertex   1.740133e+02 -5.900000e+00 -2.258836e+01
      vertex   1.745013e+02 -5.900000e+00 -2.221062e+01
    endloop
  endfacet
  facet normal -7.587581e-01 0.000000e+00 6.513725e-01
    outer loop
      vertex   1.745013e+02 -5.200000e+00 -2.221062e+01
      vertex   1.745013e+02 -5.900000e+00 -2.221062e+01
      vertex   1.749033e+02 -5.200000e+00 -2.174237e+01
    endloop
  endfacet
  facet normal -7.587581e-01 0.000000e+00 6.513725e-01
    outer loop
      vertex   1.749033e+02 -5.200000e+00 -2.174237e+01
      vertex   1.745013e+02 -5.900000e+00 -2.221062e+01
      vertex   1.749033e+02 -5.900000e+00 -2.174237e+01
    endloop
  endfacet
  facet normal -8.743466e-01 0.000000e+00 4.853020e-01
    outer loop
      vertex   1.749033e+02 -5.200000e+00 -2.174237e+01
      vertex   1.749033e+02 -5.900000e+00 -2.174237e+01
      vertex   1.752028e+02 -5.200000e+00 -2.120279e+01
    endloop
  endfacet
  facet normal -8.743466e-01 0.000000e+00 4.853020e-01
    outer loop
      vertex   1.752028e+02 -5.200000e+00 -2.120279e+01
      vertex   1.749033e+02 -5.900000e+00 -2.174237e+01
      vertex   1.752028e+02 -5.900000e+00 -2.120279e+01
    endloop
  endfacet
  facet normal -9.541393e-01 0.000000e+00 2.993631e-01
    outer loop
      vertex   1.752028e+02 -5.200000e+00 -2.120279e+01
      vertex   1.752028e+02 -5.900000e+00 -2.120279e+01
      vertex   1.753876e+02 -5.200000e+00 -2.061396e+01
    endloop
  endfacet
  facet normal -9.541393e-01 0.000000e+00 2.993631e-01
    outer loop
      vertex   1.753876e+02 -5.200000e+00 -2.061396e+01
      vertex   1.752028e+02 -5.900000e+00 -2.120279e+01
      vertex   1.753876e+02 -5.900000e+00 -2.061396e+01
    endloop
  endfacet
  facet normal 0.000000e+00 -1.000000e+00 0.000000e+00
    outer loop
      vertex   1.740421e+02 -5.200000e+00 -2.043999e+01
      vertex   1.753876e+02 -5.200000e+00 -2.061396e+01
      vertex   1.741000e+02 -5.200000e+00 -2.000000e+01
    endloop
  endfacet
  facet normal 0.000000e+00 -1.000000e+00 0.000000e+00
    outer loop
      vertex   1.741000e+02 -5.200000e+00 -2.000000e+01
      vertex   1.753876e+02 -5.200000e+00 -2.061396e+01
      vertex   1.754500e+02 -5.200000e+00 -2.000000e+01
    endloop
  endfacet
  facet normal 0.000000e+00 -1.000000e+00 0.000000e+00
    outer loop
      vertex   1.741000e+02 -5.200000e+00 -2.000000e+01
      vertex   1.754500e+02 -5.200000e+00 -2.000000e+01
      vertex   1.753876e+02 -5.200000e+00 -1.938604e+01
    endloop
  endfacet
  facet normal -0.000000e+00 -1.000000e+00 0.000000e+00
    outer loop
      vertex   1.753876e+02 -5.200000e+00 -2.061396e+01
      vertex   1.740421e+02 -5.200000e+00 -2.043999e+01
      vertex   1.752028e+02 -5.200000e+00 -2.120279e+01
    endloop
  endfacet
  facet normal 0.000000e+00 -1.000000e+00 0.000000e+00
    outer loop
      vertex   1.752028e+02 -5.200000e+00 -2.120279e+01
      vertex   1.740421e+02 -5.200000e+00 -2.043999e+01
      vertex   1.738722e+02 -5.200000e+00 -2.085000e+01
    endloop
  endfacet
  facet normal -0.000000e+00 -1.000000e+00 0.000000e+00
    outer loop
      vertex   1.752028e+02 -5.200000e+00 -2.120279e+01
      vertex   1.738722e+02 -5.200000e+00 -2.085000e+01
      vertex   1.749033e+02 -5.200000e+00 -2.174237e+01
    endloop
  endfacet
  facet normal 0.000000e+00 -1.000000e+00 0.000000e+00
    outer loop
      vertex   1.749033e+02 -5.200000e+00 -2.174237e+01
      vertex   1.738722e+02 -5.200000e+00 -2.085000e+01
      vertex   1.736021e+02 -5.200000e+00 -2.120208e+01
    endloop
  endfacet
  facet normal -0.000000e+00 -1.000000e+00 0.000000e+00
    outer loop
      vertex   1.749033e+02 -5.200000e+00 -2.174237e+01
      vertex   1.736021e+02 -5.200000e+00 -2.120208e+01
      vertex   1.745013e+02 -5.200000e+00 -2.221062e+01
    endloop
  endfacet
  facet normal -0.000000e+00 -1.000000e+00 0.000000e+00
    outer loop
      vertex   1.745013e+02 -5.200000e+00 -2.221062e+01
      vertex   1.736021e+02 -5.200000e+00 -2.120208e+01
      vertex   1.740133e+02 -5.200000e+00 -2.258836e+01
    endloop
  endfacet
  facet normal 0.000000e+00 -1.000000e+00 0.000000e+00
    outer loop
      vertex   1.740133e+02 -5.200000e+00 -2.258836e+01
      vertex   1.736021e+02 -5.200000e+00 -2.120208e+01
      vertex   1.732500e+02 -5.200000e+00 -2.147224e+01
    endloop
  endfacet
  facet normal -0.000000e+00 -1.000000e+00 0.000000e+00
    outer loop
      vertex   1.740133e+02 -5.200000e+00 -2.258836e+01
      vertex   1.732500e+02 -5.200000e+00 -2.147224e+01
      vertex   1.734593e+02 -5.200000e+00 -2.286014e+01
    endloop
  endfacet
  facet normal 0.000000e+00 -1.000000e+00 0.000000e+00
    outer loop
      vertex   1.734593e+02 -5.200000e+00 -2.286014e+01
      vertex   1.732500e+02 -5.200000e+00 -2.147224e+01
      vertex   1.728400e+02 -5.200000e+00 -2.164207e+01
    endloop
  endfacet
  facet normal -0.000000e+00 -1.000000e+00 0.000000e+00
    outer loop
      vertex   1.734593e+02 -5.200000e+00 -2.286014e+01
      vertex   1.728400e+02 -5.200000e+00 -2.164207e+01
      vertex   1.728619e+02 -5.200000e+00 -2.301483e+01
    endloop
  endfacet
  facet normal 0.000000e+00 -1.000000e+00 0.000000e+00
    outer loop
      vertex   1.728619e+02 -5.200000e+00 -2.301483e+01
      vertex   1.728400e+02 -5.200000e+00 -2.164207e+01
      vertex   1.724000e+02 -5.200000e+00 -2.170000e+01
    endloop
  endfacet
  facet normal -0.000000e+00 -1.000000e+00 0.000000e+00
    outer loop
      vertex   1.728619e+02 -5.200000e+00 -2.301483e+01
      vertex   1.724000e+02 -5.200000e+00 -2.170000e+01
      vertex   1.722455e+02 -5.200000e+00 -2.304609e+01
    endloop
  endfacet
  facet normal 0.000000e+00 -1.000000e+00 0.000000e+00
    outer loop
      vertex   1.722455e+02 -5.200000e+00 -2.304609e+01
      vertex   1.724000e+02 -5.200000e+00 -2.170000e+01
      vertex   1.719600e+02 -5.200000e+00 -2.164207e+01
    endloop
  endfacet
  facet normal 0.000000e+00 -1.000000e+00 0.000000e+00
    outer loop
      vertex   1.722455e+02 -5.200000e+00 -2.304609e+01
      vertex   1.719600e+02 -5.200000e+00 -2.164207e+01
      vertex   1.716355e+02 -5.200000e+00 -2.295264e+01
    endloop
  endfacet
  facet normal 0.000000e+00 -1.000000e+00 0.000000e+00
    outer loop
      vertex   1.716355e+02 -5.200000e+00 -2.295264e+01
      vertex   1.719600e+02 -5.200000e+00 -2.164207e+01
      vertex   1.710568e+02 -5.200000e+00 -2.273830e+01
    endloop
  endfacet
  facet normal 0.000000e+00 -1.000000e+00 0.000000e+00
    outer loop
      vertex   1.710568e+02 -5.200000e+00 -2.273830e+01
      vertex   1.719600e+02 -5.200000e+00 -2.164207e+01
      vertex   1.715500e+02 -5.200000e+00 -2.147224e+01
    endloop
  endfacet
  facet normal 0.000000e+00 -1.000000e+00 0.000000e+00
    outer loop
      vertex   1.710568e+02 -5.200000e+00 -2.273830e+01
      vertex   1.715500e+02 -5.200000e+00 -2.147224e+01
      vertex   1.705331e+02 -5.200000e+00 -2.241187e+01
    endloop
  endfacet
  facet normal 0.000000e+00 -1.000000e+00 0.000000e+00
    outer loop
      vertex   1.705331e+02 -5.200000e+00 -2.241187e+01
      vertex   1.715500e+02 -5.200000e+00 -2.147224e+01
      vertex   1.711979e+02 -5.200000e+00 -2.120208e+01
    endloop
  endfacet
  facet normal 0.000000e+00 -1.000000e+00 0.000000e+00
    outer loop
      vertex   1.705331e+02 -5.200000e+00 -2.241187e+01
      vertex   1.711979e+02 -5.200000e+00 -2.120208e+01
      vertex   1.700858e+02 -5.200000e+00 -2.198669e+01
    endloop
  endfacet
  facet normal 0.000000e+00 -1.000000e+00 0.000000e+00
    outer loop
      vertex   1.700858e+02 -5.200000e+00 -2.198669e+01
      vertex   1.711979e+02 -5.200000e+00 -2.120208e+01
      vertex   1.709278e+02 -5.200000e+00 -2.085000e+01
    endloop
  endfacet
  facet normal 0.000000e+00 -1.000000e+00 0.000000e+00
    outer loop
      vertex   1.700858e+02 -5.200000e+00 -2.198669e+01
      vertex   1.709278e+02 -5.200000e+00 -2.085000e+01
      vertex   1.697332e+02 -5.200000e+00 -2.148017e+01
    endloop
  endfacet
  facet normal 0.000000e+00 -1.000000e+00 0.000000e+00
    outer loop
      vertex   1.697332e+02 -5.200000e+00 -2.148017e+01
      vertex   1.709278e+02 -5.200000e+00 -2.085000e+01
      vertex   1.694899e+02 -5.200000e+00 -2.091306e+01
    endloop
  endfacet
  facet normal 0.000000e+00 -1.000000e+00 0.000000e+00
    outer loop
      vertex   1.694899e+02 -5.200000e+00 -2.091306e+01
      vertex   1.709278e+02 -5.200000e+00 -2.085000e+01
      vertex   1.707579e+02 -5.200000e+00 -2.043999e+01
    endloop
  endfacet
  facet normal 0.000000e+00 -1.000000e+00 0.000000e+00
    outer loop
      vertex   1.694899e+02 -5.200000e+00 -2.091306e+01
      vertex   1.707579e+02 -5.200000e+00 -2.043999e+01
      vertex   1.693656e+02 -5.200000e+00 -2.030856e+01
    endloop
  endfacet
  facet normal 0.000000e+00 -1.000000e+00 0.000000e+00
    outer loop
      vertex   1.693656e+02 -5.200000e+00 -2.030856e+01
      vertex   1.707579e+02 -5.200000e+00 -2.043999e+01
      vertex   1.707000e+02 -5.200000e+00 -2.000000e+01
    endloop
  endfacet
  facet normal 0.000000e+00 -1.000000e+00 0.000000e+00
    outer loop
      vertex   1.693656e+02 -5.200000e+00 -2.030856e+01
      vertex   1.707000e+02 -5.200000e+00 -2.000000e+01
      vertex   1.693656e+02 -5.200000e+00 -1.969144e+01
    endloop
  endfacet
  facet normal 0.000000e+00 -1.000000e+00 0.000000e+00
    outer loop
      vertex   1.693656e+02 -5.200000e+00 -1.969144e+01
      vertex   1.707000e+02 -5.200000e+00 -2.000000e+01
      vertex   1.707579e+02 -5.200000e+00 -1.956001e+01
    endloop
  endfacet
  facet normal 0.000000e+00 -1.000000e+00 0.000000e+00
    outer loop
      vertex   1.693656e+02 -5.200000e+00 -1.969144e+01
      vertex   1.707579e+02 -5.200000e+00 -1.956001e+01
      vertex   1.694899e+02 -5.200000e+00 -1.908694e+01
    endloop
  endfacet
  facet normal 0.000000e+00 -1.000000e+00 0.000000e+00
    outer loop
      vertex   1.694899e+02 -5.200000e+00 -1.908694e+01
      vertex   1.707579e+02 -5.200000e+00 -1.956001e+01
      vertex   1.709278e+02 -5.200000e+00 -1.915000e+01
    endloop
  endfacet
  facet normal 0.000000e+00 -1.000000e+00 0.000000e+00
    outer loop
      vertex   1.694899e+02 -5.200000e+00 -1.908694e+01
      vertex   1.709278e+02 -5.200000e+00 -1.915000e+01
      vertex   1.697332e+02 -5.200000e+00 -1.851983e+01
    endloop
  endfacet
  facet normal 0.000000e+00 -1.000000e+00 0.000000e+00
    outer loop
      vertex   1.697332e+02 -5.200000e+00 -1.851983e+01
      vertex   1.709278e+02 -5.200000e+00 -1.915000e+01
      vertex   1.700858e+02 -5.200000e+00 -1.801331e+01
    endloop
  endfacet
  facet normal 0.000000e+00 -1.000000e+00 0.000000e+00
    outer loop
      vertex   1.700858e+02 -5.200000e+00 -1.801331e+01
      vertex   1.709278e+02 -5.200000e+00 -1.915000e+01
      vertex   1.711979e+02 -5.200000e+00 -1.879792e+01
    endloop
  endfacet
  facet normal 0.000000e+00 -1.000000e+00 0.000000e+00
    outer loop
      vertex   1.700858e+02 -5.200000e+00 -1.801331e+01
      vertex   1.711979e+02 -5.200000e+00 -1.879792e+01
      vertex   1.705331e+02 -5.200000e+00 -1.758813e+01
    endloop
  endfacet
  facet normal 0.000000e+00 -1.000000e+00 0.000000e+00
    outer loop
      vertex   1.705331e+02 -5.200000e+00 -1.758813e+01
      vertex   1.711979e+02 -5.200000e+00 -1.879792e+01
      vertex   1.715500e+02 -5.200000e+00 -1.852776e+01
    endloop
  endfacet
  facet normal 0.000000e+00 -1.000000e+00 0.000000e+00
    outer loop
      vertex   1.705331e+02 -5.200000e+00 -1.758813e+01
      vertex   1.715500e+02 -5.200000e+00 -1.852776e+01
      vertex   1.710568e+02 -5.200000e+00 -1.726170e+01
    endloop
  endfacet
  facet normal 0.000000e+00 -1.000000e+00 0.000000e+00
    outer loop
      vertex   1.710568e+02 -5.200000e+00 -1.726170e+01
      vertex   1.715500e+02 -5.200000e+00 -1.852776e+01
      vertex   1.719600e+02 -5.200000e+00 -1.835793e+01
    endloop
  endfacet
  facet normal 0.000000e+00 -1.000000e+00 0.000000e+00
    outer loop
      vertex   1.710568e+02 -5.200000e+00 -1.726170e+01
      vertex   1.719600e+02 -5.200000e+00 -1.835793e+01
      vertex   1.716355e+02 -5.200000e+00 -1.704736e+01
    endloop
  endfacet
  facet normal 0.000000e+00 -1.000000e+00 0.000000e+00
    outer loop
      vertex   1.716355e+02 -5.200000e+00 -1.704736e+01
      vertex   1.719600e+02 -5.200000e+00 -1.835793e+01
      vertex   1.722455e+02 -5.200000e+00 -1.695391e+01
    endloop
  endfacet
  facet normal 0.000000e+00 -1.000000e+00 -0.000000e+00
    outer loop
      vertex   1.722455e+02 -5.200000e+00 -1.695391e+01
      vertex   1.719600e+02 -5.200000e+00 -1.835793e+01
      vertex   1.724000e+02 -5.200000e+00 -1.830000e+01
    endloop
  endfacet
  facet normal 0.000000e+00 -1.000000e+00 0.000000e+00
    outer loop
      vertex   1.722455e+02 -5.200000e+00 -1.695391e+01
      vertex   1.724000e+02 -5.200000e+00 -1.830000e+01
      vertex   1.728619e+02 -5.200000e+00 -1.698517e+01
    endloop
  endfacet
  facet normal 0.000000e+00 -1.000000e+00 0.000000e+00
    outer loop
      vertex   1.728619e+02 -5.200000e+00 -1.698517e+01
      vertex   1.724000e+02 -5.200000e+00 -1.830000e+01
      vertex   1.728400e+02 -5.200000e+00 -1.835793e+01
    endloop
  endfacet
  facet normal 0.000000e+00 -1.000000e+00 -0.000000e+00
    outer loop
      vertex   1.728619e+02 -5.200000e+00 -1.698517e+01
      vertex   1.728400e+02 -5.200000e+00 -1.835793e+01
      vertex   1.734593e+02 -5.200000e+00 -1.713986e+01
    endloop
  endfacet
  facet normal 0.000000e+00 -1.000000e+00 0.000000e+00
    outer loop
      vertex   1.734593e+02 -5.200000e+00 -1.713986e+01
      vertex   1.728400e+02 -5.200000e+00 -1.835793e+01
      vertex   1.732500e+02 -5.200000e+00 -1.852776e+01
    endloop
  endfacet
  facet normal 0.000000e+00 -1.000000e+00 -0.000000e+00
    outer loop
      vertex   1.734593e+02 -5.200000e+00 -1.713986e+01
      vertex   1.732500e+02 -5.200000e+00 -1.852776e+01
      vertex   1.740133e+02 -5.200000e+00 -1.741164e+01
    endloop
  endfacet
  facet normal 0.000000e+00 -1.000000e+00 0.000000e+00
    outer loop
      vertex   1.740133e+02 -5.200000e+00 -1.741164e+01
      vertex   1.732500e+02 -5.200000e+00 -1.852776e+01
      vertex   1.736021e+02 -5.200000e+00 -1.879792e+01
    endloop
  endfacet
  facet normal 0.000000e+00 -1.000000e+00 -0.000000e+00
    outer loop
      vertex   1.740133e+02 -5.200000e+00 -1.741164e+01
      vertex   1.736021e+02 -5.200000e+00 -1.879792e+01
      vertex   1.745013e+02 -5.200000e+00 -1.778938e+01
    endloop
  endfacet
  facet normal 0.000000e+00 -1.000000e+00 -0.000000e+00
    outer loop
      vertex   1.745013e+02 -5.200000e+00 -1.778938e+01
      vertex   1.736021e+02 -5.200000e+00 -1.879792e+01
      vertex   1.749033e+02 -5.200000e+00 -1.825763e+01
    endloop
  endfacet
  facet normal 0.000000e+00 -1.000000e+00 0.000000e+00
    outer loop
      vertex   1.749033e+02 -5.200000e+00 -1.825763e+01
      vertex   1.736021e+02 -5.200000e+00 -1.879792e+01
      vertex   1.738722e+02 -5.200000e+00 -1.915000e+01
    endloop
  endfacet
  facet normal 0.000000e+00 -1.000000e+00 -0.000000e+00
    outer loop
      vertex   1.749033e+02 -5.200000e+00 -1.825763e+01
      vertex   1.738722e+02 -5.200000e+00 -1.915000e+01
      vertex   1.752028e+02 -5.200000e+00 -1.879721e+01
    endloop
  endfacet
  facet normal 0.000000e+00 -1.000000e+00 0.000000e+00
    outer loop
      vertex   1.752028e+02 -5.200000e+00 -1.879721e+01
      vertex   1.738722e+02 -5.200000e+00 -1.915000e+01
      vertex   1.740421e+02 -5.200000e+00 -1.956001e+01
    endloop
  endfacet
  facet normal 0.000000e+00 -1.000000e+00 -0.000000e+00
    outer loop
      vertex   1.752028e+02 -5.200000e+00 -1.879721e+01
      vertex   1.740421e+02 -5.200000e+00 -1.956001e+01
      vertex   1.753876e+02 -5.200000e+00 -1.938604e+01
    endloop
  endfacet
  facet normal 0.000000e+00 -1.000000e+00 0.000000e+00
    outer loop
      vertex   1.753876e+02 -5.200000e+00 -1.938604e+01
      vertex   1.740421e+02 -5.200000e+00 -1.956001e+01
      vertex   1.741000e+02 -5.200000e+00 -2.000000e+01
    endloop
  endfacet
  facet normal 0.000000e+00 -1.000000e+00 0.000000e+00
    outer loop
      vertex   1.340421e+02 -5.200000e+00 -4.043999e+01
      vertex   1.353876e+02 -5.200000e+00 -4.061396e+01
      vertex   1.341000e+02 -5.200000e+00 -4.000000e+01
    endloop
  endfacet
  facet normal 0.000000e+00 -1.000000e+00 0.000000e+00
    outer loop
      vertex   1.341000e+02 -5.200000e+00 -4.000000e+01
      vertex   1.353876e+02 -5.200000e+00 -4.061396e+01
      vertex   1.354500e+02 -5.200000e+00 -4.000000e+01
    endloop
  endfacet
  facet normal 0.000000e+00 -1.000000e+00 0.000000e+00
    outer loop
      vertex   1.341000e+02 -5.200000e+00 -4.000000e+01
      vertex   1.354500e+02 -5.200000e+00 -4.000000e+01
      vertex   1.353876e+02 -5.200000e+00 -3.938604e+01
    endloop
  endfacet
  facet normal -0.000000e+00 -1.000000e+00 0.000000e+00
    outer loop
      vertex   1.353876e+02 -5.200000e+00 -4.061396e+01
      vertex   1.340421e+02 -5.200000e+00 -4.043999e+01
      vertex   1.352028e+02 -5.200000e+00 -4.120279e+01
    endloop
  endfacet
  facet normal 0.000000e+00 -1.000000e+00 0.000000e+00
    outer loop
      vertex   1.352028e+02 -5.200000e+00 -4.120279e+01
      vertex   1.340421e+02 -5.200000e+00 -4.043999e+01
      vertex   1.338722e+02 -5.200000e+00 -4.085000e+01
    endloop
  endfacet
  facet normal -0.000000e+00 -1.000000e+00 0.000000e+00
    outer loop
      vertex   1.352028e+02 -5.200000e+00 -4.120279e+01
      vertex   1.338722e+02 -5.200000e+00 -4.085000e+01
      vertex   1.349033e+02 -5.200000e+00 -4.174237e+01
    endloop
  endfacet
  facet normal 0.000000e+00 -1.000000e+00 0.000000e+00
    outer loop
      vertex   1.349033e+02 -5.200000e+00 -4.174237e+01
      vertex   1.338722e+02 -5.200000e+00 -4.085000e+01
      vertex   1.336021e+02 -5.200000e+00 -4.120208e+01
    endloop
  endfacet
  facet normal -0.000000e+00 -1.000000e+00 0.000000e+00
    outer loop
      vertex   1.349033e+02 -5.200000e+00 -4.174237e+01
      vertex   1.336021e+02 -5.200000e+00 -4.120208e+01
      vertex   1.345013e+02 -5.200000e+00 -4.221062e+01
    endloop
  endfacet
  facet normal -0.000000e+00 -1.000000e+00 0.000000e+00
    outer loop
      vertex   1.345013e+02 -5.200000e+00 -4.221062e+01
      vertex   1.336021e+02 -5.200000e+00 -4.120208e+01
      vertex   1.340133e+02 -5.200000e+00 -4.258836e+01
    endloop
  endfacet
  facet normal 0.000000e+00 -1.000000e+00 0.000000e+00
    outer loop
      vertex   1.340133e+02 -5.200000e+00 -4.258836e+01
      vertex   1.336021e+02 -5.200000e+00 -4.120208e+01
      vertex   1.332500e+02 -5.200000e+00 -4.147224e+01
    endloop
  endfacet
  facet normal -0.000000e+00 -1.000000e+00 0.000000e+00
    outer loop
      vertex   1.340133e+02 -5.200000e+00 -4.258836e+01
      vertex   1.332500e+02 -5.200000e+00 -4.147224e+01
      vertex   1.334593e+02 -5.200000e+00 -4.286014e+01
    endloop
  endfacet
  facet normal 0.000000e+00 -1.000000e+00 0.000000e+00
    outer loop
      vertex   1.334593e+02 -5.200000e+00 -4.286014e+01
      vertex   1.332500e+02 -5.200000e+00 -4.147224e+01
      vertex   1.328400e+02 -5.200000e+00 -4.164207e+01
    endloop
  endfacet
  facet normal -0.000000e+00 -1.000000e+00 0.000000e+00
    outer loop
      vertex   1.334593e+02 -5.200000e+00 -4.286014e+01
      vertex   1.328400e+02 -5.200000e+00 -4.164207e+01
      vertex   1.328619e+02 -5.200000e+00 -4.301483e+01
    endloop
  endfacet
  facet normal 0.000000e+00 -1.000000e+00 0.000000e+00
    outer loop
      vertex   1.328619e+02 -5.200000e+00 -4.301483e+01
      vertex   1.328400e+02 -5.200000e+00 -4.164207e+01
      vertex   1.324000e+02 -5.200000e+00 -4.170000e+01
    endloop
  endfacet
  facet normal -0.000000e+00 -1.000000e+00 0.000000e+00
    outer loop
      vertex   1.328619e+02 -5.200000e+00 -4.301483e+01
      vertex   1.324000e+02 -5.200000e+00 -4.170000e+01
      vertex   1.322455e+02 -5.200000e+00 -4.304609e+01
    endloop
  endfacet
  facet normal 0.000000e+00 -1.000000e+00 0.000000e+00
    outer loop
      vertex   1.322455e+02 -5.200000e+00 -4.304609e+01
      vertex   1.324000e+02 -5.200000e+00 -4.170000e+01
      vertex   1.319600e+02 -5.200000e+00 -4.164207e+01
    endloop
  endfacet
  facet normal 0.000000e+00 -1.000000e+00 0.000000e+00
    outer loop
      vertex   1.322455e+02 -5.200000e+00 -4.304609e+01
      vertex   1.319600e+02 -5.200000e+00 -4.164207e+01
      vertex   1.316355e+02 -5.200000e+00 -4.295264e+01
    endloop
  endfacet
  facet normal 0.000000e+00 -1.000000e+00 0.000000e+00
    outer loop
      vertex   1.316355e+02 -5.200000e+00 -4.295264e+01
      vertex   1.319600e+02 -5.200000e+00 -4.164207e+01
      vertex   1.310568e+02 -5.200000e+00 -4.273830e+01
    endloop
  endfacet
  facet normal 0.000000e+00 -1.000000e+00 0.000000e+00
    outer loop
      vertex   1.310568e+02 -5.200000e+00 -4.273830e+01
      vertex   1.319600e+02 -5.200000e+00 -4.164207e+01
      vertex   1.315500e+02 -5.200000e+00 -4.147224e+01
    endloop
  endfacet
  facet normal 0.000000e+00 -1.000000e+00 0.000000e+00
    outer loop
      vertex   1.310568e+02 -5.200000e+00 -4.273830e+01
      vertex   1.315500e+02 -5.200000e+00 -4.147224e+01
      vertex   1.305331e+02 -5.200000e+00 -4.241187e+01
    endloop
  endfacet
  facet normal 0.000000e+00 -1.000000e+00 0.000000e+00
    outer loop
      vertex   1.305331e+02 -5.200000e+00 -4.241187e+01
      vertex   1.315500e+02 -5.200000e+00 -4.147224e+01
      vertex   1.311979e+02 -5.200000e+00 -4.120208e+01
    endloop
  endfacet
  facet normal 0.000000e+00 -1.000000e+00 0.000000e+00
    outer loop
      vertex   1.305331e+02 -5.200000e+00 -4.241187e+01
      vertex   1.311979e+02 -5.200000e+00 -4.120208e+01
      vertex   1.300858e+02 -5.200000e+00 -4.198669e+01
    endloop
  endfacet
  facet normal 0.000000e+00 -1.000000e+00 0.000000e+00
    outer loop
      vertex   1.300858e+02 -5.200000e+00 -4.198669e+01
      vertex   1.311979e+02 -5.200000e+00 -4.120208e+01
      vertex   1.309278e+02 -5.200000e+00 -4.085000e+01
    endloop
  endfacet
  facet normal 0.000000e+00 -1.000000e+00 0.000000e+00
    outer loop
      vertex   1.300858e+02 -5.200000e+00 -4.198669e+01
      vertex   1.309278e+02 -5.200000e+00 -4.085000e+01
      vertex   1.297332e+02 -5.200000e+00 -4.148017e+01
    endloop
  endfacet
  facet normal 0.000000e+00 -1.000000e+00 0.000000e+00
    outer loop
      vertex   1.297332e+02 -5.200000e+00 -4.148017e+01
      vertex   1.309278e+02 -5.200000e+00 -4.085000e+01
      vertex   1.294899e+02 -5.200000e+00 -4.091306e+01
    endloop
  endfacet
  facet normal 0.000000e+00 -1.000000e+00 0.000000e+00
    outer loop
      vertex   1.294899e+02 -5.200000e+00 -4.091306e+01
      vertex   1.309278e+02 -5.200000e+00 -4.085000e+01
      vertex   1.307579e+02 -5.200000e+00 -4.043999e+01
    endloop
  endfacet
  facet normal 0.000000e+00 -1.000000e+00 0.000000e+00
    outer loop
      vertex   1.294899e+02 -5.200000e+00 -4.091306e+01
      vertex   1.307579e+02 -5.200000e+00 -4.043999e+01
      vertex   1.293656e+02 -5.200000e+00 -4.030856e+01
    endloop
  endfacet
  facet normal 0.000000e+00 -1.000000e+00 0.000000e+00
    outer loop
      vertex   1.293656e+02 -5.200000e+00 -4.030856e+01
      vertex   1.307579e+02 -5.200000e+00 -4.043999e+01
      vertex   1.307000e+02 -5.200000e+00 -4.000000e+01
    endloop
  endfacet
  facet normal 0.000000e+00 -1.000000e+00 0.000000e+00
    outer loop
      vertex   1.293656e+02 -5.200000e+00 -4.030856e+01
      vertex   1.307000e+02 -5.200000e+00 -4.000000e+01
      vertex   1.293656e+02 -5.200000e+00 -3.969144e+01
    endloop
  endfacet
  facet normal 0.000000e+00 -1.000000e+00 0.000000e+00
    outer loop
      vertex   1.293656e+02 -5.200000e+00 -3.969144e+01
      vertex   1.307000e+02 -5.200000e+00 -4.000000e+01
      vertex   1.307579e+02 -5.200000e+00 -3.956001e+01
    endloop
  endfacet
  facet normal 0.000000e+00 -1.000000e+00 0.000000e+00
    outer loop
      vertex   1.293656e+02 -5.200000e+00 -3.969144e+01
      vertex   1.307579e+02 -5.200000e+00 -3.956001e+01
      vertex   1.294899e+02 -5.200000e+00 -3.908694e+01
    endloop
  endfacet
  facet normal 0.000000e+00 -1.000000e+00 0.000000e+00
    outer loop
      vertex   1.294899e+02 -5.200000e+00 -3.908694e+01
      vertex   1.307579e+02 -5.200000e+00 -3.956001e+01
      vertex   1.309278e+02 -5.200000e+00 -3.915000e+01
    endloop
  endfacet
  facet normal 0.000000e+00 -1.000000e+00 0.000000e+00
    outer loop
      vertex   1.294899e+02 -5.200000e+00 -3.908694e+01
      vertex   1.309278e+02 -5.200000e+00 -3.915000e+01
      vertex   1.297332e+02 -5.200000e+00 -3.851983e+01
    endloop
  endfacet
  facet normal 0.000000e+00 -1.000000e+00 0.000000e+00
    outer loop
      vertex   1.297332e+02 -5.200000e+00 -3.851983e+01
      vertex   1.309278e+02 -5.200000e+00 -3.915000e+01
      vertex   1.300858e+02 -5.200000e+00 -3.801331e+01
    endloop
  endfacet
  facet normal 0.000000e+00 -1.000000e+00 0.000000e+00
    outer loop
      vertex   1.300858e+02 -5.200000e+00 -3.801331e+01
      vertex   1.309278e+02 -5.200000e+00 -3.915000e+01
      vertex   1.311979e+02 -5.200000e+00 -3.879792e+01
    endloop
  endfacet
  facet normal 0.000000e+00 -1.000000e+00 0.000000e+00
    outer loop
      vertex   1.300858e+02 -5.200000e+00 -3.801331e+01
      vertex   1.311979e+02 -5.200000e+00 -3.879792e+01
      vertex   1.305331e+02 -5.200000e+00 -3.758813e+01
    endloop
  endfacet
  facet normal 0.000000e+00 -1.000000e+00 0.000000e+00
    outer loop
      vertex   1.305331e+02 -5.200000e+00 -3.758813e+01
      vertex   1.311979e+02 -5.200000e+00 -3.879792e+01
      vertex   1.315500e+02 -5.200000e+00 -3.852776e+01
    endloop
  endfacet
  facet normal 0.000000e+00 -1.000000e+00 0.000000e+00
    outer loop
      vertex   1.305331e+02 -5.200000e+00 -3.758813e+01
      vertex   1.315500e+02 -5.200000e+00 -3.852776e+01
      vertex   1.310568e+02 -5.200000e+00 -3.726170e+01
    endloop
  endfacet
  facet normal 0.000000e+00 -1.000000e+00 0.000000e+00
    outer loop
      vertex   1.310568e+02 -5.200000e+00 -3.726170e+01
      vertex   1.315500e+02 -5.200000e+00 -3.852776e+01
      vertex   1.319600e+02 -5.200000e+00 -3.835793e+01
    endloop
  endfacet
  facet normal 0.000000e+00 -1.000000e+00 0.000000e+00
    outer loop
      vertex   1.310568e+02 -5.200000e+00 -3.726170e+01
      vertex   1.319600e+02 -5.200000e+00 -3.835793e+01
      vertex   1.316355e+02 -5.200000e+00 -3.704736e+01
    endloop
  endfacet
  facet normal 0.000000e+00 -1.000000e+00 0.000000e+00
    outer loop
      vertex   1.316355e+02 -5.200000e+00 -3.704736e+01
      vertex   1.319600e+02 -5.200000e+00 -3.835793e+01
      vertex   1.322455e+02 -5.200000e+00 -3.695391e+01
    endloop
  endfacet
  facet normal 0.000000e+00 -1.000000e+00 -0.000000e+00
    outer loop
      vertex   1.322455e+02 -5.200000e+00 -3.695391e+01
      vertex   1.319600e+02 -5.200000e+00 -3.835793e+01
      vertex   1.324000e+02 -5.200000e+00 -3.830000e+01
    endloop
  endfacet
  facet normal 0.000000e+00 -1.000000e+00 0.000000e+00
    outer loop
      vertex   1.322455e+02 -5.200000e+00 -3.695391e+01
      vertex   1.324000e+02 -5.200000e+00 -3.830000e+01
      vertex   1.328619e+02 -5.200000e+00 -3.698517e+01
    endloop
  endfacet
  facet normal 0.000000e+00 -1.000000e+00 0.000000e+00
    outer loop
      vertex   1.328619e+02 -5.200000e+00 -3.698517e+01
      vertex   1.324000e+02 -5.200000e+00 -3.830000e+01
      vertex   1.328400e+02 -5.200000e+00 -3.835793e+01
    endloop
  endfacet
  facet normal 0.000000e+00 -1.000000e+00 -0.000000e+00
    outer loop
      vertex   1.328619e+02 -5.200000e+00 -3.698517e+01
      vertex   1.328400e+02 -5.200000e+00 -3.835793e+01
      vertex   1.334593e+02 -5.200000e+00 -3.713986e+01
    endloop
  endfacet
  facet normal 0.000000e+00 -1.000000e+00 0.000000e+00
    outer loop
      vertex   1.334593e+02 -5.200000e+00 -3.713986e+01
      vertex   1.328400e+02 -5.200000e+00 -3.835793e+01
      vertex   1.332500e+02 -5.200000e+00 -3.852776e+01
    endloop
  endfacet
  facet normal 0.000000e+00 -1.000000e+00 -0.000000e+00
    outer loop
      vertex   1.334593e+02 -5.200000e+00 -3.713986e+01
      vertex   1.332500e+02 -5.200000e+00 -3.852776e+01
      vertex   1.340133e+02 -5.200000e+00 -3.741164e+01
    endloop
  endfacet
  facet normal 0.000000e+00 -1.000000e+00 0.000000e+00
    outer loop
      vertex   1.340133e+02 -5.200000e+00 -3.741164e+01
      vertex   1.332500e+02 -5.200000e+00 -3.852776e+01
      vertex   1.336021e+02 -5.200000e+00 -3.879792e+01
    endloop
  endfacet
  facet normal 0.000000e+00 -1.000000e+00 -0.000000e+00
    outer loop
      vertex   1.340133e+02 -5.200000e+00 -3.741164e+01
      vertex   1.336021e+02 -5.200000e+00 -3.879792e+01
      vertex   1.345013e+02 -5.200000e+00 -3.778938e+01
    endloop
  endfacet
  facet normal 0.000000e+00 -1.000000e+00 -0.000000e+00
    outer loop
      vertex   1.345013e+02 -5.200000e+00 -3.778938e+01
      vertex   1.336021e+02 -5.200000e+00 -3.879792e+01
      vertex   1.349033e+02 -5.200000e+00 -3.825763e+01
    endloop
  endfacet
  facet normal 0.000000e+00 -1.000000e+00 0.000000e+00
    outer loop
      vertex   1.349033e+02 -5.200000e+00 -3.825763e+01
      vertex   1.336021e+02 -5.200000e+00 -3.879792e+01
      vertex   1.338722e+02 -5.200000e+00 -3.915000e+01
    endloop
  endfacet
  facet normal 0.000000e+00 -1.000000e+00 -0.000000e+00
    outer loop
      vertex   1.349033e+02 -5.200000e+00 -3.825763e+01
      vertex   1.338722e+02 -5.200000e+00 -3.915000e+01
      vertex   1.352028e+02 -5.200000e+00 -3.879721e+01
    endloop
  endfacet
  facet normal 0.000000e+00 -1.000000e+00 0.000000e+00
    outer loop
      vertex   1.352028e+02 -5.200000e+00 -3.879721e+01
      vertex   1.338722e+02 -5.200000e+00 -3.915000e+01
      vertex   1.340421e+02 -5.200000e+00 -3.956001e+01
    endloop
  endfacet
  facet normal 0.000000e+00 -1.000000e+00 -0.000000e+00
    outer loop
      vertex   1.352028e+02 -5.200000e+00 -3.879721e+01
      vertex   1.340421e+02 -5.200000e+00 -3.956001e+01
      vertex   1.353876e+02 -5.200000e+00 -3.938604e+01
    endloop
  endfacet
  facet normal 0.000000e+00 -1.000000e+00 0.000000e+00
    outer loop
      vertex   1.353876e+02 -5.200000e+00 -3.938604e+01
      vertex   1.340421e+02 -5.200000e+00 -3.956001e+01
      vertex   1.341000e+02 -5.200000e+00 -4.000000e+01
    endloop
  endfacet
  facet normal 0.000000e+00 -1.000000e+00 0.000000e+00
    outer loop
      vertex   1.940421e+02 -5.200000e+00 -4.043999e+01
      vertex   1.953876e+02 -5.200000e+00 -4.061396e+01
      vertex   1.941000e+02 -5.200000e+00 -4.000000e+01
    endloop
  endfacet
  facet normal 0.000000e+00 -1.000000e+00 0.000000e+00
    outer loop
      vertex   1.941000e+02 -5.200000e+00 -4.000000e+01
      vertex   1.953876e+02 -5.200000e+00 -4.061396e+01
      vertex   1.954500e+02 -5.200000e+00 -4.000000e+01
    endloop
  endfacet
  facet normal 0.000000e+00 -1.000000e+00 0.000000e+00
    outer loop
      vertex   1.941000e+02 -5.200000e+00 -4.000000e+01
      vertex   1.954500e+02 -5.200000e+00 -4.000000e+01
      vertex   1.953876e+02 -5.200000e+00 -3.938604e+01
    endloop
  endfacet
  facet normal -0.000000e+00 -1.000000e+00 0.000000e+00
    outer loop
      vertex   1.953876e+02 -5.200000e+00 -4.061396e+01
      vertex   1.940421e+02 -5.200000e+00 -4.043999e+01
      vertex   1.952028e+02 -5.200000e+00 -4.120279e+01
    endloop
  endfacet
  facet normal 0.000000e+00 -1.000000e+00 0.000000e+00
    outer loop
      vertex   1.952028e+02 -5.200000e+00 -4.120279e+01
      vertex   1.940421e+02 -5.200000e+00 -4.043999e+01
      vertex   1.938722e+02 -5.200000e+00 -4.085000e+01
    endloop
  endfacet
  facet normal -0.000000e+00 -1.000000e+00 0.000000e+00
    outer loop
      vertex   1.952028e+02 -5.200000e+00 -4.120279e+01
      vertex   1.938722e+02 -5.200000e+00 -4.085000e+01
      vertex   1.949033e+02 -5.200000e+00 -4.174237e+01
    endloop
  endfacet
  facet normal 0.000000e+00 -1.000000e+00 0.000000e+00
    outer loop
      vertex   1.949033e+02 -5.200000e+00 -4.174237e+01
      vertex   1.938722e+02 -5.200000e+00 -4.085000e+01
      vertex   1.936021e+02 -5.200000e+00 -4.120208e+01
    endloop
  endfacet
  facet normal -0.000000e+00 -1.000000e+00 0.000000e+00
    outer loop
      vertex   1.949033e+02 -5.200000e+00 -4.174237e+01
      vertex   1.936021e+02 -5.200000e+00 -4.120208e+01
      vertex   1.945013e+02 -5.200000e+00 -4.221062e+01
    endloop
  endfacet
  facet normal -0.000000e+00 -1.000000e+00 0.000000e+00
    outer loop
      vertex   1.945013e+02 -5.200000e+00 -4.221062e+01
      vertex   1.936021e+02 -5.200000e+00 -4.120208e+01
      vertex   1.940133e+02 -5.200000e+00 -4.258836e+01
    endloop
  endfacet
  facet normal 0.000000e+00 -1.000000e+00 0.000000e+00
    outer loop
      vertex   1.940133e+02 -5.200000e+00 -4.258836e+01
      vertex   1.936021e+02 -5.200000e+00 -4.120208e+01
      vertex   1.932500e+02 -5.200000e+00 -4.147224e+01
    endloop
  endfacet
  facet normal -0.000000e+00 -1.000000e+00 0.000000e+00
    outer loop
      vertex   1.940133e+02 -5.200000e+00 -4.258836e+01
      vertex   1.932500e+02 -5.200000e+00 -4.147224e+01
      vertex   1.934593e+02 -5.200000e+00 -4.286014e+01
    endloop
  endfacet
  facet normal 0.000000e+00 -1.000000e+00 0.000000e+00
    outer loop
      vertex   1.934593e+02 -5.200000e+00 -4.286014e+01
      vertex   1.932500e+02 -5.200000e+00 -4.147224e+01
      vertex   1.928400e+02 -5.200000e+00 -4.164207e+01
    endloop
  endfacet
  facet normal -0.000000e+00 -1.000000e+00 0.000000e+00
    outer loop
      vertex   1.934593e+02 -5.200000e+00 -4.286014e+01
      vertex   1.928400e+02 -5.200000e+00 -4.164207e+01
      vertex   1.928619e+02 -5.200000e+00 -4.301483e+01
    endloop
  endfacet
  facet normal 0.000000e+00 -1.000000e+00 0.000000e+00
    outer loop
      vertex   1.928619e+02 -5.200000e+00 -4.301483e+01
      vertex   1.928400e+02 -5.200000e+00 -4.164207e+01
      vertex   1.924000e+02 -5.200000e+00 -4.170000e+01
    endloop
  endfacet
  facet normal -0.000000e+00 -1.000000e+00 0.000000e+00
    outer loop
      vertex   1.928619e+02 -5.200000e+00 -4.301483e+01
      vertex   1.924000e+02 -5.200000e+00 -4.170000e+01
      vertex   1.922455e+02 -5.200000e+00 -4.304609e+01
    endloop
  endfacet
  facet normal 0.000000e+00 -1.000000e+00 0.000000e+00
    outer loop
      vertex   1.922455e+02 -5.200000e+00 -4.304609e+01
      vertex   1.924000e+02 -5.200000e+00 -4.170000e+01
      vertex   1.919600e+02 -5.200000e+00 -4.164207e+01
    endloop
  endfacet
  facet normal 0.000000e+00 -1.000000e+00 0.000000e+00
    outer loop
      vertex   1.922455e+02 -5.200000e+00 -4.304609e+01
      vertex   1.919600e+02 -5.200000e+00 -4.164207e+01
      vertex   1.916355e+02 -5.200000e+00 -4.295264e+01
    endloop
  endfacet
  facet normal 0.000000e+00 -1.000000e+00 0.000000e+00
    outer loop
      vertex   1.916355e+02 -5.200000e+00 -4.295264e+01
      vertex   1.919600e+02 -5.200000e+00 -4.164207e+01
      vertex   1.910568e+02 -5.200000e+00 -4.273830e+01
    endloop
  endfacet
  facet normal 0.000000e+00 -1.000000e+00 0.000000e+00
    outer loop
      vertex   1.910568e+02 -5.200000e+00 -4.273830e+01
      vertex   1.919600e+02 -5.200000e+00 -4.164207e+01
      vertex   1.915500e+02 -5.200000e+00 -4.147224e+01
    endloop
  endfacet
  facet normal 0.000000e+00 -1.000000e+00 0.000000e+00
    outer loop
      vertex   1.910568e+02 -5.200000e+00 -4.273830e+01
      vertex   1.915500e+02 -5.200000e+00 -4.147224e+01
      vertex   1.905331e+02 -5.200000e+00 -4.241187e+01
    endloop
  endfacet
  facet normal 0.000000e+00 -1.000000e+00 0.000000e+00
    outer loop
      vertex   1.905331e+02 -5.200000e+00 -4.241187e+01
      vertex   1.915500e+02 -5.200000e+00 -4.147224e+01
      vertex   1.911979e+02 -5.200000e+00 -4.120208e+01
    endloop
  endfacet
  facet normal 0.000000e+00 -1.000000e+00 0.000000e+00
    outer loop
      vertex   1.905331e+02 -5.200000e+00 -4.241187e+01
      vertex   1.911979e+02 -5.200000e+00 -4.120208e+01
      vertex   1.900858e+02 -5.200000e+00 -4.198669e+01
    endloop
  endfacet
  facet normal 0.000000e+00 -1.000000e+00 0.000000e+00
    outer loop
      vertex   1.900858e+02 -5.200000e+00 -4.198669e+01
      vertex   1.911979e+02 -5.200000e+00 -4.120208e+01
      vertex   1.909278e+02 -5.200000e+00 -4.085000e+01
    endloop
  endfacet
  facet normal 0.000000e+00 -1.000000e+00 0.000000e+00
    outer loop
      vertex   1.900858e+02 -5.200000e+00 -4.198669e+01
      vertex   1.909278e+02 -5.200000e+00 -4.085000e+01
      vertex   1.897332e+02 -5.200000e+00 -4.148017e+01
    endloop
  endfacet
  facet normal 0.000000e+00 -1.000000e+00 0.000000e+00
    outer loop
      vertex   1.897332e+02 -5.200000e+00 -4.148017e+01
      vertex   1.909278e+02 -5.200000e+00 -4.085000e+01
      vertex   1.894899e+02 -5.200000e+00 -4.091306e+01
    endloop
  endfacet
  facet normal 0.000000e+00 -1.000000e+00 0.000000e+00
    outer loop
      vertex   1.894899e+02 -5.200000e+00 -4.091306e+01
      vertex   1.909278e+02 -5.200000e+00 -4.085000e+01
      vertex   1.907579e+02 -5.200000e+00 -4.043999e+01
    endloop
  endfacet
  facet normal 0.000000e+00 -1.000000e+00 0.000000e+00
    outer loop
      vertex   1.894899e+02 -5.200000e+00 -4.091306e+01
      vertex   1.907579e+02 -5.200000e+00 -4.043999e+01
      vertex   1.893656e+02 -5.200000e+00 -4.030856e+01
    endloop
  endfacet
  facet normal 0.000000e+00 -1.000000e+00 0.000000e+00
    outer loop
      vertex   1.893656e+02 -5.200000e+00 -4.030856e+01
      vertex   1.907579e+02 -5.200000e+00 -4.043999e+01
      vertex   1.907000e+02 -5.200000e+00 -4.000000e+01
    endloop
  endfacet
  facet normal 0.000000e+00 -1.000000e+00 0.000000e+00
    outer loop
      vertex   1.893656e+02 -5.200000e+00 -4.030856e+01
      vertex   1.907000e+02 -5.200000e+00 -4.000000e+01
      vertex   1.893656e+02 -5.200000e+00 -3.969144e+01
    endloop
  endfacet
  facet normal 0.000000e+00 -1.000000e+00 0.000000e+00
    outer loop
      vertex   1.893656e+02 -5.200000e+00 -3.969144e+01
      vertex   1.907000e+02 -5.200000e+00 -4.000000e+01
      vertex   1.907579e+02 -5.200000e+00 -3.956001e+01
    endloop
  endfacet
  facet normal 0.000000e+00 -1.000000e+00 0.000000e+00
    outer loop
      vertex   1.893656e+02 -5.200000e+00 -3.969144e+01
      vertex   1.907579e+02 -5.200000e+00 -3.956001e+01
      vertex   1.894899e+02 -5.200000e+00 -3.908694e+01
    endloop
  endfacet
  facet normal 0.000000e+00 -1.000000e+00 0.000000e+00
    outer loop
      vertex   1.894899e+02 -5.200000e+00 -3.908694e+01
      vertex   1.907579e+02 -5.200000e+00 -3.956001e+01
      vertex   1.909278e+02 -5.200000e+00 -3.915000e+01
    endloop
  endfacet
  facet normal 0.000000e+00 -1.000000e+00 0.000000e+00
    outer loop
      vertex   1.894899e+02 -5.200000e+00 -3.908694e+01
      vertex   1.909278e+02 -5.200000e+00 -3.915000e+01
      vertex   1.897332e+02 -5.200000e+00 -3.851983e+01
    endloop
  endfacet
  facet normal 0.000000e+00 -1.000000e+00 0.000000e+00
    outer loop
      vertex   1.897332e+02 -5.200000e+00 -3.851983e+01
      vertex   1.909278e+02 -5.200000e+00 -3.915000e+01
      vertex   1.900858e+02 -5.200000e+00 -3.801331e+01
    endloop
  endfacet
  facet normal 0.000000e+00 -1.000000e+00 0.000000e+00
    outer loop
      vertex   1.900858e+02 -5.200000e+00 -3.801331e+01
      vertex   1.909278e+02 -5.200000e+00 -3.915000e+01
      vertex   1.911979e+02 -5.200000e+00 -3.879792e+01
    endloop
  endfacet
  facet normal 0.000000e+00 -1.000000e+00 0.000000e+00
    outer loop
      vertex   1.900858e+02 -5.200000e+00 -3.801331e+01
      vertex   1.911979e+02 -5.200000e+00 -3.879792e+01
      vertex   1.905331e+02 -5.200000e+00 -3.758813e+01
    endloop
  endfacet
  facet normal 0.000000e+00 -1.000000e+00 0.000000e+00
    outer loop
      vertex   1.905331e+02 -5.200000e+00 -3.758813e+01
      vertex   1.911979e+02 -5.200000e+00 -3.879792e+01
      vertex   1.915500e+02 -5.200000e+00 -3.852776e+01
    endloop
  endfacet
  facet normal 0.000000e+00 -1.000000e+00 0.000000e+00
    outer loop
      vertex   1.905331e+02 -5.200000e+00 -3.758813e+01
      vertex   1.915500e+02 -5.200000e+00 -3.852776e+01
      vertex   1.910568e+02 -5.200000e+00 -3.726170e+01
    endloop
  endfacet
  facet normal 0.000000e+00 -1.000000e+00 0.000000e+00
    outer loop
      vertex   1.910568e+02 -5.200000e+00 -3.726170e+01
      vertex   1.915500e+02 -5.200000e+00 -3.852776e+01
      vertex   1.919600e+02 -5.200000e+00 -3.835793e+01
    endloop
  endfacet
  facet normal 0.000000e+00 -1.000000e+00 0.000000e+00
    outer loop
      vertex   1.910568e+02 -5.200000e+00 -3.726170e+01
      vertex   1.919600e+02 -5.200000e+00 -3.835793e+01
      vertex   1.916355e+02 -5.200000e+00 -3.704736e+01
    endloop
  endfacet
  facet normal 0.000000e+00 -1.000000e+00 0.000000e+00
    outer loop
      vertex   1.916355e+02 -5.200000e+00 -3.704736e+01
      vertex   1.919600e+02 -5.200000e+00 -3.835793e+01
      vertex   1.922455e+02 -5.200000e+00 -3.695391e+01
    endloop
  endfacet
  facet normal 0.000000e+00 -1.000000e+00 -0.000000e+00
    outer loop
      vertex   1.922455e+02 -5.200000e+00 -3.695391e+01
      vertex   1.919600e+02 -5.200000e+00 -3.835793e+01
      vertex   1.924000e+02 -5.200000e+00 -3.830000e+01
    endloop
  endfacet
  facet normal 0.000000e+00 -1.000000e+00 0.000000e+00
    outer loop
      vertex   1.922455e+02 -5.200000e+00 -3.695391e+01
      vertex   1.924000e+02 -5.200000e+00 -3.830000e+01
      vertex   1.928619e+02 -5.200000e+00 -3.698517e+01
    endloop
  endfacet
  facet normal 0.000000e+00 -1.000000e+00 0.000000e+00
    outer loop
      vertex   1.928619e+02 -5.200000e+00 -3.698517e+01
      vertex   1.924000e+02 -5.200000e+00 -3.830000e+01
      vertex   1.928400e+02 -5.200000e+00 -3.835793e+01
    endloop
  endfacet
  facet normal 0.000000e+00 -1.000000e+00 -0.000000e+00
    outer loop
      vertex   1.928619e+02 -5.200000e+00 -3.698517e+01
      vertex   1.928400e+02 -5.200000e+00 -3.835793e+01
      vertex   1.934593e+02 -5.200000e+00 -3.713986e+01
    endloop
  endfacet
  facet normal 0.000000e+00 -1.000000e+00 0.000000e+00
    outer loop
      vertex   1.934593e+02 -5.200000e+00 -3.713986e+01
      vertex   1.928400e+02 -5.200000e+00 -3.835793e+01
      vertex   1.932500e+02 -5.200000e+00 -3.852776e+01
    endloop
  endfacet
  facet normal 0.000000e+00 -1.000000e+00 -0.000000e+00
    outer loop
      vertex   1.934593e+02 -5.200000e+00 -3.713986e+01
      vertex   1.932500e+02 -5.200000e+00 -3.852776e+01
      vertex   1.940133e+02 -5.200000e+00 -3.741164e+01
    endloop
  endfacet
  facet normal 0.000000e+00 -1.000000e+00 0.000000e+00
    outer loop
      vertex   1.940133e+02 -5.200000e+00 -3.741164e+01
      vertex   1.932500e+02 -5.200000e+00 -3.852776e+01
      vertex   1.936021e+02 -5.200000e+00 -3.879792e+01
    endloop
  endfacet
  facet normal 0.000000e+00 -1.000000e+00 -0.000000e+00
    outer loop
      vertex   1.940133e+02 -5.200000e+00 -3.741164e+01
      vertex   1.936021e+02 -5.200000e+00 -3.879792e+01
      vertex   1.945013e+02 -5.200000e+00 -3.778938e+01
    endloop
  endfacet
  facet normal 0.000000e+00 -1.000000e+00 -0.000000e+00
    outer loop
      vertex   1.945013e+02 -5.200000e+00 -3.778938e+01
      vertex   1.936021e+02 -5.200000e+00 -3.879792e+01
      vertex   1.949033e+02 -5.200000e+00 -3.825763e+01
    endloop
  endfacet
  facet normal 0.000000e+00 -1.000000e+00 0.000000e+00
    outer loop
      vertex   1.949033e+02 -5.200000e+00 -3.825763e+01
      vertex   1.936021e+02 -5.200000e+00 -3.879792e+01
      vertex   1.938722e+02 -5.200000e+00 -3.915000e+01
    endloop
  endfacet
  facet normal 0.000000e+00 -1.000000e+00 -0.000000e+00
    outer loop
      vertex   1.949033e+02 -5.200000e+00 -3.825763e+01
      vertex   1.938722e+02 -5.200000e+00 -3.915000e+01
      vertex   1.952028e+02 -5.200000e+00 -3.879721e+01
    endloop
  endfacet
  facet normal 0.000000e+00 -1.000000e+00 0.000000e+00
    outer loop
      vertex   1.952028e+02 -5.200000e+00 -3.879721e+01
      vertex   1.938722e+02 -5.200000e+00 -3.915000e+01
      vertex   1.940421e+02 -5.200000e+00 -3.956001e+01
    endloop
  endfacet
  facet normal 0.000000e+00 -1.000000e+00 -0.000000e+00
    outer loop
      vertex   1.952028e+02 -5.200000e+00 -3.879721e+01
      vertex   1.940421e+02 -5.200000e+00 -3.956001e+01
      vertex   1.953876e+02 -5.200000e+00 -3.938604e+01
    endloop
  endfacet
  facet normal 0.000000e+00 -1.000000e+00 0.000000e+00
    outer loop
      vertex   1.953876e+02 -5.200000e+00 -3.938604e+01
      vertex   1.940421e+02 -5.200000e+00 -3.956001e+01
      vertex   1.941000e+02 -5.200000e+00 -4.000000e+01
    endloop
  endfacet
  facet normal 0.000000e+00 -1.000000e+00 0.000000e+00
    outer loop
      vertex   1.140421e+02 -5.200000e+00 -4.399924e-01
      vertex   1.153876e+02 -5.200000e+00 -6.139605e-01
      vertex   1.141000e+02 -5.200000e+00 4.126444e-14
    endloop
  endfacet
  facet normal 0.000000e+00 -1.000000e+00 0.000000e+00
    outer loop
      vertex   1.141000e+02 -5.200000e+00 4.126444e-14
      vertex   1.153876e+02 -5.200000e+00 -6.139605e-01
      vertex   1.154500e+02 -5.200000e+00 4.229394e-14
    endloop
  endfacet
  facet normal 0.000000e+00 -1.000000e+00 0.000000e+00
    outer loop
      vertex   1.141000e+02 -5.200000e+00 4.126444e-14
      vertex   1.154500e+02 -5.200000e+00 4.229394e-14
      vertex   1.153876e+02 -5.200000e+00 6.139605e-01
    endloop
  endfacet
  facet normal -0.000000e+00 -1.000000e+00 0.000000e+00
    outer loop
      vertex   1.153876e+02 -5.200000e+00 -6.139605e-01
      vertex   1.140421e+02 -5.200000e+00 -4.399924e-01
      vertex   1.152028e+02 -5.200000e+00 -1.202785e+00
    endloop
  endfacet
  facet normal 0.000000e+00 -1.000000e+00 0.000000e+00
    outer loop
      vertex   1.152028e+02 -5.200000e+00 -1.202785e+00
      vertex   1.140421e+02 -5.200000e+00 -4.399924e-01
      vertex   1.138722e+02 -5.200000e+00 -8.500000e-01
    endloop
  endfacet
  facet normal -0.000000e+00 -1.000000e+00 0.000000e+00
    outer loop
      vertex   1.152028e+02 -5.200000e+00 -1.202785e+00
      vertex   1.138722e+02 -5.200000e+00 -8.500000e-01
      vertex   1.149033e+02 -5.200000e+00 -1.742368e+00
    endloop
  endfacet
  facet normal 0.000000e+00 -1.000000e+00 0.000000e+00
    outer loop
      vertex   1.149033e+02 -5.200000e+00 -1.742368e+00
      vertex   1.138722e+02 -5.200000e+00 -8.500000e-01
      vertex   1.136021e+02 -5.200000e+00 -1.202082e+00
    endloop
  endfacet
  facet normal -0.000000e+00 -1.000000e+00 0.000000e+00
    outer loop
      vertex   1.149033e+02 -5.200000e+00 -1.742368e+00
      vertex   1.136021e+02 -5.200000e+00 -1.202082e+00
      vertex   1.145013e+02 -5.200000e+00 -2.210618e+00
    endloop
  endfacet
  facet normal -0.000000e+00 -1.000000e+00 0.000000e+00
    outer loop
      vertex   1.145013e+02 -5.200000e+00 -2.210618e+00
      vertex   1.136021e+02 -5.200000e+00 -1.202082e+00
      vertex   1.140133e+02 -5.200000e+00 -2.588365e+00
    endloop
  endfacet
  facet normal 0.000000e+00 -1.000000e+00 0.000000e+00
    outer loop
      vertex   1.140133e+02 -5.200000e+00 -2.588365e+00
      vertex   1.136021e+02 -5.200000e+00 -1.202082e+00
      vertex   1.132500e+02 -5.200000e+00 -1.472243e+00
    endloop
  endfacet
  facet normal -0.000000e+00 -1.000000e+00 0.000000e+00
    outer loop
      vertex   1.140133e+02 -5.200000e+00 -2.588365e+00
      vertex   1.132500e+02 -5.200000e+00 -1.472243e+00
      vertex   1.134593e+02 -5.200000e+00 -2.860144e+00
    endloop
  endfacet
  facet normal 0.000000e+00 -1.000000e+00 0.000000e+00
    outer loop
      vertex   1.134593e+02 -5.200000e+00 -2.860144e+00
      vertex   1.132500e+02 -5.200000e+00 -1.472243e+00
      vertex   1.128400e+02 -5.200000e+00 -1.642074e+00
    endloop
  endfacet
  facet normal -0.000000e+00 -1.000000e+00 0.000000e+00
    outer loop
      vertex   1.134593e+02 -5.200000e+00 -2.860144e+00
      vertex   1.128400e+02 -5.200000e+00 -1.642074e+00
      vertex   1.128619e+02 -5.200000e+00 -3.014828e+00
    endloop
  endfacet
  facet normal 0.000000e+00 -1.000000e+00 0.000000e+00
    outer loop
      vertex   1.128619e+02 -5.200000e+00 -3.014828e+00
      vertex   1.128400e+02 -5.200000e+00 -1.642074e+00
      vertex   1.124000e+02 -5.200000e+00 -1.700000e+00
    endloop
  endfacet
  facet normal -0.000000e+00 -1.000000e+00 0.000000e+00
    outer loop
      vertex   1.128619e+02 -5.200000e+00 -3.014828e+00
      vertex   1.124000e+02 -5.200000e+00 -1.700000e+00
      vertex   1.122455e+02 -5.200000e+00 -3.046085e+00
    endloop
  endfacet
  facet normal 0.000000e+00 -1.000000e+00 0.000000e+00
    outer loop
      vertex   1.122455e+02 -5.200000e+00 -3.046085e+00
      vertex   1.124000e+02 -5.200000e+00 -1.700000e+00
      vertex   1.119600e+02 -5.200000e+00 -1.642074e+00
    endloop
  endfacet
  facet normal 0.000000e+00 -1.000000e+00 0.000000e+00
    outer loop
      vertex   1.122455e+02 -5.200000e+00 -3.046085e+00
      vertex   1.119600e+02 -5.200000e+00 -1.642074e+00
      vertex   1.116355e+02 -5.200000e+00 -2.952635e+00
    endloop
  endfacet
  facet normal 0.000000e+00 -1.000000e+00 0.000000e+00
    outer loop
      vertex   1.116355e+02 -5.200000e+00 -2.952635e+00
      vertex   1.119600e+02 -5.200000e+00 -1.642074e+00
      vertex   1.110568e+02 -5.200000e+00 -2.738304e+00
    endloop
  endfacet
  facet normal 0.000000e+00 -1.000000e+00 0.000000e+00
    outer loop
      vertex   1.110568e+02 -5.200000e+00 -2.738304e+00
      vertex   1.119600e+02 -5.200000e+00 -1.642074e+00
      vertex   1.115500e+02 -5.200000e+00 -1.472243e+00
    endloop
  endfacet
  facet normal 0.000000e+00 -1.000000e+00 0.000000e+00
    outer loop
      vertex   1.110568e+02 -5.200000e+00 -2.738304e+00
      vertex   1.115500e+02 -5.200000e+00 -1.472243e+00
      vertex   1.105331e+02 -5.200000e+00 -2.411866e+00
    endloop
  endfacet
  facet normal 0.000000e+00 -1.000000e+00 0.000000e+00
    outer loop
      vertex   1.105331e+02 -5.200000e+00 -2.411866e+00
      vertex   1.115500e+02 -5.200000e+00 -1.472243e+00
      vertex   1.111979e+02 -5.200000e+00 -1.202082e+00
    endloop
  endfacet
  facet normal 0.000000e+00 -1.000000e+00 0.000000e+00
    outer loop
      vertex   1.105331e+02 -5.200000e+00 -2.411866e+00
      vertex   1.111979e+02 -5.200000e+00 -1.202082e+00
      vertex   1.100858e+02 -5.200000e+00 -1.986686e+00
    endloop
  endfacet
  facet normal 0.000000e+00 -1.000000e+00 0.000000e+00
    outer loop
      vertex   1.100858e+02 -5.200000e+00 -1.986686e+00
      vertex   1.111979e+02 -5.200000e+00 -1.202082e+00
      vertex   1.109278e+02 -5.200000e+00 -8.500000e-01
    endloop
  endfacet
  facet normal 0.000000e+00 -1.000000e+00 0.000000e+00
    outer loop
      vertex   1.100858e+02 -5.200000e+00 -1.986686e+00
      vertex   1.109278e+02 -5.200000e+00 -8.500000e-01
      vertex   1.097332e+02 -5.200000e+00 -1.480171e+00
    endloop
  endfacet
  facet normal 0.000000e+00 -1.000000e+00 0.000000e+00
    outer loop
      vertex   1.097332e+02 -5.200000e+00 -1.480171e+00
      vertex   1.109278e+02 -5.200000e+00 -8.500000e-01
      vertex   1.094899e+02 -5.200000e+00 -9.130575e-01
    endloop
  endfacet
  facet normal 0.000000e+00 -1.000000e+00 0.000000e+00
    outer loop
      vertex   1.094899e+02 -5.200000e+00 -9.130575e-01
      vertex   1.109278e+02 -5.200000e+00 -8.500000e-01
      vertex   1.107579e+02 -5.200000e+00 -4.399924e-01
    endloop
  endfacet
  facet normal 0.000000e+00 -1.000000e+00 0.000000e+00
    outer loop
      vertex   1.094899e+02 -5.200000e+00 -9.130575e-01
      vertex   1.107579e+02 -5.200000e+00 -4.399924e-01
      vertex   1.093656e+02 -5.200000e+00 -3.085634e-01
    endloop
  endfacet
  facet normal 0.000000e+00 -1.000000e+00 0.000000e+00
    outer loop
      vertex   1.093656e+02 -5.200000e+00 -3.085634e-01
      vertex   1.107579e+02 -5.200000e+00 -4.399924e-01
      vertex   1.107000e+02 -5.200000e+00 3.887981e-14
    endloop
  endfacet
  facet normal 0.000000e+00 -1.000000e+00 0.000000e+00
    outer loop
      vertex   1.093656e+02 -5.200000e+00 -3.085634e-01
      vertex   1.107000e+02 -5.200000e+00 3.887981e-14
      vertex   1.093656e+02 -5.200000e+00 3.085634e-01
    endloop
  endfacet
  facet normal 0.000000e+00 -1.000000e+00 0.000000e+00
    outer loop
      vertex   1.093656e+02 -5.200000e+00 3.085634e-01
      vertex   1.107000e+02 -5.200000e+00 3.887981e-14
      vertex   1.107579e+02 -5.200000e+00 4.399924e-01
    endloop
  endfacet
  facet normal 0.000000e+00 -1.000000e+00 0.000000e+00
    outer loop
      vertex   1.093656e+02 -5.200000e+00 3.085634e-01
      vertex   1.107579e+02 -5.200000e+00 4.399924e-01
      vertex   1.094899e+02 -5.200000e+00 9.130575e-01
    endloop
  endfacet
  facet normal 0.000000e+00 -1.000000e+00 0.000000e+00
    outer loop
      vertex   1.094899e+02 -5.200000e+00 9.130575e-01
      vertex   1.107579e+02 -5.200000e+00 4.399924e-01
      vertex   1.109278e+02 -5.200000e+00 8.500000e-01
    endloop
  endfacet
  facet normal 0.000000e+00 -1.000000e+00 0.000000e+00
    outer loop
      vertex   1.094899e+02 -5.200000e+00 9.130575e-01
      vertex   1.109278e+02 -5.200000e+00 8.500000e-01
      vertex   1.097332e+02 -5.200000e+00 1.480171e+00
    endloop
  endfacet
  facet normal 0.000000e+00 -1.000000e+00 0.000000e+00
    outer loop
      vertex   1.097332e+02 -5.200000e+00 1.480171e+00
      vertex   1.109278e+02 -5.200000e+00 8.500000e-01
      vertex   1.100858e+02 -5.200000e+00 1.986686e+00
    endloop
  endfacet
  facet normal 0.000000e+00 -1.000000e+00 0.000000e+00
    outer loop
      vertex   1.100858e+02 -5.200000e+00 1.986686e+00
      vertex   1.109278e+02 -5.200000e+00 8.500000e-01
      vertex   1.111979e+02 -5.200000e+00 1.202082e+00
    endloop
  endfacet
  facet normal 0.000000e+00 -1.000000e+00 0.000000e+00
    outer loop
      vertex   1.100858e+02 -5.200000e+00 1.986686e+00
      vertex   1.111979e+02 -5.200000e+00 1.202082e+00
      vertex   1.105331e+02 -5.200000e+00 2.411866e+00
    endloop
  endfacet
  facet normal 0.000000e+00 -1.000000e+00 0.000000e+00
    outer loop
      vertex   1.105331e+02 -5.200000e+00 2.411866e+00
      vertex   1.111979e+02 -5.200000e+00 1.202082e+00
      vertex   1.115500e+02 -5.200000e+00 1.472243e+00
    endloop
  endfacet
  facet normal 0.000000e+00 -1.000000e+00 0.000000e+00
    outer loop
      vertex   1.105331e+02 -5.200000e+00 2.411866e+00
      vertex   1.115500e+02 -5.200000e+00 1.472243e+00
      vertex   1.110568e+02 -5.200000e+00 2.738304e+00
    endloop
  endfacet
  facet normal 0.000000e+00 -1.000000e+00 0.000000e+00
    outer loop
      vertex   1.110568e+02 -5.200000e+00 2.738304e+00
      vertex   1.115500e+02 -5.200000e+00 1.472243e+00
      vertex   1.119600e+02 -5.200000e+00 1.642074e+00
    endloop
  endfacet
  facet normal 0.000000e+00 -1.000000e+00 0.000000e+00
    outer loop
      vertex   1.110568e+02 -5.200000e+00 2.738304e+00
      vertex   1.119600e+02 -5.200000e+00 1.642074e+00
      vertex   1.116355e+02 -5.200000e+00 2.952635e+00
    endloop
  endfacet
  facet normal 0.000000e+00 -1.000000e+00 0.000000e+00
    outer loop
      vertex   1.116355e+02 -5.200000e+00 2.952635e+00
      vertex   1.119600e+02 -5.200000e+00 1.642074e+00
      vertex   1.122455e+02 -5.200000e+00 3.046085e+00
    endloop
  endfacet
  facet normal 0.000000e+00 -1.000000e+00 -0.000000e+00
    outer loop
      vertex   1.122455e+02 -5.200000e+00 3.046085e+00
      vertex   1.119600e+02 -5.200000e+00 1.642074e+00
      vertex   1.124000e+02 -5.200000e+00 1.700000e+00
    endloop
  endfacet
  facet normal 0.000000e+00 -1.000000e+00 0.000000e+00
    outer loop
      vertex   1.122455e+02 -5.200000e+00 3.046085e+00
      vertex   1.124000e+02 -5.200000e+00 1.700000e+00
      vertex   1.128619e+02 -5.200000e+00 3.014828e+00
    endloop
  endfacet
  facet normal 0.000000e+00 -1.000000e+00 0.000000e+00
    outer loop
      vertex   1.128619e+02 -5.200000e+00 3.014828e+00
      vertex   1.124000e+02 -5.200000e+00 1.700000e+00
      vertex   1.128400e+02 -5.200000e+00 1.642074e+00
    endloop
  endfacet
  facet normal 0.000000e+00 -1.000000e+00 -0.000000e+00
    outer loop
      vertex   1.128619e+02 -5.200000e+00 3.014828e+00
      vertex   1.128400e+02 -5.200000e+00 1.642074e+00
      vertex   1.134593e+02 -5.200000e+00 2.860144e+00
    endloop
  endfacet
  facet normal 0.000000e+00 -1.000000e+00 0.000000e+00
    outer loop
      vertex   1.134593e+02 -5.200000e+00 2.860144e+00
      vertex   1.128400e+02 -5.200000e+00 1.642074e+00
      vertex   1.132500e+02 -5.200000e+00 1.472243e+00
    endloop
  endfacet
  facet normal 0.000000e+00 -1.000000e+00 -0.000000e+00
    outer loop
      vertex   1.134593e+02 -5.200000e+00 2.860144e+00
      vertex   1.132500e+02 -5.200000e+00 1.472243e+00
      vertex   1.140133e+02 -5.200000e+00 2.588365e+00
    endloop
  endfacet
  facet normal 0.000000e+00 -1.000000e+00 0.000000e+00
    outer loop
      vertex   1.140133e+02 -5.200000e+00 2.588365e+00
      vertex   1.132500e+02 -5.200000e+00 1.472243e+00
      vertex   1.136021e+02 -5.200000e+00 1.202082e+00
    endloop
  endfacet
  facet normal 0.000000e+00 -1.000000e+00 -0.000000e+00
    outer loop
      vertex   1.140133e+02 -5.200000e+00 2.588365e+00
      vertex   1.136021e+02 -5.200000e+00 1.202082e+00
      vertex   1.145013e+02 -5.200000e+00 2.210618e+00
    endloop
  endfacet
  facet normal 0.000000e+00 -1.000000e+00 -0.000000e+00
    outer loop
      vertex   1.145013e+02 -5.200000e+00 2.210618e+00
      vertex   1.136021e+02 -5.200000e+00 1.202082e+00
      vertex   1.149033e+02 -5.200000e+00 1.742368e+00
    endloop
  endfacet
  facet normal 0.000000e+00 -1.000000e+00 0.000000e+00
    outer loop
      vertex   1.149033e+02 -5.200000e+00 1.742368e+00
      vertex   1.136021e+02 -5.200000e+00 1.202082e+00
      vertex   1.138722e+02 -5.200000e+00 8.500000e-01
    endloop
  endfacet
  facet normal 0.000000e+00 -1.000000e+00 -0.000000e+00
    outer loop
      vertex   1.149033e+02 -5.200000e+00 1.742368e+00
      vertex   1.138722e+02 -5.200000e+00 8.500000e-01
      vertex   1.152028e+02 -5.200000e+00 1.202785e+00
    endloop
  endfacet
  facet normal 0.000000e+00 -1.000000e+00 0.000000e+00
    outer loop
      vertex   1.152028e+02 -5.200000e+00 1.202785e+00
      vertex   1.138722e+02 -5.200000e+00 8.500000e-01
      vertex   1.140421e+02 -5.200000e+00 4.399924e-01
    endloop
  endfacet
  facet normal 0.000000e+00 -1.000000e+00 -0.000000e+00
    outer loop
      vertex   1.152028e+02 -5.200000e+00 1.202785e+00
      vertex   1.140421e+02 -5.200000e+00 4.399924e-01
      vertex   1.153876e+02 -5.200000e+00 6.139605e-01
    endloop
  endfacet
  facet normal 0.000000e+00 -1.000000e+00 0.000000e+00
    outer loop
      vertex   1.153876e+02 -5.200000e+00 6.139605e-01
      vertex   1.140421e+02 -5.200000e+00 4.399924e-01
      vertex   1.141000e+02 -5.200000e+00 4.126444e-14
    endloop
  endfacet
  facet normal -9.914449e-01 0.000000e+00 -1.305262e-01
    outer loop
      vertex   1.740421e+02 -5.200000e+00 -1.956001e+01
      vertex   1.740421e+02 -4.100000e+00 -1.956001e+01
      vertex   1.741000e+02 -5.200000e+00 -2.000000e+01
    endloop
  endfacet
  facet normal -9.914449e-01 0.000000e+00 -1.305262e-01
    outer loop
      vertex   1.741000e+02 -5.200000e+00 -2.000000e+01
      vertex   1.740421e+02 -4.100000e+00 -1.956001e+01
      vertex   1.741000e+02 -4.100000e+00 -2.000000e+01
    endloop
  endfacet
  facet normal -9.914449e-01 0.000000e+00 1.305262e-01
    outer loop
      vertex   1.741000e+02 -5.200000e+00 -2.000000e+01
      vertex   1.741000e+02 -4.100000e+00 -2.000000e+01
      vertex   1.740421e+02 -5.200000e+00 -2.043999e+01
    endloop
  endfacet
  facet normal -9.914449e-01 0.000000e+00 1.305262e-01
    outer loop
      vertex   1.740421e+02 -5.200000e+00 -2.043999e+01
      vertex   1.741000e+02 -4.100000e+00 -2.000000e+01
      vertex   1.740421e+02 -4.100000e+00 -2.043999e+01
    endloop
  endfacet
  facet normal -9.238795e-01 0.000000e+00 3.826834e-01
    outer loop
      vertex   1.740421e+02 -5.200000e+00 -2.043999e+01
      vertex   1.740421e+02 -4.100000e+00 -2.043999e+01
      vertex   1.738722e+02 -5.200000e+00 -2.085000e+01
    endloop
  endfacet
  facet normal -9.238795e-01 0.000000e+00 3.826834e-01
    outer loop
      vertex   1.738722e+02 -5.200000e+00 -2.085000e+01
      vertex   1.740421e+02 -4.100000e+00 -2.043999e+01
      vertex   1.738722e+02 -4.100000e+00 -2.085000e+01
    endloop
  endfacet
  facet normal -7.933533e-01 0.000000e+00 6.087614e-01
    outer loop
      vertex   1.738722e+02 -5.200000e+00 -2.085000e+01
      vertex   1.738722e+02 -4.100000e+00 -2.085000e+01
      vertex   1.736021e+02 -5.200000e+00 -2.120208e+01
    endloop
  endfacet
  facet normal -7.933533e-01 0.000000e+00 6.087614e-01
    outer loop
      vertex   1.736021e+02 -5.200000e+00 -2.120208e+01
      vertex   1.738722e+02 -4.100000e+00 -2.085000e+01
      vertex   1.736021e+02 -4.100000e+00 -2.120208e+01
    endloop
  endfacet
  facet normal -6.087614e-01 0.000000e+00 7.933533e-01
    outer loop
      vertex   1.736021e+02 -5.200000e+00 -2.120208e+01
      vertex   1.736021e+02 -4.100000e+00 -2.120208e+01
      vertex   1.732500e+02 -5.200000e+00 -2.147224e+01
    endloop
  endfacet
  facet normal -6.087614e-01 0.000000e+00 7.933533e-01
    outer loop
      vertex   1.732500e+02 -5.200000e+00 -2.147224e+01
      vertex   1.736021e+02 -4.100000e+00 -2.120208e+01
      vertex   1.732500e+02 -4.100000e+00 -2.147224e+01
    endloop
  endfacet
  facet normal -3.826834e-01 0.000000e+00 9.238795e-01
    outer loop
      vertex   1.732500e+02 -5.200000e+00 -2.147224e+01
      vertex   1.732500e+02 -4.100000e+00 -2.147224e+01
      vertex   1.728400e+02 -5.200000e+00 -2.164207e+01
    endloop
  endfacet
  facet normal -3.826834e-01 0.000000e+00 9.238795e-01
    outer loop
      vertex   1.728400e+02 -5.200000e+00 -2.164207e+01
      vertex   1.732500e+02 -4.100000e+00 -2.147224e+01
      vertex   1.728400e+02 -4.100000e+00 -2.164207e+01
    endloop
  endfacet
  facet normal -1.305262e-01 0.000000e+00 9.914449e-01
    outer loop
      vertex   1.728400e+02 -5.200000e+00 -2.164207e+01
      vertex   1.728400e+02 -4.100000e+00 -2.164207e+01
      vertex   1.724000e+02 -5.200000e+00 -2.170000e+01
    endloop
  endfacet
  facet normal -1.305262e-01 0.000000e+00 9.914449e-01
    outer loop
      vertex   1.724000e+02 -5.200000e+00 -2.170000e+01
      vertex   1.728400e+02 -4.100000e+00 -2.164207e+01
      vertex   1.724000e+02 -4.100000e+00 -2.170000e+01
    endloop
  endfacet
  facet normal 1.305262e-01 -0.000000e+00 9.914449e-01
    outer loop
      vertex   1.724000e+02 -5.200000e+00 -2.170000e+01
      vertex   1.724000e+02 -4.100000e+00 -2.170000e+01
      vertex   1.719600e+02 -5.200000e+00 -2.164207e+01
    endloop
  endfacet
  facet normal 1.305262e-01 -0.000000e+00 9.914449e-01
    outer loop
      vertex   1.719600e+02 -5.200000e+00 -2.164207e+01
      vertex   1.724000e+02 -4.100000e+00 -2.170000e+01
      vertex   1.719600e+02 -4.100000e+00 -2.164207e+01
    endloop
  endfacet
  facet normal 3.826834e-01 -0.000000e+00 9.238795e-01
    outer loop
      vertex   1.719600e+02 -5.200000e+00 -2.164207e+01
      vertex   1.719600e+02 -4.100000e+00 -2.164207e+01
      vertex   1.715500e+02 -5.200000e+00 -2.147224e+01
    endloop
  endfacet
  facet normal 3.826834e-01 -0.000000e+00 9.238795e-01
    outer loop
      vertex   1.715500e+02 -5.200000e+00 -2.147224e+01
      vertex   1.719600e+02 -4.100000e+00 -2.164207e+01
      vertex   1.715500e+02 -4.100000e+00 -2.147224e+01
    endloop
  endfacet
  facet normal 6.087614e-01 -0.000000e+00 7.933533e-01
    outer loop
      vertex   1.715500e+02 -5.200000e+00 -2.147224e+01
      vertex   1.715500e+02 -4.100000e+00 -2.147224e+01
      vertex   1.711979e+02 -5.200000e+00 -2.120208e+01
    endloop
  endfacet
  facet normal 6.087614e-01 -0.000000e+00 7.933533e-01
    outer loop
      vertex   1.711979e+02 -5.200000e+00 -2.120208e+01
      vertex   1.715500e+02 -4.100000e+00 -2.147224e+01
      vertex   1.711979e+02 -4.100000e+00 -2.120208e+01
    endloop
  endfacet
  facet normal 7.933533e-01 -0.000000e+00 6.087614e-01
    outer loop
      vertex   1.711979e+02 -5.200000e+00 -2.120208e+01
      vertex   1.711979e+02 -4.100000e+00 -2.120208e+01
      vertex   1.709278e+02 -5.200000e+00 -2.085000e+01
    endloop
  endfacet
  facet normal 7.933533e-01 -0.000000e+00 6.087614e-01
    outer loop
      vertex   1.709278e+02 -5.200000e+00 -2.085000e+01
      vertex   1.711979e+02 -4.100000e+00 -2.120208e+01
      vertex   1.709278e+02 -4.100000e+00 -2.085000e+01
    endloop
  endfacet
  facet normal 9.238795e-01 -0.000000e+00 3.826834e-01
    outer loop
      vertex   1.709278e+02 -5.200000e+00 -2.085000e+01
      vertex   1.709278e+02 -4.100000e+00 -2.085000e+01
      vertex   1.707579e+02 -5.200000e+00 -2.043999e+01
    endloop
  endfacet
  facet normal 9.238795e-01 -0.000000e+00 3.826834e-01
    outer loop
      vertex   1.707579e+02 -5.200000e+00 -2.043999e+01
      vertex   1.709278e+02 -4.100000e+00 -2.085000e+01
      vertex   1.707579e+02 -4.100000e+00 -2.043999e+01
    endloop
  endfacet
  facet normal 9.914449e-01 -0.000000e+00 1.305262e-01
    outer loop
      vertex   1.707579e+02 -5.200000e+00 -2.043999e+01
      vertex   1.707579e+02 -4.100000e+00 -2.043999e+01
      vertex   1.707000e+02 -5.200000e+00 -2.000000e+01
    endloop
  endfacet
  facet normal 9.914449e-01 -0.000000e+00 1.305262e-01
    outer loop
      vertex   1.707000e+02 -5.200000e+00 -2.000000e+01
      vertex   1.707579e+02 -4.100000e+00 -2.043999e+01
      vertex   1.707000e+02 -4.100000e+00 -2.000000e+01
    endloop
  endfacet
  facet normal 9.914449e-01 0.000000e+00 -1.305262e-01
    outer loop
      vertex   1.707000e+02 -5.200000e+00 -2.000000e+01
      vertex   1.707000e+02 -4.100000e+00 -2.000000e+01
      vertex   1.707579e+02 -5.200000e+00 -1.956001e+01
    endloop
  endfacet
  facet normal 9.914449e-01 0.000000e+00 -1.305262e-01
    outer loop
      vertex   1.707579e+02 -5.200000e+00 -1.956001e+01
      vertex   1.707000e+02 -4.100000e+00 -2.000000e+01
      vertex   1.707579e+02 -4.100000e+00 -1.956001e+01
    endloop
  endfacet
  facet normal 9.238795e-01 0.000000e+00 -3.826834e-01
    outer loop
      vertex   1.707579e+02 -5.200000e+00 -1.956001e+01
      vertex   1.707579e+02 -4.100000e+00 -1.956001e+01
      vertex   1.709278e+02 -5.200000e+00 -1.915000e+01
    endloop
  endfacet
  facet normal 9.238795e-01 0.000000e+00 -3.826834e-01
    outer loop
      vertex   1.709278e+02 -5.200000e+00 -1.915000e+01
      vertex   1.707579e+02 -4.100000e+00 -1.956001e+01
      vertex   1.709278e+02 -4.100000e+00 -1.915000e+01
    endloop
  endfacet
  facet normal 7.933533e-01 0.000000e+00 -6.087614e-01
    outer loop
      vertex   1.709278e+02 -5.200000e+00 -1.915000e+01
      vertex   1.709278e+02 -4.100000e+00 -1.915000e+01
      vertex   1.711979e+02 -5.200000e+00 -1.879792e+01
    endloop
  endfacet
  facet normal 7.933533e-01 0.000000e+00 -6.087614e-01
    outer loop
      vertex   1.711979e+02 -5.200000e+00 -1.879792e+01
      vertex   1.709278e+02 -4.100000e+00 -1.915000e+01
      vertex   1.711979e+02 -4.100000e+00 -1.879792e+01
    endloop
  endfacet
  facet normal 6.087614e-01 0.000000e+00 -7.933533e-01
    outer loop
      vertex   1.711979e+02 -5.200000e+00 -1.879792e+01
      vertex   1.711979e+02 -4.100000e+00 -1.879792e+01
      vertex   1.715500e+02 -5.200000e+00 -1.852776e+01
    endloop
  endfacet
  facet normal 6.087614e-01 0.000000e+00 -7.933533e-01
    outer loop
      vertex   1.715500e+02 -5.200000e+00 -1.852776e+01
      vertex   1.711979e+02 -4.100000e+00 -1.879792e+01
      vertex   1.715500e+02 -4.100000e+00 -1.852776e+01
    endloop
  endfacet
  facet normal 3.826834e-01 0.000000e+00 -9.238795e-01
    outer loop
      vertex   1.715500e+02 -5.200000e+00 -1.852776e+01
      vertex   1.715500e+02 -4.100000e+00 -1.852776e+01
      vertex   1.719600e+02 -5.200000e+00 -1.835793e+01
    endloop
  endfacet
  facet normal 3.826834e-01 0.000000e+00 -9.238795e-01
    outer loop
      vertex   1.719600e+02 -5.200000e+00 -1.835793e+01
      vertex   1.715500e+02 -4.100000e+00 -1.852776e+01
      vertex   1.719600e+02 -4.100000e+00 -1.835793e+01
    endloop
  endfacet
  facet normal 1.305262e-01 0.000000e+00 -9.914449e-01
    outer loop
      vertex   1.719600e+02 -5.200000e+00 -1.835793e+01
      vertex   1.719600e+02 -4.100000e+00 -1.835793e+01
      vertex   1.724000e+02 -5.200000e+00 -1.830000e+01
    endloop
  endfacet
  facet normal 1.305262e-01 0.000000e+00 -9.914449e-01
    outer loop
      vertex   1.724000e+02 -5.200000e+00 -1.830000e+01
      vertex   1.719600e+02 -4.100000e+00 -1.835793e+01
      vertex   1.724000e+02 -4.100000e+00 -1.830000e+01
    endloop
  endfacet
  facet normal -1.305262e-01 0.000000e+00 -9.914449e-01
    outer loop
      vertex   1.724000e+02 -5.200000e+00 -1.830000e+01
      vertex   1.724000e+02 -4.100000e+00 -1.830000e+01
      vertex   1.728400e+02 -5.200000e+00 -1.835793e+01
    endloop
  endfacet
  facet normal -1.305262e-01 0.000000e+00 -9.914449e-01
    outer loop
      vertex   1.728400e+02 -5.200000e+00 -1.835793e+01
      vertex   1.724000e+02 -4.100000e+00 -1.830000e+01
      vertex   1.728400e+02 -4.100000e+00 -1.835793e+01
    endloop
  endfacet
  facet normal -3.826834e-01 0.000000e+00 -9.238795e-01
    outer loop
      vertex   1.728400e+02 -5.200000e+00 -1.835793e+01
      vertex   1.728400e+02 -4.100000e+00 -1.835793e+01
      vertex   1.732500e+02 -5.200000e+00 -1.852776e+01
    endloop
  endfacet
  facet normal -3.826834e-01 0.000000e+00 -9.238795e-01
    outer loop
      vertex   1.732500e+02 -5.200000e+00 -1.852776e+01
      vertex   1.728400e+02 -4.100000e+00 -1.835793e+01
      vertex   1.732500e+02 -4.100000e+00 -1.852776e+01
    endloop
  endfacet
  facet normal -6.087614e-01 0.000000e+00 -7.933533e-01
    outer loop
      vertex   1.732500e+02 -5.200000e+00 -1.852776e+01
      vertex   1.732500e+02 -4.100000e+00 -1.852776e+01
      vertex   1.736021e+02 -5.200000e+00 -1.879792e+01
    endloop
  endfacet
  facet normal -6.087614e-01 0.000000e+00 -7.933533e-01
    outer loop
      vertex   1.736021e+02 -5.200000e+00 -1.879792e+01
      vertex   1.732500e+02 -4.100000e+00 -1.852776e+01
      vertex   1.736021e+02 -4.100000e+00 -1.879792e+01
    endloop
  endfacet
  facet normal -7.933533e-01 0.000000e+00 -6.087614e-01
    outer loop
      vertex   1.736021e+02 -5.200000e+00 -1.879792e+01
      vertex   1.736021e+02 -4.100000e+00 -1.879792e+01
      vertex   1.738722e+02 -5.200000e+00 -1.915000e+01
    endloop
  endfacet
  facet normal -7.933533e-01 0.000000e+00 -6.087614e-01
    outer loop
      vertex   1.738722e+02 -5.200000e+00 -1.915000e+01
      vertex   1.736021e+02 -4.100000e+00 -1.879792e+01
      vertex   1.738722e+02 -4.100000e+00 -1.915000e+01
    endloop
  endfacet
  facet normal -9.238795e-01 0.000000e+00 -3.826834e-01
    outer loop
      vertex   1.738722e+02 -5.200000e+00 -1.915000e+01
      vertex   1.738722e+02 -4.100000e+00 -1.915000e+01
      vertex   1.740421e+02 -5.200000e+00 -1.956001e+01
    endloop
  endfacet
  facet normal -9.238795e-01 0.000000e+00 -3.826834e-01
    outer loop
      vertex   1.740421e+02 -5.200000e+00 -1.956001e+01
      vertex   1.738722e+02 -4.100000e+00 -1.915000e+01
      vertex   1.740421e+02 -4.100000e+00 -1.956001e+01
    endloop
  endfacet
  facet normal -9.914449e-01 0.000000e+00 -1.305262e-01
    outer loop
      vertex   1.340421e+02 -5.200000e+00 -3.956001e+01
      vertex   1.340421e+02 -4.100000e+00 -3.956001e+01
      vertex   1.341000e+02 -5.200000e+00 -4.000000e+01
    endloop
  endfacet
  facet normal -9.914449e-01 0.000000e+00 -1.305262e-01
    outer loop
      vertex   1.341000e+02 -5.200000e+00 -4.000000e+01
      vertex   1.340421e+02 -4.100000e+00 -3.956001e+01
      vertex   1.341000e+02 -4.100000e+00 -4.000000e+01
    endloop
  endfacet
  facet normal -9.914449e-01 0.000000e+00 1.305262e-01
    outer loop
      vertex   1.341000e+02 -5.200000e+00 -4.000000e+01
      vertex   1.341000e+02 -4.100000e+00 -4.000000e+01
      vertex   1.340421e+02 -5.200000e+00 -4.043999e+01
    endloop
  endfacet
  facet normal -9.914449e-01 0.000000e+00 1.305262e-01
    outer loop
      vertex   1.340421e+02 -5.200000e+00 -4.043999e+01
      vertex   1.341000e+02 -4.100000e+00 -4.000000e+01
      vertex   1.340421e+02 -4.100000e+00 -4.043999e+01
    endloop
  endfacet
  facet normal -9.238795e-01 0.000000e+00 3.826834e-01
    outer loop
      vertex   1.340421e+02 -5.200000e+00 -4.043999e+01
      vertex   1.340421e+02 -4.100000e+00 -4.043999e+01
      vertex   1.338722e+02 -5.200000e+00 -4.085000e+01
    endloop
  endfacet
  facet normal -9.238795e-01 0.000000e+00 3.826834e-01
    outer loop
      vertex   1.338722e+02 -5.200000e+00 -4.085000e+01
      vertex   1.340421e+02 -4.100000e+00 -4.043999e+01
      vertex   1.338722e+02 -4.100000e+00 -4.085000e+01
    endloop
  endfacet
  facet normal -7.933533e-01 0.000000e+00 6.087614e-01
    outer loop
      vertex   1.338722e+02 -5.200000e+00 -4.085000e+01
      vertex   1.338722e+02 -4.100000e+00 -4.085000e+01
      vertex   1.336021e+02 -5.200000e+00 -4.120208e+01
    endloop
  endfacet
  facet normal -7.933533e-01 0.000000e+00 6.087614e-01
    outer loop
      vertex   1.336021e+02 -5.200000e+00 -4.120208e+01
      vertex   1.338722e+02 -4.100000e+00 -4.085000e+01
      vertex   1.336021e+02 -4.100000e+00 -4.120208e+01
    endloop
  endfacet
  facet normal -6.087614e-01 0.000000e+00 7.933533e-01
    outer loop
      vertex   1.336021e+02 -5.200000e+00 -4.120208e+01
      vertex   1.336021e+02 -4.100000e+00 -4.120208e+01
      vertex   1.332500e+02 -5.200000e+00 -4.147224e+01
    endloop
  endfacet
  facet normal -6.087614e-01 0.000000e+00 7.933533e-01
    outer loop
      vertex   1.332500e+02 -5.200000e+00 -4.147224e+01
      vertex   1.336021e+02 -4.100000e+00 -4.120208e+01
      vertex   1.332500e+02 -4.100000e+00 -4.147224e+01
    endloop
  endfacet
  facet normal -3.826834e-01 0.000000e+00 9.238795e-01
    outer loop
      vertex   1.332500e+02 -5.200000e+00 -4.147224e+01
      vertex   1.332500e+02 -4.100000e+00 -4.147224e+01
      vertex   1.328400e+02 -5.200000e+00 -4.164207e+01
    endloop
  endfacet
  facet normal -3.826834e-01 0.000000e+00 9.238795e-01
    outer loop
      vertex   1.328400e+02 -5.200000e+00 -4.164207e+01
      vertex   1.332500e+02 -4.100000e+00 -4.147224e+01
      vertex   1.328400e+02 -4.100000e+00 -4.164207e+01
    endloop
  endfacet
  facet normal -1.305262e-01 0.000000e+00 9.914449e-01
    outer loop
      vertex   1.328400e+02 -5.200000e+00 -4.164207e+01
      vertex   1.328400e+02 -4.100000e+00 -4.164207e+01
      vertex   1.324000e+02 -5.200000e+00 -4.170000e+01
    endloop
  endfacet
  facet normal -1.305262e-01 0.000000e+00 9.914449e-01
    outer loop
      vertex   1.324000e+02 -5.200000e+00 -4.170000e+01
      vertex   1.328400e+02 -4.100000e+00 -4.164207e+01
      vertex   1.324000e+02 -4.100000e+00 -4.170000e+01
    endloop
  endfacet
  facet normal 1.305262e-01 -0.000000e+00 9.914449e-01
    outer loop
      vertex   1.324000e+02 -5.200000e+00 -4.170000e+01
      vertex   1.324000e+02 -4.100000e+00 -4.170000e+01
      vertex   1.319600e+02 -5.200000e+00 -4.164207e+01
    endloop
  endfacet
  facet normal 1.305262e-01 -0.000000e+00 9.914449e-01
    outer loop
      vertex   1.319600e+02 -5.200000e+00 -4.164207e+01
      vertex   1.324000e+02 -4.100000e+00 -4.170000e+01
      vertex   1.319600e+02 -4.100000e+00 -4.164207e+01
    endloop
  endfacet
  facet normal 3.826834e-01 -0.000000e+00 9.238795e-01
    outer loop
      vertex   1.319600e+02 -5.200000e+00 -4.164207e+01
      vertex   1.319600e+02 -4.100000e+00 -4.164207e+01
      vertex   1.315500e+02 -5.200000e+00 -4.147224e+01
    endloop
  endfacet
  facet normal 3.826834e-01 -0.000000e+00 9.238795e-01
    outer loop
      vertex   1.315500e+02 -5.200000e+00 -4.147224e+01
      vertex   1.319600e+02 -4.100000e+00 -4.164207e+01
      vertex   1.315500e+02 -4.100000e+00 -4.147224e+01
    endloop
  endfacet
  facet normal 6.087614e-01 -0.000000e+00 7.933533e-01
    outer loop
      vertex   1.315500e+02 -5.200000e+00 -4.147224e+01
      vertex   1.315500e+02 -4.100000e+00 -4.147224e+01
      vertex   1.311979e+02 -5.200000e+00 -4.120208e+01
    endloop
  endfacet
  facet normal 6.087614e-01 -0.000000e+00 7.933533e-01
    outer loop
      vertex   1.311979e+02 -5.200000e+00 -4.120208e+01
      vertex   1.315500e+02 -4.100000e+00 -4.147224e+01
      vertex   1.311979e+02 -4.100000e+00 -4.120208e+01
    endloop
  endfacet
  facet normal 7.933533e-01 -0.000000e+00 6.087614e-01
    outer loop
      vertex   1.311979e+02 -5.200000e+00 -4.120208e+01
      vertex   1.311979e+02 -4.100000e+00 -4.120208e+01
      vertex   1.309278e+02 -5.200000e+00 -4.085000e+01
    endloop
  endfacet
  facet normal 7.933533e-01 -0.000000e+00 6.087614e-01
    outer loop
      vertex   1.309278e+02 -5.200000e+00 -4.085000e+01
      vertex   1.311979e+02 -4.100000e+00 -4.120208e+01
      vertex   1.309278e+02 -4.100000e+00 -4.085000e+01
    endloop
  endfacet
  facet normal 9.238795e-01 -0.000000e+00 3.826834e-01
    outer loop
      vertex   1.309278e+02 -5.200000e+00 -4.085000e+01
      vertex   1.309278e+02 -4.100000e+00 -4.085000e+01
      vertex   1.307579e+02 -5.200000e+00 -4.043999e+01
    endloop
  endfacet
  facet normal 9.238795e-01 -0.000000e+00 3.826834e-01
    outer loop
      vertex   1.307579e+02 -5.200000e+00 -4.043999e+01
      vertex   1.309278e+02 -4.100000e+00 -4.085000e+01
      vertex   1.307579e+02 -4.100000e+00 -4.043999e+01
    endloop
  endfacet
  facet normal 9.914449e-01 -0.000000e+00 1.305262e-01
    outer loop
      vertex   1.307579e+02 -5.200000e+00 -4.043999e+01
      vertex   1.307579e+02 -4.100000e+00 -4.043999e+01
      vertex   1.307000e+02 -5.200000e+00 -4.000000e+01
    endloop
  endfacet
  facet normal 9.914449e-01 -0.000000e+00 1.305262e-01
    outer loop
      vertex   1.307000e+02 -5.200000e+00 -4.000000e+01
      vertex   1.307579e+02 -4.100000e+00 -4.043999e+01
      vertex   1.307000e+02 -4.100000e+00 -4.000000e+01
    endloop
  endfacet
  facet normal 9.914449e-01 0.000000e+00 -1.305262e-01
    outer loop
      vertex   1.307000e+02 -5.200000e+00 -4.000000e+01
      vertex   1.307000e+02 -4.100000e+00 -4.000000e+01
      vertex   1.307579e+02 -5.200000e+00 -3.956001e+01
    endloop
  endfacet
  facet normal 9.914449e-01 0.000000e+00 -1.305262e-01
    outer loop
      vertex   1.307579e+02 -5.200000e+00 -3.956001e+01
      vertex   1.307000e+02 -4.100000e+00 -4.000000e+01
      vertex   1.307579e+02 -4.100000e+00 -3.956001e+01
    endloop
  endfacet
  facet normal 9.238795e-01 0.000000e+00 -3.826834e-01
    outer loop
      vertex   1.307579e+02 -5.200000e+00 -3.956001e+01
      vertex   1.307579e+02 -4.100000e+00 -3.956001e+01
      vertex   1.309278e+02 -5.200000e+00 -3.915000e+01
    endloop
  endfacet
  facet normal 9.238795e-01 0.000000e+00 -3.826834e-01
    outer loop
      vertex   1.309278e+02 -5.200000e+00 -3.915000e+01
      vertex   1.307579e+02 -4.100000e+00 -3.956001e+01
      vertex   1.309278e+02 -4.100000e+00 -3.915000e+01
    endloop
  endfacet
  facet normal 7.933533e-01 0.000000e+00 -6.087614e-01
    outer loop
      vertex   1.309278e+02 -5.200000e+00 -3.915000e+01
      vertex   1.309278e+02 -4.100000e+00 -3.915000e+01
      vertex   1.311979e+02 -5.200000e+00 -3.879792e+01
    endloop
  endfacet
  facet normal 7.933533e-01 0.000000e+00 -6.087614e-01
    outer loop
      vertex   1.311979e+02 -5.200000e+00 -3.879792e+01
      vertex   1.309278e+02 -4.100000e+00 -3.915000e+01
      vertex   1.311979e+02 -4.100000e+00 -3.879792e+01
    endloop
  endfacet
  facet normal 6.087614e-01 0.000000e+00 -7.933533e-01
    outer loop
      vertex   1.311979e+02 -5.200000e+00 -3.879792e+01
      vertex   1.311979e+02 -4.100000e+00 -3.879792e+01
      vertex   1.315500e+02 -5.200000e+00 -3.852776e+01
    endloop
  endfacet
  facet normal 6.087614e-01 0.000000e+00 -7.933533e-01
    outer loop
      vertex   1.315500e+02 -5.200000e+00 -3.852776e+01
      vertex   1.311979e+02 -4.100000e+00 -3.879792e+01
      vertex   1.315500e+02 -4.100000e+00 -3.852776e+01
    endloop
  endfacet
  facet normal 3.826834e-01 0.000000e+00 -9.238795e-01
    outer loop
      vertex   1.315500e+02 -5.200000e+00 -3.852776e+01
      vertex   1.315500e+02 -4.100000e+00 -3.852776e+01
      vertex   1.319600e+02 -5.200000e+00 -3.835793e+01
    endloop
  endfacet
  facet normal 3.826834e-01 0.000000e+00 -9.238795e-01
    outer loop
      vertex   1.319600e+02 -5.200000e+00 -3.835793e+01
      vertex   1.315500e+02 -4.100000e+00 -3.852776e+01
      vertex   1.319600e+02 -4.100000e+00 -3.835793e+01
    endloop
  endfacet
  facet normal 1.305262e-01 0.000000e+00 -9.914449e-01
    outer loop
      vertex   1.319600e+02 -5.200000e+00 -3.835793e+01
      vertex   1.319600e+02 -4.100000e+00 -3.835793e+01
      vertex   1.324000e+02 -5.200000e+00 -3.830000e+01
    endloop
  endfacet
  facet normal 1.305262e-01 0.000000e+00 -9.914449e-01
    outer loop
      vertex   1.324000e+02 -5.200000e+00 -3.830000e+01
      vertex   1.319600e+02 -4.100000e+00 -3.835793e+01
      vertex   1.324000e+02 -4.100000e+00 -3.830000e+01
    endloop
  endfacet
  facet normal -1.305262e-01 0.000000e+00 -9.914449e-01
    outer loop
      vertex   1.324000e+02 -5.200000e+00 -3.830000e+01
      vertex   1.324000e+02 -4.100000e+00 -3.830000e+01
      vertex   1.328400e+02 -5.200000e+00 -3.835793e+01
    endloop
  endfacet
  facet normal -1.305262e-01 0.000000e+00 -9.914449e-01
    outer loop
      vertex   1.328400e+02 -5.200000e+00 -3.835793e+01
      vertex   1.324000e+02 -4.100000e+00 -3.830000e+01
      vertex   1.328400e+02 -4.100000e+00 -3.835793e+01
    endloop
  endfacet
  facet normal -3.826834e-01 0.000000e+00 -9.238795e-01
    outer loop
      vertex   1.328400e+02 -5.200000e+00 -3.835793e+01
      vertex   1.328400e+02 -4.100000e+00 -3.835793e+01
      vertex   1.332500e+02 -5.200000e+00 -3.852776e+01
    endloop
  endfacet
  facet normal -3.826834e-01 0.000000e+00 -9.238795e-01
    outer loop
      vertex   1.332500e+02 -5.200000e+00 -3.852776e+01
      vertex   1.328400e+02 -4.100000e+00 -3.835793e+01
      vertex   1.332500e+02 -4.100000e+00 -3.852776e+01
    endloop
  endfacet
  facet normal -6.087614e-01 0.000000e+00 -7.933533e-01
    outer loop
      vertex   1.332500e+02 -5.200000e+00 -3.852776e+01
      vertex   1.332500e+02 -4.100000e+00 -3.852776e+01
      vertex   1.336021e+02 -5.200000e+00 -3.879792e+01
    endloop
  endfacet
  facet normal -6.087614e-01 0.000000e+00 -7.933533e-01
    outer loop
      vertex   1.336021e+02 -5.200000e+00 -3.879792e+01
      vertex   1.332500e+02 -4.100000e+00 -3.852776e+01
      vertex   1.336021e+02 -4.100000e+00 -3.879792e+01
    endloop
  endfacet
  facet normal -7.933533e-01 0.000000e+00 -6.087614e-01
    outer loop
      vertex   1.336021e+02 -5.200000e+00 -3.879792e+01
      vertex   1.336021e+02 -4.100000e+00 -3.879792e+01
      vertex   1.338722e+02 -5.200000e+00 -3.915000e+01
    endloop
  endfacet
  facet normal -7.933533e-01 0.000000e+00 -6.087614e-01
    outer loop
      vertex   1.338722e+02 -5.200000e+00 -3.915000e+01
      vertex   1.336021e+02 -4.100000e+00 -3.879792e+01
      vertex   1.338722e+02 -4.100000e+00 -3.915000e+01
    endloop
  endfacet
  facet normal -9.238795e-01 0.000000e+00 -3.826834e-01
    outer loop
      vertex   1.338722e+02 -5.200000e+00 -3.915000e+01
      vertex   1.338722e+02 -4.100000e+00 -3.915000e+01
      vertex   1.340421e+02 -5.200000e+00 -3.956001e+01
    endloop
  endfacet
  facet normal -9.238795e-01 0.000000e+00 -3.826834e-01
    outer loop
      vertex   1.340421e+02 -5.200000e+00 -3.956001e+01
      vertex   1.338722e+02 -4.100000e+00 -3.915000e+01
      vertex   1.340421e+02 -4.100000e+00 -3.956001e+01
    endloop
  endfacet
  facet normal -9.914449e-01 0.000000e+00 -1.305262e-01
    outer loop
      vertex   1.940421e+02 -5.200000e+00 -3.956001e+01
      vertex   1.940421e+02 -4.100000e+00 -3.956001e+01
      vertex   1.941000e+02 -5.200000e+00 -4.000000e+01
    endloop
  endfacet
  facet normal -9.914449e-01 0.000000e+00 -1.305262e-01
    outer loop
      vertex   1.941000e+02 -5.200000e+00 -4.000000e+01
      vertex   1.940421e+02 -4.100000e+00 -3.956001e+01
      vertex   1.941000e+02 -4.100000e+00 -4.000000e+01
    endloop
  endfacet
  facet normal -9.914449e-01 0.000000e+00 1.305262e-01
    outer loop
      vertex   1.941000e+02 -5.200000e+00 -4.000000e+01
      vertex   1.941000e+02 -4.100000e+00 -4.000000e+01
      vertex   1.940421e+02 -5.200000e+00 -4.043999e+01
    endloop
  endfacet
  facet normal -9.914449e-01 0.000000e+00 1.305262e-01
    outer loop
      vertex   1.940421e+02 -5.200000e+00 -4.043999e+01
      vertex   1.941000e+02 -4.100000e+00 -4.000000e+01
      vertex   1.940421e+02 -4.100000e+00 -4.043999e+01
    endloop
  endfacet
  facet normal -9.238795e-01 0.000000e+00 3.826834e-01
    outer loop
      vertex   1.940421e+02 -5.200000e+00 -4.043999e+01
      vertex   1.940421e+02 -4.100000e+00 -4.043999e+01
      vertex   1.938722e+02 -5.200000e+00 -4.085000e+01
    endloop
  endfacet
  facet normal -9.238795e-01 0.000000e+00 3.826834e-01
    outer loop
      vertex   1.938722e+02 -5.200000e+00 -4.085000e+01
      vertex   1.940421e+02 -4.100000e+00 -4.043999e+01
      vertex   1.938722e+02 -4.100000e+00 -4.085000e+01
    endloop
  endfacet
  facet normal -7.933533e-01 0.000000e+00 6.087614e-01
    outer loop
      vertex   1.938722e+02 -5.200000e+00 -4.085000e+01
      vertex   1.938722e+02 -4.100000e+00 -4.085000e+01
      vertex   1.936021e+02 -5.200000e+00 -4.120208e+01
    endloop
  endfacet
  facet normal -7.933533e-01 0.000000e+00 6.087614e-01
    outer loop
      vertex   1.936021e+02 -5.200000e+00 -4.120208e+01
      vertex   1.938722e+02 -4.100000e+00 -4.085000e+01
      vertex   1.936021e+02 -4.100000e+00 -4.120208e+01
    endloop
  endfacet
  facet normal -6.087614e-01 0.000000e+00 7.933533e-01
    outer loop
      vertex   1.936021e+02 -5.200000e+00 -4.120208e+01
      vertex   1.936021e+02 -4.100000e+00 -4.120208e+01
      vertex   1.932500e+02 -5.200000e+00 -4.147224e+01
    endloop
  endfacet
  facet normal -6.087614e-01 0.000000e+00 7.933533e-01
    outer loop
      vertex   1.932500e+02 -5.200000e+00 -4.147224e+01
      vertex   1.936021e+02 -4.100000e+00 -4.120208e+01
      vertex   1.932500e+02 -4.100000e+00 -4.147224e+01
    endloop
  endfacet
  facet normal -3.826834e-01 0.000000e+00 9.238795e-01
    outer loop
      vertex   1.932500e+02 -5.200000e+00 -4.147224e+01
      vertex   1.932500e+02 -4.100000e+00 -4.147224e+01
      vertex   1.928400e+02 -5.200000e+00 -4.164207e+01
    endloop
  endfacet
  facet normal -3.826834e-01 0.000000e+00 9.238795e-01
    outer loop
      vertex   1.928400e+02 -5.200000e+00 -4.164207e+01
      vertex   1.932500e+02 -4.100000e+00 -4.147224e+01
      vertex   1.928400e+02 -4.100000e+00 -4.164207e+01
    endloop
  endfacet
  facet normal -1.305262e-01 0.000000e+00 9.914449e-01
    outer loop
      vertex   1.928400e+02 -5.200000e+00 -4.164207e+01
      vertex   1.928400e+02 -4.100000e+00 -4.164207e+01
      vertex   1.924000e+02 -5.200000e+00 -4.170000e+01
    endloop
  endfacet
  facet normal -1.305262e-01 0.000000e+00 9.914449e-01
    outer loop
      vertex   1.924000e+02 -5.200000e+00 -4.170000e+01
      vertex   1.928400e+02 -4.100000e+00 -4.164207e+01
      vertex   1.924000e+02 -4.100000e+00 -4.170000e+01
    endloop
  endfacet
  facet normal 1.305262e-01 -0.000000e+00 9.914449e-01
    outer loop
      vertex   1.924000e+02 -5.200000e+00 -4.170000e+01
      vertex   1.924000e+02 -4.100000e+00 -4.170000e+01
      vertex   1.919600e+02 -5.200000e+00 -4.164207e+01
    endloop
  endfacet
  facet normal 1.305262e-01 -0.000000e+00 9.914449e-01
    outer loop
      vertex   1.919600e+02 -5.200000e+00 -4.164207e+01
      vertex   1.924000e+02 -4.100000e+00 -4.170000e+01
      vertex   1.919600e+02 -4.100000e+00 -4.164207e+01
    endloop
  endfacet
  facet normal 3.826834e-01 -0.000000e+00 9.238795e-01
    outer loop
      vertex   1.919600e+02 -5.200000e+00 -4.164207e+01
      vertex   1.919600e+02 -4.100000e+00 -4.164207e+01
      vertex   1.915500e+02 -5.200000e+00 -4.147224e+01
    endloop
  endfacet
  facet normal 3.826834e-01 -0.000000e+00 9.238795e-01
    outer loop
      vertex   1.915500e+02 -5.200000e+00 -4.147224e+01
      vertex   1.919600e+02 -4.100000e+00 -4.164207e+01
      vertex   1.915500e+02 -4.100000e+00 -4.147224e+01
    endloop
  endfacet
  facet normal 6.087614e-01 -0.000000e+00 7.933533e-01
    outer loop
      vertex   1.915500e+02 -5.200000e+00 -4.147224e+01
      vertex   1.915500e+02 -4.100000e+00 -4.147224e+01
      vertex   1.911979e+02 -5.200000e+00 -4.120208e+01
    endloop
  endfacet
  facet normal 6.087614e-01 -0.000000e+00 7.933533e-01
    outer loop
      vertex   1.911979e+02 -5.200000e+00 -4.120208e+01
      vertex   1.915500e+02 -4.100000e+00 -4.147224e+01
      vertex   1.911979e+02 -4.100000e+00 -4.120208e+01
    endloop
  endfacet
  facet normal 7.933533e-01 -0.000000e+00 6.087614e-01
    outer loop
      vertex   1.911979e+02 -5.200000e+00 -4.120208e+01
      vertex   1.911979e+02 -4.100000e+00 -4.120208e+01
      vertex   1.909278e+02 -5.200000e+00 -4.085000e+01
    endloop
  endfacet
  facet normal 7.933533e-01 -0.000000e+00 6.087614e-01
    outer loop
      vertex   1.909278e+02 -5.200000e+00 -4.085000e+01
      vertex   1.911979e+02 -4.100000e+00 -4.120208e+01
      vertex   1.909278e+02 -4.100000e+00 -4.085000e+01
    endloop
  endfacet
  facet normal 9.238795e-01 -0.000000e+00 3.826834e-01
    outer loop
      vertex   1.909278e+02 -5.200000e+00 -4.085000e+01
      vertex   1.909278e+02 -4.100000e+00 -4.085000e+01
      vertex   1.907579e+02 -5.200000e+00 -4.043999e+01
    endloop
  endfacet
  facet normal 9.238795e-01 -0.000000e+00 3.826834e-01
    outer loop
      vertex   1.907579e+02 -5.200000e+00 -4.043999e+01
      vertex   1.909278e+02 -4.100000e+00 -4.085000e+01
      vertex   1.907579e+02 -4.100000e+00 -4.043999e+01
    endloop
  endfacet
  facet normal 9.914449e-01 -0.000000e+00 1.305262e-01
    outer loop
      vertex   1.907579e+02 -5.200000e+00 -4.043999e+01
      vertex   1.907579e+02 -4.100000e+00 -4.043999e+01
      vertex   1.907000e+02 -5.200000e+00 -4.000000e+01
    endloop
  endfacet
  facet normal 9.914449e-01 -0.000000e+00 1.305262e-01
    outer loop
      vertex   1.907000e+02 -5.200000e+00 -4.000000e+01
      vertex   1.907579e+02 -4.100000e+00 -4.043999e+01
      vertex   1.907000e+02 -4.100000e+00 -4.000000e+01
    endloop
  endfacet
  facet normal 9.914449e-01 0.000000e+00 -1.305262e-01
    outer loop
      vertex   1.907000e+02 -5.200000e+00 -4.000000e+01
      vertex   1.907000e+02 -4.100000e+00 -4.000000e+01
      vertex   1.907579e+02 -5.200000e+00 -3.956001e+01
    endloop
  endfacet
  facet normal 9.914449e-01 0.000000e+00 -1.305262e-01
    outer loop
      vertex   1.907579e+02 -5.200000e+00 -3.956001e+01
      vertex   1.907000e+02 -4.100000e+00 -4.000000e+01
      vertex   1.907579e+02 -4.100000e+00 -3.956001e+01
    endloop
  endfacet
  facet normal 9.238795e-01 0.000000e+00 -3.826834e-01
    outer loop
      vertex   1.907579e+02 -5.200000e+00 -3.956001e+01
      vertex   1.907579e+02 -4.100000e+00 -3.956001e+01
      vertex   1.909278e+02 -5.200000e+00 -3.915000e+01
    endloop
  endfacet
  facet normal 9.238795e-01 0.000000e+00 -3.826834e-01
    outer loop
      vertex   1.909278e+02 -5.200000e+00 -3.915000e+01
      vertex   1.907579e+02 -4.100000e+00 -3.956001e+01
      vertex   1.909278e+02 -4.100000e+00 -3.915000e+01
    endloop
  endfacet
  facet normal 7.933533e-01 0.000000e+00 -6.087614e-01
    outer loop
      vertex   1.909278e+02 -5.200000e+00 -3.915000e+01
      vertex   1.909278e+02 -4.100000e+00 -3.915000e+01
      vertex   1.911979e+02 -5.200000e+00 -3.879792e+01
    endloop
  endfacet
  facet normal 7.933533e-01 0.000000e+00 -6.087614e-01
    outer loop
      vertex   1.911979e+02 -5.200000e+00 -3.879792e+01
      vertex   1.909278e+02 -4.100000e+00 -3.915000e+01
      vertex   1.911979e+02 -4.100000e+00 -3.879792e+01
    endloop
  endfacet
  facet normal 6.087614e-01 0.000000e+00 -7.933533e-01
    outer loop
      vertex   1.911979e+02 -5.200000e+00 -3.879792e+01
      vertex   1.911979e+02 -4.100000e+00 -3.879792e+01
      vertex   1.915500e+02 -5.200000e+00 -3.852776e+01
    endloop
  endfacet
  facet normal 6.087614e-01 0.000000e+00 -7.933533e-01
    outer loop
      vertex   1.915500e+02 -5.200000e+00 -3.852776e+01
      vertex   1.911979e+02 -4.100000e+00 -3.879792e+01
      vertex   1.915500e+02 -4.100000e+00 -3.852776e+01
    endloop
  endfacet
  facet normal 3.826834e-01 0.000000e+00 -9.238795e-01
    outer loop
      vertex   1.915500e+02 -5.200000e+00 -3.852776e+01
      vertex   1.915500e+02 -4.100000e+00 -3.852776e+01
      vertex   1.919600e+02 -5.200000e+00 -3.835793e+01
    endloop
  endfacet
  facet normal 3.826834e-01 0.000000e+00 -9.238795e-01
    outer loop
      vertex   1.919600e+02 -5.200000e+00 -3.835793e+01
      vertex   1.915500e+02 -4.100000e+00 -3.852776e+01
      vertex   1.919600e+02 -4.100000e+00 -3.835793e+01
    endloop
  endfacet
  facet normal 1.305262e-01 0.000000e+00 -9.914449e-01
    outer loop
      vertex   1.919600e+02 -5.200000e+00 -3.835793e+01
      vertex   1.919600e+02 -4.100000e+00 -3.835793e+01
      vertex   1.924000e+02 -5.200000e+00 -3.830000e+01
    endloop
  endfacet
  facet normal 1.305262e-01 0.000000e+00 -9.914449e-01
    outer loop
      vertex   1.924000e+02 -5.200000e+00 -3.830000e+01
      vertex   1.919600e+02 -4.100000e+00 -3.835793e+01
      vertex   1.924000e+02 -4.100000e+00 -3.830000e+01
    endloop
  endfacet
  facet normal -1.305262e-01 0.000000e+00 -9.914449e-01
    outer loop
      vertex   1.924000e+02 -5.200000e+00 -3.830000e+01
      vertex   1.924000e+02 -4.100000e+00 -3.830000e+01
      vertex   1.928400e+02 -5.200000e+00 -3.835793e+01
    endloop
  endfacet
  facet normal -1.305262e-01 0.000000e+00 -9.914449e-01
    outer loop
      vertex   1.928400e+02 -5.200000e+00 -3.835793e+01
      vertex   1.924000e+02 -4.100000e+00 -3.830000e+01
      vertex   1.928400e+02 -4.100000e+00 -3.835793e+01
    endloop
  endfacet
  facet normal -3.826834e-01 0.000000e+00 -9.238795e-01
    outer loop
      vertex   1.928400e+02 -5.200000e+00 -3.835793e+01
      vertex   1.928400e+02 -4.100000e+00 -3.835793e+01
      vertex   1.932500e+02 -5.200000e+00 -3.852776e+01
    endloop
  endfacet
  facet normal -3.826834e-01 0.000000e+00 -9.238795e-01
    outer loop
      vertex   1.932500e+02 -5.200000e+00 -3.852776e+01
      vertex   1.928400e+02 -4.100000e+00 -3.835793e+01
      vertex   1.932500e+02 -4.100000e+00 -3.852776e+01
    endloop
  endfacet
  facet normal -6.087614e-01 0.000000e+00 -7.933533e-01
    outer loop
      vertex   1.932500e+02 -5.200000e+00 -3.852776e+01
      vertex   1.932500e+02 -4.100000e+00 -3.852776e+01
      vertex   1.936021e+02 -5.200000e+00 -3.879792e+01
    endloop
  endfacet
  facet normal -6.087614e-01 0.000000e+00 -7.933533e-01
    outer loop
      vertex   1.936021e+02 -5.200000e+00 -3.879792e+01
      vertex   1.932500e+02 -4.100000e+00 -3.852776e+01
      vertex   1.936021e+02 -4.100000e+00 -3.879792e+01
    endloop
  endfacet
  facet normal -7.933533e-01 0.000000e+00 -6.087614e-01
    outer loop
      vertex   1.936021e+02 -5.200000e+00 -3.879792e+01
      vertex   1.936021e+02 -4.100000e+00 -3.879792e+01
      vertex   1.938722e+02 -5.200000e+00 -3.915000e+01
    endloop
  endfacet
  facet normal -7.933533e-01 0.000000e+00 -6.087614e-01
    outer loop
      vertex   1.938722e+02 -5.200000e+00 -3.915000e+01
      vertex   1.936021e+02 -4.100000e+00 -3.879792e+01
      vertex   1.938722e+02 -4.100000e+00 -3.915000e+01
    endloop
  endfacet
  facet normal -9.238795e-01 0.000000e+00 -3.826834e-01
    outer loop
      vertex   1.938722e+02 -5.200000e+00 -3.915000e+01
      vertex   1.938722e+02 -4.100000e+00 -3.915000e+01
      vertex   1.940421e+02 -5.200000e+00 -3.956001e+01
    endloop
  endfacet
  facet normal -9.238795e-01 0.000000e+00 -3.826834e-01
    outer loop
      vertex   1.940421e+02 -5.200000e+00 -3.956001e+01
      vertex   1.938722e+02 -4.100000e+00 -3.915000e+01
      vertex   1.940421e+02 -4.100000e+00 -3.956001e+01
    endloop
  endfacet
  facet normal -9.914449e-01 0.000000e+00 -1.305262e-01
    outer loop
      vertex   1.140421e+02 -5.200000e+00 4.399924e-01
      vertex   1.140421e+02 -4.100000e+00 4.399924e-01
      vertex   1.141000e+02 -5.200000e+00 4.126444e-14
    endloop
  endfacet
  facet normal -9.914449e-01 -4.940771e-17 -1.305262e-01
    outer loop
      vertex   1.141000e+02 -5.200000e+00 4.126444e-14
      vertex   1.140421e+02 -4.100000e+00 4.399924e-01
      vertex   1.141000e+02 -4.100000e+00 4.084806e-14
    endloop
  endfacet
  facet normal -9.914449e-01 4.940771e-17 1.305262e-01
    outer loop
      vertex   1.141000e+02 -5.200000e+00 4.126444e-14
      vertex   1.141000e+02 -4.100000e+00 4.084806e-14
      vertex   1.140421e+02 -5.200000e+00 -4.399924e-01
    endloop
  endfacet
  facet normal -9.914449e-01 0.000000e+00 1.305262e-01
    outer loop
      vertex   1.140421e+02 -5.200000e+00 -4.399924e-01
      vertex   1.141000e+02 -4.100000e+00 4.084806e-14
      vertex   1.140421e+02 -4.100000e+00 -4.399924e-01
    endloop
  endfacet
  facet normal -9.238795e-01 0.000000e+00 3.826834e-01
    outer loop
      vertex   1.140421e+02 -5.200000e+00 -4.399924e-01
      vertex   1.140421e+02 -4.100000e+00 -4.399924e-01
      vertex   1.138722e+02 -5.200000e+00 -8.500000e-01
    endloop
  endfacet
  facet normal -9.238795e-01 0.000000e+00 3.826834e-01
    outer loop
      vertex   1.138722e+02 -5.200000e+00 -8.500000e-01
      vertex   1.140421e+02 -4.100000e+00 -4.399924e-01
      vertex   1.138722e+02 -4.100000e+00 -8.500000e-01
    endloop
  endfacet
  facet normal -7.933533e-01 0.000000e+00 6.087614e-01
    outer loop
      vertex   1.138722e+02 -5.200000e+00 -8.500000e-01
      vertex   1.138722e+02 -4.100000e+00 -8.500000e-01
      vertex   1.136021e+02 -5.200000e+00 -1.202082e+00
    endloop
  endfacet
  facet normal -7.933533e-01 0.000000e+00 6.087614e-01
    outer loop
      vertex   1.136021e+02 -5.200000e+00 -1.202082e+00
      vertex   1.138722e+02 -4.100000e+00 -8.500000e-01
      vertex   1.136021e+02 -4.100000e+00 -1.202082e+00
    endloop
  endfacet
  facet normal -6.087614e-01 0.000000e+00 7.933533e-01
    outer loop
      vertex   1.136021e+02 -5.200000e+00 -1.202082e+00
      vertex   1.136021e+02 -4.100000e+00 -1.202082e+00
      vertex   1.132500e+02 -5.200000e+00 -1.472243e+00
    endloop
  endfacet
  facet normal -6.087614e-01 0.000000e+00 7.933533e-01
    outer loop
      vertex   1.132500e+02 -5.200000e+00 -1.472243e+00
      vertex   1.136021e+02 -4.100000e+00 -1.202082e+00
      vertex   1.132500e+02 -4.100000e+00 -1.472243e+00
    endloop
  endfacet
  facet normal -3.826834e-01 0.000000e+00 9.238795e-01
    outer loop
      vertex   1.132500e+02 -5.200000e+00 -1.472243e+00
      vertex   1.132500e+02 -4.100000e+00 -1.472243e+00
      vertex   1.128400e+02 -5.200000e+00 -1.642074e+00
    endloop
  endfacet
  facet normal -3.826834e-01 0.000000e+00 9.238795e-01
    outer loop
      vertex   1.128400e+02 -5.200000e+00 -1.642074e+00
      vertex   1.132500e+02 -4.100000e+00 -1.472243e+00
      vertex   1.128400e+02 -4.100000e+00 -1.642074e+00
    endloop
  endfacet
  facet normal -1.305262e-01 0.000000e+00 9.914449e-01
    outer loop
      vertex   1.128400e+02 -5.200000e+00 -1.642074e+00
      vertex   1.128400e+02 -4.100000e+00 -1.642074e+00
      vertex   1.124000e+02 -5.200000e+00 -1.700000e+00
    endloop
  endfacet
  facet normal -1.305262e-01 0.000000e+00 9.914449e-01
    outer loop
      vertex   1.124000e+02 -5.200000e+00 -1.700000e+00
      vertex   1.128400e+02 -4.100000e+00 -1.642074e+00
      vertex   1.124000e+02 -4.100000e+00 -1.700000e+00
    endloop
  endfacet
  facet normal 1.305262e-01 -0.000000e+00 9.914449e-01
    outer loop
      vertex   1.124000e+02 -5.200000e+00 -1.700000e+00
      vertex   1.124000e+02 -4.100000e+00 -1.700000e+00
      vertex   1.119600e+02 -5.200000e+00 -1.642074e+00
    endloop
  endfacet
  facet normal 1.305262e-01 -0.000000e+00 9.914449e-01
    outer loop
      vertex   1.119600e+02 -5.200000e+00 -1.642074e+00
      vertex   1.124000e+02 -4.100000e+00 -1.700000e+00
      vertex   1.119600e+02 -4.100000e+00 -1.642074e+00
    endloop
  endfacet
  facet normal 3.826834e-01 -0.000000e+00 9.238795e-01
    outer loop
      vertex   1.119600e+02 -5.200000e+00 -1.642074e+00
      vertex   1.119600e+02 -4.100000e+00 -1.642074e+00
      vertex   1.115500e+02 -5.200000e+00 -1.472243e+00
    endloop
  endfacet
  facet normal 3.826834e-01 -0.000000e+00 9.238795e-01
    outer loop
      vertex   1.115500e+02 -5.200000e+00 -1.472243e+00
      vertex   1.119600e+02 -4.100000e+00 -1.642074e+00
      vertex   1.115500e+02 -4.100000e+00 -1.472243e+00
    endloop
  endfacet
  facet normal 6.087614e-01 -0.000000e+00 7.933533e-01
    outer loop
      vertex   1.115500e+02 -5.200000e+00 -1.472243e+00
      vertex   1.115500e+02 -4.100000e+00 -1.472243e+00
      vertex   1.111979e+02 -5.200000e+00 -1.202082e+00
    endloop
  endfacet
  facet normal 6.087614e-01 -0.000000e+00 7.933533e-01
    outer loop
      vertex   1.111979e+02 -5.200000e+00 -1.202082e+00
      vertex   1.115500e+02 -4.100000e+00 -1.472243e+00
      vertex   1.111979e+02 -4.100000e+00 -1.202082e+00
    endloop
  endfacet
  facet normal 7.933533e-01 -0.000000e+00 6.087614e-01
    outer loop
      vertex   1.111979e+02 -5.200000e+00 -1.202082e+00
      vertex   1.111979e+02 -4.100000e+00 -1.202082e+00
      vertex   1.109278e+02 -5.200000e+00 -8.500000e-01
    endloop
  endfacet
  facet normal 7.933533e-01 -0.000000e+00 6.087614e-01
    outer loop
      vertex   1.109278e+02 -5.200000e+00 -8.500000e-01
      vertex   1.111979e+02 -4.100000e+00 -1.202082e+00
      vertex   1.109278e+02 -4.100000e+00 -8.500000e-01
    endloop
  endfacet
  facet normal 9.238795e-01 -0.000000e+00 3.826834e-01
    outer loop
      vertex   1.109278e+02 -5.200000e+00 -8.500000e-01
      vertex   1.109278e+02 -4.100000e+00 -8.500000e-01
      vertex   1.107579e+02 -5.200000e+00 -4.399924e-01
    endloop
  endfacet
  facet normal 9.238795e-01 -0.000000e+00 3.826834e-01
    outer loop
      vertex   1.107579e+02 -5.200000e+00 -4.399924e-01
      vertex   1.109278e+02 -4.100000e+00 -8.500000e-01
      vertex   1.107579e+02 -4.100000e+00 -4.399924e-01
    endloop
  endfacet
  facet normal 9.914449e-01 -0.000000e+00 1.305262e-01
    outer loop
      vertex   1.107579e+02 -5.200000e+00 -4.399924e-01
      vertex   1.107579e+02 -4.100000e+00 -4.399924e-01
      vertex   1.107000e+02 -5.200000e+00 3.887981e-14
    endloop
  endfacet
  facet normal 9.914449e-01 -0.000000e+00 1.305262e-01
    outer loop
      vertex   1.107000e+02 -5.200000e+00 3.887981e-14
      vertex   1.107579e+02 -4.100000e+00 -4.399924e-01
      vertex   1.107000e+02 -4.100000e+00 3.887981e-14
    endloop
  endfacet
  facet normal 9.914449e-01 0.000000e+00 -1.305262e-01
    outer loop
      vertex   1.107000e+02 -5.200000e+00 3.887981e-14
      vertex   1.107000e+02 -4.100000e+00 3.887981e-14
      vertex   1.107579e+02 -5.200000e+00 4.399924e-01
    endloop
  endfacet
  facet normal 9.914449e-01 0.000000e+00 -1.305262e-01
    outer loop
      vertex   1.107579e+02 -5.200000e+00 4.399924e-01
      vertex   1.107000e+02 -4.100000e+00 3.887981e-14
      vertex   1.107579e+02 -4.100000e+00 4.399924e-01
    endloop
  endfacet
  facet normal 9.238795e-01 0.000000e+00 -3.826834e-01
    outer loop
      vertex   1.107579e+02 -5.200000e+00 4.399924e-01
      vertex   1.107579e+02 -4.100000e+00 4.399924e-01
      vertex   1.109278e+02 -5.200000e+00 8.500000e-01
    endloop
  endfacet
  facet normal 9.238795e-01 0.000000e+00 -3.826834e-01
    outer loop
      vertex   1.109278e+02 -5.200000e+00 8.500000e-01
      vertex   1.107579e+02 -4.100000e+00 4.399924e-01
      vertex   1.109278e+02 -4.100000e+00 8.500000e-01
    endloop
  endfacet
  facet normal 7.933533e-01 0.000000e+00 -6.087614e-01
    outer loop
      vertex   1.109278e+02 -5.200000e+00 8.500000e-01
      vertex   1.109278e+02 -4.100000e+00 8.500000e-01
      vertex   1.111979e+02 -5.200000e+00 1.202082e+00
    endloop
  endfacet
  facet normal 7.933533e-01 0.000000e+00 -6.087614e-01
    outer loop
      vertex   1.111979e+02 -5.200000e+00 1.202082e+00
      vertex   1.109278e+02 -4.100000e+00 8.500000e-01
      vertex   1.111979e+02 -4.100000e+00 1.202082e+00
    endloop
  endfacet
  facet normal 6.087614e-01 0.000000e+00 -7.933533e-01
    outer loop
      vertex   1.111979e+02 -5.200000e+00 1.202082e+00
      vertex   1.111979e+02 -4.100000e+00 1.202082e+00
      vertex   1.115500e+02 -5.200000e+00 1.472243e+00
    endloop
  endfacet
  facet normal 6.087614e-01 0.000000e+00 -7.933533e-01
    outer loop
      vertex   1.115500e+02 -5.200000e+00 1.472243e+00
      vertex   1.111979e+02 -4.100000e+00 1.202082e+00
      vertex   1.115500e+02 -4.100000e+00 1.472243e+00
    endloop
  endfacet
  facet normal 3.826834e-01 0.000000e+00 -9.238795e-01
    outer loop
      vertex   1.115500e+02 -5.200000e+00 1.472243e+00
      vertex   1.115500e+02 -4.100000e+00 1.472243e+00
      vertex   1.119600e+02 -5.200000e+00 1.642074e+00
    endloop
  endfacet
  facet normal 3.826834e-01 0.000000e+00 -9.238795e-01
    outer loop
      vertex   1.119600e+02 -5.200000e+00 1.642074e+00
      vertex   1.115500e+02 -4.100000e+00 1.472243e+00
      vertex   1.119600e+02 -4.100000e+00 1.642074e+00
    endloop
  endfacet
  facet normal 1.305262e-01 0.000000e+00 -9.914449e-01
    outer loop
      vertex   1.119600e+02 -5.200000e+00 1.642074e+00
      vertex   1.119600e+02 -4.100000e+00 1.642074e+00
      vertex   1.124000e+02 -5.200000e+00 1.700000e+00
    endloop
  endfacet
  facet normal 1.305262e-01 0.000000e+00 -9.914449e-01
    outer loop
      vertex   1.124000e+02 -5.200000e+00 1.700000e+00
      vertex   1.119600e+02 -4.100000e+00 1.642074e+00
      vertex   1.124000e+02 -4.100000e+00 1.700000e+00
    endloop
  endfacet
  facet normal -1.305262e-01 0.000000e+00 -9.914449e-01
    outer loop
      vertex   1.124000e+02 -5.200000e+00 1.700000e+00
      vertex   1.124000e+02 -4.100000e+00 1.700000e+00
      vertex   1.128400e+02 -5.200000e+00 1.642074e+00
    endloop
  endfacet
  facet normal -1.305262e-01 0.000000e+00 -9.914449e-01
    outer loop
      vertex   1.128400e+02 -5.200000e+00 1.642074e+00
      vertex   1.124000e+02 -4.100000e+00 1.700000e+00
      vertex   1.128400e+02 -4.100000e+00 1.642074e+00
    endloop
  endfacet
  facet normal -3.826834e-01 0.000000e+00 -9.238795e-01
    outer loop
      vertex   1.128400e+02 -5.200000e+00 1.642074e+00
      vertex   1.128400e+02 -4.100000e+00 1.642074e+00
      vertex   1.132500e+02 -5.200000e+00 1.472243e+00
    endloop
  endfacet
  facet normal -3.826834e-01 0.000000e+00 -9.238795e-01
    outer loop
      vertex   1.132500e+02 -5.200000e+00 1.472243e+00
      vertex   1.128400e+02 -4.100000e+00 1.642074e+00
      vertex   1.132500e+02 -4.100000e+00 1.472243e+00
    endloop
  endfacet
  facet normal -6.087614e-01 0.000000e+00 -7.933533e-01
    outer loop
      vertex   1.132500e+02 -5.200000e+00 1.472243e+00
      vertex   1.132500e+02 -4.100000e+00 1.472243e+00
      vertex   1.136021e+02 -5.200000e+00 1.202082e+00
    endloop
  endfacet
  facet normal -6.087614e-01 0.000000e+00 -7.933533e-01
    outer loop
      vertex   1.136021e+02 -5.200000e+00 1.202082e+00
      vertex   1.132500e+02 -4.100000e+00 1.472243e+00
      vertex   1.136021e+02 -4.100000e+00 1.202082e+00
    endloop
  endfacet
  facet normal -7.933533e-01 0.000000e+00 -6.087614e-01
    outer loop
      vertex   1.136021e+02 -5.200000e+00 1.202082e+00
      vertex   1.136021e+02 -4.100000e+00 1.202082e+00
      vertex   1.138722e+02 -5.200000e+00 8.500000e-01
    endloop
  endfacet
  facet normal -7.933533e-01 0.000000e+00 -6.087614e-01
    outer loop
      vertex   1.138722e+02 -5.200000e+00 8.500000e-01
      vertex   1.136021e+02 -4.100000e+00 1.202082e+00
      vertex   1.138722e+02 -4.100000e+00 8.500000e-01
    endloop
  endfacet
  facet normal -9.238795e-01 0.000000e+00 -3.826834e-01
    outer loop
      vertex   1.138722e+02 -5.200000e+00 8.500000e-01
      vertex   1.138722e+02 -4.100000e+00 8.500000e-01
      vertex   1.140421e+02 -5.200000e+00 4.399924e-01
    endloop
  endfacet
  facet normal -9.238795e-01 0.000000e+00 -3.826834e-01
    outer loop
      vertex   1.140421e+02 -5.200000e+00 4.399924e-01
      vertex   1.138722e+02 -4.100000e+00 8.500000e-01
      vertex   1.140421e+02 -4.100000e+00 4.399924e-01
    endloop
  endfacet
  facet normal 1.305262e-01 -0.000000e+00 9.914449e-01
    outer loop
      vertex   1.124000e+02 -4.100000e+00 -6.050000e+01
      vertex   1.124000e+02 -1.600000e+00 -6.050000e+01
      vertex   1.122706e+02 -4.100000e+00 -6.048296e+01
    endloop
  endfacet
  facet normal 1.305262e-01 -0.000000e+00 9.914449e-01
    outer loop
      vertex   1.122706e+02 -4.100000e+00 -6.048296e+01
      vertex   1.124000e+02 -1.600000e+00 -6.050000e+01
      vertex   1.122706e+02 -1.600000e+00 -6.048296e+01
    endloop
  endfacet
  facet normal 3.826834e-01 -0.000000e+00 9.238795e-01
    outer loop
      vertex   1.122706e+02 -4.100000e+00 -6.048296e+01
      vertex   1.122706e+02 -1.600000e+00 -6.048296e+01
      vertex   1.121500e+02 -4.100000e+00 -6.043301e+01
    endloop
  endfacet
  facet normal 3.826834e-01 -0.000000e+00 9.238795e-01
    outer loop
      vertex   1.121500e+02 -4.100000e+00 -6.043301e+01
      vertex   1.122706e+02 -1.600000e+00 -6.048296e+01
      vertex   1.121500e+02 -1.600000e+00 -6.043301e+01
    endloop
  endfacet
  facet normal 6.087614e-01 -0.000000e+00 7.933533e-01
    outer loop
      vertex   1.121500e+02 -4.100000e+00 -6.043301e+01
      vertex   1.121500e+02 -1.600000e+00 -6.043301e+01
      vertex   1.120464e+02 -4.100000e+00 -6.035355e+01
    endloop
  endfacet
  facet normal 6.087614e-01 -0.000000e+00 7.933533e-01
    outer loop
      vertex   1.120464e+02 -4.100000e+00 -6.035355e+01
      vertex   1.121500e+02 -1.600000e+00 -6.043301e+01
      vertex   1.120464e+02 -1.600000e+00 -6.035355e+01
    endloop
  endfacet
  facet normal 7.933533e-01 -0.000000e+00 6.087614e-01
    outer loop
      vertex   1.120464e+02 -4.100000e+00 -6.035355e+01
      vertex   1.120464e+02 -1.600000e+00 -6.035355e+01
      vertex   1.119670e+02 -4.100000e+00 -6.025000e+01
    endloop
  endfacet
  facet normal 7.933533e-01 -0.000000e+00 6.087614e-01
    outer loop
      vertex   1.119670e+02 -4.100000e+00 -6.025000e+01
      vertex   1.120464e+02 -1.600000e+00 -6.035355e+01
      vertex   1.119670e+02 -1.600000e+00 -6.025000e+01
    endloop
  endfacet
  facet normal 9.238795e-01 -0.000000e+00 3.826834e-01
    outer loop
      vertex   1.119670e+02 -4.100000e+00 -6.025000e+01
      vertex   1.119670e+02 -1.600000e+00 -6.025000e+01
      vertex   1.119170e+02 -4.100000e+00 -6.012941e+01
    endloop
  endfacet
  facet normal 9.238795e-01 -0.000000e+00 3.826834e-01
    outer loop
      vertex   1.119170e+02 -4.100000e+00 -6.012941e+01
      vertex   1.119670e+02 -1.600000e+00 -6.025000e+01
      vertex   1.119170e+02 -1.600000e+00 -6.012941e+01
    endloop
  endfacet
  facet normal 9.914449e-01 -0.000000e+00 1.305262e-01
    outer loop
      vertex   1.119170e+02 -4.100000e+00 -6.012941e+01
      vertex   1.119170e+02 -1.600000e+00 -6.012941e+01
      vertex   1.119000e+02 -4.100000e+00 -6.000000e+01
    endloop
  endfacet
  facet normal 9.914449e-01 -0.000000e+00 1.305262e-01
    outer loop
      vertex   1.119000e+02 -4.100000e+00 -6.000000e+01
      vertex   1.119170e+02 -1.600000e+00 -6.012941e+01
      vertex   1.119000e+02 -1.600000e+00 -6.000000e+01
    endloop
  endfacet
  facet normal -8.526513e-16 0.000000e+00 1.000000e+00
    outer loop
      vertex   2.124000e+02 -1.600000e+00 -6.050000e+01
      vertex   1.124000e+02 -1.600000e+00 -6.050000e+01
      vertex   2.124000e+02 -4.100000e+00 -6.050000e+01
    endloop
  endfacet
  facet normal -8.526513e-16 0.000000e+00 1.000000e+00
    outer loop
      vertex   2.124000e+02 -4.100000e+00 -6.050000e+01
      vertex   1.124000e+02 -1.600000e+00 -6.050000e+01
      vertex   1.124000e+02 -4.100000e+00 -6.050000e+01
    endloop
  endfacet
  facet normal -9.914449e-01 0.000000e+00 1.305262e-01
    outer loop
      vertex   2.129000e+02 -4.100000e+00 -6.000000e+01
      vertex   2.129000e+02 -1.600000e+00 -6.000000e+01
      vertex   2.128830e+02 -4.100000e+00 -6.012941e+01
    endloop
  endfacet
  facet normal -9.914449e-01 0.000000e+00 1.305262e-01
    outer loop
      vertex   2.128830e+02 -4.100000e+00 -6.012941e+01
      vertex   2.129000e+02 -1.600000e+00 -6.000000e+01
      vertex   2.128830e+02 -1.600000e+00 -6.012941e+01
    endloop
  endfacet
  facet normal -9.238795e-01 0.000000e+00 3.826834e-01
    outer loop
      vertex   2.128830e+02 -4.100000e+00 -6.012941e+01
      vertex   2.128830e+02 -1.600000e+00 -6.012941e+01
      vertex   2.128330e+02 -4.100000e+00 -6.025000e+01
    endloop
  endfacet
  facet normal -9.238795e-01 0.000000e+00 3.826834e-01
    outer loop
      vertex   2.128330e+02 -4.100000e+00 -6.025000e+01
      vertex   2.128830e+02 -1.600000e+00 -6.012941e+01
      vertex   2.128330e+02 -1.600000e+00 -6.025000e+01
    endloop
  endfacet
  facet normal -7.933533e-01 0.000000e+00 6.087614e-01
    outer loop
      vertex   2.128330e+02 -4.100000e+00 -6.025000e+01
      vertex   2.128330e+02 -1.600000e+00 -6.025000e+01
      vertex   2.127536e+02 -4.100000e+00 -6.035355e+01
    endloop
  endfacet
  facet normal -7.933533e-01 0.000000e+00 6.087614e-01
    outer loop
      vertex   2.127536e+02 -4.100000e+00 -6.035355e+01
      vertex   2.128330e+02 -1.600000e+00 -6.025000e+01
      vertex   2.127536e+02 -1.600000e+00 -6.035355e+01
    endloop
  endfacet
  facet normal -6.087614e-01 0.000000e+00 7.933533e-01
    outer loop
      vertex   2.127536e+02 -4.100000e+00 -6.035355e+01
      vertex   2.127536e+02 -1.600000e+00 -6.035355e+01
      vertex   2.126500e+02 -4.100000e+00 -6.043301e+01
    endloop
  endfacet
  facet normal -6.087614e-01 0.000000e+00 7.933533e-01
    outer loop
      vertex   2.126500e+02 -4.100000e+00 -6.043301e+01
      vertex   2.127536e+02 -1.600000e+00 -6.035355e+01
      vertex   2.126500e+02 -1.600000e+00 -6.043301e+01
    endloop
  endfacet
  facet normal -3.826834e-01 0.000000e+00 9.238795e-01
    outer loop
      vertex   2.126500e+02 -4.100000e+00 -6.043301e+01
      vertex   2.126500e+02 -1.600000e+00 -6.043301e+01
      vertex   2.125294e+02 -4.100000e+00 -6.048296e+01
    endloop
  endfacet
  facet normal -3.826834e-01 0.000000e+00 9.238795e-01
    outer loop
      vertex   2.125294e+02 -4.100000e+00 -6.048296e+01
      vertex   2.126500e+02 -1.600000e+00 -6.043301e+01
      vertex   2.125294e+02 -1.600000e+00 -6.048296e+01
    endloop
  endfacet
  facet normal -1.305262e-01 0.000000e+00 9.914449e-01
    outer loop
      vertex   2.125294e+02 -4.100000e+00 -6.048296e+01
      vertex   2.125294e+02 -1.600000e+00 -6.048296e+01
      vertex   2.124000e+02 -4.100000e+00 -6.050000e+01
    endloop
  endfacet
  facet normal -1.305262e-01 0.000000e+00 9.914449e-01
    outer loop
      vertex   2.124000e+02 -4.100000e+00 -6.050000e+01
      vertex   2.125294e+02 -1.600000e+00 -6.048296e+01
      vertex   2.124000e+02 -1.600000e+00 -6.050000e+01
    endloop
  endfacet
  facet normal -1.000000e+00 -0.000000e+00 -9.473903e-16
    outer loop
      vertex   2.129000e+02 -1.600000e+00 8.653738e-14
      vertex   2.129000e+02 -1.600000e+00 -6.000000e+01
      vertex   2.129000e+02 -4.100000e+00 8.653738e-14
    endloop
  endfacet
  facet normal -1.000000e+00 0.000000e+00 -9.473903e-16
    outer loop
      vertex   2.129000e+02 -4.100000e+00 8.653738e-14
      vertex   2.129000e+02 -1.600000e+00 -6.000000e+01
      vertex   2.129000e+02 -4.100000e+00 -6.000000e+01
    endloop
  endfacet
  facet normal -1.305262e-01 0.000000e+00 -9.914449e-01
    outer loop
      vertex   2.124000e+02 -4.100000e+00 5.000000e-01
      vertex   2.124000e+02 -1.600000e+00 5.000000e-01
      vertex   2.125294e+02 -4.100000e+00 4.829629e-01
    endloop
  endfacet
  facet normal -1.305262e-01 0.000000e+00 -9.914449e-01
    outer loop
      vertex   2.125294e+02 -4.100000e+00 4.829629e-01
      vertex   2.124000e+02 -1.600000e+00 5.000000e-01
      vertex   2.125294e+02 -1.600000e+00 4.829629e-01
    endloop
  endfacet
  facet normal -3.826834e-01 0.000000e+00 -9.238795e-01
    outer loop
      vertex   2.125294e+02 -4.100000e+00 4.829629e-01
      vertex   2.125294e+02 -1.600000e+00 4.829629e-01
      vertex   2.126500e+02 -4.100000e+00 4.330127e-01
    endloop
  endfacet
  facet normal -3.826834e-01 0.000000e+00 -9.238795e-01
    outer loop
      vertex   2.126500e+02 -4.100000e+00 4.330127e-01
      vertex   2.125294e+02 -1.600000e+00 4.829629e-01
      vertex   2.126500e+02 -1.600000e+00 4.330127e-01
    endloop
  endfacet
  facet normal -6.087614e-01 0.000000e+00 -7.933533e-01
    outer loop
      vertex   2.126500e+02 -4.100000e+00 4.330127e-01
      vertex   2.126500e+02 -1.600000e+00 4.330127e-01
      vertex   2.127536e+02 -4.100000e+00 3.535534e-01
    endloop
  endfacet
  facet normal -6.087614e-01 0.000000e+00 -7.933533e-01
    outer loop
      vertex   2.127536e+02 -4.100000e+00 3.535534e-01
      vertex   2.126500e+02 -1.600000e+00 4.330127e-01
      vertex   2.127536e+02 -1.600000e+00 3.535534e-01
    endloop
  endfacet
  facet normal -7.933533e-01 0.000000e+00 -6.087614e-01
    outer loop
      vertex   2.127536e+02 -4.100000e+00 3.535534e-01
      vertex   2.127536e+02 -1.600000e+00 3.535534e-01
      vertex   2.128330e+02 -4.100000e+00 2.500000e-01
    endloop
  endfacet
  facet normal -7.933533e-01 0.000000e+00 -6.087614e-01
    outer loop
      vertex   2.128330e+02 -4.100000e+00 2.500000e-01
      vertex   2.127536e+02 -1.600000e+00 3.535534e-01
      vertex   2.128330e+02 -1.600000e+00 2.500000e-01
    endloop
  endfacet
  facet normal -9.238795e-01 0.000000e+00 -3.826834e-01
    outer loop
      vertex   2.128330e+02 -4.100000e+00 2.500000e-01
      vertex   2.128330e+02 -1.600000e+00 2.500000e-01
      vertex   2.128830e+02 -4.100000e+00 1.294095e-01
    endloop
  endfacet
  facet normal -9.238795e-01 0.000000e+00 -3.826834e-01
    outer loop
      vertex   2.128830e+02 -4.100000e+00 1.294095e-01
      vertex   2.128330e+02 -1.600000e+00 2.500000e-01
      vertex   2.128830e+02 -1.600000e+00 1.294095e-01
    endloop
  endfacet
  facet normal -9.914449e-01 0.000000e+00 -1.305262e-01
    outer loop
      vertex   2.128830e+02 -4.100000e+00 1.294095e-01
      vertex   2.128830e+02 -1.600000e+00 1.294095e-01
      vertex   2.129000e+02 -4.100000e+00 8.653738e-14
    endloop
  endfacet
  facet normal -9.914449e-01 0.000000e+00 -1.305262e-01
    outer loop
      vertex   2.129000e+02 -4.100000e+00 8.653738e-14
      vertex   2.128830e+02 -1.600000e+00 1.294095e-01
      vertex   2.129000e+02 -1.600000e+00 8.653738e-14
    endloop
  endfacet
  facet normal 5.904368e-16 -4.440892e-16 -1.000000e+00
    outer loop
      vertex   1.464000e+02 -1.600000e+00 5.000000e-01
      vertex   2.124000e+02 -1.600000e+00 5.000000e-01
      vertex   1.464000e+02 -4.100000e+00 5.000000e-01
    endloop
  endfacet
  facet normal 5.736152e-16 -8.223277e-31 -1.000000e+00
    outer loop
      vertex   1.464000e+02 -4.100000e+00 5.000000e-01
      vertex   2.124000e+02 -1.600000e+00 5.000000e-01
      vertex   2.124000e+02 -4.100000e+00 5.000000e-01
    endloop
  endfacet
  facet normal -9.961947e-01 0.000000e+00 -8.715574e-02
    outer loop
      vertex   1.429000e+02 -4.100000e+00 4.000000e+00
      vertex   1.429000e+02 -1.600000e+00 4.000000e+00
      vertex   1.429532e+02 -4.100000e+00 3.392231e+00
    endloop
  endfacet
  facet normal -9.961947e-01 0.000000e+00 -8.715574e-02
    outer loop
      vertex   1.429532e+02 -4.100000e+00 3.392231e+00
      vertex   1.429000e+02 -1.600000e+00 4.000000e+00
      vertex   1.429532e+02 -1.600000e+00 3.392231e+00
    endloop
  endfacet
  facet normal -9.659258e-01 0.000000e+00 -2.588190e-01
    outer loop
      vertex   1.429532e+02 -4.100000e+00 3.392231e+00
      vertex   1.429532e+02 -1.600000e+00 3.392231e+00
      vertex   1.431111e+02 -4.100000e+00 2.802929e+00
    endloop
  endfacet
  facet normal -9.659258e-01 0.000000e+00 -2.588190e-01
    outer loop
      vertex   1.431111e+02 -4.100000e+00 2.802929e+00
      vertex   1.429532e+02 -1.600000e+00 3.392231e+00
      vertex   1.431111e+02 -1.600000e+00 2.802929e+00
    endloop
  endfacet
  facet normal -9.063078e-01 0.000000e+00 -4.226183e-01
    outer loop
      vertex   1.431111e+02 -4.100000e+00 2.802929e+00
      vertex   1.431111e+02 -1.600000e+00 2.802929e+00
      vertex   1.433689e+02 -4.100000e+00 2.250000e+00
    endloop
  endfacet
  facet normal -9.063078e-01 0.000000e+00 -4.226183e-01
    outer loop
      vertex   1.433689e+02 -4.100000e+00 2.250000e+00
      vertex   1.431111e+02 -1.600000e+00 2.802929e+00
      vertex   1.433689e+02 -1.600000e+00 2.250000e+00
    endloop
  endfacet
  facet normal -8.191520e-01 0.000000e+00 -5.735764e-01
    outer loop
      vertex   1.433689e+02 -4.100000e+00 2.250000e+00
      vertex   1.433689e+02 -1.600000e+00 2.250000e+00
      vertex   1.437188e+02 -4.100000e+00 1.750243e+00
    endloop
  endfacet
  facet normal -8.191520e-01 0.000000e+00 -5.735764e-01
    outer loop
      vertex   1.437188e+02 -4.100000e+00 1.750243e+00
      vertex   1.433689e+02 -1.600000e+00 2.250000e+00
      vertex   1.437188e+02 -1.600000e+00 1.750243e+00
    endloop
  endfacet
  facet normal -7.071068e-01 0.000000e+00 -7.071068e-01
    outer loop
      vertex   1.437188e+02 -4.100000e+00 1.750243e+00
      vertex   1.437188e+02 -1.600000e+00 1.750243e+00
      vertex   1.441502e+02 -4.100000e+00 1.318844e+00
    endloop
  endfacet
  facet normal -7.071068e-01 0.000000e+00 -7.071068e-01
    outer loop
      vertex   1.441502e+02 -4.100000e+00 1.318844e+00
      vertex   1.437188e+02 -1.600000e+00 1.750243e+00
      vertex   1.441502e+02 -1.600000e+00 1.318844e+00
    endloop
  endfacet
  facet normal -5.735764e-01 0.000000e+00 -8.191520e-01
    outer loop
      vertex   1.441502e+02 -4.100000e+00 1.318844e+00
      vertex   1.441502e+02 -1.600000e+00 1.318844e+00
      vertex   1.446500e+02 -4.100000e+00 9.689111e-01
    endloop
  endfacet
  facet normal -5.735764e-01 0.000000e+00 -8.191520e-01
    outer loop
      vertex   1.446500e+02 -4.100000e+00 9.689111e-01
      vertex   1.441502e+02 -1.600000e+00 1.318844e+00
      vertex   1.446500e+02 -1.600000e+00 9.689111e-01
    endloop
  endfacet
  facet normal -4.226183e-01 0.000000e+00 -9.063078e-01
    outer loop
      vertex   1.446500e+02 -4.100000e+00 9.689111e-01
      vertex   1.446500e+02 -1.600000e+00 9.689111e-01
      vertex   1.452029e+02 -4.100000e+00 7.110758e-01
    endloop
  endfacet
  facet normal -4.226183e-01 0.000000e+00 -9.063078e-01
    outer loop
      vertex   1.452029e+02 -4.100000e+00 7.110758e-01
      vertex   1.446500e+02 -1.600000e+00 9.689111e-01
      vertex   1.452029e+02 -1.600000e+00 7.110758e-01
    endloop
  endfacet
  facet normal -2.588190e-01 0.000000e+00 -9.659258e-01
    outer loop
      vertex   1.452029e+02 -4.100000e+00 7.110758e-01
      vertex   1.452029e+02 -1.600000e+00 7.110758e-01
      vertex   1.457922e+02 -4.100000e+00 5.531729e-01
    endloop
  endfacet
  facet normal -2.588190e-01 0.000000e+00 -9.659258e-01
    outer loop
      vertex   1.457922e+02 -4.100000e+00 5.531729e-01
      vertex   1.452029e+02 -1.600000e+00 7.110758e-01
      vertex   1.457922e+02 -1.600000e+00 5.531729e-01
    endloop
  endfacet
  facet normal -8.715574e-02 0.000000e+00 -9.961947e-01
    outer loop
      vertex   1.457922e+02 -4.100000e+00 5.531729e-01
      vertex   1.457922e+02 -1.600000e+00 5.531729e-01
      vertex   1.464000e+02 -4.100000e+00 5.000000e-01
    endloop
  endfacet
  facet normal -8.715574e-02 -4.423993e-16 -9.961947e-01
    outer loop
      vertex   1.464000e+02 -4.100000e+00 5.000000e-01
      vertex   1.457922e+02 -1.600000e+00 5.531729e-01
      vertex   1.464000e+02 -1.600000e+00 5.000000e-01
    endloop
  endfacet
  facet normal -1.000000e+00 -0.000000e+00 -0.000000e+00
    outer loop
      vertex   1.429000e+02 -1.600000e+00 2.200000e+01
      vertex   1.429000e+02 -1.600000e+00 4.000000e+00
      vertex   1.429000e+02 -4.100000e+00 2.200000e+01
    endloop
  endfacet
  facet normal -1.000000e+00 0.000000e+00 0.000000e+00
    outer loop
      vertex   1.429000e+02 -4.100000e+00 2.200000e+01
      vertex   1.429000e+02 -1.600000e+00 4.000000e+00
      vertex   1.429000e+02 -4.100000e+00 4.000000e+00
    endloop
  endfacet
  facet normal -1.305262e-01 1.408928e-15 -9.914449e-01
    outer loop
      vertex   1.424000e+02 -4.100000e+00 2.250000e+01
      vertex   1.424000e+02 -1.600000e+00 2.250000e+01
      vertex   1.425294e+02 -4.100000e+00 2.248296e+01
    endloop
  endfacet
  facet normal -1.305262e-01 0.000000e+00 -9.914449e-01
    outer loop
      vertex   1.425294e+02 -4.100000e+00 2.248296e+01
      vertex   1.424000e+02 -1.600000e+00 2.250000e+01
      vertex   1.425294e+02 -1.600000e+00 2.248296e+01
    endloop
  endfacet
  facet normal -3.826834e-01 0.000000e+00 -9.238795e-01
    outer loop
      vertex   1.425294e+02 -4.100000e+00 2.248296e+01
      vertex   1.425294e+02 -1.600000e+00 2.248296e+01
      vertex   1.426500e+02 -4.100000e+00 2.243301e+01
    endloop
  endfacet
  facet normal -3.826834e-01 0.000000e+00 -9.238795e-01
    outer loop
      vertex   1.426500e+02 -4.100000e+00 2.243301e+01
      vertex   1.425294e+02 -1.600000e+00 2.248296e+01
      vertex   1.426500e+02 -1.600000e+00 2.243301e+01
    endloop
  endfacet
  facet normal -6.087614e-01 0.000000e+00 -7.933533e-01
    outer loop
      vertex   1.426500e+02 -4.100000e+00 2.243301e+01
      vertex   1.426500e+02 -1.600000e+00 2.243301e+01
      vertex   1.427536e+02 -4.100000e+00 2.235355e+01
    endloop
  endfacet
  facet normal -6.087614e-01 0.000000e+00 -7.933533e-01
    outer loop
      vertex   1.427536e+02 -4.100000e+00 2.235355e+01
      vertex   1.426500e+02 -1.600000e+00 2.243301e+01
      vertex   1.427536e+02 -1.600000e+00 2.235355e+01
    endloop
  endfacet
  facet normal -7.933533e-01 0.000000e+00 -6.087614e-01
    outer loop
      vertex   1.427536e+02 -4.100000e+00 2.235355e+01
      vertex   1.427536e+02 -1.600000e+00 2.235355e+01
      vertex   1.428330e+02 -4.100000e+00 2.225000e+01
    endloop
  endfacet
  facet normal -7.933533e-01 0.000000e+00 -6.087614e-01
    outer loop
      vertex   1.428330e+02 -4.100000e+00 2.225000e+01
      vertex   1.427536e+02 -1.600000e+00 2.235355e+01
      vertex   1.428330e+02 -1.600000e+00 2.225000e+01
    endloop
  endfacet
  facet normal -9.238795e-01 0.000000e+00 -3.826834e-01
    outer loop
      vertex   1.428330e+02 -4.100000e+00 2.225000e+01
      vertex   1.428330e+02 -1.600000e+00 2.225000e+01
      vertex   1.428830e+02 -4.100000e+00 2.212941e+01
    endloop
  endfacet
  facet normal -9.238795e-01 0.000000e+00 -3.826834e-01
    outer loop
      vertex   1.428830e+02 -4.100000e+00 2.212941e+01
      vertex   1.428330e+02 -1.600000e+00 2.225000e+01
      vertex   1.428830e+02 -1.600000e+00 2.212941e+01
    endloop
  endfacet
  facet normal -9.914449e-01 0.000000e+00 -1.305262e-01
    outer loop
      vertex   1.428830e+02 -4.100000e+00 2.212941e+01
      vertex   1.428830e+02 -1.600000e+00 2.212941e+01
      vertex   1.429000e+02 -4.100000e+00 2.200000e+01
    endloop
  endfacet
  facet normal -9.914449e-01 0.000000e+00 -1.305262e-01
    outer loop
      vertex   1.429000e+02 -4.100000e+00 2.200000e+01
      vertex   1.428830e+02 -1.600000e+00 2.212941e+01
      vertex   1.429000e+02 -1.600000e+00 2.200000e+01
    endloop
  endfacet
  facet normal 5.921189e-16 1.421085e-15 -1.000000e+00
    outer loop
      vertex   8.240000e+01 -1.600000e+00 2.250000e+01
      vertex   1.424000e+02 -1.600000e+00 2.250000e+01
      vertex   8.240000e+01 -4.100000e+00 2.250000e+01
    endloop
  endfacet
  facet normal 5.921189e-16 1.421085e-15 -1.000000e+00
    outer loop
      vertex   8.240000e+01 -4.100000e+00 2.250000e+01
      vertex   1.424000e+02 -1.600000e+00 2.250000e+01
      vertex   1.424000e+02 -4.100000e+00 2.250000e+01
    endloop
  endfacet
  facet normal 9.914449e-01 0.000000e+00 -1.305262e-01
    outer loop
      vertex   8.190000e+01 -4.100000e+00 2.200000e+01
      vertex   8.190000e+01 -1.600000e+00 2.200000e+01
      vertex   8.191704e+01 -4.100000e+00 2.212941e+01
    endloop
  endfacet
  facet normal 9.914449e-01 0.000000e+00 -1.305262e-01
    outer loop
      vertex   8.191704e+01 -4.100000e+00 2.212941e+01
      vertex   8.190000e+01 -1.600000e+00 2.200000e+01
      vertex   8.191704e+01 -1.600000e+00 2.212941e+01
    endloop
  endfacet
  facet normal 9.238795e-01 0.000000e+00 -3.826834e-01
    outer loop
      vertex   8.191704e+01 -4.100000e+00 2.212941e+01
      vertex   8.191704e+01 -1.600000e+00 2.212941e+01
      vertex   8.196699e+01 -4.100000e+00 2.225000e+01
    endloop
  endfacet
  facet normal 9.238795e-01 0.000000e+00 -3.826834e-01
    outer loop
      vertex   8.196699e+01 -4.100000e+00 2.225000e+01
      vertex   8.191704e+01 -1.600000e+00 2.212941e+01
      vertex   8.196699e+01 -1.600000e+00 2.225000e+01
    endloop
  endfacet
  facet normal 7.933533e-01 0.000000e+00 -6.087614e-01
    outer loop
      vertex   8.196699e+01 -4.100000e+00 2.225000e+01
      vertex   8.196699e+01 -1.600000e+00 2.225000e+01
      vertex   8.204645e+01 -4.100000e+00 2.235355e+01
    endloop
  endfacet
  facet normal 7.933533e-01 0.000000e+00 -6.087614e-01
    outer loop
      vertex   8.204645e+01 -4.100000e+00 2.235355e+01
      vertex   8.196699e+01 -1.600000e+00 2.225000e+01
      vertex   8.204645e+01 -1.600000e+00 2.235355e+01
    endloop
  endfacet
  facet normal 6.087614e-01 0.000000e+00 -7.933533e-01
    outer loop
      vertex   8.204645e+01 -4.100000e+00 2.235355e+01
      vertex   8.204645e+01 -1.600000e+00 2.235355e+01
      vertex   8.215000e+01 -4.100000e+00 2.243301e+01
    endloop
  endfacet
  facet normal 6.087614e-01 0.000000e+00 -7.933533e-01
    outer loop
      vertex   8.215000e+01 -4.100000e+00 2.243301e+01
      vertex   8.204645e+01 -1.600000e+00 2.235355e+01
      vertex   8.215000e+01 -1.600000e+00 2.243301e+01
    endloop
  endfacet
  facet normal 3.826834e-01 0.000000e+00 -9.238795e-01
    outer loop
      vertex   8.215000e+01 -4.100000e+00 2.243301e+01
      vertex   8.215000e+01 -1.600000e+00 2.243301e+01
      vertex   8.227059e+01 -4.100000e+00 2.248296e+01
    endloop
  endfacet
  facet normal 3.826834e-01 0.000000e+00 -9.238795e-01
    outer loop
      vertex   8.227059e+01 -4.100000e+00 2.248296e+01
      vertex   8.215000e+01 -1.600000e+00 2.243301e+01
      vertex   8.227059e+01 -1.600000e+00 2.248296e+01
    endloop
  endfacet
  facet normal 1.305262e-01 0.000000e+00 -9.914449e-01
    outer loop
      vertex   8.227059e+01 -4.100000e+00 2.248296e+01
      vertex   8.227059e+01 -1.600000e+00 2.248296e+01
      vertex   8.240000e+01 -4.100000e+00 2.250000e+01
    endloop
  endfacet
  facet normal 1.305262e-01 1.408928e-15 -9.914449e-01
    outer loop
      vertex   8.240000e+01 -4.100000e+00 2.250000e+01
      vertex   8.227059e+01 -1.600000e+00 2.248296e+01
      vertex   8.240000e+01 -1.600000e+00 2.250000e+01
    endloop
  endfacet
  facet normal 1.305262e-01 -0.000000e+00 9.914449e-01
    outer loop
      vertex   8.240000e+01 -4.100000e+00 -3.400000e+01
      vertex   8.240000e+01 -1.600000e+00 -3.400000e+01
      vertex   8.227059e+01 -4.100000e+00 -3.398296e+01
    endloop
  endfacet
  facet normal 1.305262e-01 -0.000000e+00 9.914449e-01
    outer loop
      vertex   8.227059e+01 -4.100000e+00 -3.398296e+01
      vertex   8.240000e+01 -1.600000e+00 -3.400000e+01
      vertex   8.227059e+01 -1.600000e+00 -3.398296e+01
    endloop
  endfacet
  facet normal 3.826834e-01 -0.000000e+00 9.238795e-01
    outer loop
      vertex   8.227059e+01 -4.100000e+00 -3.398296e+01
      vertex   8.227059e+01 -1.600000e+00 -3.398296e+01
      vertex   8.215000e+01 -4.100000e+00 -3.393301e+01
    endloop
  endfacet
  facet normal 3.826834e-01 -0.000000e+00 9.238795e-01
    outer loop
      vertex   8.215000e+01 -4.100000e+00 -3.393301e+01
      vertex   8.227059e+01 -1.600000e+00 -3.398296e+01
      vertex   8.215000e+01 -1.600000e+00 -3.393301e+01
    endloop
  endfacet
  facet normal 6.087614e-01 -0.000000e+00 7.933533e-01
    outer loop
      vertex   8.215000e+01 -4.100000e+00 -3.393301e+01
      vertex   8.215000e+01 -1.600000e+00 -3.393301e+01
      vertex   8.204645e+01 -4.100000e+00 -3.385355e+01
    endloop
  endfacet
  facet normal 6.087614e-01 -0.000000e+00 7.933533e-01
    outer loop
      vertex   8.204645e+01 -4.100000e+00 -3.385355e+01
      vertex   8.215000e+01 -1.600000e+00 -3.393301e+01
      vertex   8.204645e+01 -1.600000e+00 -3.385355e+01
    endloop
  endfacet
  facet normal 7.933533e-01 -0.000000e+00 6.087614e-01
    outer loop
      vertex   8.204645e+01 -4.100000e+00 -3.385355e+01
      vertex   8.204645e+01 -1.600000e+00 -3.385355e+01
      vertex   8.196699e+01 -4.100000e+00 -3.375000e+01
    endloop
  endfacet
  facet normal 7.933533e-01 -0.000000e+00 6.087614e-01
    outer loop
      vertex   8.196699e+01 -4.100000e+00 -3.375000e+01
      vertex   8.204645e+01 -1.600000e+00 -3.385355e+01
      vertex   8.196699e+01 -1.600000e+00 -3.375000e+01
    endloop
  endfacet
  facet normal 9.238795e-01 -0.000000e+00 3.826834e-01
    outer loop
      vertex   8.196699e+01 -4.100000e+00 -3.375000e+01
      vertex   8.196699e+01 -1.600000e+00 -3.375000e+01
      vertex   8.191704e+01 -4.100000e+00 -3.362941e+01
    endloop
  endfacet
  facet normal 9.238795e-01 -0.000000e+00 3.826834e-01
    outer loop
      vertex   8.191704e+01 -4.100000e+00 -3.362941e+01
      vertex   8.196699e+01 -1.600000e+00 -3.375000e+01
      vertex   8.191704e+01 -1.600000e+00 -3.362941e+01
    endloop
  endfacet
  facet normal 9.914449e-01 -0.000000e+00 1.305262e-01
    outer loop
      vertex   8.191704e+01 -4.100000e+00 -3.362941e+01
      vertex   8.191704e+01 -1.600000e+00 -3.362941e+01
      vertex   8.190000e+01 -4.100000e+00 -3.350000e+01
    endloop
  endfacet
  facet normal 9.914449e-01 -0.000000e+00 1.305262e-01
    outer loop
      vertex   8.190000e+01 -4.100000e+00 -3.350000e+01
      vertex   8.191704e+01 -1.600000e+00 -3.362941e+01
      vertex   8.190000e+01 -1.600000e+00 -3.350000e+01
    endloop
  endfacet
  facet normal 2.273737e-15 -5.465713e-15 1.000000e+00
    outer loop
      vertex   1.052750e+02 -1.600000e+00 -3.400000e+01
      vertex   1.052750e+02 -2.900000e+00 -3.400000e+01
      vertex   1.084000e+02 -1.600000e+00 -3.400000e+01
    endloop
  endfacet
  facet normal 0.000000e+00 0.000000e+00 1.000000e+00
    outer loop
      vertex   1.084000e+02 -1.600000e+00 -3.400000e+01
      vertex   1.052750e+02 -2.900000e+00 -3.400000e+01
      vertex   1.084000e+02 -4.100000e+00 -3.400000e+01
    endloop
  endfacet
  facet normal -4.003058e-16 -1.042463e-15 1.000000e+00
    outer loop
      vertex   1.084000e+02 -4.100000e+00 -3.400000e+01
      vertex   1.052750e+02 -2.900000e+00 -3.400000e+01
      vertex   8.752500e+01 -2.900000e+00 -3.400000e+01
    endloop
  endfacet
  facet normal -2.732857e-16 1.167158e-15 1.000000e+00
    outer loop
      vertex   1.084000e+02 -4.100000e+00 -3.400000e+01
      vertex   8.752500e+01 -2.900000e+00 -3.400000e+01
      vertex   8.240000e+01 -4.100000e+00 -3.400000e+01
    endloop
  endfacet
  facet normal 0.000000e+00 0.000000e+00 1.000000e+00
    outer loop
      vertex   8.240000e+01 -4.100000e+00 -3.400000e+01
      vertex   8.752500e+01 -2.900000e+00 -3.400000e+01
      vertex   8.240000e+01 -1.600000e+00 -3.400000e+01
    endloop
  endfacet
  facet normal -1.386425e-15 -5.465713e-15 1.000000e+00
    outer loop
      vertex   8.240000e+01 -1.600000e+00 -3.400000e+01
      vertex   8.752500e+01 -2.900000e+00 -3.400000e+01
      vertex   8.752500e+01 -1.600000e+00 -3.400000e+01
    endloop
  endfacet
  facet normal 9.961947e-01 -0.000000e+00 8.715574e-02
    outer loop
      vertex   1.119000e+02 -4.100000e+00 -3.750000e+01
      vertex   1.119000e+02 -1.600000e+00 -3.750000e+01
      vertex   1.118468e+02 -4.100000e+00 -3.689223e+01
    endloop
  endfacet
  facet normal 9.961947e-01 -0.000000e+00 8.715574e-02
    outer loop
      vertex   1.118468e+02 -4.100000e+00 -3.689223e+01
      vertex   1.119000e+02 -1.600000e+00 -3.750000e+01
      vertex   1.118468e+02 -1.600000e+00 -3.689223e+01
    endloop
  endfacet
  facet normal 9.659258e-01 -0.000000e+00 2.588190e-01
    outer loop
      vertex   1.118468e+02 -4.100000e+00 -3.689223e+01
      vertex   1.118468e+02 -1.600000e+00 -3.689223e+01
      vertex   1.116889e+02 -4.100000e+00 -3.630293e+01
    endloop
  endfacet
  facet normal 9.659258e-01 -0.000000e+00 2.588190e-01
    outer loop
      vertex   1.116889e+02 -4.100000e+00 -3.630293e+01
      vertex   1.118468e+02 -1.600000e+00 -3.689223e+01
      vertex   1.116889e+02 -1.600000e+00 -3.630293e+01
    endloop
  endfacet
  facet normal 9.063078e-01 -0.000000e+00 4.226183e-01
    outer loop
      vertex   1.116889e+02 -4.100000e+00 -3.630293e+01
      vertex   1.116889e+02 -1.600000e+00 -3.630293e+01
      vertex   1.114311e+02 -4.100000e+00 -3.575000e+01
    endloop
  endfacet
  facet normal 9.063078e-01 -0.000000e+00 4.226183e-01
    outer loop
      vertex   1.114311e+02 -4.100000e+00 -3.575000e+01
      vertex   1.116889e+02 -1.600000e+00 -3.630293e+01
      vertex   1.114311e+02 -1.600000e+00 -3.575000e+01
    endloop
  endfacet
  facet normal 8.191520e-01 -0.000000e+00 5.735764e-01
    outer loop
      vertex   1.114311e+02 -4.100000e+00 -3.575000e+01
      vertex   1.114311e+02 -1.600000e+00 -3.575000e+01
      vertex   1.110812e+02 -4.100000e+00 -3.525024e+01
    endloop
  endfacet
  facet normal 8.191520e-01 -0.000000e+00 5.735764e-01
    outer loop
      vertex   1.110812e+02 -4.100000e+00 -3.525024e+01
      vertex   1.114311e+02 -1.600000e+00 -3.575000e+01
      vertex   1.110812e+02 -1.600000e+00 -3.525024e+01
    endloop
  endfacet
  facet normal 7.071068e-01 -0.000000e+00 7.071068e-01
    outer loop
      vertex   1.110812e+02 -4.100000e+00 -3.525024e+01
      vertex   1.110812e+02 -1.600000e+00 -3.525024e+01
      vertex   1.106498e+02 -4.100000e+00 -3.481884e+01
    endloop
  endfacet
  facet normal 7.071068e-01 -0.000000e+00 7.071068e-01
    outer loop
      vertex   1.106498e+02 -4.100000e+00 -3.481884e+01
      vertex   1.110812e+02 -1.600000e+00 -3.525024e+01
      vertex   1.106498e+02 -1.600000e+00 -3.481884e+01
    endloop
  endfacet
  facet normal 5.735764e-01 -0.000000e+00 8.191520e-01
    outer loop
      vertex   1.106498e+02 -4.100000e+00 -3.481884e+01
      vertex   1.106498e+02 -1.600000e+00 -3.481884e+01
      vertex   1.101500e+02 -4.100000e+00 -3.446891e+01
    endloop
  endfacet
  facet normal 5.735764e-01 -0.000000e+00 8.191520e-01
    outer loop
      vertex   1.101500e+02 -4.100000e+00 -3.446891e+01
      vertex   1.106498e+02 -1.600000e+00 -3.481884e+01
      vertex   1.101500e+02 -1.600000e+00 -3.446891e+01
    endloop
  endfacet
  facet normal 4.226183e-01 -0.000000e+00 9.063078e-01
    outer loop
      vertex   1.101500e+02 -4.100000e+00 -3.446891e+01
      vertex   1.101500e+02 -1.600000e+00 -3.446891e+01
      vertex   1.095971e+02 -4.100000e+00 -3.421108e+01
    endloop
  endfacet
  facet normal 4.226183e-01 -0.000000e+00 9.063078e-01
    outer loop
      vertex   1.095971e+02 -4.100000e+00 -3.421108e+01
      vertex   1.101500e+02 -1.600000e+00 -3.446891e+01
      vertex   1.095971e+02 -1.600000e+00 -3.421108e+01
    endloop
  endfacet
  facet normal 2.588190e-01 -0.000000e+00 9.659258e-01
    outer loop
      vertex   1.095971e+02 -4.100000e+00 -3.421108e+01
      vertex   1.095971e+02 -1.600000e+00 -3.421108e+01
      vertex   1.090078e+02 -4.100000e+00 -3.405317e+01
    endloop
  endfacet
  facet normal 2.588190e-01 -0.000000e+00 9.659258e-01
    outer loop
      vertex   1.090078e+02 -4.100000e+00 -3.405317e+01
      vertex   1.095971e+02 -1.600000e+00 -3.421108e+01
      vertex   1.090078e+02 -1.600000e+00 -3.405317e+01
    endloop
  endfacet
  facet normal 8.715574e-02 -0.000000e+00 9.961947e-01
    outer loop
      vertex   1.090078e+02 -4.100000e+00 -3.405317e+01
      vertex   1.090078e+02 -1.600000e+00 -3.405317e+01
      vertex   1.084000e+02 -4.100000e+00 -3.400000e+01
    endloop
  endfacet
  facet normal 8.715574e-02 -0.000000e+00 9.961947e-01
    outer loop
      vertex   1.084000e+02 -4.100000e+00 -3.400000e+01
      vertex   1.090078e+02 -1.600000e+00 -3.405317e+01
      vertex   1.084000e+02 -1.600000e+00 -3.400000e+01
    endloop
  endfacet
  facet normal 1.000000e+00 0.000000e+00 1.263187e-15
    outer loop
      vertex   1.119000e+02 -1.600000e+00 -6.000000e+01
      vertex   1.119000e+02 -1.600000e+00 -3.750000e+01
      vertex   1.119000e+02 -4.100000e+00 -6.000000e+01
    endloop
  endfacet
  facet normal 1.000000e+00 0.000000e+00 1.263187e-15
    outer loop
      vertex   1.119000e+02 -4.100000e+00 -6.000000e+01
      vertex   1.119000e+02 -1.600000e+00 -3.750000e+01
      vertex   1.119000e+02 -4.100000e+00 -3.750000e+01
    endloop
  endfacet
  facet normal -0.000000e+00 1.000000e+00 0.000000e+00
    outer loop
      vertex   9.934986e+01 -4.100000e+00 -2.349161e+01
      vertex   9.940000e+01 -4.100000e+00 -2.304657e+01
      vertex   1.095971e+02 -4.100000e+00 -3.421108e+01
    endloop
  endfacet
  facet normal 0.000000e+00 1.000000e+00 0.000000e+00
    outer loop
      vertex   1.095971e+02 -4.100000e+00 -3.421108e+01
      vertex   9.940000e+01 -4.100000e+00 -2.304657e+01
      vertex   9.940000e+01 -4.100000e+00 -2.104657e+01
    endloop
  endfacet
  facet normal -0.000000e+00 1.000000e+00 -0.000000e+00
    outer loop
      vertex   1.095971e+02 -4.100000e+00 -3.421108e+01
      vertex   9.940000e+01 -4.100000e+00 -2.104657e+01
      vertex   1.101500e+02 -4.100000e+00 -3.446891e+01
    endloop
  endfacet
  facet normal -0.000000e+00 1.000000e+00 -0.000000e+00
    outer loop
      vertex   1.101500e+02 -4.100000e+00 -3.446891e+01
      vertex   9.940000e+01 -4.100000e+00 -2.104657e+01
      vertex   1.324000e+02 -4.100000e+00 -3.830000e+01
    endloop
  endfacet
  facet normal 0.000000e+00 1.000000e+00 0.000000e+00
    outer loop
      vertex   1.101500e+02 -4.100000e+00 -3.446891e+01
      vertex   1.324000e+02 -4.100000e+00 -3.830000e+01
      vertex   1.319600e+02 -4.100000e+00 -3.835793e+01
    endloop
  endfacet
  facet normal -0.000000e+00 1.000000e+00 -0.000000e+00
    outer loop
      vertex   9.940000e+01 -4.100000e+00 -2.104657e+01
      vertex   9.934986e+01 -4.100000e+00 -2.060153e+01
      vertex   1.324000e+02 -4.100000e+00 -3.830000e+01
    endloop
  endfacet
  facet normal 0.000000e+00 1.000000e+00 0.000000e+00
    outer loop
      vertex   1.324000e+02 -4.100000e+00 -3.830000e+01
      vertex   9.934986e+01 -4.100000e+00 -2.060153e+01
      vertex   1.132500e+02 -4.100000e+00 -1.472243e+00
    endloop
  endfacet
  facet normal 0.000000e+00 1.000000e+00 -0.000000e+00
    outer loop
      vertex   1.324000e+02 -4.100000e+00 -3.830000e+01
      vertex   1.132500e+02 -4.100000e+00 -1.472243e+00
      vertex   1.452029e+02 -4.100000e+00 7.110758e-01
    endloop
  endfacet
  facet normal 0.000000e+00 1.000000e+00 0.000000e+00
    outer loop
      vertex   1.452029e+02 -4.100000e+00 7.110758e-01
      vertex   1.132500e+02 -4.100000e+00 -1.472243e+00
      vertex   1.446500e+02 -4.100000e+00 9.689111e-01
    endloop
  endfacet
  facet normal 0.000000e+00 1.000000e+00 0.000000e+00
    outer loop
      vertex   1.446500e+02 -4.100000e+00 9.689111e-01
      vertex   1.132500e+02 -4.100000e+00 -1.472243e+00
      vertex   1.136021e+02 -4.100000e+00 -1.202082e+00
    endloop
  endfacet
  facet normal 0.000000e+00 1.000000e+00 0.000000e+00
    outer loop
      vertex   1.446500e+02 -4.100000e+00 9.689111e-01
      vertex   1.136021e+02 -4.100000e+00 -1.202082e+00
      vertex   1.441502e+02 -4.100000e+00 1.318844e+00
    endloop
  endfacet
  facet normal 0.000000e+00 1.000000e+00 0.000000e+00
    outer loop
      vertex   1.441502e+02 -4.100000e+00 1.318844e+00
      vertex   1.136021e+02 -4.100000e+00 -1.202082e+00
      vertex   1.138722e+02 -4.100000e+00 -8.500000e-01
    endloop
  endfacet
  facet normal 0.000000e+00 1.000000e+00 0.000000e+00
    outer loop
      vertex   1.441502e+02 -4.100000e+00 1.318844e+00
      vertex   1.138722e+02 -4.100000e+00 -8.500000e-01
      vertex   1.437188e+02 -4.100000e+00 1.750243e+00
    endloop
  endfacet
  facet normal 0.000000e+00 1.000000e+00 0.000000e+00
    outer loop
      vertex   1.437188e+02 -4.100000e+00 1.750243e+00
      vertex   1.138722e+02 -4.100000e+00 -8.500000e-01
      vertex   1.140421e+02 -4.100000e+00 -4.399924e-01
    endloop
  endfacet
  facet normal 0.000000e+00 1.000000e+00 0.000000e+00
    outer loop
      vertex   1.437188e+02 -4.100000e+00 1.750243e+00
      vertex   1.140421e+02 -4.100000e+00 -4.399924e-01
      vertex   1.433689e+02 -4.100000e+00 2.250000e+00
    endloop
  endfacet
  facet normal 0.000000e+00 1.000000e+00 0.000000e+00
    outer loop
      vertex   1.433689e+02 -4.100000e+00 2.250000e+00
      vertex   1.140421e+02 -4.100000e+00 -4.399924e-01
      vertex   1.141000e+02 -4.100000e+00 4.084806e-14
    endloop
  endfacet
  facet normal 0.000000e+00 1.000000e+00 0.000000e+00
    outer loop
      vertex   1.433689e+02 -4.100000e+00 2.250000e+00
      vertex   1.141000e+02 -4.100000e+00 4.084806e-14
      vertex   1.431111e+02 -4.100000e+00 2.802929e+00
    endloop
  endfacet
  facet normal 0.000000e+00 1.000000e+00 0.000000e+00
    outer loop
      vertex   1.431111e+02 -4.100000e+00 2.802929e+00
      vertex   1.141000e+02 -4.100000e+00 4.084806e-14
      vertex   1.140421e+02 -4.100000e+00 4.399924e-01
    endloop
  endfacet
  facet normal 0.000000e+00 1.000000e+00 0.000000e+00
    outer loop
      vertex   1.431111e+02 -4.100000e+00 2.802929e+00
      vertex   1.140421e+02 -4.100000e+00 4.399924e-01
      vertex   1.429532e+02 -4.100000e+00 3.392231e+00
    endloop
  endfacet
  facet normal 0.000000e+00 1.000000e+00 0.000000e+00
    outer loop
      vertex   1.429532e+02 -4.100000e+00 3.392231e+00
      vertex   1.140421e+02 -4.100000e+00 4.399924e-01
      vertex   1.138722e+02 -4.100000e+00 8.500000e-01
    endloop
  endfacet
  facet normal 0.000000e+00 1.000000e+00 0.000000e+00
    outer loop
      vertex   1.429532e+02 -4.100000e+00 3.392231e+00
      vertex   1.138722e+02 -4.100000e+00 8.500000e-01
      vertex   1.429000e+02 -4.100000e+00 4.000000e+00
    endloop
  endfacet
  facet normal 0.000000e+00 1.000000e+00 0.000000e+00
    outer loop
      vertex   1.429000e+02 -4.100000e+00 4.000000e+00
      vertex   1.138722e+02 -4.100000e+00 8.500000e-01
      vertex   1.136021e+02 -4.100000e+00 1.202082e+00
    endloop
  endfacet
  facet normal 0.000000e+00 1.000000e+00 0.000000e+00
    outer loop
      vertex   1.429000e+02 -4.100000e+00 4.000000e+00
      vertex   1.136021e+02 -4.100000e+00 1.202082e+00
      vertex   1.132500e+02 -4.100000e+00 1.472243e+00
    endloop
  endfacet
  facet normal 0.000000e+00 1.000000e+00 0.000000e+00
    outer loop
      vertex   1.132500e+02 -4.100000e+00 -1.472243e+00
      vertex   9.934986e+01 -4.100000e+00 -2.060153e+01
      vertex   1.128400e+02 -4.100000e+00 -1.642074e+00
    endloop
  endfacet
  facet normal 0.000000e+00 1.000000e+00 0.000000e+00
    outer loop
      vertex   1.128400e+02 -4.100000e+00 -1.642074e+00
      vertex   9.934986e+01 -4.100000e+00 -2.060153e+01
      vertex   9.920194e+01 -4.100000e+00 -2.017880e+01
    endloop
  endfacet
  facet normal 0.000000e+00 1.000000e+00 0.000000e+00
    outer loop
      vertex   1.128400e+02 -4.100000e+00 -1.642074e+00
      vertex   9.920194e+01 -4.100000e+00 -2.017880e+01
      vertex   9.896366e+01 -4.100000e+00 -1.979959e+01
    endloop
  endfacet
  facet normal 0.000000e+00 1.000000e+00 0.000000e+00
    outer loop
      vertex   1.128400e+02 -4.100000e+00 -1.642074e+00
      vertex   9.896366e+01 -4.100000e+00 -1.979959e+01
      vertex   1.124000e+02 -4.100000e+00 -1.700000e+00
    endloop
  endfacet
  facet normal 0.000000e+00 1.000000e+00 0.000000e+00
    outer loop
      vertex   1.124000e+02 -4.100000e+00 -1.700000e+00
      vertex   9.896366e+01 -4.100000e+00 -1.979959e+01
      vertex   9.864698e+01 -4.100000e+00 -1.948291e+01
    endloop
  endfacet
  facet normal 0.000000e+00 1.000000e+00 0.000000e+00
    outer loop
      vertex   1.124000e+02 -4.100000e+00 -1.700000e+00
      vertex   9.864698e+01 -4.100000e+00 -1.948291e+01
      vertex   9.826777e+01 -4.100000e+00 -1.924463e+01
    endloop
  endfacet
  facet normal 0.000000e+00 1.000000e+00 0.000000e+00
    outer loop
      vertex   1.124000e+02 -4.100000e+00 -1.700000e+00
      vertex   9.826777e+01 -4.100000e+00 -1.924463e+01
      vertex   1.119600e+02 -4.100000e+00 -1.642074e+00
    endloop
  endfacet
  facet normal 0.000000e+00 1.000000e+00 0.000000e+00
    outer loop
      vertex   1.119600e+02 -4.100000e+00 -1.642074e+00
      vertex   9.826777e+01 -4.100000e+00 -1.924463e+01
      vertex   9.784504e+01 -4.100000e+00 -1.909672e+01
    endloop
  endfacet
  facet normal 0.000000e+00 1.000000e+00 0.000000e+00
    outer loop
      vertex   1.119600e+02 -4.100000e+00 -1.642074e+00
      vertex   9.784504e+01 -4.100000e+00 -1.909672e+01
      vertex   1.115500e+02 -4.100000e+00 -1.472243e+00
    endloop
  endfacet
  facet normal 0.000000e+00 1.000000e+00 0.000000e+00
    outer loop
      vertex   1.115500e+02 -4.100000e+00 -1.472243e+00
      vertex   9.784504e+01 -4.100000e+00 -1.909672e+01
      vertex   9.740000e+01 -4.100000e+00 -1.904657e+01
    endloop
  endfacet
  facet normal 0.000000e+00 1.000000e+00 0.000000e+00
    outer loop
      vertex   1.115500e+02 -4.100000e+00 -1.472243e+00
      vertex   9.740000e+01 -4.100000e+00 -1.904657e+01
      vertex   1.111979e+02 -4.100000e+00 -1.202082e+00
    endloop
  endfacet
  facet normal 0.000000e+00 1.000000e+00 0.000000e+00
    outer loop
      vertex   1.111979e+02 -4.100000e+00 -1.202082e+00
      vertex   9.740000e+01 -4.100000e+00 -1.904657e+01
      vertex   9.540000e+01 -4.100000e+00 -1.904657e+01
    endloop
  endfacet
  facet normal 0.000000e+00 1.000000e+00 0.000000e+00
    outer loop
      vertex   1.111979e+02 -4.100000e+00 -1.202082e+00
      vertex   9.540000e+01 -4.100000e+00 -1.904657e+01
      vertex   1.109278e+02 -4.100000e+00 -8.500000e-01
    endloop
  endfacet
  facet normal 0.000000e+00 1.000000e+00 0.000000e+00
    outer loop
      vertex   1.109278e+02 -4.100000e+00 -8.500000e-01
      vertex   9.540000e+01 -4.100000e+00 -1.904657e+01
      vertex   9.495496e+01 -4.100000e+00 -1.909672e+01
    endloop
  endfacet
  facet normal 0.000000e+00 1.000000e+00 0.000000e+00
    outer loop
      vertex   1.109278e+02 -4.100000e+00 -8.500000e-01
      vertex   9.495496e+01 -4.100000e+00 -1.909672e+01
      vertex   1.107579e+02 -4.100000e+00 -4.399924e-01
    endloop
  endfacet
  facet normal 0.000000e+00 1.000000e+00 0.000000e+00
    outer loop
      vertex   1.107579e+02 -4.100000e+00 -4.399924e-01
      vertex   9.495496e+01 -4.100000e+00 -1.909672e+01
      vertex   9.453223e+01 -4.100000e+00 -1.924463e+01
    endloop
  endfacet
  facet normal 0.000000e+00 1.000000e+00 0.000000e+00
    outer loop
      vertex   1.107579e+02 -4.100000e+00 -4.399924e-01
      vertex   9.453223e+01 -4.100000e+00 -1.924463e+01
      vertex   1.107000e+02 -4.100000e+00 3.887981e-14
    endloop
  endfacet
  facet normal 0.000000e+00 1.000000e+00 0.000000e+00
    outer loop
      vertex   1.107000e+02 -4.100000e+00 3.887981e-14
      vertex   9.453223e+01 -4.100000e+00 -1.924463e+01
      vertex   8.190000e+01 -4.100000e+00 2.200000e+01
    endloop
  endfacet
  facet normal 0.000000e+00 1.000000e+00 -0.000000e+00
    outer loop
      vertex   1.107000e+02 -4.100000e+00 3.887981e-14
      vertex   8.190000e+01 -4.100000e+00 2.200000e+01
      vertex   1.107579e+02 -4.100000e+00 4.399924e-01
    endloop
  endfacet
  facet normal 0.000000e+00 1.000000e+00 -0.000000e+00
    outer loop
      vertex   1.107579e+02 -4.100000e+00 4.399924e-01
      vertex   8.190000e+01 -4.100000e+00 2.200000e+01
      vertex   1.109278e+02 -4.100000e+00 8.500000e-01
    endloop
  endfacet
  facet normal 0.000000e+00 1.000000e+00 -0.000000e+00
    outer loop
      vertex   1.109278e+02 -4.100000e+00 8.500000e-01
      vertex   8.190000e+01 -4.100000e+00 2.200000e+01
      vertex   1.111979e+02 -4.100000e+00 1.202082e+00
    endloop
  endfacet
  facet normal 0.000000e+00 1.000000e+00 -0.000000e+00
    outer loop
      vertex   1.111979e+02 -4.100000e+00 1.202082e+00
      vertex   8.190000e+01 -4.100000e+00 2.200000e+01
      vertex   1.115500e+02 -4.100000e+00 1.472243e+00
    endloop
  endfacet
  facet normal 0.000000e+00 1.000000e+00 -0.000000e+00
    outer loop
      vertex   1.115500e+02 -4.100000e+00 1.472243e+00
      vertex   8.190000e+01 -4.100000e+00 2.200000e+01
      vertex   1.119600e+02 -4.100000e+00 1.642074e+00
    endloop
  endfacet
  facet normal 0.000000e+00 1.000000e+00 0.000000e+00
    outer loop
      vertex   1.119600e+02 -4.100000e+00 1.642074e+00
      vertex   8.190000e+01 -4.100000e+00 2.200000e+01
      vertex   8.240000e+01 -4.100000e+00 2.250000e+01
    endloop
  endfacet
  facet normal 0.000000e+00 1.000000e+00 -0.000000e+00
    outer loop
      vertex   1.119600e+02 -4.100000e+00 1.642074e+00
      vertex   8.240000e+01 -4.100000e+00 2.250000e+01
      vertex   1.124000e+02 -4.100000e+00 1.700000e+00
    endloop
  endfacet
  facet normal 0.000000e+00 1.000000e+00 -0.000000e+00
    outer loop
      vertex   1.124000e+02 -4.100000e+00 1.700000e+00
      vertex   8.240000e+01 -4.100000e+00 2.250000e+01
      vertex   1.424000e+02 -4.100000e+00 2.250000e+01
    endloop
  endfacet
  facet normal -0.000000e+00 1.000000e+00 0.000000e+00
    outer loop
      vertex   1.124000e+02 -4.100000e+00 1.700000e+00
      vertex   1.424000e+02 -4.100000e+00 2.250000e+01
      vertex   1.128400e+02 -4.100000e+00 1.642074e+00
    endloop
  endfacet
  facet normal 0.000000e+00 1.000000e+00 0.000000e+00
    outer loop
      vertex   1.128400e+02 -4.100000e+00 1.642074e+00
      vertex   1.424000e+02 -4.100000e+00 2.250000e+01
      vertex   1.429000e+02 -4.100000e+00 2.200000e+01
    endloop
  endfacet
  facet normal -0.000000e+00 1.000000e+00 0.000000e+00
    outer loop
      vertex   1.128400e+02 -4.100000e+00 1.642074e+00
      vertex   1.429000e+02 -4.100000e+00 2.200000e+01
      vertex   1.132500e+02 -4.100000e+00 1.472243e+00
    endloop
  endfacet
  facet normal 0.000000e+00 1.000000e+00 0.000000e+00
    outer loop
      vertex   1.132500e+02 -4.100000e+00 1.472243e+00
      vertex   1.429000e+02 -4.100000e+00 2.200000e+01
      vertex   1.429000e+02 -4.100000e+00 4.000000e+00
    endloop
  endfacet
  facet normal 0.000000e+00 1.000000e+00 0.000000e+00
    outer loop
      vertex   9.453223e+01 -4.100000e+00 -1.924463e+01
      vertex   9.415302e+01 -4.100000e+00 -1.948291e+01
      vertex   8.190000e+01 -4.100000e+00 2.200000e+01
    endloop
  endfacet
  facet normal 0.000000e+00 1.000000e+00 0.000000e+00
    outer loop
      vertex   8.190000e+01 -4.100000e+00 2.200000e+01
      vertex   9.415302e+01 -4.100000e+00 -1.948291e+01
      vertex   9.383634e+01 -4.100000e+00 -1.979959e+01
    endloop
  endfacet
  facet normal 0.000000e+00 1.000000e+00 0.000000e+00
    outer loop
      vertex   8.190000e+01 -4.100000e+00 2.200000e+01
      vertex   9.383634e+01 -4.100000e+00 -1.979959e+01
      vertex   9.359806e+01 -4.100000e+00 -2.017880e+01
    endloop
  endfacet
  facet normal 0.000000e+00 1.000000e+00 0.000000e+00
    outer loop
      vertex   8.190000e+01 -4.100000e+00 2.200000e+01
      vertex   9.359806e+01 -4.100000e+00 -2.017880e+01
      vertex   8.190000e+01 -4.100000e+00 -3.350000e+01
    endloop
  endfacet
  facet normal 0.000000e+00 1.000000e+00 0.000000e+00
    outer loop
      vertex   8.190000e+01 -4.100000e+00 -3.350000e+01
      vertex   9.359806e+01 -4.100000e+00 -2.017880e+01
      vertex   9.345014e+01 -4.100000e+00 -2.060153e+01
    endloop
  endfacet
  facet normal 0.000000e+00 1.000000e+00 0.000000e+00
    outer loop
      vertex   8.190000e+01 -4.100000e+00 -3.350000e+01
      vertex   9.345014e+01 -4.100000e+00 -2.060153e+01
      vertex   9.340000e+01 -4.100000e+00 -2.104657e+01
    endloop
  endfacet
  facet normal 0.000000e+00 1.000000e+00 0.000000e+00
    outer loop
      vertex   9.340000e+01 -4.100000e+00 -2.104657e+01
      vertex   9.340000e+01 -4.100000e+00 -2.304657e+01
      vertex   8.190000e+01 -4.100000e+00 -3.350000e+01
    endloop
  endfacet
  facet normal 0.000000e+00 1.000000e+00 0.000000e+00
    outer loop
      vertex   8.190000e+01 -4.100000e+00 -3.350000e+01
      vertex   9.340000e+01 -4.100000e+00 -2.304657e+01
      vertex   9.345014e+01 -4.100000e+00 -2.349161e+01
    endloop
  endfacet
  facet normal 0.000000e+00 1.000000e+00 0.000000e+00
    outer loop
      vertex   8.190000e+01 -4.100000e+00 -3.350000e+01
      vertex   9.345014e+01 -4.100000e+00 -2.349161e+01
      vertex   9.359806e+01 -4.100000e+00 -2.391434e+01
    endloop
  endfacet
  facet normal 0.000000e+00 1.000000e+00 0.000000e+00
    outer loop
      vertex   9.359806e+01 -4.100000e+00 -2.391434e+01
      vertex   9.383634e+01 -4.100000e+00 -2.429355e+01
      vertex   8.190000e+01 -4.100000e+00 -3.350000e+01
    endloop
  endfacet
  facet normal 0.000000e+00 1.000000e+00 0.000000e+00
    outer loop
      vertex   8.190000e+01 -4.100000e+00 -3.350000e+01
      vertex   9.383634e+01 -4.100000e+00 -2.429355e+01
      vertex   9.415302e+01 -4.100000e+00 -2.461023e+01
    endloop
  endfacet
  facet normal 0.000000e+00 1.000000e+00 0.000000e+00
    outer loop
      vertex   8.190000e+01 -4.100000e+00 -3.350000e+01
      vertex   9.415302e+01 -4.100000e+00 -2.461023e+01
      vertex   9.453223e+01 -4.100000e+00 -2.484851e+01
    endloop
  endfacet
  facet normal 0.000000e+00 1.000000e+00 0.000000e+00
    outer loop
      vertex   9.453223e+01 -4.100000e+00 -2.484851e+01
      vertex   9.495496e+01 -4.100000e+00 -2.499643e+01
      vertex   8.190000e+01 -4.100000e+00 -3.350000e+01
    endloop
  endfacet
  facet normal -0.000000e+00 1.000000e+00 0.000000e+00
    outer loop
      vertex   8.190000e+01 -4.100000e+00 -3.350000e+01
      vertex   9.495496e+01 -4.100000e+00 -2.499643e+01
      vertex   8.240000e+01 -4.100000e+00 -3.400000e+01
    endloop
  endfacet
  facet normal 0.000000e+00 1.000000e+00 0.000000e+00
    outer loop
      vertex   8.190000e+01 -4.100000e+00 -3.350000e+01
      vertex   8.240000e+01 -4.100000e+00 -3.400000e+01
      vertex   8.191704e+01 -4.100000e+00 -3.362941e+01
    endloop
  endfacet
  facet normal 0.000000e+00 1.000000e+00 0.000000e+00
    outer loop
      vertex   8.191704e+01 -4.100000e+00 -3.362941e+01
      vertex   8.240000e+01 -4.100000e+00 -3.400000e+01
      vertex   8.196699e+01 -4.100000e+00 -3.375000e+01
    endloop
  endfacet
  facet normal 0.000000e+00 1.000000e+00 0.000000e+00
    outer loop
      vertex   8.196699e+01 -4.100000e+00 -3.375000e+01
      vertex   8.240000e+01 -4.100000e+00 -3.400000e+01
      vertex   8.204645e+01 -4.100000e+00 -3.385355e+01
    endloop
  endfacet
  facet normal 0.000000e+00 1.000000e+00 0.000000e+00
    outer loop
      vertex   8.204645e+01 -4.100000e+00 -3.385355e+01
      vertex   8.240000e+01 -4.100000e+00 -3.400000e+01
      vertex   8.215000e+01 -4.100000e+00 -3.393301e+01
    endloop
  endfacet
  facet normal 0.000000e+00 1.000000e+00 0.000000e+00
    outer loop
      vertex   8.215000e+01 -4.100000e+00 -3.393301e+01
      vertex   8.240000e+01 -4.100000e+00 -3.400000e+01
      vertex   8.227059e+01 -4.100000e+00 -3.398296e+01
    endloop
  endfacet
  facet normal 0.000000e+00 1.000000e+00 0.000000e+00
    outer loop
      vertex   9.495496e+01 -4.100000e+00 -2.499643e+01
      vertex   9.540000e+01 -4.100000e+00 -2.504657e+01
      vertex   8.240000e+01 -4.100000e+00 -3.400000e+01
    endloop
  endfacet
  facet normal 0.000000e+00 1.000000e+00 0.000000e+00
    outer loop
      vertex   8.240000e+01 -4.100000e+00 -3.400000e+01
      vertex   9.540000e+01 -4.100000e+00 -2.504657e+01
      vertex   1.084000e+02 -4.100000e+00 -3.400000e+01
    endloop
  endfacet
  facet normal 0.000000e+00 1.000000e+00 0.000000e+00
    outer loop
      vertex   1.084000e+02 -4.100000e+00 -3.400000e+01
      vertex   9.540000e+01 -4.100000e+00 -2.504657e+01
      vertex   9.740000e+01 -4.100000e+00 -2.504657e+01
    endloop
  endfacet
  facet normal 0.000000e+00 1.000000e+00 0.000000e+00
    outer loop
      vertex   1.084000e+02 -4.100000e+00 -3.400000e+01
      vertex   9.740000e+01 -4.100000e+00 -2.504657e+01
      vertex   9.784504e+01 -4.100000e+00 -2.499643e+01
    endloop
  endfacet
  facet normal -0.000000e+00 1.000000e+00 0.000000e+00
    outer loop
      vertex   9.784504e+01 -4.100000e+00 -2.499643e+01
      vertex   9.826777e+01 -4.100000e+00 -2.484851e+01
      vertex   1.084000e+02 -4.100000e+00 -3.400000e+01
    endloop
  endfacet
  facet normal 0.000000e+00 1.000000e+00 0.000000e+00
    outer loop
      vertex   1.084000e+02 -4.100000e+00 -3.400000e+01
      vertex   9.826777e+01 -4.100000e+00 -2.484851e+01
      vertex   9.864698e+01 -4.100000e+00 -2.461023e+01
    endloop
  endfacet
  facet normal 0.000000e+00 1.000000e+00 0.000000e+00
    outer loop
      vertex   1.084000e+02 -4.100000e+00 -3.400000e+01
      vertex   9.864698e+01 -4.100000e+00 -2.461023e+01
      vertex   9.896366e+01 -4.100000e+00 -2.429355e+01
    endloop
  endfacet
  facet normal -0.000000e+00 1.000000e+00 0.000000e+00
    outer loop
      vertex   9.896366e+01 -4.100000e+00 -2.429355e+01
      vertex   9.920194e+01 -4.100000e+00 -2.391434e+01
      vertex   1.084000e+02 -4.100000e+00 -3.400000e+01
    endloop
  endfacet
  facet normal -0.000000e+00 1.000000e+00 -0.000000e+00
    outer loop
      vertex   1.084000e+02 -4.100000e+00 -3.400000e+01
      vertex   9.920194e+01 -4.100000e+00 -2.391434e+01
      vertex   1.090078e+02 -4.100000e+00 -3.405317e+01
    endloop
  endfacet
  facet normal 0.000000e+00 1.000000e+00 0.000000e+00
    outer loop
      vertex   1.090078e+02 -4.100000e+00 -3.405317e+01
      vertex   9.920194e+01 -4.100000e+00 -2.391434e+01
      vertex   9.934986e+01 -4.100000e+00 -2.349161e+01
    endloop
  endfacet
  facet normal -0.000000e+00 1.000000e+00 -0.000000e+00
    outer loop
      vertex   1.090078e+02 -4.100000e+00 -3.405317e+01
      vertex   9.934986e+01 -4.100000e+00 -2.349161e+01
      vertex   1.095971e+02 -4.100000e+00 -3.421108e+01
    endloop
  endfacet
  facet normal -0.000000e+00 1.000000e+00 0.000000e+00
    outer loop
      vertex   1.740421e+02 -4.100000e+00 -1.956001e+01
      vertex   2.129000e+02 -4.100000e+00 8.653738e-14
      vertex   1.741000e+02 -4.100000e+00 -2.000000e+01
    endloop
  endfacet
  facet normal -0.000000e+00 1.000000e+00 0.000000e+00
    outer loop
      vertex   1.741000e+02 -4.100000e+00 -2.000000e+01
      vertex   2.129000e+02 -4.100000e+00 8.653738e-14
      vertex   1.928400e+02 -4.100000e+00 -3.835793e+01
    endloop
  endfacet
  facet normal 0.000000e+00 1.000000e+00 0.000000e+00
    outer loop
      vertex   1.741000e+02 -4.100000e+00 -2.000000e+01
      vertex   1.928400e+02 -4.100000e+00 -3.835793e+01
      vertex   1.740421e+02 -4.100000e+00 -2.043999e+01
    endloop
  endfacet
  facet normal 0.000000e+00 1.000000e+00 0.000000e+00
    outer loop
      vertex   1.740421e+02 -4.100000e+00 -2.043999e+01
      vertex   1.928400e+02 -4.100000e+00 -3.835793e+01
      vertex   1.924000e+02 -4.100000e+00 -3.830000e+01
    endloop
  endfacet
  facet normal 0.000000e+00 1.000000e+00 0.000000e+00
    outer loop
      vertex   1.740421e+02 -4.100000e+00 -2.043999e+01
      vertex   1.924000e+02 -4.100000e+00 -3.830000e+01
      vertex   1.738722e+02 -4.100000e+00 -2.085000e+01
    endloop
  endfacet
  facet normal 0.000000e+00 1.000000e+00 0.000000e+00
    outer loop
      vertex   1.738722e+02 -4.100000e+00 -2.085000e+01
      vertex   1.924000e+02 -4.100000e+00 -3.830000e+01
      vertex   1.736021e+02 -4.100000e+00 -2.120208e+01
    endloop
  endfacet
  facet normal 0.000000e+00 1.000000e+00 0.000000e+00
    outer loop
      vertex   1.736021e+02 -4.100000e+00 -2.120208e+01
      vertex   1.924000e+02 -4.100000e+00 -3.830000e+01
      vertex   1.919600e+02 -4.100000e+00 -3.835793e+01
    endloop
  endfacet
  facet normal 0.000000e+00 1.000000e+00 0.000000e+00
    outer loop
      vertex   1.736021e+02 -4.100000e+00 -2.120208e+01
      vertex   1.919600e+02 -4.100000e+00 -3.835793e+01
      vertex   1.732500e+02 -4.100000e+00 -2.147224e+01
    endloop
  endfacet
  facet normal 0.000000e+00 1.000000e+00 0.000000e+00
    outer loop
      vertex   1.732500e+02 -4.100000e+00 -2.147224e+01
      vertex   1.919600e+02 -4.100000e+00 -3.835793e+01
      vertex   1.915500e+02 -4.100000e+00 -3.852776e+01
    endloop
  endfacet
  facet normal 0.000000e+00 1.000000e+00 0.000000e+00
    outer loop
      vertex   1.732500e+02 -4.100000e+00 -2.147224e+01
      vertex   1.915500e+02 -4.100000e+00 -3.852776e+01
      vertex   1.728400e+02 -4.100000e+00 -2.164207e+01
    endloop
  endfacet
  facet normal 0.000000e+00 1.000000e+00 0.000000e+00
    outer loop
      vertex   1.728400e+02 -4.100000e+00 -2.164207e+01
      vertex   1.915500e+02 -4.100000e+00 -3.852776e+01
      vertex   1.911979e+02 -4.100000e+00 -3.879792e+01
    endloop
  endfacet
  facet normal 0.000000e+00 1.000000e+00 0.000000e+00
    outer loop
      vertex   1.728400e+02 -4.100000e+00 -2.164207e+01
      vertex   1.911979e+02 -4.100000e+00 -3.879792e+01
      vertex   1.724000e+02 -4.100000e+00 -2.170000e+01
    endloop
  endfacet
  facet normal 0.000000e+00 1.000000e+00 0.000000e+00
    outer loop
      vertex   1.724000e+02 -4.100000e+00 -2.170000e+01
      vertex   1.911979e+02 -4.100000e+00 -3.879792e+01
      vertex   1.909278e+02 -4.100000e+00 -3.915000e+01
    endloop
  endfacet
  facet normal 0.000000e+00 1.000000e+00 0.000000e+00
    outer loop
      vertex   1.724000e+02 -4.100000e+00 -2.170000e+01
      vertex   1.909278e+02 -4.100000e+00 -3.915000e+01
      vertex   1.907579e+02 -4.100000e+00 -3.956001e+01
    endloop
  endfacet
  facet normal 0.000000e+00 1.000000e+00 -0.000000e+00
    outer loop
      vertex   1.740421e+02 -4.100000e+00 -1.956001e+01
      vertex   1.738722e+02 -4.100000e+00 -1.915000e+01
      vertex   2.129000e+02 -4.100000e+00 8.653738e-14
    endloop
  endfacet
  facet normal 0.000000e+00 1.000000e+00 0.000000e+00
    outer loop
      vertex   2.129000e+02 -4.100000e+00 8.653738e-14
      vertex   1.738722e+02 -4.100000e+00 -1.915000e+01
      vertex   1.736021e+02 -4.100000e+00 -1.879792e+01
    endloop
  endfacet
  facet normal 0.000000e+00 1.000000e+00 0.000000e+00
    outer loop
      vertex   2.129000e+02 -4.100000e+00 8.653738e-14
      vertex   1.736021e+02 -4.100000e+00 -1.879792e+01
      vertex   1.732500e+02 -4.100000e+00 -1.852776e+01
    endloop
  endfacet
  facet normal 0.000000e+00 1.000000e+00 0.000000e+00
    outer loop
      vertex   2.129000e+02 -4.100000e+00 8.653738e-14
      vertex   1.732500e+02 -4.100000e+00 -1.852776e+01
      vertex   2.124000e+02 -4.100000e+00 5.000000e-01
    endloop
  endfacet
  facet normal 0.000000e+00 1.000000e+00 0.000000e+00
    outer loop
      vertex   2.124000e+02 -4.100000e+00 5.000000e-01
      vertex   1.732500e+02 -4.100000e+00 -1.852776e+01
      vertex   1.728400e+02 -4.100000e+00 -1.835793e+01
    endloop
  endfacet
  facet normal 0.000000e+00 1.000000e+00 0.000000e+00
    outer loop
      vertex   2.124000e+02 -4.100000e+00 5.000000e-01
      vertex   1.728400e+02 -4.100000e+00 -1.835793e+01
      vertex   1.464000e+02 -4.100000e+00 5.000000e-01
    endloop
  endfacet
  facet normal 0.000000e+00 1.000000e+00 0.000000e+00
    outer loop
      vertex   1.464000e+02 -4.100000e+00 5.000000e-01
      vertex   1.728400e+02 -4.100000e+00 -1.835793e+01
      vertex   1.724000e+02 -4.100000e+00 -1.830000e+01
    endloop
  endfacet
  facet normal 0.000000e+00 1.000000e+00 0.000000e+00
    outer loop
      vertex   1.464000e+02 -4.100000e+00 5.000000e-01
      vertex   1.724000e+02 -4.100000e+00 -1.830000e+01
      vertex   1.719600e+02 -4.100000e+00 -1.835793e+01
    endloop
  endfacet
  facet normal 0.000000e+00 1.000000e+00 0.000000e+00
    outer loop
      vertex   1.719600e+02 -4.100000e+00 -1.835793e+01
      vertex   1.715500e+02 -4.100000e+00 -1.852776e+01
      vertex   1.464000e+02 -4.100000e+00 5.000000e-01
    endloop
  endfacet
  facet normal 0.000000e+00 1.000000e+00 0.000000e+00
    outer loop
      vertex   1.464000e+02 -4.100000e+00 5.000000e-01
      vertex   1.715500e+02 -4.100000e+00 -1.852776e+01
      vertex   1.711979e+02 -4.100000e+00 -1.879792e+01
    endloop
  endfacet
  facet normal 0.000000e+00 1.000000e+00 0.000000e+00
    outer loop
      vertex   1.464000e+02 -4.100000e+00 5.000000e-01
      vertex   1.711979e+02 -4.100000e+00 -1.879792e+01
      vertex   1.709278e+02 -4.100000e+00 -1.915000e+01
    endloop
  endfacet
  facet normal 0.000000e+00 1.000000e+00 0.000000e+00
    outer loop
      vertex   1.709278e+02 -4.100000e+00 -1.915000e+01
      vertex   1.707579e+02 -4.100000e+00 -1.956001e+01
      vertex   1.464000e+02 -4.100000e+00 5.000000e-01
    endloop
  endfacet
  facet normal 0.000000e+00 1.000000e+00 0.000000e+00
    outer loop
      vertex   1.464000e+02 -4.100000e+00 5.000000e-01
      vertex   1.707579e+02 -4.100000e+00 -1.956001e+01
      vertex   1.457922e+02 -4.100000e+00 5.531729e-01
    endloop
  endfacet
  facet normal 0.000000e+00 1.000000e+00 0.000000e+00
    outer loop
      vertex   1.457922e+02 -4.100000e+00 5.531729e-01
      vertex   1.707579e+02 -4.100000e+00 -1.956001e+01
      vertex   1.707000e+02 -4.100000e+00 -2.000000e+01
    endloop
  endfacet
  facet normal 0.000000e+00 1.000000e+00 0.000000e+00
    outer loop
      vertex   1.457922e+02 -4.100000e+00 5.531729e-01
      vertex   1.707000e+02 -4.100000e+00 -2.000000e+01
      vertex   1.328400e+02 -4.100000e+00 -3.835793e+01
    endloop
  endfacet
  facet normal 0.000000e+00 1.000000e+00 0.000000e+00
    outer loop
      vertex   1.328400e+02 -4.100000e+00 -3.835793e+01
      vertex   1.707000e+02 -4.100000e+00 -2.000000e+01
      vertex   1.707579e+02 -4.100000e+00 -2.043999e+01
    endloop
  endfacet
  facet normal 0.000000e+00 1.000000e+00 0.000000e+00
    outer loop
      vertex   1.328400e+02 -4.100000e+00 -3.835793e+01
      vertex   1.707579e+02 -4.100000e+00 -2.043999e+01
      vertex   1.709278e+02 -4.100000e+00 -2.085000e+01
    endloop
  endfacet
  facet normal -0.000000e+00 1.000000e+00 0.000000e+00
    outer loop
      vertex   1.328400e+02 -4.100000e+00 -3.835793e+01
      vertex   1.709278e+02 -4.100000e+00 -2.085000e+01
      vertex   1.332500e+02 -4.100000e+00 -3.852776e+01
    endloop
  endfacet
  facet normal 0.000000e+00 1.000000e+00 0.000000e+00
    outer loop
      vertex   1.332500e+02 -4.100000e+00 -3.852776e+01
      vertex   1.709278e+02 -4.100000e+00 -2.085000e+01
      vertex   1.711979e+02 -4.100000e+00 -2.120208e+01
    endloop
  endfacet
  facet normal -0.000000e+00 1.000000e+00 0.000000e+00
    outer loop
      vertex   1.332500e+02 -4.100000e+00 -3.852776e+01
      vertex   1.711979e+02 -4.100000e+00 -2.120208e+01
      vertex   1.336021e+02 -4.100000e+00 -3.879792e+01
    endloop
  endfacet
  facet normal 0.000000e+00 1.000000e+00 0.000000e+00
    outer loop
      vertex   1.336021e+02 -4.100000e+00 -3.879792e+01
      vertex   1.711979e+02 -4.100000e+00 -2.120208e+01
      vertex   1.715500e+02 -4.100000e+00 -2.147224e+01
    endloop
  endfacet
  facet normal -0.000000e+00 1.000000e+00 0.000000e+00
    outer loop
      vertex   1.336021e+02 -4.100000e+00 -3.879792e+01
      vertex   1.715500e+02 -4.100000e+00 -2.147224e+01
      vertex   1.338722e+02 -4.100000e+00 -3.915000e+01
    endloop
  endfacet
  facet normal 0.000000e+00 1.000000e+00 0.000000e+00
    outer loop
      vertex   1.338722e+02 -4.100000e+00 -3.915000e+01
      vertex   1.715500e+02 -4.100000e+00 -2.147224e+01
      vertex   1.719600e+02 -4.100000e+00 -2.164207e+01
    endloop
  endfacet
  facet normal -0.000000e+00 1.000000e+00 0.000000e+00
    outer loop
      vertex   1.338722e+02 -4.100000e+00 -3.915000e+01
      vertex   1.719600e+02 -4.100000e+00 -2.164207e+01
      vertex   1.340421e+02 -4.100000e+00 -3.956001e+01
    endloop
  endfacet
  facet normal -0.000000e+00 1.000000e+00 0.000000e+00
    outer loop
      vertex   1.340421e+02 -4.100000e+00 -3.956001e+01
      vertex   1.719600e+02 -4.100000e+00 -2.164207e+01
      vertex   1.341000e+02 -4.100000e+00 -4.000000e+01
    endloop
  endfacet
  facet normal 0.000000e+00 1.000000e+00 0.000000e+00
    outer loop
      vertex   1.341000e+02 -4.100000e+00 -4.000000e+01
      vertex   1.719600e+02 -4.100000e+00 -2.164207e+01
      vertex   1.907000e+02 -4.100000e+00 -4.000000e+01
    endloop
  endfacet
  facet normal -0.000000e+00 1.000000e+00 0.000000e+00
    outer loop
      vertex   1.341000e+02 -4.100000e+00 -4.000000e+01
      vertex   1.907000e+02 -4.100000e+00 -4.000000e+01
      vertex   1.340421e+02 -4.100000e+00 -4.043999e+01
    endloop
  endfacet
  facet normal 0.000000e+00 1.000000e+00 0.000000e+00
    outer loop
      vertex   1.340421e+02 -4.100000e+00 -4.043999e+01
      vertex   1.907000e+02 -4.100000e+00 -4.000000e+01
      vertex   1.907579e+02 -4.100000e+00 -4.043999e+01
    endloop
  endfacet
  facet normal -0.000000e+00 1.000000e+00 0.000000e+00
    outer loop
      vertex   1.340421e+02 -4.100000e+00 -4.043999e+01
      vertex   1.907579e+02 -4.100000e+00 -4.043999e+01
      vertex   1.338722e+02 -4.100000e+00 -4.085000e+01
    endloop
  endfacet
  facet normal 0.000000e+00 1.000000e+00 0.000000e+00
    outer loop
      vertex   1.338722e+02 -4.100000e+00 -4.085000e+01
      vertex   1.907579e+02 -4.100000e+00 -4.043999e+01
      vertex   1.909278e+02 -4.100000e+00 -4.085000e+01
    endloop
  endfacet
  facet normal -0.000000e+00 1.000000e+00 0.000000e+00
    outer loop
      vertex   1.338722e+02 -4.100000e+00 -4.085000e+01
      vertex   1.909278e+02 -4.100000e+00 -4.085000e+01
      vertex   1.336021e+02 -4.100000e+00 -4.120208e+01
    endloop
  endfacet
  facet normal 0.000000e+00 1.000000e+00 0.000000e+00
    outer loop
      vertex   1.336021e+02 -4.100000e+00 -4.120208e+01
      vertex   1.909278e+02 -4.100000e+00 -4.085000e+01
      vertex   1.911979e+02 -4.100000e+00 -4.120208e+01
    endloop
  endfacet
  facet normal -0.000000e+00 1.000000e+00 0.000000e+00
    outer loop
      vertex   1.336021e+02 -4.100000e+00 -4.120208e+01
      vertex   1.911979e+02 -4.100000e+00 -4.120208e+01
      vertex   1.332500e+02 -4.100000e+00 -4.147224e+01
    endloop
  endfacet
  facet normal 0.000000e+00 1.000000e+00 0.000000e+00
    outer loop
      vertex   1.332500e+02 -4.100000e+00 -4.147224e+01
      vertex   1.911979e+02 -4.100000e+00 -4.120208e+01
      vertex   1.915500e+02 -4.100000e+00 -4.147224e+01
    endloop
  endfacet
  facet normal -0.000000e+00 1.000000e+00 0.000000e+00
    outer loop
      vertex   1.332500e+02 -4.100000e+00 -4.147224e+01
      vertex   1.915500e+02 -4.100000e+00 -4.147224e+01
      vertex   1.124000e+02 -4.100000e+00 -6.050000e+01
    endloop
  endfacet
  facet normal 0.000000e+00 1.000000e+00 0.000000e+00
    outer loop
      vertex   1.124000e+02 -4.100000e+00 -6.050000e+01
      vertex   1.915500e+02 -4.100000e+00 -4.147224e+01
      vertex   2.124000e+02 -4.100000e+00 -6.050000e+01
    endloop
  endfacet
  facet normal 0.000000e+00 1.000000e+00 0.000000e+00
    outer loop
      vertex   2.124000e+02 -4.100000e+00 -6.050000e+01
      vertex   1.915500e+02 -4.100000e+00 -4.147224e+01
      vertex   1.919600e+02 -4.100000e+00 -4.164207e+01
    endloop
  endfacet
  facet normal 0.000000e+00 1.000000e+00 0.000000e+00
    outer loop
      vertex   2.124000e+02 -4.100000e+00 -6.050000e+01
      vertex   1.919600e+02 -4.100000e+00 -4.164207e+01
      vertex   1.924000e+02 -4.100000e+00 -4.170000e+01
    endloop
  endfacet
  facet normal 0.000000e+00 1.000000e+00 -0.000000e+00
    outer loop
      vertex   1.907000e+02 -4.100000e+00 -4.000000e+01
      vertex   1.719600e+02 -4.100000e+00 -2.164207e+01
      vertex   1.907579e+02 -4.100000e+00 -3.956001e+01
    endloop
  endfacet
  facet normal 0.000000e+00 1.000000e+00 0.000000e+00
    outer loop
      vertex   1.907579e+02 -4.100000e+00 -3.956001e+01
      vertex   1.719600e+02 -4.100000e+00 -2.164207e+01
      vertex   1.724000e+02 -4.100000e+00 -2.170000e+01
    endloop
  endfacet
  facet normal 0.000000e+00 1.000000e+00 -0.000000e+00
    outer loop
      vertex   1.328400e+02 -4.100000e+00 -3.835793e+01
      vertex   1.324000e+02 -4.100000e+00 -3.830000e+01
      vertex   1.457922e+02 -4.100000e+00 5.531729e-01
    endloop
  endfacet
  facet normal 0.000000e+00 1.000000e+00 0.000000e+00
    outer loop
      vertex   1.457922e+02 -4.100000e+00 5.531729e-01
      vertex   1.324000e+02 -4.100000e+00 -3.830000e+01
      vertex   1.452029e+02 -4.100000e+00 7.110758e-01
    endloop
  endfacet
  facet normal 0.000000e+00 1.000000e+00 -0.000000e+00
    outer loop
      vertex   1.315500e+02 -4.100000e+00 -3.852776e+01
      vertex   1.110812e+02 -4.100000e+00 -3.525024e+01
      vertex   1.319600e+02 -4.100000e+00 -3.835793e+01
    endloop
  endfacet
  facet normal 0.000000e+00 1.000000e+00 0.000000e+00
    outer loop
      vertex   1.319600e+02 -4.100000e+00 -3.835793e+01
      vertex   1.110812e+02 -4.100000e+00 -3.525024e+01
      vertex   1.106498e+02 -4.100000e+00 -3.481884e+01
    endloop
  endfacet
  facet normal 0.000000e+00 1.000000e+00 0.000000e+00
    outer loop
      vertex   1.319600e+02 -4.100000e+00 -3.835793e+01
      vertex   1.106498e+02 -4.100000e+00 -3.481884e+01
      vertex   1.101500e+02 -4.100000e+00 -3.446891e+01
    endloop
  endfacet
  facet normal 0.000000e+00 1.000000e+00 -0.000000e+00
    outer loop
      vertex   1.311979e+02 -4.100000e+00 -3.879792e+01
      vertex   1.116889e+02 -4.100000e+00 -3.630293e+01
      vertex   1.315500e+02 -4.100000e+00 -3.852776e+01
    endloop
  endfacet
  facet normal 0.000000e+00 1.000000e+00 0.000000e+00
    outer loop
      vertex   1.315500e+02 -4.100000e+00 -3.852776e+01
      vertex   1.116889e+02 -4.100000e+00 -3.630293e+01
      vertex   1.114311e+02 -4.100000e+00 -3.575000e+01
    endloop
  endfacet
  facet normal 0.000000e+00 1.000000e+00 0.000000e+00
    outer loop
      vertex   1.315500e+02 -4.100000e+00 -3.852776e+01
      vertex   1.114311e+02 -4.100000e+00 -3.575000e+01
      vertex   1.110812e+02 -4.100000e+00 -3.525024e+01
    endloop
  endfacet
  facet normal 0.000000e+00 1.000000e+00 0.000000e+00
    outer loop
      vertex   1.116889e+02 -4.100000e+00 -3.630293e+01
      vertex   1.311979e+02 -4.100000e+00 -3.879792e+01
      vertex   1.118468e+02 -4.100000e+00 -3.689223e+01
    endloop
  endfacet
  facet normal 0.000000e+00 1.000000e+00 0.000000e+00
    outer loop
      vertex   1.118468e+02 -4.100000e+00 -3.689223e+01
      vertex   1.311979e+02 -4.100000e+00 -3.879792e+01
      vertex   1.309278e+02 -4.100000e+00 -3.915000e+01
    endloop
  endfacet
  facet normal 0.000000e+00 1.000000e+00 0.000000e+00
    outer loop
      vertex   1.118468e+02 -4.100000e+00 -3.689223e+01
      vertex   1.309278e+02 -4.100000e+00 -3.915000e+01
      vertex   1.119000e+02 -4.100000e+00 -3.750000e+01
    endloop
  endfacet
  facet normal 0.000000e+00 1.000000e+00 0.000000e+00
    outer loop
      vertex   1.119000e+02 -4.100000e+00 -3.750000e+01
      vertex   1.309278e+02 -4.100000e+00 -3.915000e+01
      vertex   1.307579e+02 -4.100000e+00 -3.956001e+01
    endloop
  endfacet
  facet normal 0.000000e+00 1.000000e+00 0.000000e+00
    outer loop
      vertex   1.119000e+02 -4.100000e+00 -3.750000e+01
      vertex   1.307579e+02 -4.100000e+00 -3.956001e+01
      vertex   1.307000e+02 -4.100000e+00 -4.000000e+01
    endloop
  endfacet
  facet normal 0.000000e+00 1.000000e+00 0.000000e+00
    outer loop
      vertex   1.307000e+02 -4.100000e+00 -4.000000e+01
      vertex   1.307579e+02 -4.100000e+00 -4.043999e+01
      vertex   1.119000e+02 -4.100000e+00 -3.750000e+01
    endloop
  endfacet
  facet normal 0.000000e+00 1.000000e+00 0.000000e+00
    outer loop
      vertex   1.119000e+02 -4.100000e+00 -3.750000e+01
      vertex   1.307579e+02 -4.100000e+00 -4.043999e+01
      vertex   1.309278e+02 -4.100000e+00 -4.085000e+01
    endloop
  endfacet
  facet normal 0.000000e+00 1.000000e+00 0.000000e+00
    outer loop
      vertex   1.119000e+02 -4.100000e+00 -3.750000e+01
      vertex   1.309278e+02 -4.100000e+00 -4.085000e+01
      vertex   1.311979e+02 -4.100000e+00 -4.120208e+01
    endloop
  endfacet
  facet normal 0.000000e+00 1.000000e+00 0.000000e+00
    outer loop
      vertex   1.119000e+02 -4.100000e+00 -3.750000e+01
      vertex   1.311979e+02 -4.100000e+00 -4.120208e+01
      vertex   1.119000e+02 -4.100000e+00 -6.000000e+01
    endloop
  endfacet
  facet normal 0.000000e+00 1.000000e+00 0.000000e+00
    outer loop
      vertex   1.119000e+02 -4.100000e+00 -6.000000e+01
      vertex   1.311979e+02 -4.100000e+00 -4.120208e+01
      vertex   1.315500e+02 -4.100000e+00 -4.147224e+01
    endloop
  endfacet
  facet normal 0.000000e+00 1.000000e+00 0.000000e+00
    outer loop
      vertex   1.119000e+02 -4.100000e+00 -6.000000e+01
      vertex   1.315500e+02 -4.100000e+00 -4.147224e+01
      vertex   1.319600e+02 -4.100000e+00 -4.164207e+01
    endloop
  endfacet
  facet normal 0.000000e+00 1.000000e+00 0.000000e+00
    outer loop
      vertex   1.319600e+02 -4.100000e+00 -4.164207e+01
      vertex   1.324000e+02 -4.100000e+00 -4.170000e+01
      vertex   1.119000e+02 -4.100000e+00 -6.000000e+01
    endloop
  endfacet
  facet normal -0.000000e+00 1.000000e+00 0.000000e+00
    outer loop
      vertex   1.119000e+02 -4.100000e+00 -6.000000e+01
      vertex   1.324000e+02 -4.100000e+00 -4.170000e+01
      vertex   1.124000e+02 -4.100000e+00 -6.050000e+01
    endloop
  endfacet
  facet normal 0.000000e+00 1.000000e+00 0.000000e+00
    outer loop
      vertex   1.119000e+02 -4.100000e+00 -6.000000e+01
      vertex   1.124000e+02 -4.100000e+00 -6.050000e+01
      vertex   1.119170e+02 -4.100000e+00 -6.012941e+01
    endloop
  endfacet
  facet normal 0.000000e+00 1.000000e+00 0.000000e+00
    outer loop
      vertex   1.119170e+02 -4.100000e+00 -6.012941e+01
      vertex   1.124000e+02 -4.100000e+00 -6.050000e+01
      vertex   1.119670e+02 -4.100000e+00 -6.025000e+01
    endloop
  endfacet
  facet normal 0.000000e+00 1.000000e+00 0.000000e+00
    outer loop
      vertex   1.119670e+02 -4.100000e+00 -6.025000e+01
      vertex   1.124000e+02 -4.100000e+00 -6.050000e+01
      vertex   1.120464e+02 -4.100000e+00 -6.035355e+01
    endloop
  endfacet
  facet normal 0.000000e+00 1.000000e+00 0.000000e+00
    outer loop
      vertex   1.120464e+02 -4.100000e+00 -6.035355e+01
      vertex   1.124000e+02 -4.100000e+00 -6.050000e+01
      vertex   1.121500e+02 -4.100000e+00 -6.043301e+01
    endloop
  endfacet
  facet normal 0.000000e+00 1.000000e+00 0.000000e+00
    outer loop
      vertex   1.121500e+02 -4.100000e+00 -6.043301e+01
      vertex   1.124000e+02 -4.100000e+00 -6.050000e+01
      vertex   1.122706e+02 -4.100000e+00 -6.048296e+01
    endloop
  endfacet
  facet normal -0.000000e+00 1.000000e+00 0.000000e+00
    outer loop
      vertex   1.324000e+02 -4.100000e+00 -4.170000e+01
      vertex   1.328400e+02 -4.100000e+00 -4.164207e+01
      vertex   1.124000e+02 -4.100000e+00 -6.050000e+01
    endloop
  endfacet
  facet normal 0.000000e+00 1.000000e+00 0.000000e+00
    outer loop
      vertex   1.124000e+02 -4.100000e+00 -6.050000e+01
      vertex   1.328400e+02 -4.100000e+00 -4.164207e+01
      vertex   1.332500e+02 -4.100000e+00 -4.147224e+01
    endloop
  endfacet
  facet normal -0.000000e+00 1.000000e+00 0.000000e+00
    outer loop
      vertex   1.940421e+02 -4.100000e+00 -4.043999e+01
      vertex   1.941000e+02 -4.100000e+00 -4.000000e+01
      vertex   2.129000e+02 -4.100000e+00 -6.000000e+01
    endloop
  endfacet
  facet normal 0.000000e+00 1.000000e+00 0.000000e+00
    outer loop
      vertex   2.129000e+02 -4.100000e+00 -6.000000e+01
      vertex   1.941000e+02 -4.100000e+00 -4.000000e+01
      vertex   1.940421e+02 -4.100000e+00 -3.956001e+01
    endloop
  endfacet
  facet normal 0.000000e+00 1.000000e+00 0.000000e+00
    outer loop
      vertex   2.129000e+02 -4.100000e+00 -6.000000e+01
      vertex   1.940421e+02 -4.100000e+00 -3.956001e+01
      vertex   2.129000e+02 -4.100000e+00 8.653738e-14
    endloop
  endfacet
  facet normal 0.000000e+00 1.000000e+00 0.000000e+00
    outer loop
      vertex   2.129000e+02 -4.100000e+00 8.653738e-14
      vertex   1.940421e+02 -4.100000e+00 -3.956001e+01
      vertex   1.938722e+02 -4.100000e+00 -3.915000e+01
    endloop
  endfacet
  facet normal 0.000000e+00 1.000000e+00 0.000000e+00
    outer loop
      vertex   2.129000e+02 -4.100000e+00 8.653738e-14
      vertex   1.938722e+02 -4.100000e+00 -3.915000e+01
      vertex   1.936021e+02 -4.100000e+00 -3.879792e+01
    endloop
  endfacet
  facet normal 0.000000e+00 1.000000e+00 -0.000000e+00
    outer loop
      vertex   1.936021e+02 -4.100000e+00 -3.879792e+01
      vertex   1.932500e+02 -4.100000e+00 -3.852776e+01
      vertex   2.129000e+02 -4.100000e+00 8.653738e-14
    endloop
  endfacet
  facet normal 0.000000e+00 1.000000e+00 0.000000e+00
    outer loop
      vertex   2.129000e+02 -4.100000e+00 8.653738e-14
      vertex   1.932500e+02 -4.100000e+00 -3.852776e+01
      vertex   1.928400e+02 -4.100000e+00 -3.835793e+01
    endloop
  endfacet
  facet normal 0.000000e+00 1.000000e+00 -0.000000e+00
    outer loop
      vertex   2.124000e+02 -4.100000e+00 -6.050000e+01
      vertex   1.924000e+02 -4.100000e+00 -4.170000e+01
      vertex   2.129000e+02 -4.100000e+00 -6.000000e+01
    endloop
  endfacet
  facet normal 0.000000e+00 1.000000e+00 0.000000e+00
    outer loop
      vertex   2.129000e+02 -4.100000e+00 -6.000000e+01
      vertex   1.924000e+02 -4.100000e+00 -4.170000e+01
      vertex   1.928400e+02 -4.100000e+00 -4.164207e+01
    endloop
  endfacet
  facet normal 0.000000e+00 1.000000e+00 0.000000e+00
    outer loop
      vertex   2.129000e+02 -4.100000e+00 -6.000000e+01
      vertex   1.928400e+02 -4.100000e+00 -4.164207e+01
      vertex   1.932500e+02 -4.100000e+00 -4.147224e+01
    endloop
  endfacet
  facet normal -0.000000e+00 1.000000e+00 0.000000e+00
    outer loop
      vertex   1.932500e+02 -4.100000e+00 -4.147224e+01
      vertex   1.936021e+02 -4.100000e+00 -4.120208e+01
      vertex   2.129000e+02 -4.100000e+00 -6.000000e+01
    endloop
  endfacet
  facet normal 0.000000e+00 1.000000e+00 0.000000e+00
    outer loop
      vertex   2.129000e+02 -4.100000e+00 -6.000000e+01
      vertex   1.936021e+02 -4.100000e+00 -4.120208e+01
      vertex   1.938722e+02 -4.100000e+00 -4.085000e+01
    endloop
  endfacet
  facet normal 0.000000e+00 1.000000e+00 0.000000e+00
    outer loop
      vertex   2.129000e+02 -4.100000e+00 -6.000000e+01
      vertex   1.938722e+02 -4.100000e+00 -4.085000e+01
      vertex   1.940421e+02 -4.100000e+00 -4.043999e+01
    endloop
  endfacet
  facet normal 0.000000e+00 1.000000e+00 0.000000e+00
    outer loop
      vertex   8.190000e+01 -4.100000e+00 2.200000e+01
      vertex   8.191704e+01 -4.100000e+00 2.212941e+01
      vertex   8.240000e+01 -4.100000e+00 2.250000e+01
    endloop
  endfacet
  facet normal 0.000000e+00 1.000000e+00 0.000000e+00
    outer loop
      vertex   8.240000e+01 -4.100000e+00 2.250000e+01
      vertex   8.191704e+01 -4.100000e+00 2.212941e+01
      vertex   8.196699e+01 -4.100000e+00 2.225000e+01
    endloop
  endfacet
  facet normal 0.000000e+00 1.000000e+00 0.000000e+00
    outer loop
      vertex   8.240000e+01 -4.100000e+00 2.250000e+01
      vertex   8.196699e+01 -4.100000e+00 2.225000e+01
      vertex   8.204645e+01 -4.100000e+00 2.235355e+01
    endloop
  endfacet
  facet normal 0.000000e+00 1.000000e+00 0.000000e+00
    outer loop
      vertex   8.204645e+01 -4.100000e+00 2.235355e+01
      vertex   8.215000e+01 -4.100000e+00 2.243301e+01
      vertex   8.240000e+01 -4.100000e+00 2.250000e+01
    endloop
  endfacet
  facet normal 0.000000e+00 1.000000e+00 0.000000e+00
    outer loop
      vertex   8.240000e+01 -4.100000e+00 2.250000e+01
      vertex   8.215000e+01 -4.100000e+00 2.243301e+01
      vertex   8.227059e+01 -4.100000e+00 2.248296e+01
    endloop
  endfacet
  facet normal 0.000000e+00 1.000000e+00 0.000000e+00
    outer loop
      vertex   1.425294e+02 -4.100000e+00 2.248296e+01
      vertex   1.426500e+02 -4.100000e+00 2.243301e+01
      vertex   1.424000e+02 -4.100000e+00 2.250000e+01
    endloop
  endfacet
  facet normal 0.000000e+00 1.000000e+00 0.000000e+00
    outer loop
      vertex   1.424000e+02 -4.100000e+00 2.250000e+01
      vertex   1.426500e+02 -4.100000e+00 2.243301e+01
      vertex   1.427536e+02 -4.100000e+00 2.235355e+01
    endloop
  endfacet
  facet normal 0.000000e+00 1.000000e+00 0.000000e+00
    outer loop
      vertex   1.424000e+02 -4.100000e+00 2.250000e+01
      vertex   1.427536e+02 -4.100000e+00 2.235355e+01
      vertex   1.428330e+02 -4.100000e+00 2.225000e+01
    endloop
  endfacet
  facet normal 0.000000e+00 1.000000e+00 0.000000e+00
    outer loop
      vertex   1.428330e+02 -4.100000e+00 2.225000e+01
      vertex   1.428830e+02 -4.100000e+00 2.212941e+01
      vertex   1.424000e+02 -4.100000e+00 2.250000e+01
    endloop
  endfacet
  facet normal 0.000000e+00 1.000000e+00 0.000000e+00
    outer loop
      vertex   1.424000e+02 -4.100000e+00 2.250000e+01
      vertex   1.428830e+02 -4.100000e+00 2.212941e+01
      vertex   1.429000e+02 -4.100000e+00 2.200000e+01
    endloop
  endfacet
  facet normal 0.000000e+00 1.000000e+00 0.000000e+00
    outer loop
      vertex   2.125294e+02 -4.100000e+00 4.829629e-01
      vertex   2.126500e+02 -4.100000e+00 4.330127e-01
      vertex   2.124000e+02 -4.100000e+00 5.000000e-01
    endloop
  endfacet
  facet normal 0.000000e+00 1.000000e+00 0.000000e+00
    outer loop
      vertex   2.124000e+02 -4.100000e+00 5.000000e-01
      vertex   2.126500e+02 -4.100000e+00 4.330127e-01
      vertex   2.127536e+02 -4.100000e+00 3.535534e-01
    endloop
  endfacet
  facet normal 0.000000e+00 1.000000e+00 0.000000e+00
    outer loop
      vertex   2.124000e+02 -4.100000e+00 5.000000e-01
      vertex   2.127536e+02 -4.100000e+00 3.535534e-01
      vertex   2.128330e+02 -4.100000e+00 2.500000e-01
    endloop
  endfacet
  facet normal 0.000000e+00 1.000000e+00 0.000000e+00
    outer loop
      vertex   2.128330e+02 -4.100000e+00 2.500000e-01
      vertex   2.128830e+02 -4.100000e+00 1.294095e-01
      vertex   2.124000e+02 -4.100000e+00 5.000000e-01
    endloop
  endfacet
  facet normal 0.000000e+00 1.000000e+00 0.000000e+00
    outer loop
      vertex   2.124000e+02 -4.100000e+00 5.000000e-01
      vertex   2.128830e+02 -4.100000e+00 1.294095e-01
      vertex   2.129000e+02 -4.100000e+00 8.653738e-14
    endloop
  endfacet
  facet normal 0.000000e+00 1.000000e+00 0.000000e+00
    outer loop
      vertex   2.129000e+02 -4.100000e+00 -6.000000e+01
      vertex   2.128830e+02 -4.100000e+00 -6.012941e+01
      vertex   2.124000e+02 -4.100000e+00 -6.050000e+01
    endloop
  endfacet
  facet normal 0.000000e+00 1.000000e+00 0.000000e+00
    outer loop
      vertex   2.124000e+02 -4.100000e+00 -6.050000e+01
      vertex   2.128830e+02 -4.100000e+00 -6.012941e+01
      vertex   2.128330e+02 -4.100000e+00 -6.025000e+01
    endloop
  endfacet
  facet normal 0.000000e+00 1.000000e+00 0.000000e+00
    outer loop
      vertex   2.124000e+02 -4.100000e+00 -6.050000e+01
      vertex   2.128330e+02 -4.100000e+00 -6.025000e+01
      vertex   2.127536e+02 -4.100000e+00 -6.035355e+01
    endloop
  endfacet
  facet normal 0.000000e+00 1.000000e+00 0.000000e+00
    outer loop
      vertex   2.127536e+02 -4.100000e+00 -6.035355e+01
      vertex   2.126500e+02 -4.100000e+00 -6.043301e+01
      vertex   2.124000e+02 -4.100000e+00 -6.050000e+01
    endloop
  endfacet
  facet normal 0.000000e+00 1.000000e+00 0.000000e+00
    outer loop
      vertex   2.124000e+02 -4.100000e+00 -6.050000e+01
      vertex   2.126500e+02 -4.100000e+00 -6.043301e+01
      vertex   2.125294e+02 -4.100000e+00 -6.048296e+01
    endloop
  endfacet
  facet normal -3.700743e-16 0.000000e+00 1.000000e+00
    outer loop
      vertex   1.464000e+02 -5.900000e+00 2.000000e+00
      vertex   2.124000e+02 -5.900000e+00 2.000000e+00
      vertex   1.464000e+02 -1.600000e+00 2.000000e+00
    endloop
  endfacet
  facet normal -3.700743e-16 3.113193e-31 1.000000e+00
    outer loop
      vertex   1.464000e+02 -1.600000e+00 2.000000e+00
      vertex   2.124000e+02 -5.900000e+00 2.000000e+00
      vertex   2.124000e+02 -1.600000e+00 2.000000e+00
    endloop
  endfacet
  facet normal 9.937122e-01 0.000000e+00 1.119645e-01
    outer loop
      vertex   1.444000e+02 -1.600000e+00 4.000000e+00
      vertex   1.444000e+02 -5.900000e+00 4.000000e+00
      vertex   1.444501e+02 -1.600000e+00 3.554958e+00
    endloop
  endfacet
  facet normal 9.937122e-01 0.000000e+00 1.119645e-01
    outer loop
      vertex   1.444501e+02 -1.600000e+00 3.554958e+00
      vertex   1.444000e+02 -5.900000e+00 4.000000e+00
      vertex   1.444501e+02 -5.900000e+00 3.554958e+00
    endloop
  endfacet
  facet normal 9.438833e-01 0.000000e+00 3.302791e-01
    outer loop
      vertex   1.444501e+02 -1.600000e+00 3.554958e+00
      vertex   1.444501e+02 -5.900000e+00 3.554958e+00
      vertex   1.445981e+02 -1.600000e+00 3.132233e+00
    endloop
  endfacet
  facet normal 9.438833e-01 0.000000e+00 3.302791e-01
    outer loop
      vertex   1.445981e+02 -1.600000e+00 3.132233e+00
      vertex   1.444501e+02 -5.900000e+00 3.554958e+00
      vertex   1.445981e+02 -5.900000e+00 3.132233e+00
    endloop
  endfacet
  facet normal 8.467242e-01 0.000000e+00 5.320321e-01
    outer loop
      vertex   1.445981e+02 -1.600000e+00 3.132233e+00
      vertex   1.445981e+02 -5.900000e+00 3.132233e+00
      vertex   1.448363e+02 -1.600000e+00 2.753020e+00
    endloop
  endfacet
  facet normal 8.467242e-01 0.000000e+00 5.320321e-01
    outer loop
      vertex   1.448363e+02 -1.600000e+00 2.753020e+00
      vertex   1.445981e+02 -5.900000e+00 3.132233e+00
      vertex   1.448363e+02 -5.900000e+00 2.753020e+00
    endloop
  endfacet
  facet normal 7.071068e-01 0.000000e+00 7.071068e-01
    outer loop
      vertex   1.448363e+02 -1.600000e+00 2.753020e+00
      vertex   1.448363e+02 -5.900000e+00 2.753020e+00
      vertex   1.451530e+02 -1.600000e+00 2.436337e+00
    endloop
  endfacet
  facet normal 7.071068e-01 0.000000e+00 7.071068e-01
    outer loop
      vertex   1.451530e+02 -1.600000e+00 2.436337e+00
      vertex   1.448363e+02 -5.900000e+00 2.753020e+00
      vertex   1.451530e+02 -5.900000e+00 2.436337e+00
    endloop
  endfacet
  facet normal 5.320321e-01 0.000000e+00 8.467242e-01
    outer loop
      vertex   1.451530e+02 -1.600000e+00 2.436337e+00
      vertex   1.451530e+02 -5.900000e+00 2.436337e+00
      vertex   1.455322e+02 -1.600000e+00 2.198062e+00
    endloop
  endfacet
  facet normal 5.320321e-01 0.000000e+00 8.467242e-01
    outer loop
      vertex   1.455322e+02 -1.600000e+00 2.198062e+00
      vertex   1.451530e+02 -5.900000e+00 2.436337e+00
      vertex   1.455322e+02 -5.900000e+00 2.198062e+00
    endloop
  endfacet
  facet normal 3.302791e-01 0.000000e+00 9.438833e-01
    outer loop
      vertex   1.455322e+02 -1.600000e+00 2.198062e+00
      vertex   1.455322e+02 -5.900000e+00 2.198062e+00
      vertex   1.459550e+02 -1.600000e+00 2.050144e+00
    endloop
  endfacet
  facet normal 3.302791e-01 0.000000e+00 9.438833e-01
    outer loop
      vertex   1.459550e+02 -1.600000e+00 2.050144e+00
      vertex   1.455322e+02 -5.900000e+00 2.198062e+00
      vertex   1.459550e+02 -5.900000e+00 2.050144e+00
    endloop
  endfacet
  facet normal 1.119645e-01 0.000000e+00 9.937122e-01
    outer loop
      vertex   1.459550e+02 -1.600000e+00 2.050144e+00
      vertex   1.459550e+02 -5.900000e+00 2.050144e+00
      vertex   1.464000e+02 -1.600000e+00 2.000000e+00
    endloop
  endfacet
  facet normal 1.119645e-01 0.000000e+00 9.937122e-01
    outer loop
      vertex   1.464000e+02 -1.600000e+00 2.000000e+00
      vertex   1.459550e+02 -5.900000e+00 2.050144e+00
      vertex   1.464000e+02 -5.900000e+00 2.000000e+00
    endloop
  endfacet
  facet normal 1.000000e+00 -0.000000e+00 1.578984e-15
    outer loop
      vertex   1.444000e+02 -5.900000e+00 2.200000e+01
      vertex   1.444000e+02 -5.900000e+00 4.000000e+00
      vertex   1.444000e+02 -1.600000e+00 2.200000e+01
    endloop
  endfacet
  facet normal 1.000000e+00 0.000000e+00 1.578984e-15
    outer loop
      vertex   1.444000e+02 -1.600000e+00 2.200000e+01
      vertex   1.444000e+02 -5.900000e+00 4.000000e+00
      vertex   1.444000e+02 -1.600000e+00 4.000000e+00
    endloop
  endfacet
  facet normal 1.119645e-01 0.000000e+00 9.937122e-01
    outer loop
      vertex   1.424000e+02 -1.600000e+00 2.400000e+01
      vertex   1.424000e+02 -5.900000e+00 2.400000e+01
      vertex   1.428450e+02 -1.600000e+00 2.394986e+01
    endloop
  endfacet
  facet normal 1.119645e-01 0.000000e+00 9.937122e-01
    outer loop
      vertex   1.428450e+02 -1.600000e+00 2.394986e+01
      vertex   1.424000e+02 -5.900000e+00 2.400000e+01
      vertex   1.428450e+02 -5.900000e+00 2.394986e+01
    endloop
  endfacet
  facet normal 3.302791e-01 0.000000e+00 9.438833e-01
    outer loop
      vertex   1.428450e+02 -1.600000e+00 2.394986e+01
      vertex   1.428450e+02 -5.900000e+00 2.394986e+01
      vertex   1.432678e+02 -1.600000e+00 2.380194e+01
    endloop
  endfacet
  facet normal 3.302791e-01 0.000000e+00 9.438833e-01
    outer loop
      vertex   1.432678e+02 -1.600000e+00 2.380194e+01
      vertex   1.428450e+02 -5.900000e+00 2.394986e+01
      vertex   1.432678e+02 -5.900000e+00 2.380194e+01
    endloop
  endfacet
  facet normal 5.320321e-01 0.000000e+00 8.467242e-01
    outer loop
      vertex   1.432678e+02 -1.600000e+00 2.380194e+01
      vertex   1.432678e+02 -5.900000e+00 2.380194e+01
      vertex   1.436470e+02 -1.600000e+00 2.356366e+01
    endloop
  endfacet
  facet normal 5.320321e-01 0.000000e+00 8.467242e-01
    outer loop
      vertex   1.436470e+02 -1.600000e+00 2.356366e+01
      vertex   1.432678e+02 -5.900000e+00 2.380194e+01
      vertex   1.436470e+02 -5.900000e+00 2.356366e+01
    endloop
  endfacet
  facet normal 7.071068e-01 0.000000e+00 7.071068e-01
    outer loop
      vertex   1.436470e+02 -1.600000e+00 2.356366e+01
      vertex   1.436470e+02 -5.900000e+00 2.356366e+01
      vertex   1.439637e+02 -1.600000e+00 2.324698e+01
    endloop
  endfacet
  facet normal 7.071068e-01 0.000000e+00 7.071068e-01
    outer loop
      vertex   1.439637e+02 -1.600000e+00 2.324698e+01
      vertex   1.436470e+02 -5.900000e+00 2.356366e+01
      vertex   1.439637e+02 -5.900000e+00 2.324698e+01
    endloop
  endfacet
  facet normal 8.467242e-01 0.000000e+00 5.320321e-01
    outer loop
      vertex   1.439637e+02 -1.600000e+00 2.324698e+01
      vertex   1.439637e+02 -5.900000e+00 2.324698e+01
      vertex   1.442019e+02 -1.600000e+00 2.286777e+01
    endloop
  endfacet
  facet normal 8.467242e-01 0.000000e+00 5.320321e-01
    outer loop
      vertex   1.442019e+02 -1.600000e+00 2.286777e+01
      vertex   1.439637e+02 -5.900000e+00 2.324698e+01
      vertex   1.442019e+02 -5.900000e+00 2.286777e+01
    endloop
  endfacet
  facet normal 9.438833e-01 0.000000e+00 3.302791e-01
    outer loop
      vertex   1.442019e+02 -1.600000e+00 2.286777e+01
      vertex   1.442019e+02 -5.900000e+00 2.286777e+01
      vertex   1.443499e+02 -1.600000e+00 2.244504e+01
    endloop
  endfacet
  facet normal 9.438833e-01 0.000000e+00 3.302791e-01
    outer loop
      vertex   1.443499e+02 -1.600000e+00 2.244504e+01
      vertex   1.442019e+02 -5.900000e+00 2.286777e+01
      vertex   1.443499e+02 -5.900000e+00 2.244504e+01
    endloop
  endfacet
  facet normal 9.937122e-01 0.000000e+00 1.119645e-01
    outer loop
      vertex   1.443499e+02 -1.600000e+00 2.244504e+01
      vertex   1.443499e+02 -5.900000e+00 2.244504e+01
      vertex   1.444000e+02 -1.600000e+00 2.200000e+01
    endloop
  endfacet
  facet normal 9.937122e-01 0.000000e+00 1.119645e-01
    outer loop
      vertex   1.444000e+02 -1.600000e+00 2.200000e+01
      vertex   1.443499e+02 -5.900000e+00 2.244504e+01
      vertex   1.444000e+02 -5.900000e+00 2.200000e+01
    endloop
  endfacet
  facet normal -5.921189e-16 0.000000e+00 1.000000e+00
    outer loop
      vertex   8.240000e+01 -5.900000e+00 2.400000e+01
      vertex   1.424000e+02 -5.900000e+00 2.400000e+01
      vertex   8.240000e+01 -1.600000e+00 2.400000e+01
    endloop
  endfacet
  facet normal -5.921189e-16 0.000000e+00 1.000000e+00
    outer loop
      vertex   8.240000e+01 -1.600000e+00 2.400000e+01
      vertex   1.424000e+02 -5.900000e+00 2.400000e+01
      vertex   1.424000e+02 -1.600000e+00 2.400000e+01
    endloop
  endfacet
  facet normal -9.937122e-01 0.000000e+00 1.119645e-01
    outer loop
      vertex   8.040000e+01 -1.600000e+00 2.200000e+01
      vertex   8.040000e+01 -5.900000e+00 2.200000e+01
      vertex   8.045014e+01 -1.600000e+00 2.244504e+01
    endloop
  endfacet
  facet normal -9.937122e-01 0.000000e+00 1.119645e-01
    outer loop
      vertex   8.045014e+01 -1.600000e+00 2.244504e+01
      vertex   8.040000e+01 -5.900000e+00 2.200000e+01
      vertex   8.045014e+01 -5.900000e+00 2.244504e+01
    endloop
  endfacet
  facet normal -9.438833e-01 0.000000e+00 3.302791e-01
    outer loop
      vertex   8.045014e+01 -1.600000e+00 2.244504e+01
      vertex   8.045014e+01 -5.900000e+00 2.244504e+01
      vertex   8.059806e+01 -1.600000e+00 2.286777e+01
    endloop
  endfacet
  facet normal -9.438833e-01 0.000000e+00 3.302791e-01
    outer loop
      vertex   8.059806e+01 -1.600000e+00 2.286777e+01
      vertex   8.045014e+01 -5.900000e+00 2.244504e+01
      vertex   8.059806e+01 -5.900000e+00 2.286777e+01
    endloop
  endfacet
  facet normal -8.467242e-01 0.000000e+00 5.320321e-01
    outer loop
      vertex   8.059806e+01 -1.600000e+00 2.286777e+01
      vertex   8.059806e+01 -5.900000e+00 2.286777e+01
      vertex   8.083634e+01 -1.600000e+00 2.324698e+01
    endloop
  endfacet
  facet normal -8.467242e-01 0.000000e+00 5.320321e-01
    outer loop
      vertex   8.083634e+01 -1.600000e+00 2.324698e+01
      vertex   8.059806e+01 -5.900000e+00 2.286777e+01
      vertex   8.083634e+01 -5.900000e+00 2.324698e+01
    endloop
  endfacet
  facet normal -7.071068e-01 0.000000e+00 7.071068e-01
    outer loop
      vertex   8.083634e+01 -1.600000e+00 2.324698e+01
      vertex   8.083634e+01 -5.900000e+00 2.324698e+01
      vertex   8.115302e+01 -1.600000e+00 2.356366e+01
    endloop
  endfacet
  facet normal -7.071068e-01 0.000000e+00 7.071068e-01
    outer loop
      vertex   8.115302e+01 -1.600000e+00 2.356366e+01
      vertex   8.083634e+01 -5.900000e+00 2.324698e+01
      vertex   8.115302e+01 -5.900000e+00 2.356366e+01
    endloop
  endfacet
  facet normal -5.320321e-01 0.000000e+00 8.467242e-01
    outer loop
      vertex   8.115302e+01 -1.600000e+00 2.356366e+01
      vertex   8.115302e+01 -5.900000e+00 2.356366e+01
      vertex   8.153223e+01 -1.600000e+00 2.380194e+01
    endloop
  endfacet
  facet normal -5.320321e-01 0.000000e+00 8.467242e-01
    outer loop
      vertex   8.153223e+01 -1.600000e+00 2.380194e+01
      vertex   8.115302e+01 -5.900000e+00 2.356366e+01
      vertex   8.153223e+01 -5.900000e+00 2.380194e+01
    endloop
  endfacet
  facet normal -3.302791e-01 0.000000e+00 9.438833e-01
    outer loop
      vertex   8.153223e+01 -1.600000e+00 2.380194e+01
      vertex   8.153223e+01 -5.900000e+00 2.380194e+01
      vertex   8.195496e+01 -1.600000e+00 2.394986e+01
    endloop
  endfacet
  facet normal -3.302791e-01 0.000000e+00 9.438833e-01
    outer loop
      vertex   8.195496e+01 -1.600000e+00 2.394986e+01
      vertex   8.153223e+01 -5.900000e+00 2.380194e+01
      vertex   8.195496e+01 -5.900000e+00 2.394986e+01
    endloop
  endfacet
  facet normal -1.119645e-01 0.000000e+00 9.937122e-01
    outer loop
      vertex   8.195496e+01 -1.600000e+00 2.394986e+01
      vertex   8.195496e+01 -5.900000e+00 2.394986e+01
      vertex   8.240000e+01 -1.600000e+00 2.400000e+01
    endloop
  endfacet
  facet normal -1.119645e-01 0.000000e+00 9.937122e-01
    outer loop
      vertex   8.240000e+01 -1.600000e+00 2.400000e+01
      vertex   8.195496e+01 -5.900000e+00 2.394986e+01
      vertex   8.240000e+01 -5.900000e+00 2.400000e+01
    endloop
  endfacet
  facet normal -1.000000e+00 -0.000000e+00 -0.000000e+00
    outer loop
      vertex   8.040000e+01 -1.600000e+00 -9.751526e+00
      vertex   8.040000e+01 -1.600000e+00 -1.300049e+01
      vertex   8.040000e+01 -3.500000e+00 -9.751526e+00
    endloop
  endfacet
  facet normal -1.000000e+00 0.000000e+00 0.000000e+00
    outer loop
      vertex   8.040000e+01 -3.500000e+00 -9.751526e+00
      vertex   8.040000e+01 -1.600000e+00 -1.300049e+01
      vertex   8.040000e+01 -3.500000e+00 -1.300049e+01
    endloop
  endfacet
  facet normal -1.000000e+00 -5.921189e-15 -0.000000e+00
    outer loop
      vertex   8.040000e+01 -3.500000e+00 -9.751526e+00
      vertex   8.040000e+01 -3.500000e+00 -1.300049e+01
      vertex   8.040000e+01 -5.900000e+00 -3.350000e+01
    endloop
  endfacet
  facet normal -1.000000e+00 1.430906e-14 -2.368476e-15
    outer loop
      vertex   8.040000e+01 -5.900000e+00 -3.350000e+01
      vertex   8.040000e+01 -3.500000e+00 -1.300049e+01
      vertex   8.040000e+01 -3.500000e+00 -1.900049e+01
    endloop
  endfacet
  facet normal -1.000000e+00 0.000000e+00 0.000000e+00
    outer loop
      vertex   8.040000e+01 -5.900000e+00 -3.350000e+01
      vertex   8.040000e+01 -3.500000e+00 -1.900049e+01
      vertex   8.040000e+01 -1.600000e+00 -3.350000e+01
    endloop
  endfacet
  facet normal -1.000000e+00 0.000000e+00 0.000000e+00
    outer loop
      vertex   8.040000e+01 -1.600000e+00 -3.350000e+01
      vertex   8.040000e+01 -3.500000e+00 -1.900049e+01
      vertex   8.040000e+01 -1.600000e+00 -1.900049e+01
    endloop
  endfacet
  facet normal -1.000000e+00 -3.387510e-15 -2.560514e-16
    outer loop
      vertex   8.040000e+01 -5.900000e+00 -3.350000e+01
      vertex   8.040000e+01 -5.900000e+00 2.200000e+01
      vertex   8.040000e+01 -3.500000e+00 -9.751526e+00
    endloop
  endfacet
  facet normal -1.000000e+00 0.000000e+00 0.000000e+00
    outer loop
      vertex   8.040000e+01 -3.500000e+00 -9.751526e+00
      vertex   8.040000e+01 -5.900000e+00 2.200000e+01
      vertex   8.040000e+01 -3.500000e+00 -1.251526e+00
    endloop
  endfacet
  facet normal -1.000000e+00 0.000000e+00 0.000000e+00
    outer loop
      vertex   8.040000e+01 -3.500000e+00 -1.251526e+00
      vertex   8.040000e+01 -5.900000e+00 2.200000e+01
      vertex   8.040000e+01 -1.600000e+00 2.200000e+01
    endloop
  endfacet
  facet normal -1.000000e+00 0.000000e+00 0.000000e+00
    outer loop
      vertex   8.040000e+01 -3.500000e+00 -1.251526e+00
      vertex   8.040000e+01 -1.600000e+00 2.200000e+01
      vertex   8.040000e+01 -1.600000e+00 -1.251526e+00
    endloop
  endfacet
  facet normal -1.119645e-01 -0.000000e+00 -9.937122e-01
    outer loop
      vertex   8.240000e+01 -1.600000e+00 -3.550000e+01
      vertex   8.240000e+01 -5.900000e+00 -3.550000e+01
      vertex   8.195496e+01 -1.600000e+00 -3.544986e+01
    endloop
  endfacet
  facet normal -1.119645e-01 -0.000000e+00 -9.937122e-01
    outer loop
      vertex   8.195496e+01 -1.600000e+00 -3.544986e+01
      vertex   8.240000e+01 -5.900000e+00 -3.550000e+01
      vertex   8.195496e+01 -5.900000e+00 -3.544986e+01
    endloop
  endfacet
  facet normal -3.302791e-01 -0.000000e+00 -9.438833e-01
    outer loop
      vertex   8.195496e+01 -1.600000e+00 -3.544986e+01
      vertex   8.195496e+01 -5.900000e+00 -3.544986e+01
      vertex   8.153223e+01 -1.600000e+00 -3.530194e+01
    endloop
  endfacet
  facet normal -3.302791e-01 -0.000000e+00 -9.438833e-01
    outer loop
      vertex   8.153223e+01 -1.600000e+00 -3.530194e+01
      vertex   8.195496e+01 -5.900000e+00 -3.544986e+01
      vertex   8.153223e+01 -5.900000e+00 -3.530194e+01
    endloop
  endfacet
  facet normal -5.320321e-01 -0.000000e+00 -8.467242e-01
    outer loop
      vertex   8.153223e+01 -1.600000e+00 -3.530194e+01
      vertex   8.153223e+01 -5.900000e+00 -3.530194e+01
      vertex   8.115302e+01 -1.600000e+00 -3.506366e+01
    endloop
  endfacet
  facet normal -5.320321e-01 -0.000000e+00 -8.467242e-01
    outer loop
      vertex   8.115302e+01 -1.600000e+00 -3.506366e+01
      vertex   8.153223e+01 -5.900000e+00 -3.530194e+01
      vertex   8.115302e+01 -5.900000e+00 -3.506366e+01
    endloop
  endfacet
  facet normal -7.071068e-01 -0.000000e+00 -7.071068e-01
    outer loop
      vertex   8.115302e+01 -1.600000e+00 -3.506366e+01
      vertex   8.115302e+01 -5.900000e+00 -3.506366e+01
      vertex   8.083634e+01 -1.600000e+00 -3.474698e+01
    endloop
  endfacet
  facet normal -7.071068e-01 -0.000000e+00 -7.071068e-01
    outer loop
      vertex   8.083634e+01 -1.600000e+00 -3.474698e+01
      vertex   8.115302e+01 -5.900000e+00 -3.506366e+01
      vertex   8.083634e+01 -5.900000e+00 -3.474698e+01
    endloop
  endfacet
  facet normal -8.467242e-01 -0.000000e+00 -5.320321e-01
    outer loop
      vertex   8.083634e+01 -1.600000e+00 -3.474698e+01
      vertex   8.083634e+01 -5.900000e+00 -3.474698e+01
      vertex   8.059806e+01 -1.600000e+00 -3.436777e+01
    endloop
  endfacet
  facet normal -8.467242e-01 -0.000000e+00 -5.320321e-01
    outer loop
      vertex   8.059806e+01 -1.600000e+00 -3.436777e+01
      vertex   8.083634e+01 -5.900000e+00 -3.474698e+01
      vertex   8.059806e+01 -5.900000e+00 -3.436777e+01
    endloop
  endfacet
  facet normal -9.438833e-01 -0.000000e+00 -3.302791e-01
    outer loop
      vertex   8.059806e+01 -1.600000e+00 -3.436777e+01
      vertex   8.059806e+01 -5.900000e+00 -3.436777e+01
      vertex   8.045014e+01 -1.600000e+00 -3.394504e+01
    endloop
  endfacet
  facet normal -9.438833e-01 -0.000000e+00 -3.302791e-01
    outer loop
      vertex   8.045014e+01 -1.600000e+00 -3.394504e+01
      vertex   8.059806e+01 -5.900000e+00 -3.436777e+01
      vertex   8.045014e+01 -5.900000e+00 -3.394504e+01
    endloop
  endfacet
  facet normal -9.937122e-01 -0.000000e+00 -1.119645e-01
    outer loop
      vertex   8.045014e+01 -1.600000e+00 -3.394504e+01
      vertex   8.045014e+01 -5.900000e+00 -3.394504e+01
      vertex   8.040000e+01 -1.600000e+00 -3.350000e+01
    endloop
  endfacet
  facet normal -9.937122e-01 -0.000000e+00 -1.119645e-01
    outer loop
      vertex   8.040000e+01 -1.600000e+00 -3.350000e+01
      vertex   8.045014e+01 -5.900000e+00 -3.394504e+01
      vertex   8.040000e+01 -5.900000e+00 -3.350000e+01
    endloop
  endfacet
endsolid
