solid ASCII
  facet normal -7.048732e-01 7.048732e-01 -7.942014e-02
    outer loop
      vertex   1.300000e+01 -3.250000e+00 -2.304657e+01
      vertex   1.350000e+01 -2.750000e+00 -2.304657e+01
      vertex   1.305014e+01 -3.250000e+00 -2.349161e+01
    endloop
  endfacet
  facet normal -6.981912e-01 7.099860e-01 -9.191861e-02
    outer loop
      vertex   1.305014e+01 -3.250000e+00 -2.349161e+01
      vertex   1.350000e+01 -2.750000e+00 -2.304657e+01
      vertex   1.355111e+01 -2.750000e+00 -2.343480e+01
    endloop
  endfacet
  facet normal -6.730434e-01 7.011052e-01 -2.355081e-01
    outer loop
      vertex   1.305014e+01 -3.250000e+00 -2.349161e+01
      vertex   1.355111e+01 -2.750000e+00 -2.343480e+01
      vertex   1.319806e+01 -3.250000e+00 -2.391434e+01
    endloop
  endfacet
  facet normal -6.469845e-01 7.138575e-01 -2.679898e-01
    outer loop
      vertex   1.319806e+01 -3.250000e+00 -2.391434e+01
      vertex   1.355111e+01 -2.750000e+00 -2.343480e+01
      vertex   1.370096e+01 -2.750000e+00 -2.379657e+01
    endloop
  endfacet
  facet normal -6.056650e-01 6.988137e-01 -3.805645e-01
    outer loop
      vertex   1.319806e+01 -3.250000e+00 -2.391434e+01
      vertex   1.370096e+01 -2.750000e+00 -2.379657e+01
      vertex   1.343634e+01 -3.250000e+00 -2.429355e+01
    endloop
  endfacet
  facet normal -5.540270e-01 7.157704e-01 -4.251198e-01
    outer loop
      vertex   1.343634e+01 -3.250000e+00 -2.429355e+01
      vertex   1.370096e+01 -2.750000e+00 -2.379657e+01
      vertex   1.393934e+01 -2.750000e+00 -2.410723e+01
    endloop
  endfacet
  facet normal -5.063268e-01 6.980446e-01 -5.063268e-01
    outer loop
      vertex   1.343634e+01 -3.250000e+00 -2.429355e+01
      vertex   1.393934e+01 -2.750000e+00 -2.410723e+01
      vertex   1.375302e+01 -3.250000e+00 -2.461023e+01
    endloop
  endfacet
  facet normal -4.251198e-01 7.157704e-01 -5.540270e-01
    outer loop
      vertex   1.375302e+01 -3.250000e+00 -2.461023e+01
      vertex   1.393934e+01 -2.750000e+00 -2.410723e+01
      vertex   1.425000e+01 -2.750000e+00 -2.434561e+01
    endloop
  endfacet
  facet normal -3.805645e-01 6.988137e-01 -6.056650e-01
    outer loop
      vertex   1.375302e+01 -3.250000e+00 -2.461023e+01
      vertex   1.425000e+01 -2.750000e+00 -2.434561e+01
      vertex   1.413223e+01 -3.250000e+00 -2.484851e+01
    endloop
  endfacet
  facet normal -2.679898e-01 7.138575e-01 -6.469845e-01
    outer loop
      vertex   1.413223e+01 -3.250000e+00 -2.484851e+01
      vertex   1.425000e+01 -2.750000e+00 -2.434561e+01
      vertex   1.461177e+01 -2.750000e+00 -2.449546e+01
    endloop
  endfacet
  facet normal -2.355081e-01 7.011052e-01 -6.730434e-01
    outer loop
      vertex   1.413223e+01 -3.250000e+00 -2.484851e+01
      vertex   1.461177e+01 -2.750000e+00 -2.449546e+01
      vertex   1.455496e+01 -3.250000e+00 -2.499643e+01
    endloop
  endfacet
  facet normal -9.191861e-02 7.099860e-01 -6.981912e-01
    outer loop
      vertex   1.455496e+01 -3.250000e+00 -2.499643e+01
      vertex   1.461177e+01 -2.750000e+00 -2.449546e+01
      vertex   1.500000e+01 -2.750000e+00 -2.454657e+01
    endloop
  endfacet
  facet normal -7.942014e-02 7.048732e-01 -7.048732e-01
    outer loop
      vertex   1.455496e+01 -3.250000e+00 -2.499643e+01
      vertex   1.500000e+01 -2.750000e+00 -2.454657e+01
      vertex   1.500000e+01 -3.250000e+00 -2.504657e+01
    endloop
  endfacet
  facet normal -7.071068e-01 7.071068e-01 -6.280370e-16
    outer loop
      vertex   1.300000e+01 -3.250000e+00 -2.304657e+01
      vertex   1.300000e+01 -3.250000e+00 -2.104657e+01
      vertex   1.350000e+01 -2.750000e+00 -2.304657e+01
    endloop
  endfacet
  facet normal -7.071068e-01 7.071068e-01 0.000000e+00
    outer loop
      vertex   1.350000e+01 -2.750000e+00 -2.304657e+01
      vertex   1.300000e+01 -3.250000e+00 -2.104657e+01
      vertex   1.350000e+01 -2.750000e+00 -2.104657e+01
    endloop
  endfacet
  facet normal -7.942014e-02 7.048732e-01 7.048732e-01
    outer loop
      vertex   1.500000e+01 -3.250000e+00 -1.904657e+01
      vertex   1.500000e+01 -2.750000e+00 -1.954657e+01
      vertex   1.455496e+01 -3.250000e+00 -1.909672e+01
    endloop
  endfacet
  facet normal -9.191861e-02 7.099860e-01 6.981912e-01
    outer loop
      vertex   1.455496e+01 -3.250000e+00 -1.909672e+01
      vertex   1.500000e+01 -2.750000e+00 -1.954657e+01
      vertex   1.461177e+01 -2.750000e+00 -1.959768e+01
    endloop
  endfacet
  facet normal -2.355081e-01 7.011052e-01 6.730434e-01
    outer loop
      vertex   1.455496e+01 -3.250000e+00 -1.909672e+01
      vertex   1.461177e+01 -2.750000e+00 -1.959768e+01
      vertex   1.413223e+01 -3.250000e+00 -1.924463e+01
    endloop
  endfacet
  facet normal -2.679898e-01 7.138575e-01 6.469845e-01
    outer loop
      vertex   1.413223e+01 -3.250000e+00 -1.924463e+01
      vertex   1.461177e+01 -2.750000e+00 -1.959768e+01
      vertex   1.425000e+01 -2.750000e+00 -1.974753e+01
    endloop
  endfacet
  facet normal -3.805645e-01 6.988137e-01 6.056650e-01
    outer loop
      vertex   1.413223e+01 -3.250000e+00 -1.924463e+01
      vertex   1.425000e+01 -2.750000e+00 -1.974753e+01
      vertex   1.375302e+01 -3.250000e+00 -1.948291e+01
    endloop
  endfacet
  facet normal -4.251198e-01 7.157704e-01 5.540270e-01
    outer loop
      vertex   1.375302e+01 -3.250000e+00 -1.948291e+01
      vertex   1.425000e+01 -2.750000e+00 -1.974753e+01
      vertex   1.393934e+01 -2.750000e+00 -1.998591e+01
    endloop
  endfacet
  facet normal -5.063268e-01 6.980446e-01 5.063268e-01
    outer loop
      vertex   1.375302e+01 -3.250000e+00 -1.948291e+01
      vertex   1.393934e+01 -2.750000e+00 -1.998591e+01
      vertex   1.343634e+01 -3.250000e+00 -1.979959e+01
    endloop
  endfacet
  facet normal -5.540270e-01 7.157704e-01 4.251198e-01
    outer loop
      vertex   1.343634e+01 -3.250000e+00 -1.979959e+01
      vertex   1.393934e+01 -2.750000e+00 -1.998591e+01
      vertex   1.370096e+01 -2.750000e+00 -2.029657e+01
    endloop
  endfacet
  facet normal -6.056650e-01 6.988137e-01 3.805645e-01
    outer loop
      vertex   1.343634e+01 -3.250000e+00 -1.979959e+01
      vertex   1.370096e+01 -2.750000e+00 -2.029657e+01
      vertex   1.319806e+01 -3.250000e+00 -2.017880e+01
    endloop
  endfacet
  facet normal -6.469845e-01 7.138575e-01 2.679898e-01
    outer loop
      vertex   1.319806e+01 -3.250000e+00 -2.017880e+01
      vertex   1.370096e+01 -2.750000e+00 -2.029657e+01
      vertex   1.355111e+01 -2.750000e+00 -2.065834e+01
    endloop
  endfacet
  facet normal -6.730434e-01 7.011052e-01 2.355081e-01
    outer loop
      vertex   1.319806e+01 -3.250000e+00 -2.017880e+01
      vertex   1.355111e+01 -2.750000e+00 -2.065834e+01
      vertex   1.305014e+01 -3.250000e+00 -2.060153e+01
    endloop
  endfacet
  facet normal -6.981912e-01 7.099860e-01 9.191861e-02
    outer loop
      vertex   1.305014e+01 -3.250000e+00 -2.060153e+01
      vertex   1.355111e+01 -2.750000e+00 -2.065834e+01
      vertex   1.350000e+01 -2.750000e+00 -2.104657e+01
    endloop
  endfacet
  facet normal -7.048732e-01 7.048732e-01 7.942014e-02
    outer loop
      vertex   1.305014e+01 -3.250000e+00 -2.060153e+01
      vertex   1.350000e+01 -2.750000e+00 -2.104657e+01
      vertex   1.300000e+01 -3.250000e+00 -2.104657e+01
    endloop
  endfacet
  facet normal -0.000000e+00 7.071068e-01 7.071068e-01
    outer loop
      vertex   1.500000e+01 -3.250000e+00 -1.904657e+01
      vertex   1.700000e+01 -3.250000e+00 -1.904657e+01
      vertex   1.500000e+01 -2.750000e+00 -1.954657e+01
    endloop
  endfacet
  facet normal -0.000000e+00 7.071068e-01 7.071068e-01
    outer loop
      vertex   1.500000e+01 -2.750000e+00 -1.954657e+01
      vertex   1.700000e+01 -3.250000e+00 -1.904657e+01
      vertex   1.700000e+01 -2.750000e+00 -1.954657e+01
    endloop
  endfacet
  facet normal 7.048732e-01 7.048732e-01 7.942014e-02
    outer loop
      vertex   1.900000e+01 -3.250000e+00 -2.104657e+01
      vertex   1.850000e+01 -2.750000e+00 -2.104657e+01
      vertex   1.894986e+01 -3.250000e+00 -2.060153e+01
    endloop
  endfacet
  facet normal 6.981912e-01 7.099860e-01 9.191861e-02
    outer loop
      vertex   1.894986e+01 -3.250000e+00 -2.060153e+01
      vertex   1.850000e+01 -2.750000e+00 -2.104657e+01
      vertex   1.844889e+01 -2.750000e+00 -2.065834e+01
    endloop
  endfacet
  facet normal 6.730434e-01 7.011052e-01 2.355081e-01
    outer loop
      vertex   1.894986e+01 -3.250000e+00 -2.060153e+01
      vertex   1.844889e+01 -2.750000e+00 -2.065834e+01
      vertex   1.880194e+01 -3.250000e+00 -2.017880e+01
    endloop
  endfacet
  facet normal 6.469845e-01 7.138575e-01 2.679898e-01
    outer loop
      vertex   1.880194e+01 -3.250000e+00 -2.017880e+01
      vertex   1.844889e+01 -2.750000e+00 -2.065834e+01
      vertex   1.829904e+01 -2.750000e+00 -2.029657e+01
    endloop
  endfacet
  facet normal 6.056650e-01 6.988137e-01 3.805645e-01
    outer loop
      vertex   1.880194e+01 -3.250000e+00 -2.017880e+01
      vertex   1.829904e+01 -2.750000e+00 -2.029657e+01
      vertex   1.856366e+01 -3.250000e+00 -1.979959e+01
    endloop
  endfacet
  facet normal 5.540270e-01 7.157704e-01 4.251198e-01
    outer loop
      vertex   1.856366e+01 -3.250000e+00 -1.979959e+01
      vertex   1.829904e+01 -2.750000e+00 -2.029657e+01
      vertex   1.806066e+01 -2.750000e+00 -1.998591e+01
    endloop
  endfacet
  facet normal 5.063268e-01 6.980446e-01 5.063268e-01
    outer loop
      vertex   1.856366e+01 -3.250000e+00 -1.979959e+01
      vertex   1.806066e+01 -2.750000e+00 -1.998591e+01
      vertex   1.824698e+01 -3.250000e+00 -1.948291e+01
    endloop
  endfacet
  facet normal 4.251198e-01 7.157704e-01 5.540270e-01
    outer loop
      vertex   1.824698e+01 -3.250000e+00 -1.948291e+01
      vertex   1.806066e+01 -2.750000e+00 -1.998591e+01
      vertex   1.775000e+01 -2.750000e+00 -1.974753e+01
    endloop
  endfacet
  facet normal 3.805645e-01 6.988137e-01 6.056650e-01
    outer loop
      vertex   1.824698e+01 -3.250000e+00 -1.948291e+01
      vertex   1.775000e+01 -2.750000e+00 -1.974753e+01
      vertex   1.786777e+01 -3.250000e+00 -1.924463e+01
    endloop
  endfacet
  facet normal 2.679898e-01 7.138575e-01 6.469845e-01
    outer loop
      vertex   1.786777e+01 -3.250000e+00 -1.924463e+01
      vertex   1.775000e+01 -2.750000e+00 -1.974753e+01
      vertex   1.738823e+01 -2.750000e+00 -1.959768e+01
    endloop
  endfacet
  facet normal 2.355081e-01 7.011052e-01 6.730434e-01
    outer loop
      vertex   1.786777e+01 -3.250000e+00 -1.924463e+01
      vertex   1.738823e+01 -2.750000e+00 -1.959768e+01
      vertex   1.744504e+01 -3.250000e+00 -1.909672e+01
    endloop
  endfacet
  facet normal 9.191861e-02 7.099860e-01 6.981912e-01
    outer loop
      vertex   1.744504e+01 -3.250000e+00 -1.909672e+01
      vertex   1.738823e+01 -2.750000e+00 -1.959768e+01
      vertex   1.700000e+01 -2.750000e+00 -1.954657e+01
    endloop
  endfacet
  facet normal 7.942014e-02 7.048732e-01 7.048732e-01
    outer loop
      vertex   1.744504e+01 -3.250000e+00 -1.909672e+01
      vertex   1.700000e+01 -2.750000e+00 -1.954657e+01
      vertex   1.700000e+01 -3.250000e+00 -1.904657e+01
    endloop
  endfacet
  facet normal 7.071068e-01 7.071068e-01 0.000000e+00
    outer loop
      vertex   1.900000e+01 -3.250000e+00 -2.104657e+01
      vertex   1.900000e+01 -3.250000e+00 -2.304657e+01
      vertex   1.850000e+01 -2.750000e+00 -2.104657e+01
    endloop
  endfacet
  facet normal 7.071068e-01 7.071068e-01 0.000000e+00
    outer loop
      vertex   1.850000e+01 -2.750000e+00 -2.104657e+01
      vertex   1.900000e+01 -3.250000e+00 -2.304657e+01
      vertex   1.850000e+01 -2.750000e+00 -2.304657e+01
    endloop
  endfacet
  facet normal 7.942014e-02 7.048732e-01 -7.048732e-01
    outer loop
      vertex   1.700000e+01 -3.250000e+00 -2.504657e+01
      vertex   1.700000e+01 -2.750000e+00 -2.454657e+01
      vertex   1.744504e+01 -3.250000e+00 -2.499643e+01
    endloop
  endfacet
  facet normal 9.191861e-02 7.099860e-01 -6.981912e-01
    outer loop
      vertex   1.744504e+01 -3.250000e+00 -2.499643e+01
      vertex   1.700000e+01 -2.750000e+00 -2.454657e+01
      vertex   1.738823e+01 -2.750000e+00 -2.449546e+01
    endloop
  endfacet
  facet normal 2.355081e-01 7.011052e-01 -6.730434e-01
    outer loop
      vertex   1.744504e+01 -3.250000e+00 -2.499643e+01
      vertex   1.738823e+01 -2.750000e+00 -2.449546e+01
      vertex   1.786777e+01 -3.250000e+00 -2.484851e+01
    endloop
  endfacet
  facet normal 2.679898e-01 7.138575e-01 -6.469845e-01
    outer loop
      vertex   1.786777e+01 -3.250000e+00 -2.484851e+01
      vertex   1.738823e+01 -2.750000e+00 -2.449546e+01
      vertex   1.775000e+01 -2.750000e+00 -2.434561e+01
    endloop
  endfacet
  facet normal 3.805645e-01 6.988137e-01 -6.056650e-01
    outer loop
      vertex   1.786777e+01 -3.250000e+00 -2.484851e+01
      vertex   1.775000e+01 -2.750000e+00 -2.434561e+01
      vertex   1.824698e+01 -3.250000e+00 -2.461023e+01
    endloop
  endfacet
  facet normal 4.251198e-01 7.157704e-01 -5.540270e-01
    outer loop
      vertex   1.824698e+01 -3.250000e+00 -2.461023e+01
      vertex   1.775000e+01 -2.750000e+00 -2.434561e+01
      vertex   1.806066e+01 -2.750000e+00 -2.410723e+01
    endloop
  endfacet
  facet normal 5.063268e-01 6.980446e-01 -5.063268e-01
    outer loop
      vertex   1.824698e+01 -3.250000e+00 -2.461023e+01
      vertex   1.806066e+01 -2.750000e+00 -2.410723e+01
      vertex   1.856366e+01 -3.250000e+00 -2.429355e+01
    endloop
  endfacet
  facet normal 5.540270e-01 7.157704e-01 -4.251198e-01
    outer loop
      vertex   1.856366e+01 -3.250000e+00 -2.429355e+01
      vertex   1.806066e+01 -2.750000e+00 -2.410723e+01
      vertex   1.829904e+01 -2.750000e+00 -2.379657e+01
    endloop
  endfacet
  facet normal 6.056650e-01 6.988137e-01 -3.805645e-01
    outer loop
      vertex   1.856366e+01 -3.250000e+00 -2.429355e+01
      vertex   1.829904e+01 -2.750000e+00 -2.379657e+01
      vertex   1.880194e+01 -3.250000e+00 -2.391434e+01
    endloop
  endfacet
  facet normal 6.469845e-01 7.138575e-01 -2.679898e-01
    outer loop
      vertex   1.880194e+01 -3.250000e+00 -2.391434e+01
      vertex   1.829904e+01 -2.750000e+00 -2.379657e+01
      vertex   1.844889e+01 -2.750000e+00 -2.343480e+01
    endloop
  endfacet
  facet normal 6.730434e-01 7.011052e-01 -2.355081e-01
    outer loop
      vertex   1.880194e+01 -3.250000e+00 -2.391434e+01
      vertex   1.844889e+01 -2.750000e+00 -2.343480e+01
      vertex   1.894986e+01 -3.250000e+00 -2.349161e+01
    endloop
  endfacet
  facet normal 6.981912e-01 7.099860e-01 -9.191861e-02
    outer loop
      vertex   1.894986e+01 -3.250000e+00 -2.349161e+01
      vertex   1.844889e+01 -2.750000e+00 -2.343480e+01
      vertex   1.850000e+01 -2.750000e+00 -2.304657e+01
    endloop
  endfacet
  facet normal 7.048732e-01 7.048732e-01 -7.942014e-02
    outer loop
      vertex   1.894986e+01 -3.250000e+00 -2.349161e+01
      vertex   1.850000e+01 -2.750000e+00 -2.304657e+01
      vertex   1.900000e+01 -3.250000e+00 -2.304657e+01
    endloop
  endfacet
  facet normal -1.256074e-15 7.071068e-01 -7.071068e-01
    outer loop
      vertex   1.700000e+01 -3.250000e+00 -2.504657e+01
      vertex   1.500000e+01 -3.250000e+00 -2.504657e+01
      vertex   1.700000e+01 -2.750000e+00 -2.454657e+01
    endloop
  endfacet
  facet normal -1.256074e-15 7.071068e-01 -7.071068e-01
    outer loop
      vertex   1.700000e+01 -2.750000e+00 -2.454657e+01
      vertex   1.500000e+01 -3.250000e+00 -2.504657e+01
      vertex   1.500000e+01 -2.750000e+00 -2.454657e+01
    endloop
  endfacet
  facet normal 0.000000e+00 0.000000e+00 1.000000e+00
    outer loop
      vertex   1.700000e+01 -3.250000e+00 -1.904657e+01
      vertex   1.500000e+01 -3.250000e+00 -1.904657e+01
      vertex   1.700000e+01 -4.100000e+00 -1.904657e+01
    endloop
  endfacet
  facet normal 0.000000e+00 0.000000e+00 1.000000e+00
    outer loop
      vertex   1.700000e+01 -4.100000e+00 -1.904657e+01
      vertex   1.500000e+01 -3.250000e+00 -1.904657e+01
      vertex   1.500000e+01 -4.100000e+00 -1.904657e+01
    endloop
  endfacet
  facet normal -1.119645e-01 0.000000e+00 9.937122e-01
    outer loop
      vertex   1.500000e+01 -4.100000e+00 -1.904657e+01
      vertex   1.500000e+01 -3.250000e+00 -1.904657e+01
      vertex   1.455496e+01 -4.100000e+00 -1.909672e+01
    endloop
  endfacet
  facet normal -1.119645e-01 0.000000e+00 9.937122e-01
    outer loop
      vertex   1.455496e+01 -4.100000e+00 -1.909672e+01
      vertex   1.500000e+01 -3.250000e+00 -1.904657e+01
      vertex   1.455496e+01 -3.250000e+00 -1.909672e+01
    endloop
  endfacet
  facet normal -3.302791e-01 0.000000e+00 9.438833e-01
    outer loop
      vertex   1.455496e+01 -4.100000e+00 -1.909672e+01
      vertex   1.455496e+01 -3.250000e+00 -1.909672e+01
      vertex   1.413223e+01 -4.100000e+00 -1.924463e+01
    endloop
  endfacet
  facet normal -3.302791e-01 0.000000e+00 9.438833e-01
    outer loop
      vertex   1.413223e+01 -4.100000e+00 -1.924463e+01
      vertex   1.455496e+01 -3.250000e+00 -1.909672e+01
      vertex   1.413223e+01 -3.250000e+00 -1.924463e+01
    endloop
  endfacet
  facet normal -5.320321e-01 0.000000e+00 8.467242e-01
    outer loop
      vertex   1.413223e+01 -4.100000e+00 -1.924463e+01
      vertex   1.413223e+01 -3.250000e+00 -1.924463e+01
      vertex   1.375302e+01 -4.100000e+00 -1.948291e+01
    endloop
  endfacet
  facet normal -5.320321e-01 0.000000e+00 8.467242e-01
    outer loop
      vertex   1.375302e+01 -4.100000e+00 -1.948291e+01
      vertex   1.413223e+01 -3.250000e+00 -1.924463e+01
      vertex   1.375302e+01 -3.250000e+00 -1.948291e+01
    endloop
  endfacet
  facet normal -7.071068e-01 0.000000e+00 7.071068e-01
    outer loop
      vertex   1.375302e+01 -4.100000e+00 -1.948291e+01
      vertex   1.375302e+01 -3.250000e+00 -1.948291e+01
      vertex   1.343634e+01 -4.100000e+00 -1.979959e+01
    endloop
  endfacet
  facet normal -7.071068e-01 0.000000e+00 7.071068e-01
    outer loop
      vertex   1.343634e+01 -4.100000e+00 -1.979959e+01
      vertex   1.375302e+01 -3.250000e+00 -1.948291e+01
      vertex   1.343634e+01 -3.250000e+00 -1.979959e+01
    endloop
  endfacet
  facet normal -8.467242e-01 0.000000e+00 5.320321e-01
    outer loop
      vertex   1.343634e+01 -4.100000e+00 -1.979959e+01
      vertex   1.343634e+01 -3.250000e+00 -1.979959e+01
      vertex   1.319806e+01 -4.100000e+00 -2.017880e+01
    endloop
  endfacet
  facet normal -8.467242e-01 0.000000e+00 5.320321e-01
    outer loop
      vertex   1.319806e+01 -4.100000e+00 -2.017880e+01
      vertex   1.343634e+01 -3.250000e+00 -1.979959e+01
      vertex   1.319806e+01 -3.250000e+00 -2.017880e+01
    endloop
  endfacet
  facet normal -9.438833e-01 0.000000e+00 3.302791e-01
    outer loop
      vertex   1.319806e+01 -4.100000e+00 -2.017880e+01
      vertex   1.319806e+01 -3.250000e+00 -2.017880e+01
      vertex   1.305014e+01 -4.100000e+00 -2.060153e+01
    endloop
  endfacet
  facet normal -9.438833e-01 0.000000e+00 3.302791e-01
    outer loop
      vertex   1.305014e+01 -4.100000e+00 -2.060153e+01
      vertex   1.319806e+01 -3.250000e+00 -2.017880e+01
      vertex   1.305014e+01 -3.250000e+00 -2.060153e+01
    endloop
  endfacet
  facet normal -9.937122e-01 0.000000e+00 1.119645e-01
    outer loop
      vertex   1.305014e+01 -4.100000e+00 -2.060153e+01
      vertex   1.305014e+01 -3.250000e+00 -2.060153e+01
      vertex   1.300000e+01 -4.100000e+00 -2.104657e+01
    endloop
  endfacet
  facet normal -9.937122e-01 0.000000e+00 1.119645e-01
    outer loop
      vertex   1.300000e+01 -4.100000e+00 -2.104657e+01
      vertex   1.305014e+01 -3.250000e+00 -2.060153e+01
      vertex   1.300000e+01 -3.250000e+00 -2.104657e+01
    endloop
  endfacet
  facet normal -1.000000e+00 -0.000000e+00 -8.881784e-16
    outer loop
      vertex   1.300000e+01 -3.250000e+00 -2.104657e+01
      vertex   1.300000e+01 -3.250000e+00 -2.304657e+01
      vertex   1.300000e+01 -4.100000e+00 -2.104657e+01
    endloop
  endfacet
  facet normal -1.000000e+00 0.000000e+00 -8.881784e-16
    outer loop
      vertex   1.300000e+01 -4.100000e+00 -2.104657e+01
      vertex   1.300000e+01 -3.250000e+00 -2.304657e+01
      vertex   1.300000e+01 -4.100000e+00 -2.304657e+01
    endloop
  endfacet
  facet normal -9.937122e-01 0.000000e+00 -1.119645e-01
    outer loop
      vertex   1.300000e+01 -4.100000e+00 -2.304657e+01
      vertex   1.300000e+01 -3.250000e+00 -2.304657e+01
      vertex   1.305014e+01 -4.100000e+00 -2.349161e+01
    endloop
  endfacet
  facet normal -9.937122e-01 2.076691e-15 -1.119645e-01
    outer loop
      vertex   1.305014e+01 -4.100000e+00 -2.349161e+01
      vertex   1.300000e+01 -3.250000e+00 -2.304657e+01
      vertex   1.305014e+01 -3.250000e+00 -2.349161e+01
    endloop
  endfacet
  facet normal -9.438833e-01 1.972557e-15 -3.302791e-01
    outer loop
      vertex   1.305014e+01 -4.100000e+00 -2.349161e+01
      vertex   1.305014e+01 -3.250000e+00 -2.349161e+01
      vertex   1.319806e+01 -4.100000e+00 -2.391434e+01
    endloop
  endfacet
  facet normal -9.438833e-01 0.000000e+00 -3.302791e-01
    outer loop
      vertex   1.319806e+01 -4.100000e+00 -2.391434e+01
      vertex   1.305014e+01 -3.250000e+00 -2.349161e+01
      vertex   1.319806e+01 -3.250000e+00 -2.391434e+01
    endloop
  endfacet
  facet normal -8.467242e-01 0.000000e+00 -5.320321e-01
    outer loop
      vertex   1.319806e+01 -4.100000e+00 -2.391434e+01
      vertex   1.319806e+01 -3.250000e+00 -2.391434e+01
      vertex   1.343634e+01 -4.100000e+00 -2.429355e+01
    endloop
  endfacet
  facet normal -8.467242e-01 0.000000e+00 -5.320321e-01
    outer loop
      vertex   1.343634e+01 -4.100000e+00 -2.429355e+01
      vertex   1.319806e+01 -3.250000e+00 -2.391434e+01
      vertex   1.343634e+01 -3.250000e+00 -2.429355e+01
    endloop
  endfacet
  facet normal -7.071068e-01 0.000000e+00 -7.071068e-01
    outer loop
      vertex   1.343634e+01 -4.100000e+00 -2.429355e+01
      vertex   1.343634e+01 -3.250000e+00 -2.429355e+01
      vertex   1.375302e+01 -4.100000e+00 -2.461023e+01
    endloop
  endfacet
  facet normal -7.071068e-01 0.000000e+00 -7.071068e-01
    outer loop
      vertex   1.375302e+01 -4.100000e+00 -2.461023e+01
      vertex   1.343634e+01 -3.250000e+00 -2.429355e+01
      vertex   1.375302e+01 -3.250000e+00 -2.461023e+01
    endloop
  endfacet
  facet normal -5.320321e-01 0.000000e+00 -8.467242e-01
    outer loop
      vertex   1.375302e+01 -4.100000e+00 -2.461023e+01
      vertex   1.375302e+01 -3.250000e+00 -2.461023e+01
      vertex   1.413223e+01 -4.100000e+00 -2.484851e+01
    endloop
  endfacet
  facet normal -5.320321e-01 0.000000e+00 -8.467242e-01
    outer loop
      vertex   1.413223e+01 -4.100000e+00 -2.484851e+01
      vertex   1.375302e+01 -3.250000e+00 -2.461023e+01
      vertex   1.413223e+01 -3.250000e+00 -2.484851e+01
    endloop
  endfacet
  facet normal -3.302791e-01 0.000000e+00 -9.438833e-01
    outer loop
      vertex   1.413223e+01 -4.100000e+00 -2.484851e+01
      vertex   1.413223e+01 -3.250000e+00 -2.484851e+01
      vertex   1.455496e+01 -4.100000e+00 -2.499643e+01
    endloop
  endfacet
  facet normal -3.302791e-01 0.000000e+00 -9.438833e-01
    outer loop
      vertex   1.455496e+01 -4.100000e+00 -2.499643e+01
      vertex   1.413223e+01 -3.250000e+00 -2.484851e+01
      vertex   1.455496e+01 -3.250000e+00 -2.499643e+01
    endloop
  endfacet
  facet normal -1.119645e-01 0.000000e+00 -9.937122e-01
    outer loop
      vertex   1.455496e+01 -4.100000e+00 -2.499643e+01
      vertex   1.455496e+01 -3.250000e+00 -2.499643e+01
      vertex   1.500000e+01 -4.100000e+00 -2.504657e+01
    endloop
  endfacet
  facet normal -1.119645e-01 0.000000e+00 -9.937122e-01
    outer loop
      vertex   1.500000e+01 -4.100000e+00 -2.504657e+01
      vertex   1.455496e+01 -3.250000e+00 -2.499643e+01
      vertex   1.500000e+01 -3.250000e+00 -2.504657e+01
    endloop
  endfacet
  facet normal -0.000000e+00 1.000000e+00 -0.000000e+00
    outer loop
      vertex   1.461177e+01 -2.750000e+00 -2.449546e+01
      vertex   1.425000e+01 -2.750000e+00 -2.434561e+01
      vertex   1.500000e+01 -2.750000e+00 -2.454657e+01
    endloop
  endfacet
  facet normal 0.000000e+00 1.000000e+00 0.000000e+00
    outer loop
      vertex   1.500000e+01 -2.750000e+00 -2.454657e+01
      vertex   1.425000e+01 -2.750000e+00 -2.434561e+01
      vertex   1.393934e+01 -2.750000e+00 -2.410723e+01
    endloop
  endfacet
  facet normal 0.000000e+00 1.000000e+00 0.000000e+00
    outer loop
      vertex   1.500000e+01 -2.750000e+00 -2.454657e+01
      vertex   1.393934e+01 -2.750000e+00 -2.410723e+01
      vertex   1.370096e+01 -2.750000e+00 -2.379657e+01
    endloop
  endfacet
  facet normal -0.000000e+00 1.000000e+00 -0.000000e+00
    outer loop
      vertex   1.370096e+01 -2.750000e+00 -2.379657e+01
      vertex   1.355111e+01 -2.750000e+00 -2.343480e+01
      vertex   1.500000e+01 -2.750000e+00 -2.454657e+01
    endloop
  endfacet
  facet normal 0.000000e+00 1.000000e+00 0.000000e+00
    outer loop
      vertex   1.500000e+01 -2.750000e+00 -2.454657e+01
      vertex   1.355111e+01 -2.750000e+00 -2.343480e+01
      vertex   1.350000e+01 -2.750000e+00 -2.304657e+01
    endloop
  endfacet
  facet normal 0.000000e+00 1.000000e+00 -0.000000e+00
    outer loop
      vertex   1.500000e+01 -2.750000e+00 -2.454657e+01
      vertex   1.350000e+01 -2.750000e+00 -2.304657e+01
      vertex   1.850000e+01 -2.750000e+00 -2.304657e+01
    endloop
  endfacet
  facet normal 0.000000e+00 1.000000e+00 -0.000000e+00
    outer loop
      vertex   1.850000e+01 -2.750000e+00 -2.304657e+01
      vertex   1.350000e+01 -2.750000e+00 -2.304657e+01
      vertex   1.850000e+01 -2.750000e+00 -2.104657e+01
    endloop
  endfacet
  facet normal 0.000000e+00 1.000000e+00 0.000000e+00
    outer loop
      vertex   1.850000e+01 -2.750000e+00 -2.104657e+01
      vertex   1.350000e+01 -2.750000e+00 -2.304657e+01
      vertex   1.350000e+01 -2.750000e+00 -2.104657e+01
    endloop
  endfacet
  facet normal 0.000000e+00 1.000000e+00 0.000000e+00
    outer loop
      vertex   1.850000e+01 -2.750000e+00 -2.104657e+01
      vertex   1.350000e+01 -2.750000e+00 -2.104657e+01
      vertex   1.700000e+01 -2.750000e+00 -1.954657e+01
    endloop
  endfacet
  facet normal 0.000000e+00 1.000000e+00 0.000000e+00
    outer loop
      vertex   1.700000e+01 -2.750000e+00 -1.954657e+01
      vertex   1.350000e+01 -2.750000e+00 -2.104657e+01
      vertex   1.500000e+01 -2.750000e+00 -1.954657e+01
    endloop
  endfacet
  facet normal 0.000000e+00 1.000000e+00 0.000000e+00
    outer loop
      vertex   1.500000e+01 -2.750000e+00 -1.954657e+01
      vertex   1.350000e+01 -2.750000e+00 -2.104657e+01
      vertex   1.461177e+01 -2.750000e+00 -1.959768e+01
    endloop
  endfacet
  facet normal 0.000000e+00 1.000000e+00 0.000000e+00
    outer loop
      vertex   1.461177e+01 -2.750000e+00 -1.959768e+01
      vertex   1.350000e+01 -2.750000e+00 -2.104657e+01
      vertex   1.425000e+01 -2.750000e+00 -1.974753e+01
    endloop
  endfacet
  facet normal 0.000000e+00 1.000000e+00 0.000000e+00
    outer loop
      vertex   1.425000e+01 -2.750000e+00 -1.974753e+01
      vertex   1.350000e+01 -2.750000e+00 -2.104657e+01
      vertex   1.393934e+01 -2.750000e+00 -1.998591e+01
    endloop
  endfacet
  facet normal 0.000000e+00 1.000000e+00 0.000000e+00
    outer loop
      vertex   1.393934e+01 -2.750000e+00 -1.998591e+01
      vertex   1.350000e+01 -2.750000e+00 -2.104657e+01
      vertex   1.370096e+01 -2.750000e+00 -2.029657e+01
    endloop
  endfacet
  facet normal 0.000000e+00 1.000000e+00 0.000000e+00
    outer loop
      vertex   1.370096e+01 -2.750000e+00 -2.029657e+01
      vertex   1.350000e+01 -2.750000e+00 -2.104657e+01
      vertex   1.355111e+01 -2.750000e+00 -2.065834e+01
    endloop
  endfacet
  facet normal 0.000000e+00 1.000000e+00 0.000000e+00
    outer loop
      vertex   1.700000e+01 -2.750000e+00 -1.954657e+01
      vertex   1.738823e+01 -2.750000e+00 -1.959768e+01
      vertex   1.850000e+01 -2.750000e+00 -2.104657e+01
    endloop
  endfacet
  facet normal 0.000000e+00 1.000000e+00 0.000000e+00
    outer loop
      vertex   1.850000e+01 -2.750000e+00 -2.104657e+01
      vertex   1.738823e+01 -2.750000e+00 -1.959768e+01
      vertex   1.775000e+01 -2.750000e+00 -1.974753e+01
    endloop
  endfacet
  facet normal 0.000000e+00 1.000000e+00 0.000000e+00
    outer loop
      vertex   1.850000e+01 -2.750000e+00 -2.104657e+01
      vertex   1.775000e+01 -2.750000e+00 -1.974753e+01
      vertex   1.806066e+01 -2.750000e+00 -1.998591e+01
    endloop
  endfacet
  facet normal 0.000000e+00 1.000000e+00 0.000000e+00
    outer loop
      vertex   1.806066e+01 -2.750000e+00 -1.998591e+01
      vertex   1.829904e+01 -2.750000e+00 -2.029657e+01
      vertex   1.850000e+01 -2.750000e+00 -2.104657e+01
    endloop
  endfacet
  facet normal 0.000000e+00 1.000000e+00 0.000000e+00
    outer loop
      vertex   1.850000e+01 -2.750000e+00 -2.104657e+01
      vertex   1.829904e+01 -2.750000e+00 -2.029657e+01
      vertex   1.844889e+01 -2.750000e+00 -2.065834e+01
    endloop
  endfacet
  facet normal -0.000000e+00 1.000000e+00 0.000000e+00
    outer loop
      vertex   1.500000e+01 -2.750000e+00 -2.454657e+01
      vertex   1.850000e+01 -2.750000e+00 -2.304657e+01
      vertex   1.700000e+01 -2.750000e+00 -2.454657e+01
    endloop
  endfacet
  facet normal 0.000000e+00 1.000000e+00 0.000000e+00
    outer loop
      vertex   1.700000e+01 -2.750000e+00 -2.454657e+01
      vertex   1.850000e+01 -2.750000e+00 -2.304657e+01
      vertex   1.844889e+01 -2.750000e+00 -2.343480e+01
    endloop
  endfacet
  facet normal 0.000000e+00 1.000000e+00 0.000000e+00
    outer loop
      vertex   1.700000e+01 -2.750000e+00 -2.454657e+01
      vertex   1.844889e+01 -2.750000e+00 -2.343480e+01
      vertex   1.829904e+01 -2.750000e+00 -2.379657e+01
    endloop
  endfacet
  facet normal 0.000000e+00 1.000000e+00 0.000000e+00
    outer loop
      vertex   1.829904e+01 -2.750000e+00 -2.379657e+01
      vertex   1.806066e+01 -2.750000e+00 -2.410723e+01
      vertex   1.700000e+01 -2.750000e+00 -2.454657e+01
    endloop
  endfacet
  facet normal 0.000000e+00 1.000000e+00 0.000000e+00
    outer loop
      vertex   1.700000e+01 -2.750000e+00 -2.454657e+01
      vertex   1.806066e+01 -2.750000e+00 -2.410723e+01
      vertex   1.775000e+01 -2.750000e+00 -2.434561e+01
    endloop
  endfacet
  facet normal 0.000000e+00 1.000000e+00 0.000000e+00
    outer loop
      vertex   1.700000e+01 -2.750000e+00 -2.454657e+01
      vertex   1.775000e+01 -2.750000e+00 -2.434561e+01
      vertex   1.738823e+01 -2.750000e+00 -2.449546e+01
    endloop
  endfacet
  facet normal 1.119645e-01 0.000000e+00 -9.937122e-01
    outer loop
      vertex   1.700000e+01 -4.100000e+00 -2.504657e+01
      vertex   1.700000e+01 -3.250000e+00 -2.504657e+01
      vertex   1.744504e+01 -4.100000e+00 -2.499643e+01
    endloop
  endfacet
  facet normal 1.119645e-01 0.000000e+00 -9.937122e-01
    outer loop
      vertex   1.744504e+01 -4.100000e+00 -2.499643e+01
      vertex   1.700000e+01 -3.250000e+00 -2.504657e+01
      vertex   1.744504e+01 -3.250000e+00 -2.499643e+01
    endloop
  endfacet
  facet normal 3.302791e-01 0.000000e+00 -9.438833e-01
    outer loop
      vertex   1.744504e+01 -4.100000e+00 -2.499643e+01
      vertex   1.744504e+01 -3.250000e+00 -2.499643e+01
      vertex   1.786777e+01 -4.100000e+00 -2.484851e+01
    endloop
  endfacet
  facet normal 3.302791e-01 0.000000e+00 -9.438833e-01
    outer loop
      vertex   1.786777e+01 -4.100000e+00 -2.484851e+01
      vertex   1.744504e+01 -3.250000e+00 -2.499643e+01
      vertex   1.786777e+01 -3.250000e+00 -2.484851e+01
    endloop
  endfacet
  facet normal 5.320321e-01 0.000000e+00 -8.467242e-01
    outer loop
      vertex   1.786777e+01 -4.100000e+00 -2.484851e+01
      vertex   1.786777e+01 -3.250000e+00 -2.484851e+01
      vertex   1.824698e+01 -4.100000e+00 -2.461023e+01
    endloop
  endfacet
  facet normal 5.320321e-01 0.000000e+00 -8.467242e-01
    outer loop
      vertex   1.824698e+01 -4.100000e+00 -2.461023e+01
      vertex   1.786777e+01 -3.250000e+00 -2.484851e+01
      vertex   1.824698e+01 -3.250000e+00 -2.461023e+01
    endloop
  endfacet
  facet normal 7.071068e-01 0.000000e+00 -7.071068e-01
    outer loop
      vertex   1.824698e+01 -4.100000e+00 -2.461023e+01
      vertex   1.824698e+01 -3.250000e+00 -2.461023e+01
      vertex   1.856366e+01 -4.100000e+00 -2.429355e+01
    endloop
  endfacet
  facet normal 7.071068e-01 0.000000e+00 -7.071068e-01
    outer loop
      vertex   1.856366e+01 -4.100000e+00 -2.429355e+01
      vertex   1.824698e+01 -3.250000e+00 -2.461023e+01
      vertex   1.856366e+01 -3.250000e+00 -2.429355e+01
    endloop
  endfacet
  facet normal 8.467242e-01 0.000000e+00 -5.320321e-01
    outer loop
      vertex   1.856366e+01 -4.100000e+00 -2.429355e+01
      vertex   1.856366e+01 -3.250000e+00 -2.429355e+01
      vertex   1.880194e+01 -4.100000e+00 -2.391434e+01
    endloop
  endfacet
  facet normal 8.467242e-01 0.000000e+00 -5.320321e-01
    outer loop
      vertex   1.880194e+01 -4.100000e+00 -2.391434e+01
      vertex   1.856366e+01 -3.250000e+00 -2.429355e+01
      vertex   1.880194e+01 -3.250000e+00 -2.391434e+01
    endloop
  endfacet
  facet normal 9.438833e-01 0.000000e+00 -3.302791e-01
    outer loop
      vertex   1.880194e+01 -4.100000e+00 -2.391434e+01
      vertex   1.880194e+01 -3.250000e+00 -2.391434e+01
      vertex   1.894986e+01 -4.100000e+00 -2.349161e+01
    endloop
  endfacet
  facet normal 9.438833e-01 0.000000e+00 -3.302791e-01
    outer loop
      vertex   1.894986e+01 -4.100000e+00 -2.349161e+01
      vertex   1.880194e+01 -3.250000e+00 -2.391434e+01
      vertex   1.894986e+01 -3.250000e+00 -2.349161e+01
    endloop
  endfacet
  facet normal 9.937122e-01 0.000000e+00 -1.119645e-01
    outer loop
      vertex   1.894986e+01 -4.100000e+00 -2.349161e+01
      vertex   1.894986e+01 -3.250000e+00 -2.349161e+01
      vertex   1.900000e+01 -4.100000e+00 -2.304657e+01
    endloop
  endfacet
  facet normal 9.937122e-01 0.000000e+00 -1.119645e-01
    outer loop
      vertex   1.900000e+01 -4.100000e+00 -2.304657e+01
      vertex   1.894986e+01 -3.250000e+00 -2.349161e+01
      vertex   1.900000e+01 -3.250000e+00 -2.304657e+01
    endloop
  endfacet
  facet normal -1.776357e-15 -0.000000e+00 -1.000000e+00
    outer loop
      vertex   1.500000e+01 -3.250000e+00 -2.504657e+01
      vertex   1.700000e+01 -3.250000e+00 -2.504657e+01
      vertex   1.500000e+01 -4.100000e+00 -2.504657e+01
    endloop
  endfacet
  facet normal -1.776357e-15 0.000000e+00 -1.000000e+00
    outer loop
      vertex   1.500000e+01 -4.100000e+00 -2.504657e+01
      vertex   1.700000e+01 -3.250000e+00 -2.504657e+01
      vertex   1.700000e+01 -4.100000e+00 -2.504657e+01
    endloop
  endfacet
  facet normal 9.937122e-01 -0.000000e+00 1.119645e-01
    outer loop
      vertex   1.900000e+01 -4.100000e+00 -2.104657e+01
      vertex   1.900000e+01 -3.250000e+00 -2.104657e+01
      vertex   1.894986e+01 -4.100000e+00 -2.060153e+01
    endloop
  endfacet
  facet normal 9.937122e-01 -0.000000e+00 1.119645e-01
    outer loop
      vertex   1.894986e+01 -4.100000e+00 -2.060153e+01
      vertex   1.900000e+01 -3.250000e+00 -2.104657e+01
      vertex   1.894986e+01 -3.250000e+00 -2.060153e+01
    endloop
  endfacet
  facet normal 9.438833e-01 -0.000000e+00 3.302791e-01
    outer loop
      vertex   1.894986e+01 -4.100000e+00 -2.060153e+01
      vertex   1.894986e+01 -3.250000e+00 -2.060153e+01
      vertex   1.880194e+01 -4.100000e+00 -2.017880e+01
    endloop
  endfacet
  facet normal 9.438833e-01 -0.000000e+00 3.302791e-01
    outer loop
      vertex   1.880194e+01 -4.100000e+00 -2.017880e+01
      vertex   1.894986e+01 -3.250000e+00 -2.060153e+01
      vertex   1.880194e+01 -3.250000e+00 -2.017880e+01
    endloop
  endfacet
  facet normal 8.467242e-01 -0.000000e+00 5.320321e-01
    outer loop
      vertex   1.880194e+01 -4.100000e+00 -2.017880e+01
      vertex   1.880194e+01 -3.250000e+00 -2.017880e+01
      vertex   1.856366e+01 -4.100000e+00 -1.979959e+01
    endloop
  endfacet
  facet normal 8.467242e-01 -0.000000e+00 5.320321e-01
    outer loop
      vertex   1.856366e+01 -4.100000e+00 -1.979959e+01
      vertex   1.880194e+01 -3.250000e+00 -2.017880e+01
      vertex   1.856366e+01 -3.250000e+00 -1.979959e+01
    endloop
  endfacet
  facet normal 7.071068e-01 -0.000000e+00 7.071068e-01
    outer loop
      vertex   1.856366e+01 -4.100000e+00 -1.979959e+01
      vertex   1.856366e+01 -3.250000e+00 -1.979959e+01
      vertex   1.824698e+01 -4.100000e+00 -1.948291e+01
    endloop
  endfacet
  facet normal 7.071068e-01 -0.000000e+00 7.071068e-01
    outer loop
      vertex   1.824698e+01 -4.100000e+00 -1.948291e+01
      vertex   1.856366e+01 -3.250000e+00 -1.979959e+01
      vertex   1.824698e+01 -3.250000e+00 -1.948291e+01
    endloop
  endfacet
  facet normal 5.320321e-01 -0.000000e+00 8.467242e-01
    outer loop
      vertex   1.824698e+01 -4.100000e+00 -1.948291e+01
      vertex   1.824698e+01 -3.250000e+00 -1.948291e+01
      vertex   1.786777e+01 -4.100000e+00 -1.924463e+01
    endloop
  endfacet
  facet normal 5.320321e-01 -0.000000e+00 8.467242e-01
    outer loop
      vertex   1.786777e+01 -4.100000e+00 -1.924463e+01
      vertex   1.824698e+01 -3.250000e+00 -1.948291e+01
      vertex   1.786777e+01 -3.250000e+00 -1.924463e+01
    endloop
  endfacet
  facet normal 3.302791e-01 -0.000000e+00 9.438833e-01
    outer loop
      vertex   1.786777e+01 -4.100000e+00 -1.924463e+01
      vertex   1.786777e+01 -3.250000e+00 -1.924463e+01
      vertex   1.744504e+01 -4.100000e+00 -1.909672e+01
    endloop
  endfacet
  facet normal 3.302791e-01 -0.000000e+00 9.438833e-01
    outer loop
      vertex   1.744504e+01 -4.100000e+00 -1.909672e+01
      vertex   1.786777e+01 -3.250000e+00 -1.924463e+01
      vertex   1.744504e+01 -3.250000e+00 -1.909672e+01
    endloop
  endfacet
  facet normal 1.119645e-01 -0.000000e+00 9.937122e-01
    outer loop
      vertex   1.744504e+01 -4.100000e+00 -1.909672e+01
      vertex   1.744504e+01 -3.250000e+00 -1.909672e+01
      vertex   1.700000e+01 -4.100000e+00 -1.904657e+01
    endloop
  endfacet
  facet normal 1.119645e-01 -0.000000e+00 9.937122e-01
    outer loop
      vertex   1.700000e+01 -4.100000e+00 -1.904657e+01
      vertex   1.744504e+01 -3.250000e+00 -1.909672e+01
      vertex   1.700000e+01 -3.250000e+00 -1.904657e+01
    endloop
  endfacet
  facet normal 1.000000e+00 0.000000e+00 -0.000000e+00
    outer loop
      vertex   1.900000e+01 -3.250000e+00 -2.304657e+01
      vertex   1.900000e+01 -3.250000e+00 -2.104657e+01
      vertex   1.900000e+01 -4.100000e+00 -2.304657e+01
    endloop
  endfacet
  facet normal 1.000000e+00 0.000000e+00 0.000000e+00
    outer loop
      vertex   1.900000e+01 -4.100000e+00 -2.304657e+01
      vertex   1.900000e+01 -3.250000e+00 -2.104657e+01
      vertex   1.900000e+01 -4.100000e+00 -2.104657e+01
    endloop
  endfacet
  facet normal 1.000000e+00 -1.366428e-15 0.000000e+00
    outer loop
      vertex   7.125000e+00 -2.900000e+00 -3.400000e+01
      vertex   7.125000e+00 -2.900000e+00 -3.550000e+01
      vertex   7.125000e+00 -1.600000e+00 -3.400000e+01
    endloop
  endfacet
  facet normal 1.000000e+00 0.000000e+00 -1.184238e-15
    outer loop
      vertex   7.125000e+00 -1.600000e+00 -3.400000e+01
      vertex   7.125000e+00 -2.900000e+00 -3.550000e+01
      vertex   7.125000e+00 -1.600000e+00 -3.550000e+01
    endloop
  endfacet
  facet normal -1.000000e+00 -0.000000e+00 -0.000000e+00
    outer loop
      vertex   2.487500e+01 -1.600000e+00 -3.400000e+01
      vertex   2.487500e+01 -1.600000e+00 -3.550000e+01
      vertex   2.487500e+01 -2.900000e+00 -3.400000e+01
    endloop
  endfacet
  facet normal -1.000000e+00 0.000000e+00 0.000000e+00
    outer loop
      vertex   2.487500e+01 -2.900000e+00 -3.400000e+01
      vertex   2.487500e+01 -1.600000e+00 -3.550000e+01
      vertex   2.487500e+01 -2.900000e+00 -3.550000e+01
    endloop
  endfacet
  facet normal 0.000000e+00 1.000000e+00 0.000000e+00
    outer loop
      vertex   2.487500e+01 -2.900000e+00 -3.400000e+01
      vertex   2.487500e+01 -2.900000e+00 -3.550000e+01
      vertex   7.125000e+00 -2.900000e+00 -3.400000e+01
    endloop
  endfacet
  facet normal 0.000000e+00 1.000000e+00 0.000000e+00
    outer loop
      vertex   7.125000e+00 -2.900000e+00 -3.400000e+01
      vertex   2.487500e+01 -2.900000e+00 -3.550000e+01
      vertex   7.125000e+00 -2.900000e+00 -3.550000e+01
    endloop
  endfacet
  facet normal -0.000000e+00 -0.000000e+00 -1.000000e+00
    outer loop
      vertex   7.125000e+00 -1.600000e+00 -3.550000e+01
      vertex   7.125000e+00 -2.900000e+00 -3.550000e+01
      vertex   4.000000e+00 -1.600000e+00 -3.550000e+01
    endloop
  endfacet
  facet normal 0.000000e+00 0.000000e+00 -1.000000e+00
    outer loop
      vertex   4.000000e+00 -1.600000e+00 -3.550000e+01
      vertex   7.125000e+00 -2.900000e+00 -3.550000e+01
      vertex   4.000000e+00 -5.900000e+00 -3.550000e+01
    endloop
  endfacet
  facet normal 0.000000e+00 0.000000e+00 -1.000000e+00
    outer loop
      vertex   4.000000e+00 -5.900000e+00 -3.550000e+01
      vertex   7.125000e+00 -2.900000e+00 -3.550000e+01
      vertex   2.487500e+01 -2.900000e+00 -3.550000e+01
    endloop
  endfacet
  facet normal -2.732857e-16 1.901613e-15 -1.000000e+00
    outer loop
      vertex   4.000000e+00 -5.900000e+00 -3.550000e+01
      vertex   2.487500e+01 -2.900000e+00 -3.550000e+01
      vertex   3.000000e+01 -5.900000e+00 -3.550000e+01
    endloop
  endfacet
  facet normal -1.386425e-15 0.000000e+00 -1.000000e+00
    outer loop
      vertex   3.000000e+01 -5.900000e+00 -3.550000e+01
      vertex   2.487500e+01 -2.900000e+00 -3.550000e+01
      vertex   3.000000e+01 -1.600000e+00 -3.550000e+01
    endloop
  endfacet
  facet normal -1.386425e-15 0.000000e+00 -1.000000e+00
    outer loop
      vertex   3.000000e+01 -1.600000e+00 -3.550000e+01
      vertex   2.487500e+01 -2.900000e+00 -3.550000e+01
      vertex   2.487500e+01 -1.600000e+00 -3.550000e+01
    endloop
  endfacet
  facet normal -0.000000e+00 1.000000e+00 0.000000e+00
    outer loop
      vertex   2.487500e+01 -1.600000e+00 -3.550000e+01
      vertex   2.487500e+01 -1.600000e+00 -3.400000e+01
      vertex   3.000000e+01 -1.600000e+00 -3.550000e+01
    endloop
  endfacet
  facet normal 0.000000e+00 1.000000e+00 -0.000000e+00
    outer loop
      vertex   3.000000e+01 -1.600000e+00 -3.550000e+01
      vertex   2.487500e+01 -1.600000e+00 -3.400000e+01
      vertex   3.000000e+01 -1.600000e+00 -3.400000e+01
    endloop
  endfacet
  facet normal 0.000000e+00 1.000000e+00 0.000000e+00
    outer loop
      vertex   3.000000e+01 -1.600000e+00 -3.550000e+01
      vertex   3.000000e+01 -1.600000e+00 -3.400000e+01
      vertex   3.012941e+01 -1.600000e+00 -3.398296e+01
    endloop
  endfacet
  facet normal 0.000000e+00 1.000000e+00 0.000000e+00
    outer loop
      vertex   3.000000e+01 -1.600000e+00 -3.550000e+01
      vertex   3.012941e+01 -1.600000e+00 -3.398296e+01
      vertex   3.044504e+01 -1.600000e+00 -3.544986e+01
    endloop
  endfacet
  facet normal 0.000000e+00 1.000000e+00 0.000000e+00
    outer loop
      vertex   3.044504e+01 -1.600000e+00 -3.544986e+01
      vertex   3.012941e+01 -1.600000e+00 -3.398296e+01
      vertex   3.025000e+01 -1.600000e+00 -3.393301e+01
    endloop
  endfacet
  facet normal 0.000000e+00 1.000000e+00 0.000000e+00
    outer loop
      vertex   3.044504e+01 -1.600000e+00 -3.544986e+01
      vertex   3.025000e+01 -1.600000e+00 -3.393301e+01
      vertex   3.035355e+01 -1.600000e+00 -3.385355e+01
    endloop
  endfacet
  facet normal -0.000000e+00 1.000000e+00 0.000000e+00
    outer loop
      vertex   3.035355e+01 -1.600000e+00 -3.385355e+01
      vertex   3.043301e+01 -1.600000e+00 -3.375000e+01
      vertex   3.044504e+01 -1.600000e+00 -3.544986e+01
    endloop
  endfacet
  facet normal 0.000000e+00 1.000000e+00 -0.000000e+00
    outer loop
      vertex   3.044504e+01 -1.600000e+00 -3.544986e+01
      vertex   3.043301e+01 -1.600000e+00 -3.375000e+01
      vertex   3.086777e+01 -1.600000e+00 -3.530194e+01
    endloop
  endfacet
  facet normal 0.000000e+00 1.000000e+00 0.000000e+00
    outer loop
      vertex   3.086777e+01 -1.600000e+00 -3.530194e+01
      vertex   3.043301e+01 -1.600000e+00 -3.375000e+01
      vertex   3.048296e+01 -1.600000e+00 -3.362941e+01
    endloop
  endfacet
  facet normal 0.000000e+00 1.000000e+00 -0.000000e+00
    outer loop
      vertex   3.086777e+01 -1.600000e+00 -3.530194e+01
      vertex   3.048296e+01 -1.600000e+00 -3.362941e+01
      vertex   3.124698e+01 -1.600000e+00 -3.506366e+01
    endloop
  endfacet
  facet normal 0.000000e+00 1.000000e+00 0.000000e+00
    outer loop
      vertex   3.124698e+01 -1.600000e+00 -3.506366e+01
      vertex   3.048296e+01 -1.600000e+00 -3.362941e+01
      vertex   3.050000e+01 -1.600000e+00 -3.350000e+01
    endloop
  endfacet
  facet normal 0.000000e+00 1.000000e+00 -0.000000e+00
    outer loop
      vertex   3.124698e+01 -1.600000e+00 -3.506366e+01
      vertex   3.050000e+01 -1.600000e+00 -3.350000e+01
      vertex   3.156366e+01 -1.600000e+00 -3.474698e+01
    endloop
  endfacet
  facet normal 0.000000e+00 1.000000e+00 -0.000000e+00
    outer loop
      vertex   3.156366e+01 -1.600000e+00 -3.474698e+01
      vertex   3.050000e+01 -1.600000e+00 -3.350000e+01
      vertex   3.180194e+01 -1.600000e+00 -3.436777e+01
    endloop
  endfacet
  facet normal 0.000000e+00 1.000000e+00 -0.000000e+00
    outer loop
      vertex   3.180194e+01 -1.600000e+00 -3.436777e+01
      vertex   3.050000e+01 -1.600000e+00 -3.350000e+01
      vertex   3.200000e+01 -1.600000e+00 -3.350000e+01
    endloop
  endfacet
  facet normal 0.000000e+00 1.000000e+00 0.000000e+00
    outer loop
      vertex   3.180194e+01 -1.600000e+00 -3.436777e+01
      vertex   3.200000e+01 -1.600000e+00 -3.350000e+01
      vertex   3.194986e+01 -1.600000e+00 -3.394504e+01
    endloop
  endfacet
  facet normal -0.000000e+00 1.000000e+00 0.000000e+00
    outer loop
      vertex   3.050000e+01 -1.600000e+00 -1.900049e+01
      vertex   3.200000e+01 -1.600000e+00 -1.900049e+01
      vertex   3.050000e+01 -1.600000e+00 -3.350000e+01
    endloop
  endfacet
  facet normal 0.000000e+00 1.000000e+00 0.000000e+00
    outer loop
      vertex   3.050000e+01 -1.600000e+00 -3.350000e+01
      vertex   3.200000e+01 -1.600000e+00 -1.900049e+01
      vertex   3.200000e+01 -1.600000e+00 -3.350000e+01
    endloop
  endfacet
  facet normal 0.000000e+00 0.000000e+00 1.000000e+00
    outer loop
      vertex   3.200000e+01 -1.600000e+00 -1.900049e+01
      vertex   3.050000e+01 -1.600000e+00 -1.900049e+01
      vertex   3.200000e+01 -3.500000e+00 -1.900049e+01
    endloop
  endfacet
  facet normal 0.000000e+00 0.000000e+00 1.000000e+00
    outer loop
      vertex   3.200000e+01 -3.500000e+00 -1.900049e+01
      vertex   3.050000e+01 -1.600000e+00 -1.900049e+01
      vertex   3.050000e+01 -3.500000e+00 -1.900049e+01
    endloop
  endfacet
  facet normal 0.000000e+00 0.000000e+00 -1.000000e+00
    outer loop
      vertex   3.050000e+01 -1.600000e+00 -1.300049e+01
      vertex   3.200000e+01 -1.600000e+00 -1.300049e+01
      vertex   3.050000e+01 -3.500000e+00 -1.300049e+01
    endloop
  endfacet
  facet normal 0.000000e+00 0.000000e+00 -1.000000e+00
    outer loop
      vertex   3.050000e+01 -3.500000e+00 -1.300049e+01
      vertex   3.200000e+01 -1.600000e+00 -1.300049e+01
      vertex   3.200000e+01 -3.500000e+00 -1.300049e+01
    endloop
  endfacet
  facet normal 0.000000e+00 1.000000e+00 0.000000e+00
    outer loop
      vertex   3.200000e+01 -3.500000e+00 -1.300049e+01
      vertex   3.200000e+01 -3.500000e+00 -1.900049e+01
      vertex   3.050000e+01 -3.500000e+00 -1.300049e+01
    endloop
  endfacet
  facet normal 0.000000e+00 1.000000e+00 0.000000e+00
    outer loop
      vertex   3.050000e+01 -3.500000e+00 -1.300049e+01
      vertex   3.200000e+01 -3.500000e+00 -1.900049e+01
      vertex   3.050000e+01 -3.500000e+00 -1.900049e+01
    endloop
  endfacet
  facet normal 0.000000e+00 0.000000e+00 1.000000e+00
    outer loop
      vertex   3.200000e+01 -1.600000e+00 -9.751526e+00
      vertex   3.050000e+01 -1.600000e+00 -9.751526e+00
      vertex   3.200000e+01 -3.500000e+00 -9.751526e+00
    endloop
  endfacet
  facet normal 0.000000e+00 0.000000e+00 1.000000e+00
    outer loop
      vertex   3.200000e+01 -3.500000e+00 -9.751526e+00
      vertex   3.050000e+01 -1.600000e+00 -9.751526e+00
      vertex   3.050000e+01 -3.500000e+00 -9.751526e+00
    endloop
  endfacet
  facet normal 0.000000e+00 0.000000e+00 -1.000000e+00
    outer loop
      vertex   3.050000e+01 -1.600000e+00 -1.251526e+00
      vertex   3.200000e+01 -1.600000e+00 -1.251526e+00
      vertex   3.050000e+01 -3.500000e+00 -1.251526e+00
    endloop
  endfacet
  facet normal 0.000000e+00 0.000000e+00 -1.000000e+00
    outer loop
      vertex   3.050000e+01 -3.500000e+00 -1.251526e+00
      vertex   3.200000e+01 -1.600000e+00 -1.251526e+00
      vertex   3.200000e+01 -3.500000e+00 -1.251526e+00
    endloop
  endfacet
  facet normal 0.000000e+00 1.000000e+00 0.000000e+00
    outer loop
      vertex   3.200000e+01 -3.500000e+00 -1.251526e+00
      vertex   3.200000e+01 -3.500000e+00 -9.751526e+00
      vertex   3.050000e+01 -3.500000e+00 -1.251526e+00
    endloop
  endfacet
  facet normal 0.000000e+00 1.000000e+00 0.000000e+00
    outer loop
      vertex   3.050000e+01 -3.500000e+00 -1.251526e+00
      vertex   3.200000e+01 -3.500000e+00 -9.751526e+00
      vertex   3.050000e+01 -3.500000e+00 -9.751526e+00
    endloop
  endfacet
  facet normal 0.000000e+00 1.000000e+00 -0.000000e+00
    outer loop
      vertex   7.125000e+00 -1.600000e+00 -3.550000e+01
      vertex   4.000000e+00 -1.600000e+00 -3.550000e+01
      vertex   7.125000e+00 -1.600000e+00 -3.400000e+01
    endloop
  endfacet
  facet normal 0.000000e+00 1.000000e+00 0.000000e+00
    outer loop
      vertex   7.125000e+00 -1.600000e+00 -3.400000e+01
      vertex   4.000000e+00 -1.600000e+00 -3.550000e+01
      vertex   4.000000e+00 -1.600000e+00 -3.400000e+01
    endloop
  endfacet
  facet normal 0.000000e+00 1.000000e+00 0.000000e+00
    outer loop
      vertex   4.000000e+00 -1.600000e+00 -3.400000e+01
      vertex   4.000000e+00 -1.600000e+00 -3.550000e+01
      vertex   3.392231e+00 -1.600000e+00 -3.405317e+01
    endloop
  endfacet
  facet normal 0.000000e+00 1.000000e+00 0.000000e+00
    outer loop
      vertex   3.392231e+00 -1.600000e+00 -3.405317e+01
      vertex   4.000000e+00 -1.600000e+00 -3.550000e+01
      vertex   3.554958e+00 -1.600000e+00 -3.555014e+01
    endloop
  endfacet
  facet normal 0.000000e+00 1.000000e+00 0.000000e+00
    outer loop
      vertex   3.392231e+00 -1.600000e+00 -3.405317e+01
      vertex   3.554958e+00 -1.600000e+00 -3.555014e+01
      vertex   2.802929e+00 -1.600000e+00 -3.421108e+01
    endloop
  endfacet
  facet normal 0.000000e+00 1.000000e+00 0.000000e+00
    outer loop
      vertex   2.802929e+00 -1.600000e+00 -3.421108e+01
      vertex   3.554958e+00 -1.600000e+00 -3.555014e+01
      vertex   2.250000e+00 -1.600000e+00 -3.446891e+01
    endloop
  endfacet
  facet normal 0.000000e+00 1.000000e+00 0.000000e+00
    outer loop
      vertex   2.250000e+00 -1.600000e+00 -3.446891e+01
      vertex   3.554958e+00 -1.600000e+00 -3.555014e+01
      vertex   3.132233e+00 -1.600000e+00 -3.569806e+01
    endloop
  endfacet
  facet normal 0.000000e+00 1.000000e+00 0.000000e+00
    outer loop
      vertex   2.250000e+00 -1.600000e+00 -3.446891e+01
      vertex   3.132233e+00 -1.600000e+00 -3.569806e+01
      vertex   1.750243e+00 -1.600000e+00 -3.481884e+01
    endloop
  endfacet
  facet normal 0.000000e+00 1.000000e+00 0.000000e+00
    outer loop
      vertex   1.750243e+00 -1.600000e+00 -3.481884e+01
      vertex   3.132233e+00 -1.600000e+00 -3.569806e+01
      vertex   1.318844e+00 -1.600000e+00 -3.525024e+01
    endloop
  endfacet
  facet normal 0.000000e+00 1.000000e+00 0.000000e+00
    outer loop
      vertex   1.318844e+00 -1.600000e+00 -3.525024e+01
      vertex   3.132233e+00 -1.600000e+00 -3.569806e+01
      vertex   2.753020e+00 -1.600000e+00 -3.593634e+01
    endloop
  endfacet
  facet normal 0.000000e+00 1.000000e+00 0.000000e+00
    outer loop
      vertex   1.318844e+00 -1.600000e+00 -3.525024e+01
      vertex   2.753020e+00 -1.600000e+00 -3.593634e+01
      vertex   9.689111e-01 -1.600000e+00 -3.575000e+01
    endloop
  endfacet
  facet normal 0.000000e+00 1.000000e+00 0.000000e+00
    outer loop
      vertex   9.689111e-01 -1.600000e+00 -3.575000e+01
      vertex   2.753020e+00 -1.600000e+00 -3.593634e+01
      vertex   2.436337e+00 -1.600000e+00 -3.625302e+01
    endloop
  endfacet
  facet normal 0.000000e+00 1.000000e+00 0.000000e+00
    outer loop
      vertex   9.689111e-01 -1.600000e+00 -3.575000e+01
      vertex   2.436337e+00 -1.600000e+00 -3.625302e+01
      vertex   7.110758e-01 -1.600000e+00 -3.630293e+01
    endloop
  endfacet
  facet normal -0.000000e+00 1.000000e+00 0.000000e+00
    outer loop
      vertex   7.110758e-01 -1.600000e+00 -3.630293e+01
      vertex   2.436337e+00 -1.600000e+00 -3.625302e+01
      vertex   2.198062e+00 -1.600000e+00 -3.663223e+01
    endloop
  endfacet
  facet normal 0.000000e+00 1.000000e+00 0.000000e+00
    outer loop
      vertex   7.110758e-01 -1.600000e+00 -3.630293e+01
      vertex   2.198062e+00 -1.600000e+00 -3.663223e+01
      vertex   5.531729e-01 -1.600000e+00 -3.689223e+01
    endloop
  endfacet
  facet normal -0.000000e+00 1.000000e+00 0.000000e+00
    outer loop
      vertex   5.531729e-01 -1.600000e+00 -3.689223e+01
      vertex   2.198062e+00 -1.600000e+00 -3.663223e+01
      vertex   2.050144e+00 -1.600000e+00 -3.705496e+01
    endloop
  endfacet
  facet normal 0.000000e+00 1.000000e+00 0.000000e+00
    outer loop
      vertex   5.531729e-01 -1.600000e+00 -3.689223e+01
      vertex   2.050144e+00 -1.600000e+00 -3.705496e+01
      vertex   5.000000e-01 -1.600000e+00 -3.750000e+01
    endloop
  endfacet
  facet normal 0.000000e+00 1.000000e+00 0.000000e+00
    outer loop
      vertex   5.000000e-01 -1.600000e+00 -3.750000e+01
      vertex   2.050144e+00 -1.600000e+00 -3.705496e+01
      vertex   2.000000e+00 -1.600000e+00 -3.750000e+01
    endloop
  endfacet
  facet normal -0.000000e+00 1.000000e+00 0.000000e+00
    outer loop
      vertex   5.000000e-01 -1.600000e+00 -3.750000e+01
      vertex   2.000000e+00 -1.600000e+00 -3.750000e+01
      vertex   5.000000e-01 -1.600000e+00 -6.000000e+01
    endloop
  endfacet
  facet normal 0.000000e+00 1.000000e+00 0.000000e+00
    outer loop
      vertex   5.000000e-01 -1.600000e+00 -6.000000e+01
      vertex   2.000000e+00 -1.600000e+00 -3.750000e+01
      vertex   2.000000e+00 -1.600000e+00 -6.000000e+01
    endloop
  endfacet
  facet normal -0.000000e+00 1.000000e+00 0.000000e+00
    outer loop
      vertex   5.000000e-01 -1.600000e+00 -6.000000e+01
      vertex   2.000000e+00 -1.600000e+00 -6.000000e+01
      vertex   4.829629e-01 -1.600000e+00 -6.012941e+01
    endloop
  endfacet
  facet normal -0.000000e+00 1.000000e+00 0.000000e+00
    outer loop
      vertex   4.829629e-01 -1.600000e+00 -6.012941e+01
      vertex   2.000000e+00 -1.600000e+00 -6.000000e+01
      vertex   1.949856e+00 -1.600000e+00 -6.044504e+01
    endloop
  endfacet
  facet normal 0.000000e+00 1.000000e+00 0.000000e+00
    outer loop
      vertex   4.829629e-01 -1.600000e+00 -6.012941e+01
      vertex   1.949856e+00 -1.600000e+00 -6.044504e+01
      vertex   4.330127e-01 -1.600000e+00 -6.025000e+01
    endloop
  endfacet
  facet normal 0.000000e+00 1.000000e+00 0.000000e+00
    outer loop
      vertex   4.330127e-01 -1.600000e+00 -6.025000e+01
      vertex   1.949856e+00 -1.600000e+00 -6.044504e+01
      vertex   3.535534e-01 -1.600000e+00 -6.035355e+01
    endloop
  endfacet
  facet normal 0.000000e+00 1.000000e+00 0.000000e+00
    outer loop
      vertex   3.535534e-01 -1.600000e+00 -6.035355e+01
      vertex   1.949856e+00 -1.600000e+00 -6.044504e+01
      vertex   1.801938e+00 -1.600000e+00 -6.086777e+01
    endloop
  endfacet
  facet normal 0.000000e+00 1.000000e+00 0.000000e+00
    outer loop
      vertex   3.535534e-01 -1.600000e+00 -6.035355e+01
      vertex   1.801938e+00 -1.600000e+00 -6.086777e+01
      vertex   2.500000e-01 -1.600000e+00 -6.043301e+01
    endloop
  endfacet
  facet normal 0.000000e+00 1.000000e+00 0.000000e+00
    outer loop
      vertex   2.500000e-01 -1.600000e+00 -6.043301e+01
      vertex   1.801938e+00 -1.600000e+00 -6.086777e+01
      vertex   1.563663e+00 -1.600000e+00 -6.124698e+01
    endloop
  endfacet
  facet normal 0.000000e+00 1.000000e+00 0.000000e+00
    outer loop
      vertex   2.500000e-01 -1.600000e+00 -6.043301e+01
      vertex   1.563663e+00 -1.600000e+00 -6.124698e+01
      vertex   1.294095e-01 -1.600000e+00 -6.048296e+01
    endloop
  endfacet
  facet normal 0.000000e+00 1.000000e+00 0.000000e+00
    outer loop
      vertex   1.294095e-01 -1.600000e+00 -6.048296e+01
      vertex   1.563663e+00 -1.600000e+00 -6.124698e+01
      vertex   1.246980e+00 -1.600000e+00 -6.156366e+01
    endloop
  endfacet
  facet normal 0.000000e+00 1.000000e+00 0.000000e+00
    outer loop
      vertex   1.294095e-01 -1.600000e+00 -6.048296e+01
      vertex   1.246980e+00 -1.600000e+00 -6.156366e+01
      vertex   8.677675e-01 -1.600000e+00 -6.180194e+01
    endloop
  endfacet
  facet normal 0.000000e+00 1.000000e+00 0.000000e+00
    outer loop
      vertex   1.294095e-01 -1.600000e+00 -6.048296e+01
      vertex   8.677675e-01 -1.600000e+00 -6.180194e+01
      vertex   3.061617e-17 -1.600000e+00 -6.050000e+01
    endloop
  endfacet
  facet normal 0.000000e+00 1.000000e+00 0.000000e+00
    outer loop
      vertex   3.061617e-17 -1.600000e+00 -6.050000e+01
      vertex   8.677675e-01 -1.600000e+00 -6.180194e+01
      vertex   4.450419e-01 -1.600000e+00 -6.194986e+01
    endloop
  endfacet
  facet normal 0.000000e+00 1.000000e+00 0.000000e+00
    outer loop
      vertex   3.061617e-17 -1.600000e+00 -6.050000e+01
      vertex   4.450419e-01 -1.600000e+00 -6.194986e+01
      vertex   0.000000e+00 -1.600000e+00 -6.200000e+01
    endloop
  endfacet
  facet normal 0.000000e+00 1.000000e+00 -0.000000e+00
    outer loop
      vertex   0.000000e+00 -1.600000e+00 -6.200000e+01
      vertex   -1.000000e+02 -1.600000e+00 -6.200000e+01
      vertex   3.061617e-17 -1.600000e+00 -6.050000e+01
    endloop
  endfacet
  facet normal 0.000000e+00 1.000000e+00 0.000000e+00
    outer loop
      vertex   3.061617e-17 -1.600000e+00 -6.050000e+01
      vertex   -1.000000e+02 -1.600000e+00 -6.200000e+01
      vertex   -1.000000e+02 -1.600000e+00 -6.050000e+01
    endloop
  endfacet
  facet normal 0.000000e+00 1.000000e+00 0.000000e+00
    outer loop
      vertex   -1.000000e+02 -1.600000e+00 -6.050000e+01
      vertex   -1.000000e+02 -1.600000e+00 -6.200000e+01
      vertex   -1.004450e+02 -1.600000e+00 -6.194986e+01
    endloop
  endfacet
  facet normal 0.000000e+00 1.000000e+00 0.000000e+00
    outer loop
      vertex   -1.000000e+02 -1.600000e+00 -6.050000e+01
      vertex   -1.004450e+02 -1.600000e+00 -6.194986e+01
      vertex   -1.008678e+02 -1.600000e+00 -6.180194e+01
    endloop
  endfacet
  facet normal 0.000000e+00 1.000000e+00 0.000000e+00
    outer loop
      vertex   -1.000000e+02 -1.600000e+00 -6.050000e+01
      vertex   -1.008678e+02 -1.600000e+00 -6.180194e+01
      vertex   -1.001294e+02 -1.600000e+00 -6.048296e+01
    endloop
  endfacet
  facet normal 0.000000e+00 1.000000e+00 0.000000e+00
    outer loop
      vertex   -1.001294e+02 -1.600000e+00 -6.048296e+01
      vertex   -1.008678e+02 -1.600000e+00 -6.180194e+01
      vertex   -1.012470e+02 -1.600000e+00 -6.156366e+01
    endloop
  endfacet
  facet normal 0.000000e+00 1.000000e+00 0.000000e+00
    outer loop
      vertex   -1.001294e+02 -1.600000e+00 -6.048296e+01
      vertex   -1.012470e+02 -1.600000e+00 -6.156366e+01
      vertex   -1.015637e+02 -1.600000e+00 -6.124698e+01
    endloop
  endfacet
  facet normal 0.000000e+00 1.000000e+00 0.000000e+00
    outer loop
      vertex   -1.001294e+02 -1.600000e+00 -6.048296e+01
      vertex   -1.015637e+02 -1.600000e+00 -6.124698e+01
      vertex   -1.002500e+02 -1.600000e+00 -6.043301e+01
    endloop
  endfacet
  facet normal 0.000000e+00 1.000000e+00 0.000000e+00
    outer loop
      vertex   -1.002500e+02 -1.600000e+00 -6.043301e+01
      vertex   -1.015637e+02 -1.600000e+00 -6.124698e+01
      vertex   -1.018019e+02 -1.600000e+00 -6.086777e+01
    endloop
  endfacet
  facet normal 0.000000e+00 1.000000e+00 0.000000e+00
    outer loop
      vertex   -1.002500e+02 -1.600000e+00 -6.043301e+01
      vertex   -1.018019e+02 -1.600000e+00 -6.086777e+01
      vertex   -1.003536e+02 -1.600000e+00 -6.035355e+01
    endloop
  endfacet
  facet normal 0.000000e+00 1.000000e+00 0.000000e+00
    outer loop
      vertex   -1.003536e+02 -1.600000e+00 -6.035355e+01
      vertex   -1.018019e+02 -1.600000e+00 -6.086777e+01
      vertex   -1.019499e+02 -1.600000e+00 -6.044504e+01
    endloop
  endfacet
  facet normal 0.000000e+00 1.000000e+00 0.000000e+00
    outer loop
      vertex   -1.003536e+02 -1.600000e+00 -6.035355e+01
      vertex   -1.019499e+02 -1.600000e+00 -6.044504e+01
      vertex   -1.004330e+02 -1.600000e+00 -6.025000e+01
    endloop
  endfacet
  facet normal 0.000000e+00 1.000000e+00 0.000000e+00
    outer loop
      vertex   -1.004330e+02 -1.600000e+00 -6.025000e+01
      vertex   -1.019499e+02 -1.600000e+00 -6.044504e+01
      vertex   -1.004830e+02 -1.600000e+00 -6.012941e+01
    endloop
  endfacet
  facet normal 0.000000e+00 1.000000e+00 0.000000e+00
    outer loop
      vertex   -1.004830e+02 -1.600000e+00 -6.012941e+01
      vertex   -1.019499e+02 -1.600000e+00 -6.044504e+01
      vertex   -1.020000e+02 -1.600000e+00 -6.000000e+01
    endloop
  endfacet
  facet normal 0.000000e+00 1.000000e+00 0.000000e+00
    outer loop
      vertex   -1.004830e+02 -1.600000e+00 -6.012941e+01
      vertex   -1.020000e+02 -1.600000e+00 -6.000000e+01
      vertex   -1.005000e+02 -1.600000e+00 -6.000000e+01
    endloop
  endfacet
  facet normal 0.000000e+00 1.000000e+00 -0.000000e+00
    outer loop
      vertex   -1.005000e+02 -1.600000e+00 -6.000000e+01
      vertex   -1.020000e+02 -1.600000e+00 -6.000000e+01
      vertex   -1.005000e+02 -1.600000e+00 0.000000e+00
    endloop
  endfacet
  facet normal 0.000000e+00 1.000000e+00 0.000000e+00
    outer loop
      vertex   -1.005000e+02 -1.600000e+00 0.000000e+00
      vertex   -1.020000e+02 -1.600000e+00 -6.000000e+01
      vertex   -1.020000e+02 -1.600000e+00 0.000000e+00
    endloop
  endfacet
  facet normal 0.000000e+00 1.000000e+00 -0.000000e+00
    outer loop
      vertex   -1.005000e+02 -1.600000e+00 0.000000e+00
      vertex   -1.020000e+02 -1.600000e+00 0.000000e+00
      vertex   -1.004830e+02 -1.600000e+00 1.294095e-01
    endloop
  endfacet
  facet normal 0.000000e+00 1.000000e+00 0.000000e+00
    outer loop
      vertex   -1.004830e+02 -1.600000e+00 1.294095e-01
      vertex   -1.020000e+02 -1.600000e+00 0.000000e+00
      vertex   -1.019499e+02 -1.600000e+00 4.450419e-01
    endloop
  endfacet
  facet normal 0.000000e+00 1.000000e+00 -0.000000e+00
    outer loop
      vertex   -1.004830e+02 -1.600000e+00 1.294095e-01
      vertex   -1.019499e+02 -1.600000e+00 4.450419e-01
      vertex   -1.004330e+02 -1.600000e+00 2.500000e-01
    endloop
  endfacet
  facet normal 0.000000e+00 1.000000e+00 -0.000000e+00
    outer loop
      vertex   -1.004330e+02 -1.600000e+00 2.500000e-01
      vertex   -1.019499e+02 -1.600000e+00 4.450419e-01
      vertex   -1.003536e+02 -1.600000e+00 3.535534e-01
    endloop
  endfacet
  facet normal 0.000000e+00 1.000000e+00 0.000000e+00
    outer loop
      vertex   -1.003536e+02 -1.600000e+00 3.535534e-01
      vertex   -1.019499e+02 -1.600000e+00 4.450419e-01
      vertex   -1.018019e+02 -1.600000e+00 8.677675e-01
    endloop
  endfacet
  facet normal 0.000000e+00 1.000000e+00 -0.000000e+00
    outer loop
      vertex   -1.003536e+02 -1.600000e+00 3.535534e-01
      vertex   -1.018019e+02 -1.600000e+00 8.677675e-01
      vertex   -1.002500e+02 -1.600000e+00 4.330127e-01
    endloop
  endfacet
  facet normal 0.000000e+00 1.000000e+00 0.000000e+00
    outer loop
      vertex   -1.002500e+02 -1.600000e+00 4.330127e-01
      vertex   -1.018019e+02 -1.600000e+00 8.677675e-01
      vertex   -1.015637e+02 -1.600000e+00 1.246980e+00
    endloop
  endfacet
  facet normal 0.000000e+00 1.000000e+00 -0.000000e+00
    outer loop
      vertex   -1.002500e+02 -1.600000e+00 4.330127e-01
      vertex   -1.015637e+02 -1.600000e+00 1.246980e+00
      vertex   -1.001294e+02 -1.600000e+00 4.829629e-01
    endloop
  endfacet
  facet normal 0.000000e+00 1.000000e+00 0.000000e+00
    outer loop
      vertex   -1.001294e+02 -1.600000e+00 4.829629e-01
      vertex   -1.015637e+02 -1.600000e+00 1.246980e+00
      vertex   -1.012470e+02 -1.600000e+00 1.563663e+00
    endloop
  endfacet
  facet normal 0.000000e+00 1.000000e+00 0.000000e+00
    outer loop
      vertex   -1.001294e+02 -1.600000e+00 4.829629e-01
      vertex   -1.012470e+02 -1.600000e+00 1.563663e+00
      vertex   -1.008678e+02 -1.600000e+00 1.801938e+00
    endloop
  endfacet
  facet normal 0.000000e+00 1.000000e+00 -0.000000e+00
    outer loop
      vertex   -1.001294e+02 -1.600000e+00 4.829629e-01
      vertex   -1.008678e+02 -1.600000e+00 1.801938e+00
      vertex   -1.000000e+02 -1.600000e+00 5.000000e-01
    endloop
  endfacet
  facet normal 0.000000e+00 1.000000e+00 0.000000e+00
    outer loop
      vertex   -1.000000e+02 -1.600000e+00 5.000000e-01
      vertex   -1.008678e+02 -1.600000e+00 1.801938e+00
      vertex   -1.004450e+02 -1.600000e+00 1.949856e+00
    endloop
  endfacet
  facet normal 0.000000e+00 1.000000e+00 -0.000000e+00
    outer loop
      vertex   -1.000000e+02 -1.600000e+00 5.000000e-01
      vertex   -1.004450e+02 -1.600000e+00 1.949856e+00
      vertex   -1.000000e+02 -1.600000e+00 2.000000e+00
    endloop
  endfacet
  facet normal -0.000000e+00 1.000000e+00 0.000000e+00
    outer loop
      vertex   -1.000000e+02 -1.600000e+00 2.000000e+00
      vertex   -3.400000e+01 -1.600000e+00 2.000000e+00
      vertex   -1.000000e+02 -1.600000e+00 5.000000e-01
    endloop
  endfacet
  facet normal 0.000000e+00 1.000000e+00 0.000000e+00
    outer loop
      vertex   -1.000000e+02 -1.600000e+00 5.000000e-01
      vertex   -3.400000e+01 -1.600000e+00 2.000000e+00
      vertex   -3.400000e+01 -1.600000e+00 5.000000e-01
    endloop
  endfacet
  facet normal 0.000000e+00 1.000000e+00 0.000000e+00
    outer loop
      vertex   -3.400000e+01 -1.600000e+00 5.000000e-01
      vertex   -3.400000e+01 -1.600000e+00 2.000000e+00
      vertex   -3.339223e+01 -1.600000e+00 5.531729e-01
    endloop
  endfacet
  facet normal 0.000000e+00 1.000000e+00 0.000000e+00
    outer loop
      vertex   -3.339223e+01 -1.600000e+00 5.531729e-01
      vertex   -3.400000e+01 -1.600000e+00 2.000000e+00
      vertex   -3.355496e+01 -1.600000e+00 2.050144e+00
    endloop
  endfacet
  facet normal 0.000000e+00 1.000000e+00 -0.000000e+00
    outer loop
      vertex   -3.339223e+01 -1.600000e+00 5.531729e-01
      vertex   -3.355496e+01 -1.600000e+00 2.050144e+00
      vertex   -3.280293e+01 -1.600000e+00 7.110758e-01
    endloop
  endfacet
  facet normal 0.000000e+00 1.000000e+00 -0.000000e+00
    outer loop
      vertex   -3.280293e+01 -1.600000e+00 7.110758e-01
      vertex   -3.355496e+01 -1.600000e+00 2.050144e+00
      vertex   -3.225000e+01 -1.600000e+00 9.689111e-01
    endloop
  endfacet
  facet normal 0.000000e+00 1.000000e+00 0.000000e+00
    outer loop
      vertex   -3.225000e+01 -1.600000e+00 9.689111e-01
      vertex   -3.355496e+01 -1.600000e+00 2.050144e+00
      vertex   -3.313223e+01 -1.600000e+00 2.198062e+00
    endloop
  endfacet
  facet normal 0.000000e+00 1.000000e+00 -0.000000e+00
    outer loop
      vertex   -3.225000e+01 -1.600000e+00 9.689111e-01
      vertex   -3.313223e+01 -1.600000e+00 2.198062e+00
      vertex   -3.175024e+01 -1.600000e+00 1.318844e+00
    endloop
  endfacet
  facet normal 0.000000e+00 1.000000e+00 -0.000000e+00
    outer loop
      vertex   -3.175024e+01 -1.600000e+00 1.318844e+00
      vertex   -3.313223e+01 -1.600000e+00 2.198062e+00
      vertex   -3.131884e+01 -1.600000e+00 1.750243e+00
    endloop
  endfacet
  facet normal 0.000000e+00 1.000000e+00 0.000000e+00
    outer loop
      vertex   -3.131884e+01 -1.600000e+00 1.750243e+00
      vertex   -3.313223e+01 -1.600000e+00 2.198062e+00
      vertex   -3.275302e+01 -1.600000e+00 2.436337e+00
    endloop
  endfacet
  facet normal 0.000000e+00 1.000000e+00 -0.000000e+00
    outer loop
      vertex   -3.131884e+01 -1.600000e+00 1.750243e+00
      vertex   -3.275302e+01 -1.600000e+00 2.436337e+00
      vertex   -3.096891e+01 -1.600000e+00 2.250000e+00
    endloop
  endfacet
  facet normal 0.000000e+00 1.000000e+00 0.000000e+00
    outer loop
      vertex   -3.096891e+01 -1.600000e+00 2.250000e+00
      vertex   -3.275302e+01 -1.600000e+00 2.436337e+00
      vertex   -3.243634e+01 -1.600000e+00 2.753020e+00
    endloop
  endfacet
  facet normal 0.000000e+00 1.000000e+00 -0.000000e+00
    outer loop
      vertex   -3.096891e+01 -1.600000e+00 2.250000e+00
      vertex   -3.243634e+01 -1.600000e+00 2.753020e+00
      vertex   -3.071108e+01 -1.600000e+00 2.802929e+00
    endloop
  endfacet
  facet normal 0.000000e+00 1.000000e+00 0.000000e+00
    outer loop
      vertex   -3.071108e+01 -1.600000e+00 2.802929e+00
      vertex   -3.243634e+01 -1.600000e+00 2.753020e+00
      vertex   -3.219806e+01 -1.600000e+00 3.132233e+00
    endloop
  endfacet
  facet normal 0.000000e+00 1.000000e+00 -0.000000e+00
    outer loop
      vertex   -3.071108e+01 -1.600000e+00 2.802929e+00
      vertex   -3.219806e+01 -1.600000e+00 3.132233e+00
      vertex   -3.055317e+01 -1.600000e+00 3.392231e+00
    endloop
  endfacet
  facet normal 0.000000e+00 1.000000e+00 0.000000e+00
    outer loop
      vertex   -3.055317e+01 -1.600000e+00 3.392231e+00
      vertex   -3.219806e+01 -1.600000e+00 3.132233e+00
      vertex   -3.205014e+01 -1.600000e+00 3.554958e+00
    endloop
  endfacet
  facet normal 0.000000e+00 1.000000e+00 -0.000000e+00
    outer loop
      vertex   -3.055317e+01 -1.600000e+00 3.392231e+00
      vertex   -3.205014e+01 -1.600000e+00 3.554958e+00
      vertex   -3.050000e+01 -1.600000e+00 4.000000e+00
    endloop
  endfacet
  facet normal 0.000000e+00 1.000000e+00 0.000000e+00
    outer loop
      vertex   -3.050000e+01 -1.600000e+00 4.000000e+00
      vertex   -3.205014e+01 -1.600000e+00 3.554958e+00
      vertex   -3.200000e+01 -1.600000e+00 4.000000e+00
    endloop
  endfacet
  facet normal 0.000000e+00 1.000000e+00 -0.000000e+00
    outer loop
      vertex   -3.050000e+01 -1.600000e+00 4.000000e+00
      vertex   -3.200000e+01 -1.600000e+00 4.000000e+00
      vertex   -3.050000e+01 -1.600000e+00 2.200000e+01
    endloop
  endfacet
  facet normal 0.000000e+00 1.000000e+00 0.000000e+00
    outer loop
      vertex   -3.050000e+01 -1.600000e+00 2.200000e+01
      vertex   -3.200000e+01 -1.600000e+00 4.000000e+00
      vertex   -3.200000e+01 -1.600000e+00 2.200000e+01
    endloop
  endfacet
  facet normal 0.000000e+00 1.000000e+00 -0.000000e+00
    outer loop
      vertex   -3.050000e+01 -1.600000e+00 2.200000e+01
      vertex   -3.200000e+01 -1.600000e+00 2.200000e+01
      vertex   -3.048296e+01 -1.600000e+00 2.212941e+01
    endloop
  endfacet
  facet normal 0.000000e+00 1.000000e+00 0.000000e+00
    outer loop
      vertex   -3.048296e+01 -1.600000e+00 2.212941e+01
      vertex   -3.200000e+01 -1.600000e+00 2.200000e+01
      vertex   -3.194986e+01 -1.600000e+00 2.244504e+01
    endloop
  endfacet
  facet normal 0.000000e+00 1.000000e+00 -0.000000e+00
    outer loop
      vertex   -3.048296e+01 -1.600000e+00 2.212941e+01
      vertex   -3.194986e+01 -1.600000e+00 2.244504e+01
      vertex   -3.043301e+01 -1.600000e+00 2.225000e+01
    endloop
  endfacet
  facet normal 0.000000e+00 1.000000e+00 -0.000000e+00
    outer loop
      vertex   -3.043301e+01 -1.600000e+00 2.225000e+01
      vertex   -3.194986e+01 -1.600000e+00 2.244504e+01
      vertex   -3.035355e+01 -1.600000e+00 2.235355e+01
    endloop
  endfacet
  facet normal 0.000000e+00 1.000000e+00 0.000000e+00
    outer loop
      vertex   -3.035355e+01 -1.600000e+00 2.235355e+01
      vertex   -3.194986e+01 -1.600000e+00 2.244504e+01
      vertex   -3.180194e+01 -1.600000e+00 2.286777e+01
    endloop
  endfacet
  facet normal 0.000000e+00 1.000000e+00 -0.000000e+00
    outer loop
      vertex   -3.035355e+01 -1.600000e+00 2.235355e+01
      vertex   -3.180194e+01 -1.600000e+00 2.286777e+01
      vertex   -3.025000e+01 -1.600000e+00 2.243301e+01
    endloop
  endfacet
  facet normal 0.000000e+00 1.000000e+00 0.000000e+00
    outer loop
      vertex   -3.025000e+01 -1.600000e+00 2.243301e+01
      vertex   -3.180194e+01 -1.600000e+00 2.286777e+01
      vertex   -3.156366e+01 -1.600000e+00 2.324698e+01
    endloop
  endfacet
  facet normal 0.000000e+00 1.000000e+00 -0.000000e+00
    outer loop
      vertex   -3.025000e+01 -1.600000e+00 2.243301e+01
      vertex   -3.156366e+01 -1.600000e+00 2.324698e+01
      vertex   -3.012941e+01 -1.600000e+00 2.248296e+01
    endloop
  endfacet
  facet normal 0.000000e+00 1.000000e+00 0.000000e+00
    outer loop
      vertex   -3.012941e+01 -1.600000e+00 2.248296e+01
      vertex   -3.156366e+01 -1.600000e+00 2.324698e+01
      vertex   -3.124698e+01 -1.600000e+00 2.356366e+01
    endloop
  endfacet
  facet normal 0.000000e+00 1.000000e+00 0.000000e+00
    outer loop
      vertex   -3.012941e+01 -1.600000e+00 2.248296e+01
      vertex   -3.124698e+01 -1.600000e+00 2.356366e+01
      vertex   -3.086777e+01 -1.600000e+00 2.380194e+01
    endloop
  endfacet
  facet normal 0.000000e+00 1.000000e+00 -0.000000e+00
    outer loop
      vertex   -3.012941e+01 -1.600000e+00 2.248296e+01
      vertex   -3.086777e+01 -1.600000e+00 2.380194e+01
      vertex   -3.000000e+01 -1.600000e+00 2.250000e+01
    endloop
  endfacet
  facet normal 0.000000e+00 1.000000e+00 0.000000e+00
    outer loop
      vertex   -3.000000e+01 -1.600000e+00 2.250000e+01
      vertex   -3.086777e+01 -1.600000e+00 2.380194e+01
      vertex   -3.044504e+01 -1.600000e+00 2.394986e+01
    endloop
  endfacet
  facet normal 0.000000e+00 1.000000e+00 -0.000000e+00
    outer loop
      vertex   -3.000000e+01 -1.600000e+00 2.250000e+01
      vertex   -3.044504e+01 -1.600000e+00 2.394986e+01
      vertex   -3.000000e+01 -1.600000e+00 2.400000e+01
    endloop
  endfacet
  facet normal -0.000000e+00 1.000000e+00 0.000000e+00
    outer loop
      vertex   -3.000000e+01 -1.600000e+00 2.400000e+01
      vertex   3.000000e+01 -1.600000e+00 2.400000e+01
      vertex   -3.000000e+01 -1.600000e+00 2.250000e+01
    endloop
  endfacet
  facet normal 0.000000e+00 1.000000e+00 0.000000e+00
    outer loop
      vertex   -3.000000e+01 -1.600000e+00 2.250000e+01
      vertex   3.000000e+01 -1.600000e+00 2.400000e+01
      vertex   3.000000e+01 -1.600000e+00 2.250000e+01
    endloop
  endfacet
  facet normal 0.000000e+00 1.000000e+00 0.000000e+00
    outer loop
      vertex   3.000000e+01 -1.600000e+00 2.250000e+01
      vertex   3.000000e+01 -1.600000e+00 2.400000e+01
      vertex   3.044504e+01 -1.600000e+00 2.394986e+01
    endloop
  endfacet
  facet normal 0.000000e+00 1.000000e+00 0.000000e+00
    outer loop
      vertex   3.000000e+01 -1.600000e+00 2.250000e+01
      vertex   3.044504e+01 -1.600000e+00 2.394986e+01
      vertex   3.086777e+01 -1.600000e+00 2.380194e+01
    endloop
  endfacet
  facet normal -0.000000e+00 1.000000e+00 0.000000e+00
    outer loop
      vertex   3.000000e+01 -1.600000e+00 2.250000e+01
      vertex   3.086777e+01 -1.600000e+00 2.380194e+01
      vertex   3.012941e+01 -1.600000e+00 2.248296e+01
    endloop
  endfacet
  facet normal 0.000000e+00 1.000000e+00 0.000000e+00
    outer loop
      vertex   3.012941e+01 -1.600000e+00 2.248296e+01
      vertex   3.086777e+01 -1.600000e+00 2.380194e+01
      vertex   3.124698e+01 -1.600000e+00 2.356366e+01
    endloop
  endfacet
  facet normal 0.000000e+00 1.000000e+00 0.000000e+00
    outer loop
      vertex   3.012941e+01 -1.600000e+00 2.248296e+01
      vertex   3.124698e+01 -1.600000e+00 2.356366e+01
      vertex   3.156366e+01 -1.600000e+00 2.324698e+01
    endloop
  endfacet
  facet normal -0.000000e+00 1.000000e+00 0.000000e+00
    outer loop
      vertex   3.012941e+01 -1.600000e+00 2.248296e+01
      vertex   3.156366e+01 -1.600000e+00 2.324698e+01
      vertex   3.025000e+01 -1.600000e+00 2.243301e+01
    endloop
  endfacet
  facet normal 0.000000e+00 1.000000e+00 0.000000e+00
    outer loop
      vertex   3.025000e+01 -1.600000e+00 2.243301e+01
      vertex   3.156366e+01 -1.600000e+00 2.324698e+01
      vertex   3.180194e+01 -1.600000e+00 2.286777e+01
    endloop
  endfacet
  facet normal -0.000000e+00 1.000000e+00 0.000000e+00
    outer loop
      vertex   3.025000e+01 -1.600000e+00 2.243301e+01
      vertex   3.180194e+01 -1.600000e+00 2.286777e+01
      vertex   3.035355e+01 -1.600000e+00 2.235355e+01
    endloop
  endfacet
  facet normal 0.000000e+00 1.000000e+00 0.000000e+00
    outer loop
      vertex   3.035355e+01 -1.600000e+00 2.235355e+01
      vertex   3.180194e+01 -1.600000e+00 2.286777e+01
      vertex   3.194986e+01 -1.600000e+00 2.244504e+01
    endloop
  endfacet
  facet normal -0.000000e+00 1.000000e+00 0.000000e+00
    outer loop
      vertex   3.035355e+01 -1.600000e+00 2.235355e+01
      vertex   3.194986e+01 -1.600000e+00 2.244504e+01
      vertex   3.043301e+01 -1.600000e+00 2.225000e+01
    endloop
  endfacet
  facet normal -0.000000e+00 1.000000e+00 0.000000e+00
    outer loop
      vertex   3.043301e+01 -1.600000e+00 2.225000e+01
      vertex   3.194986e+01 -1.600000e+00 2.244504e+01
      vertex   3.048296e+01 -1.600000e+00 2.212941e+01
    endloop
  endfacet
  facet normal -0.000000e+00 1.000000e+00 0.000000e+00
    outer loop
      vertex   3.048296e+01 -1.600000e+00 2.212941e+01
      vertex   3.194986e+01 -1.600000e+00 2.244504e+01
      vertex   3.200000e+01 -1.600000e+00 2.200000e+01
    endloop
  endfacet
  facet normal 0.000000e+00 1.000000e+00 0.000000e+00
    outer loop
      vertex   3.048296e+01 -1.600000e+00 2.212941e+01
      vertex   3.200000e+01 -1.600000e+00 2.200000e+01
      vertex   3.050000e+01 -1.600000e+00 2.200000e+01
    endloop
  endfacet
  facet normal -0.000000e+00 1.000000e+00 0.000000e+00
    outer loop
      vertex   3.050000e+01 -1.600000e+00 2.200000e+01
      vertex   3.200000e+01 -1.600000e+00 2.200000e+01
      vertex   3.050000e+01 -1.600000e+00 -1.251526e+00
    endloop
  endfacet
  facet normal 0.000000e+00 1.000000e+00 0.000000e+00
    outer loop
      vertex   3.050000e+01 -1.600000e+00 -1.251526e+00
      vertex   3.200000e+01 -1.600000e+00 2.200000e+01
      vertex   3.200000e+01 -1.600000e+00 -1.251526e+00
    endloop
  endfacet
  facet normal 0.000000e+00 1.000000e+00 -0.000000e+00
    outer loop
      vertex   3.200000e+01 -1.600000e+00 -1.300049e+01
      vertex   3.050000e+01 -1.600000e+00 -1.300049e+01
      vertex   3.200000e+01 -1.600000e+00 -9.751526e+00
    endloop
  endfacet
  facet normal 0.000000e+00 1.000000e+00 0.000000e+00
    outer loop
      vertex   3.200000e+01 -1.600000e+00 -9.751526e+00
      vertex   3.050000e+01 -1.600000e+00 -1.300049e+01
      vertex   3.050000e+01 -1.600000e+00 -9.751526e+00
    endloop
  endfacet
  facet normal -1.000000e+00 -0.000000e+00 -0.000000e+00
    outer loop
      vertex   3.050000e+01 -1.600000e+00 -9.751526e+00
      vertex   3.050000e+01 -1.600000e+00 -1.300049e+01
      vertex   3.050000e+01 -3.500000e+00 -9.751526e+00
    endloop
  endfacet
  facet normal -1.000000e+00 0.000000e+00 0.000000e+00
    outer loop
      vertex   3.050000e+01 -3.500000e+00 -9.751526e+00
      vertex   3.050000e+01 -1.600000e+00 -1.300049e+01
      vertex   3.050000e+01 -3.500000e+00 -1.300049e+01
    endloop
  endfacet
  facet normal -1.000000e+00 0.000000e+00 -0.000000e+00
    outer loop
      vertex   3.050000e+01 -3.500000e+00 -9.751526e+00
      vertex   3.050000e+01 -3.500000e+00 -1.300049e+01
      vertex   3.050000e+01 -4.100000e+00 -3.350000e+01
    endloop
  endfacet
  facet normal -1.000000e+00 0.000000e+00 0.000000e+00
    outer loop
      vertex   3.050000e+01 -4.100000e+00 -3.350000e+01
      vertex   3.050000e+01 -3.500000e+00 -1.300049e+01
      vertex   3.050000e+01 -3.500000e+00 -1.900049e+01
    endloop
  endfacet
  facet normal -1.000000e+00 0.000000e+00 0.000000e+00
    outer loop
      vertex   3.050000e+01 -4.100000e+00 -3.350000e+01
      vertex   3.050000e+01 -3.500000e+00 -1.900049e+01
      vertex   3.050000e+01 -1.600000e+00 -3.350000e+01
    endloop
  endfacet
  facet normal -1.000000e+00 0.000000e+00 0.000000e+00
    outer loop
      vertex   3.050000e+01 -1.600000e+00 -3.350000e+01
      vertex   3.050000e+01 -3.500000e+00 -1.900049e+01
      vertex   3.050000e+01 -1.600000e+00 -1.900049e+01
    endloop
  endfacet
  facet normal -1.000000e+00 1.266840e-14 -3.200643e-16
    outer loop
      vertex   3.050000e+01 -4.100000e+00 -3.350000e+01
      vertex   3.050000e+01 -4.100000e+00 2.200000e+01
      vertex   3.050000e+01 -3.500000e+00 -9.751526e+00
    endloop
  endfacet
  facet normal -1.000000e+00 2.960595e-14 0.000000e+00
    outer loop
      vertex   3.050000e+01 -3.500000e+00 -9.751526e+00
      vertex   3.050000e+01 -4.100000e+00 2.200000e+01
      vertex   3.050000e+01 -3.500000e+00 -1.251526e+00
    endloop
  endfacet
  facet normal -1.000000e+00 2.171346e-31 -7.639743e-16
    outer loop
      vertex   3.050000e+01 -3.500000e+00 -1.251526e+00
      vertex   3.050000e+01 -4.100000e+00 2.200000e+01
      vertex   3.050000e+01 -1.600000e+00 2.200000e+01
    endloop
  endfacet
  facet normal -1.000000e+00 0.000000e+00 -7.639743e-16
    outer loop
      vertex   3.050000e+01 -3.500000e+00 -1.251526e+00
      vertex   3.050000e+01 -1.600000e+00 2.200000e+01
      vertex   3.050000e+01 -1.600000e+00 -1.251526e+00
    endloop
  endfacet
  facet normal -7.048732e-01 -7.048732e-01 7.942014e-02
    outer loop
      vertex   -1.020000e+02 -5.900000e+00 0.000000e+00
      vertex   -1.017000e+02 -6.200000e+00 0.000000e+00
      vertex   -1.019499e+02 -5.900000e+00 4.450419e-01
    endloop
  endfacet
  facet normal -6.943044e-01 -7.138530e-01 9.140691e-02
    outer loop
      vertex   -1.019499e+02 -5.900000e+00 4.450419e-01
      vertex   -1.017000e+02 -6.200000e+00 0.000000e+00
      vertex   -1.016421e+02 -6.200000e+00 4.399924e-01
    endloop
  endfacet
  facet normal -6.761833e-01 -6.977058e-01 2.366068e-01
    outer loop
      vertex   -1.019499e+02 -5.900000e+00 4.450419e-01
      vertex   -1.016421e+02 -6.200000e+00 4.399924e-01
      vertex   -1.018019e+02 -5.900000e+00 8.677675e-01
    endloop
  endfacet
  facet normal -6.409920e-01 -7.201632e-01 2.655076e-01
    outer loop
      vertex   -1.018019e+02 -5.900000e+00 8.677675e-01
      vertex   -1.016421e+02 -6.200000e+00 4.399924e-01
      vertex   -1.014722e+02 -6.200000e+00 8.500000e-01
    endloop
  endfacet
  facet normal -6.101926e-01 -6.932980e-01 3.834094e-01
    outer loop
      vertex   -1.018019e+02 -5.900000e+00 8.677675e-01
      vertex   -1.014722e+02 -6.200000e+00 8.500000e-01
      vertex   -1.015637e+02 -5.900000e+00 1.246980e+00
    endloop
  endfacet
  facet normal -5.478748e-01 -7.232549e-01 4.203991e-01
    outer loop
      vertex   -1.015637e+02 -5.900000e+00 1.246980e+00
      vertex   -1.014722e+02 -6.200000e+00 8.500000e-01
      vertex   -1.012021e+02 -6.200000e+00 1.202082e+00
    endloop
  endfacet
  facet normal -5.105870e-01 -6.918105e-01 5.105870e-01
    outer loop
      vertex   -1.015637e+02 -5.900000e+00 1.246980e+00
      vertex   -1.012021e+02 -6.200000e+00 1.202082e+00
      vertex   -1.012470e+02 -5.900000e+00 1.563663e+00
    endloop
  endfacet
  facet normal -4.203991e-01 -7.232549e-01 5.478748e-01
    outer loop
      vertex   -1.012470e+02 -5.900000e+00 1.563663e+00
      vertex   -1.012021e+02 -6.200000e+00 1.202082e+00
      vertex   -1.008500e+02 -6.200000e+00 1.472243e+00
    endloop
  endfacet
  facet normal -3.834094e-01 -6.932980e-01 6.101926e-01
    outer loop
      vertex   -1.012470e+02 -5.900000e+00 1.563663e+00
      vertex   -1.008500e+02 -6.200000e+00 1.472243e+00
      vertex   -1.008678e+02 -5.900000e+00 1.801938e+00
    endloop
  endfacet
  facet normal -2.655076e-01 -7.201632e-01 6.409920e-01
    outer loop
      vertex   -1.008678e+02 -5.900000e+00 1.801938e+00
      vertex   -1.008500e+02 -6.200000e+00 1.472243e+00
      vertex   -1.004400e+02 -6.200000e+00 1.642074e+00
    endloop
  endfacet
  facet normal -2.366068e-01 -6.977058e-01 6.761833e-01
    outer loop
      vertex   -1.008678e+02 -5.900000e+00 1.801938e+00
      vertex   -1.004400e+02 -6.200000e+00 1.642074e+00
      vertex   -1.004450e+02 -5.900000e+00 1.949856e+00
    endloop
  endfacet
  facet normal -9.140691e-02 -7.138530e-01 6.943044e-01
    outer loop
      vertex   -1.004450e+02 -5.900000e+00 1.949856e+00
      vertex   -1.004400e+02 -6.200000e+00 1.642074e+00
      vertex   -1.000000e+02 -6.200000e+00 1.700000e+00
    endloop
  endfacet
  facet normal -7.942014e-02 -7.048732e-01 7.048732e-01
    outer loop
      vertex   -1.004450e+02 -5.900000e+00 1.949856e+00
      vertex   -1.000000e+02 -6.200000e+00 1.700000e+00
      vertex   -1.000000e+02 -5.900000e+00 2.000000e+00
    endloop
  endfacet
  facet normal -7.071068e-01 -7.071068e-01 1.674765e-16
    outer loop
      vertex   -1.017000e+02 -6.200000e+00 -6.000000e+01
      vertex   -1.017000e+02 -6.200000e+00 0.000000e+00
      vertex   -1.020000e+02 -5.900000e+00 -6.000000e+01
    endloop
  endfacet
  facet normal -7.071068e-01 -7.071068e-01 0.000000e+00
    outer loop
      vertex   -1.020000e+02 -5.900000e+00 -6.000000e+01
      vertex   -1.017000e+02 -6.200000e+00 0.000000e+00
      vertex   -1.020000e+02 -5.900000e+00 0.000000e+00
    endloop
  endfacet
  facet normal -7.942014e-02 -7.048732e-01 -7.048732e-01
    outer loop
      vertex   -1.000000e+02 -5.900000e+00 -6.200000e+01
      vertex   -1.000000e+02 -6.200000e+00 -6.170000e+01
      vertex   -1.004450e+02 -5.900000e+00 -6.194986e+01
    endloop
  endfacet
  facet normal -9.140691e-02 -7.138530e-01 -6.943044e-01
    outer loop
      vertex   -1.004450e+02 -5.900000e+00 -6.194986e+01
      vertex   -1.000000e+02 -6.200000e+00 -6.170000e+01
      vertex   -1.004400e+02 -6.200000e+00 -6.164207e+01
    endloop
  endfacet
  facet normal -2.366068e-01 -6.977058e-01 -6.761833e-01
    outer loop
      vertex   -1.004450e+02 -5.900000e+00 -6.194986e+01
      vertex   -1.004400e+02 -6.200000e+00 -6.164207e+01
      vertex   -1.008678e+02 -5.900000e+00 -6.180194e+01
    endloop
  endfacet
  facet normal -2.655076e-01 -7.201632e-01 -6.409920e-01
    outer loop
      vertex   -1.008678e+02 -5.900000e+00 -6.180194e+01
      vertex   -1.004400e+02 -6.200000e+00 -6.164207e+01
      vertex   -1.008500e+02 -6.200000e+00 -6.147224e+01
    endloop
  endfacet
  facet normal -3.834094e-01 -6.932980e-01 -6.101926e-01
    outer loop
      vertex   -1.008678e+02 -5.900000e+00 -6.180194e+01
      vertex   -1.008500e+02 -6.200000e+00 -6.147224e+01
      vertex   -1.012470e+02 -5.900000e+00 -6.156366e+01
    endloop
  endfacet
  facet normal -4.203991e-01 -7.232549e-01 -5.478748e-01
    outer loop
      vertex   -1.012470e+02 -5.900000e+00 -6.156366e+01
      vertex   -1.008500e+02 -6.200000e+00 -6.147224e+01
      vertex   -1.012021e+02 -6.200000e+00 -6.120208e+01
    endloop
  endfacet
  facet normal -5.105870e-01 -6.918105e-01 -5.105870e-01
    outer loop
      vertex   -1.012470e+02 -5.900000e+00 -6.156366e+01
      vertex   -1.012021e+02 -6.200000e+00 -6.120208e+01
      vertex   -1.015637e+02 -5.900000e+00 -6.124698e+01
    endloop
  endfacet
  facet normal -5.478748e-01 -7.232549e-01 -4.203991e-01
    outer loop
      vertex   -1.015637e+02 -5.900000e+00 -6.124698e+01
      vertex   -1.012021e+02 -6.200000e+00 -6.120208e+01
      vertex   -1.014722e+02 -6.200000e+00 -6.085000e+01
    endloop
  endfacet
  facet normal -6.101926e-01 -6.932980e-01 -3.834094e-01
    outer loop
      vertex   -1.015637e+02 -5.900000e+00 -6.124698e+01
      vertex   -1.014722e+02 -6.200000e+00 -6.085000e+01
      vertex   -1.018019e+02 -5.900000e+00 -6.086777e+01
    endloop
  endfacet
  facet normal -6.409920e-01 -7.201632e-01 -2.655076e-01
    outer loop
      vertex   -1.018019e+02 -5.900000e+00 -6.086777e+01
      vertex   -1.014722e+02 -6.200000e+00 -6.085000e+01
      vertex   -1.016421e+02 -6.200000e+00 -6.043999e+01
    endloop
  endfacet
  facet normal -6.761833e-01 -6.977058e-01 -2.366068e-01
    outer loop
      vertex   -1.018019e+02 -5.900000e+00 -6.086777e+01
      vertex   -1.016421e+02 -6.200000e+00 -6.043999e+01
      vertex   -1.019499e+02 -5.900000e+00 -6.044504e+01
    endloop
  endfacet
  facet normal -6.943044e-01 -7.138530e-01 -9.140691e-02
    outer loop
      vertex   -1.019499e+02 -5.900000e+00 -6.044504e+01
      vertex   -1.016421e+02 -6.200000e+00 -6.043999e+01
      vertex   -1.017000e+02 -6.200000e+00 -6.000000e+01
    endloop
  endfacet
  facet normal -7.048732e-01 -7.048732e-01 -7.942014e-02
    outer loop
      vertex   -1.019499e+02 -5.900000e+00 -6.044504e+01
      vertex   -1.017000e+02 -6.200000e+00 -6.000000e+01
      vertex   -1.020000e+02 -5.900000e+00 -6.000000e+01
    endloop
  endfacet
  facet normal -0.000000e+00 -7.071068e-01 -7.071068e-01
    outer loop
      vertex   0.000000e+00 -6.200000e+00 -6.170000e+01
      vertex   -1.000000e+02 -6.200000e+00 -6.170000e+01
      vertex   0.000000e+00 -5.900000e+00 -6.200000e+01
    endloop
  endfacet
  facet normal -0.000000e+00 -7.071068e-01 -7.071068e-01
    outer loop
      vertex   0.000000e+00 -5.900000e+00 -6.200000e+01
      vertex   -1.000000e+02 -6.200000e+00 -6.170000e+01
      vertex   -1.000000e+02 -5.900000e+00 -6.200000e+01
    endloop
  endfacet
  facet normal 7.048732e-01 -7.048732e-01 -7.942014e-02
    outer loop
      vertex   2.000000e+00 -5.900000e+00 -6.000000e+01
      vertex   1.700000e+00 -6.200000e+00 -6.000000e+01
      vertex   1.949856e+00 -5.900000e+00 -6.044504e+01
    endloop
  endfacet
  facet normal 6.943044e-01 -7.138530e-01 -9.140691e-02
    outer loop
      vertex   1.949856e+00 -5.900000e+00 -6.044504e+01
      vertex   1.700000e+00 -6.200000e+00 -6.000000e+01
      vertex   1.642074e+00 -6.200000e+00 -6.043999e+01
    endloop
  endfacet
  facet normal 6.761833e-01 -6.977058e-01 -2.366068e-01
    outer loop
      vertex   1.949856e+00 -5.900000e+00 -6.044504e+01
      vertex   1.642074e+00 -6.200000e+00 -6.043999e+01
      vertex   1.801938e+00 -5.900000e+00 -6.086777e+01
    endloop
  endfacet
  facet normal 6.409920e-01 -7.201632e-01 -2.655076e-01
    outer loop
      vertex   1.801938e+00 -5.900000e+00 -6.086777e+01
      vertex   1.642074e+00 -6.200000e+00 -6.043999e+01
      vertex   1.472243e+00 -6.200000e+00 -6.085000e+01
    endloop
  endfacet
  facet normal 6.101926e-01 -6.932980e-01 -3.834094e-01
    outer loop
      vertex   1.801938e+00 -5.900000e+00 -6.086777e+01
      vertex   1.472243e+00 -6.200000e+00 -6.085000e+01
      vertex   1.563663e+00 -5.900000e+00 -6.124698e+01
    endloop
  endfacet
  facet normal 5.478748e-01 -7.232549e-01 -4.203991e-01
    outer loop
      vertex   1.563663e+00 -5.900000e+00 -6.124698e+01
      vertex   1.472243e+00 -6.200000e+00 -6.085000e+01
      vertex   1.202082e+00 -6.200000e+00 -6.120208e+01
    endloop
  endfacet
  facet normal 5.105870e-01 -6.918105e-01 -5.105870e-01
    outer loop
      vertex   1.563663e+00 -5.900000e+00 -6.124698e+01
      vertex   1.202082e+00 -6.200000e+00 -6.120208e+01
      vertex   1.246980e+00 -5.900000e+00 -6.156366e+01
    endloop
  endfacet
  facet normal 4.203991e-01 -7.232549e-01 -5.478748e-01
    outer loop
      vertex   1.246980e+00 -5.900000e+00 -6.156366e+01
      vertex   1.202082e+00 -6.200000e+00 -6.120208e+01
      vertex   8.500000e-01 -6.200000e+00 -6.147224e+01
    endloop
  endfacet
  facet normal 3.834094e-01 -6.932980e-01 -6.101926e-01
    outer loop
      vertex   1.246980e+00 -5.900000e+00 -6.156366e+01
      vertex   8.500000e-01 -6.200000e+00 -6.147224e+01
      vertex   8.677675e-01 -5.900000e+00 -6.180194e+01
    endloop
  endfacet
  facet normal 2.655076e-01 -7.201632e-01 -6.409920e-01
    outer loop
      vertex   8.677675e-01 -5.900000e+00 -6.180194e+01
      vertex   8.500000e-01 -6.200000e+00 -6.147224e+01
      vertex   4.399924e-01 -6.200000e+00 -6.164207e+01
    endloop
  endfacet
  facet normal 2.366068e-01 -6.977058e-01 -6.761833e-01
    outer loop
      vertex   8.677675e-01 -5.900000e+00 -6.180194e+01
      vertex   4.399924e-01 -6.200000e+00 -6.164207e+01
      vertex   4.450419e-01 -5.900000e+00 -6.194986e+01
    endloop
  endfacet
  facet normal 9.140691e-02 -7.138530e-01 -6.943044e-01
    outer loop
      vertex   4.450419e-01 -5.900000e+00 -6.194986e+01
      vertex   4.399924e-01 -6.200000e+00 -6.164207e+01
      vertex   0.000000e+00 -6.200000e+00 -6.170000e+01
    endloop
  endfacet
  facet normal 7.942014e-02 -7.048732e-01 -7.048732e-01
    outer loop
      vertex   4.450419e-01 -5.900000e+00 -6.194986e+01
      vertex   0.000000e+00 -6.200000e+00 -6.170000e+01
      vertex   0.000000e+00 -5.900000e+00 -6.200000e+01
    endloop
  endfacet
  facet normal 7.071068e-01 -7.071068e-01 -1.046728e-16
    outer loop
      vertex   1.700000e+00 -6.200000e+00 -3.750000e+01
      vertex   1.700000e+00 -6.200000e+00 -6.000000e+01
      vertex   2.000000e+00 -5.900000e+00 -3.750000e+01
    endloop
  endfacet
  facet normal 7.071068e-01 -7.071068e-01 0.000000e+00
    outer loop
      vertex   2.000000e+00 -5.900000e+00 -3.750000e+01
      vertex   1.700000e+00 -6.200000e+00 -6.000000e+01
      vertex   2.000000e+00 -5.900000e+00 -6.000000e+01
    endloop
  endfacet
  facet normal 7.942014e-02 -7.048732e-01 -7.048732e-01
    outer loop
      vertex   4.000000e+00 -5.900000e+00 -3.550000e+01
      vertex   4.000000e+00 -6.200000e+00 -3.520000e+01
      vertex   3.554958e+00 -5.900000e+00 -3.555014e+01
    endloop
  endfacet
  facet normal 7.942014e-02 -7.048732e-01 -7.048732e-01
    outer loop
      vertex   3.554958e+00 -5.900000e+00 -3.555014e+01
      vertex   4.000000e+00 -6.200000e+00 -3.520000e+01
      vertex   3.488202e+00 -6.200000e+00 -3.525767e+01
    endloop
  endfacet
  facet normal 2.342779e-01 -7.048732e-01 -6.695279e-01
    outer loop
      vertex   3.554958e+00 -5.900000e+00 -3.555014e+01
      vertex   3.488202e+00 -6.200000e+00 -3.525767e+01
      vertex   3.132233e+00 -5.900000e+00 -3.569806e+01
    endloop
  endfacet
  facet normal 2.342779e-01 -7.048732e-01 -6.695279e-01
    outer loop
      vertex   3.132233e+00 -5.900000e+00 -3.569806e+01
      vertex   3.488202e+00 -6.200000e+00 -3.525767e+01
      vertex   3.002067e+00 -6.200000e+00 -3.542777e+01
    endloop
  endfacet
  facet normal 3.773881e-01 -7.048732e-01 -6.006097e-01
    outer loop
      vertex   3.132233e+00 -5.900000e+00 -3.569806e+01
      vertex   3.002067e+00 -6.200000e+00 -3.542777e+01
      vertex   2.753020e+00 -5.900000e+00 -3.593634e+01
    endloop
  endfacet
  facet normal 3.773881e-01 -7.048732e-01 -6.006097e-01
    outer loop
      vertex   2.753020e+00 -5.900000e+00 -3.593634e+01
      vertex   3.002067e+00 -6.200000e+00 -3.542777e+01
      vertex   2.565973e+00 -6.200000e+00 -3.570179e+01
    endloop
  endfacet
  facet normal 5.015744e-01 -7.048732e-01 -5.015744e-01
    outer loop
      vertex   2.753020e+00 -5.900000e+00 -3.593634e+01
      vertex   2.565973e+00 -6.200000e+00 -3.570179e+01
      vertex   2.436337e+00 -5.900000e+00 -3.625302e+01
    endloop
  endfacet
  facet normal 5.015744e-01 -7.048732e-01 -5.015744e-01
    outer loop
      vertex   2.436337e+00 -5.900000e+00 -3.625302e+01
      vertex   2.565973e+00 -6.200000e+00 -3.570179e+01
      vertex   2.201788e+00 -6.200000e+00 -3.606597e+01
    endloop
  endfacet
  facet normal 6.006097e-01 -7.048732e-01 -3.773881e-01
    outer loop
      vertex   2.436337e+00 -5.900000e+00 -3.625302e+01
      vertex   2.201788e+00 -6.200000e+00 -3.606597e+01
      vertex   2.198062e+00 -5.900000e+00 -3.663223e+01
    endloop
  endfacet
  facet normal 6.006097e-01 -7.048732e-01 -3.773881e-01
    outer loop
      vertex   2.198062e+00 -5.900000e+00 -3.663223e+01
      vertex   2.201788e+00 -6.200000e+00 -3.606597e+01
      vertex   1.927772e+00 -6.200000e+00 -3.650207e+01
    endloop
  endfacet
  facet normal 6.695279e-01 -7.048732e-01 -2.342779e-01
    outer loop
      vertex   2.198062e+00 -5.900000e+00 -3.663223e+01
      vertex   1.927772e+00 -6.200000e+00 -3.650207e+01
      vertex   2.050144e+00 -5.900000e+00 -3.705496e+01
    endloop
  endfacet
  facet normal 6.695279e-01 -7.048732e-01 -2.342779e-01
    outer loop
      vertex   2.050144e+00 -5.900000e+00 -3.705496e+01
      vertex   1.927772e+00 -6.200000e+00 -3.650207e+01
      vertex   1.757666e+00 -6.200000e+00 -3.698820e+01
    endloop
  endfacet
  facet normal 7.048732e-01 -7.048732e-01 -7.942014e-02
    outer loop
      vertex   2.050144e+00 -5.900000e+00 -3.705496e+01
      vertex   1.757666e+00 -6.200000e+00 -3.698820e+01
      vertex   2.000000e+00 -5.900000e+00 -3.750000e+01
    endloop
  endfacet
  facet normal 7.048732e-01 -7.048732e-01 -7.942014e-02
    outer loop
      vertex   2.000000e+00 -5.900000e+00 -3.750000e+01
      vertex   1.757666e+00 -6.200000e+00 -3.698820e+01
      vertex   1.700000e+00 -6.200000e+00 -3.750000e+01
    endloop
  endfacet
  facet normal 1.932421e-16 -7.071068e-01 -7.071068e-01
    outer loop
      vertex   3.000000e+01 -6.200000e+00 -3.520000e+01
      vertex   4.000000e+00 -6.200000e+00 -3.520000e+01
      vertex   3.000000e+01 -5.900000e+00 -3.550000e+01
    endloop
  endfacet
  facet normal -1.932421e-16 -7.071068e-01 -7.071068e-01
    outer loop
      vertex   3.000000e+01 -5.900000e+00 -3.550000e+01
      vertex   4.000000e+00 -6.200000e+00 -3.520000e+01
      vertex   4.000000e+00 -5.900000e+00 -3.550000e+01
    endloop
  endfacet
  facet normal 7.048732e-01 -7.048732e-01 -7.942014e-02
    outer loop
      vertex   3.200000e+01 -5.900000e+00 -3.350000e+01
      vertex   3.170000e+01 -6.200000e+00 -3.350000e+01
      vertex   3.194986e+01 -5.900000e+00 -3.394504e+01
    endloop
  endfacet
  facet normal 6.943044e-01 -7.138530e-01 -9.140691e-02
    outer loop
      vertex   3.194986e+01 -5.900000e+00 -3.394504e+01
      vertex   3.170000e+01 -6.200000e+00 -3.350000e+01
      vertex   3.164207e+01 -6.200000e+00 -3.393999e+01
    endloop
  endfacet
  facet normal 6.761833e-01 -6.977058e-01 -2.366068e-01
    outer loop
      vertex   3.194986e+01 -5.900000e+00 -3.394504e+01
      vertex   3.164207e+01 -6.200000e+00 -3.393999e+01
      vertex   3.180194e+01 -5.900000e+00 -3.436777e+01
    endloop
  endfacet
  facet normal 6.409920e-01 -7.201632e-01 -2.655076e-01
    outer loop
      vertex   3.180194e+01 -5.900000e+00 -3.436777e+01
      vertex   3.164207e+01 -6.200000e+00 -3.393999e+01
      vertex   3.147224e+01 -6.200000e+00 -3.435000e+01
    endloop
  endfacet
  facet normal 6.101926e-01 -6.932980e-01 -3.834094e-01
    outer loop
      vertex   3.180194e+01 -5.900000e+00 -3.436777e+01
      vertex   3.147224e+01 -6.200000e+00 -3.435000e+01
      vertex   3.156366e+01 -5.900000e+00 -3.474698e+01
    endloop
  endfacet
  facet normal 5.478748e-01 -7.232549e-01 -4.203991e-01
    outer loop
      vertex   3.156366e+01 -5.900000e+00 -3.474698e+01
      vertex   3.147224e+01 -6.200000e+00 -3.435000e+01
      vertex   3.120208e+01 -6.200000e+00 -3.470208e+01
    endloop
  endfacet
  facet normal 5.105870e-01 -6.918105e-01 -5.105870e-01
    outer loop
      vertex   3.156366e+01 -5.900000e+00 -3.474698e+01
      vertex   3.120208e+01 -6.200000e+00 -3.470208e+01
      vertex   3.124698e+01 -5.900000e+00 -3.506366e+01
    endloop
  endfacet
  facet normal 4.203991e-01 -7.232549e-01 -5.478748e-01
    outer loop
      vertex   3.124698e+01 -5.900000e+00 -3.506366e+01
      vertex   3.120208e+01 -6.200000e+00 -3.470208e+01
      vertex   3.085000e+01 -6.200000e+00 -3.497224e+01
    endloop
  endfacet
  facet normal 3.834094e-01 -6.932980e-01 -6.101926e-01
    outer loop
      vertex   3.124698e+01 -5.900000e+00 -3.506366e+01
      vertex   3.085000e+01 -6.200000e+00 -3.497224e+01
      vertex   3.086777e+01 -5.900000e+00 -3.530194e+01
    endloop
  endfacet
  facet normal 2.655076e-01 -7.201632e-01 -6.409920e-01
    outer loop
      vertex   3.086777e+01 -5.900000e+00 -3.530194e+01
      vertex   3.085000e+01 -6.200000e+00 -3.497224e+01
      vertex   3.043999e+01 -6.200000e+00 -3.514207e+01
    endloop
  endfacet
  facet normal 2.366068e-01 -6.977058e-01 -6.761833e-01
    outer loop
      vertex   3.086777e+01 -5.900000e+00 -3.530194e+01
      vertex   3.043999e+01 -6.200000e+00 -3.514207e+01
      vertex   3.044504e+01 -5.900000e+00 -3.544986e+01
    endloop
  endfacet
  facet normal 9.140691e-02 -7.138530e-01 -6.943044e-01
    outer loop
      vertex   3.044504e+01 -5.900000e+00 -3.544986e+01
      vertex   3.043999e+01 -6.200000e+00 -3.514207e+01
      vertex   3.000000e+01 -6.200000e+00 -3.520000e+01
    endloop
  endfacet
  facet normal 7.942014e-02 -7.048732e-01 -7.048732e-01
    outer loop
      vertex   3.044504e+01 -5.900000e+00 -3.544986e+01
      vertex   3.000000e+01 -6.200000e+00 -3.520000e+01
      vertex   3.000000e+01 -5.900000e+00 -3.550000e+01
    endloop
  endfacet
  facet normal 7.071068e-01 -7.071068e-01 4.526393e-17
    outer loop
      vertex   3.170000e+01 -6.200000e+00 2.200000e+01
      vertex   3.170000e+01 -6.200000e+00 -3.350000e+01
      vertex   3.200000e+01 -5.900000e+00 2.200000e+01
    endloop
  endfacet
  facet normal 7.071068e-01 -7.071068e-01 2.715836e-16
    outer loop
      vertex   3.200000e+01 -5.900000e+00 2.200000e+01
      vertex   3.170000e+01 -6.200000e+00 -3.350000e+01
      vertex   3.200000e+01 -5.900000e+00 -3.350000e+01
    endloop
  endfacet
  facet normal 7.942014e-02 -7.048732e-01 7.048732e-01
    outer loop
      vertex   3.000000e+01 -5.900000e+00 2.400000e+01
      vertex   3.000000e+01 -6.200000e+00 2.370000e+01
      vertex   3.044504e+01 -5.900000e+00 2.394986e+01
    endloop
  endfacet
  facet normal 9.140691e-02 -7.138530e-01 6.943044e-01
    outer loop
      vertex   3.044504e+01 -5.900000e+00 2.394986e+01
      vertex   3.000000e+01 -6.200000e+00 2.370000e+01
      vertex   3.043999e+01 -6.200000e+00 2.364207e+01
    endloop
  endfacet
  facet normal 2.366068e-01 -6.977058e-01 6.761833e-01
    outer loop
      vertex   3.044504e+01 -5.900000e+00 2.394986e+01
      vertex   3.043999e+01 -6.200000e+00 2.364207e+01
      vertex   3.086777e+01 -5.900000e+00 2.380194e+01
    endloop
  endfacet
  facet normal 2.655076e-01 -7.201632e-01 6.409920e-01
    outer loop
      vertex   3.086777e+01 -5.900000e+00 2.380194e+01
      vertex   3.043999e+01 -6.200000e+00 2.364207e+01
      vertex   3.085000e+01 -6.200000e+00 2.347224e+01
    endloop
  endfacet
  facet normal 3.834094e-01 -6.932980e-01 6.101926e-01
    outer loop
      vertex   3.086777e+01 -5.900000e+00 2.380194e+01
      vertex   3.085000e+01 -6.200000e+00 2.347224e+01
      vertex   3.124698e+01 -5.900000e+00 2.356366e+01
    endloop
  endfacet
  facet normal 4.203991e-01 -7.232549e-01 5.478748e-01
    outer loop
      vertex   3.124698e+01 -5.900000e+00 2.356366e+01
      vertex   3.085000e+01 -6.200000e+00 2.347224e+01
      vertex   3.120208e+01 -6.200000e+00 2.320208e+01
    endloop
  endfacet
  facet normal 5.105870e-01 -6.918105e-01 5.105870e-01
    outer loop
      vertex   3.124698e+01 -5.900000e+00 2.356366e+01
      vertex   3.120208e+01 -6.200000e+00 2.320208e+01
      vertex   3.156366e+01 -5.900000e+00 2.324698e+01
    endloop
  endfacet
  facet normal 5.478748e-01 -7.232549e-01 4.203991e-01
    outer loop
      vertex   3.156366e+01 -5.900000e+00 2.324698e+01
      vertex   3.120208e+01 -6.200000e+00 2.320208e+01
      vertex   3.147224e+01 -6.200000e+00 2.285000e+01
    endloop
  endfacet
  facet normal 6.101926e-01 -6.932980e-01 3.834094e-01
    outer loop
      vertex   3.156366e+01 -5.900000e+00 2.324698e+01
      vertex   3.147224e+01 -6.200000e+00 2.285000e+01
      vertex   3.180194e+01 -5.900000e+00 2.286777e+01
    endloop
  endfacet
  facet normal 6.409920e-01 -7.201632e-01 2.655076e-01
    outer loop
      vertex   3.180194e+01 -5.900000e+00 2.286777e+01
      vertex   3.147224e+01 -6.200000e+00 2.285000e+01
      vertex   3.164207e+01 -6.200000e+00 2.243999e+01
    endloop
  endfacet
  facet normal 6.761833e-01 -6.977058e-01 2.366068e-01
    outer loop
      vertex   3.180194e+01 -5.900000e+00 2.286777e+01
      vertex   3.164207e+01 -6.200000e+00 2.243999e+01
      vertex   3.194986e+01 -5.900000e+00 2.244504e+01
    endloop
  endfacet
  facet normal 6.943044e-01 -7.138530e-01 9.140691e-02
    outer loop
      vertex   3.194986e+01 -5.900000e+00 2.244504e+01
      vertex   3.164207e+01 -6.200000e+00 2.243999e+01
      vertex   3.170000e+01 -6.200000e+00 2.200000e+01
    endloop
  endfacet
  facet normal 7.048732e-01 -7.048732e-01 7.942014e-02
    outer loop
      vertex   3.194986e+01 -5.900000e+00 2.244504e+01
      vertex   3.170000e+01 -6.200000e+00 2.200000e+01
      vertex   3.200000e+01 -5.900000e+00 2.200000e+01
    endloop
  endfacet
  facet normal 4.186913e-17 -7.071068e-01 7.071068e-01
    outer loop
      vertex   -3.000000e+01 -6.200000e+00 2.370000e+01
      vertex   3.000000e+01 -6.200000e+00 2.370000e+01
      vertex   -3.000000e+01 -5.900000e+00 2.400000e+01
    endloop
  endfacet
  facet normal 0.000000e+00 -7.071068e-01 7.071068e-01
    outer loop
      vertex   -3.000000e+01 -5.900000e+00 2.400000e+01
      vertex   3.000000e+01 -6.200000e+00 2.370000e+01
      vertex   3.000000e+01 -5.900000e+00 2.400000e+01
    endloop
  endfacet
  facet normal -7.048732e-01 -7.048732e-01 7.942014e-02
    outer loop
      vertex   -3.200000e+01 -5.900000e+00 2.200000e+01
      vertex   -3.170000e+01 -6.200000e+00 2.200000e+01
      vertex   -3.194986e+01 -5.900000e+00 2.244504e+01
    endloop
  endfacet
  facet normal -6.943044e-01 -7.138530e-01 9.140691e-02
    outer loop
      vertex   -3.194986e+01 -5.900000e+00 2.244504e+01
      vertex   -3.170000e+01 -6.200000e+00 2.200000e+01
      vertex   -3.164207e+01 -6.200000e+00 2.243999e+01
    endloop
  endfacet
  facet normal -6.761833e-01 -6.977058e-01 2.366068e-01
    outer loop
      vertex   -3.194986e+01 -5.900000e+00 2.244504e+01
      vertex   -3.164207e+01 -6.200000e+00 2.243999e+01
      vertex   -3.180194e+01 -5.900000e+00 2.286777e+01
    endloop
  endfacet
  facet normal -6.409920e-01 -7.201632e-01 2.655076e-01
    outer loop
      vertex   -3.180194e+01 -5.900000e+00 2.286777e+01
      vertex   -3.164207e+01 -6.200000e+00 2.243999e+01
      vertex   -3.147224e+01 -6.200000e+00 2.285000e+01
    endloop
  endfacet
  facet normal -6.101926e-01 -6.932980e-01 3.834094e-01
    outer loop
      vertex   -3.180194e+01 -5.900000e+00 2.286777e+01
      vertex   -3.147224e+01 -6.200000e+00 2.285000e+01
      vertex   -3.156366e+01 -5.900000e+00 2.324698e+01
    endloop
  endfacet
  facet normal -5.478748e-01 -7.232549e-01 4.203991e-01
    outer loop
      vertex   -3.156366e+01 -5.900000e+00 2.324698e+01
      vertex   -3.147224e+01 -6.200000e+00 2.285000e+01
      vertex   -3.120208e+01 -6.200000e+00 2.320208e+01
    endloop
  endfacet
  facet normal -5.105870e-01 -6.918105e-01 5.105870e-01
    outer loop
      vertex   -3.156366e+01 -5.900000e+00 2.324698e+01
      vertex   -3.120208e+01 -6.200000e+00 2.320208e+01
      vertex   -3.124698e+01 -5.900000e+00 2.356366e+01
    endloop
  endfacet
  facet normal -4.203991e-01 -7.232549e-01 5.478748e-01
    outer loop
      vertex   -3.124698e+01 -5.900000e+00 2.356366e+01
      vertex   -3.120208e+01 -6.200000e+00 2.320208e+01
      vertex   -3.085000e+01 -6.200000e+00 2.347224e+01
    endloop
  endfacet
  facet normal -3.834094e-01 -6.932980e-01 6.101926e-01
    outer loop
      vertex   -3.124698e+01 -5.900000e+00 2.356366e+01
      vertex   -3.085000e+01 -6.200000e+00 2.347224e+01
      vertex   -3.086777e+01 -5.900000e+00 2.380194e+01
    endloop
  endfacet
  facet normal -2.655076e-01 -7.201632e-01 6.409920e-01
    outer loop
      vertex   -3.086777e+01 -5.900000e+00 2.380194e+01
      vertex   -3.085000e+01 -6.200000e+00 2.347224e+01
      vertex   -3.043999e+01 -6.200000e+00 2.364207e+01
    endloop
  endfacet
  facet normal -2.366068e-01 -6.977058e-01 6.761833e-01
    outer loop
      vertex   -3.086777e+01 -5.900000e+00 2.380194e+01
      vertex   -3.043999e+01 -6.200000e+00 2.364207e+01
      vertex   -3.044504e+01 -5.900000e+00 2.394986e+01
    endloop
  endfacet
  facet normal -9.140691e-02 -7.138530e-01 6.943044e-01
    outer loop
      vertex   -3.044504e+01 -5.900000e+00 2.394986e+01
      vertex   -3.043999e+01 -6.200000e+00 2.364207e+01
      vertex   -3.000000e+01 -6.200000e+00 2.370000e+01
    endloop
  endfacet
  facet normal -7.942014e-02 -7.048732e-01 7.048732e-01
    outer loop
      vertex   -3.044504e+01 -5.900000e+00 2.394986e+01
      vertex   -3.000000e+01 -6.200000e+00 2.370000e+01
      vertex   -3.000000e+01 -5.900000e+00 2.400000e+01
    endloop
  endfacet
  facet normal -7.071068e-01 -7.071068e-01 0.000000e+00
    outer loop
      vertex   -3.170000e+01 -6.200000e+00 4.000000e+00
      vertex   -3.170000e+01 -6.200000e+00 2.200000e+01
      vertex   -3.200000e+01 -5.900000e+00 4.000000e+00
    endloop
  endfacet
  facet normal -7.071068e-01 -7.071068e-01 0.000000e+00
    outer loop
      vertex   -3.200000e+01 -5.900000e+00 4.000000e+00
      vertex   -3.170000e+01 -6.200000e+00 2.200000e+01
      vertex   -3.200000e+01 -5.900000e+00 2.200000e+01
    endloop
  endfacet
  facet normal -7.942014e-02 -7.048732e-01 7.048732e-01
    outer loop
      vertex   -3.400000e+01 -5.900000e+00 2.000000e+00
      vertex   -3.400000e+01 -6.200000e+00 1.700000e+00
      vertex   -3.355496e+01 -5.900000e+00 2.050144e+00
    endloop
  endfacet
  facet normal -7.942014e-02 -7.048732e-01 7.048732e-01
    outer loop
      vertex   -3.355496e+01 -5.900000e+00 2.050144e+00
      vertex   -3.400000e+01 -6.200000e+00 1.700000e+00
      vertex   -3.348820e+01 -6.200000e+00 1.757666e+00
    endloop
  endfacet
  facet normal -2.342779e-01 -7.048732e-01 6.695279e-01
    outer loop
      vertex   -3.355496e+01 -5.900000e+00 2.050144e+00
      vertex   -3.348820e+01 -6.200000e+00 1.757666e+00
      vertex   -3.313223e+01 -5.900000e+00 2.198062e+00
    endloop
  endfacet
  facet normal -2.342779e-01 -7.048732e-01 6.695279e-01
    outer loop
      vertex   -3.313223e+01 -5.900000e+00 2.198062e+00
      vertex   -3.348820e+01 -6.200000e+00 1.757666e+00
      vertex   -3.300207e+01 -6.200000e+00 1.927772e+00
    endloop
  endfacet
  facet normal -3.773881e-01 -7.048732e-01 6.006097e-01
    outer loop
      vertex   -3.313223e+01 -5.900000e+00 2.198062e+00
      vertex   -3.300207e+01 -6.200000e+00 1.927772e+00
      vertex   -3.275302e+01 -5.900000e+00 2.436337e+00
    endloop
  endfacet
  facet normal -3.773881e-01 -7.048732e-01 6.006097e-01
    outer loop
      vertex   -3.275302e+01 -5.900000e+00 2.436337e+00
      vertex   -3.300207e+01 -6.200000e+00 1.927772e+00
      vertex   -3.256597e+01 -6.200000e+00 2.201788e+00
    endloop
  endfacet
  facet normal -5.015744e-01 -7.048732e-01 5.015744e-01
    outer loop
      vertex   -3.275302e+01 -5.900000e+00 2.436337e+00
      vertex   -3.256597e+01 -6.200000e+00 2.201788e+00
      vertex   -3.243634e+01 -5.900000e+00 2.753020e+00
    endloop
  endfacet
  facet normal -5.015744e-01 -7.048732e-01 5.015744e-01
    outer loop
      vertex   -3.243634e+01 -5.900000e+00 2.753020e+00
      vertex   -3.256597e+01 -6.200000e+00 2.201788e+00
      vertex   -3.220179e+01 -6.200000e+00 2.565973e+00
    endloop
  endfacet
  facet normal -6.006097e-01 -7.048732e-01 3.773881e-01
    outer loop
      vertex   -3.243634e+01 -5.900000e+00 2.753020e+00
      vertex   -3.220179e+01 -6.200000e+00 2.565973e+00
      vertex   -3.219806e+01 -5.900000e+00 3.132233e+00
    endloop
  endfacet
  facet normal -6.006097e-01 -7.048732e-01 3.773881e-01
    outer loop
      vertex   -3.219806e+01 -5.900000e+00 3.132233e+00
      vertex   -3.220179e+01 -6.200000e+00 2.565973e+00
      vertex   -3.192777e+01 -6.200000e+00 3.002067e+00
    endloop
  endfacet
  facet normal -6.695279e-01 -7.048732e-01 2.342779e-01
    outer loop
      vertex   -3.219806e+01 -5.900000e+00 3.132233e+00
      vertex   -3.192777e+01 -6.200000e+00 3.002067e+00
      vertex   -3.205014e+01 -5.900000e+00 3.554958e+00
    endloop
  endfacet
  facet normal -6.695279e-01 -7.048732e-01 2.342779e-01
    outer loop
      vertex   -3.205014e+01 -5.900000e+00 3.554958e+00
      vertex   -3.192777e+01 -6.200000e+00 3.002067e+00
      vertex   -3.175767e+01 -6.200000e+00 3.488202e+00
    endloop
  endfacet
  facet normal -7.048732e-01 -7.048732e-01 7.942014e-02
    outer loop
      vertex   -3.205014e+01 -5.900000e+00 3.554958e+00
      vertex   -3.175767e+01 -6.200000e+00 3.488202e+00
      vertex   -3.200000e+01 -5.900000e+00 4.000000e+00
    endloop
  endfacet
  facet normal -7.048732e-01 -7.048732e-01 7.942014e-02
    outer loop
      vertex   -3.200000e+01 -5.900000e+00 4.000000e+00
      vertex   -3.175767e+01 -6.200000e+00 3.488202e+00
      vertex   -3.170000e+01 -6.200000e+00 4.000000e+00
    endloop
  endfacet
  facet normal -4.519963e-17 -7.071068e-01 7.071068e-01
    outer loop
      vertex   -1.000000e+02 -6.200000e+00 1.700000e+00
      vertex   -3.400000e+01 -6.200000e+00 1.700000e+00
      vertex   -1.000000e+02 -5.900000e+00 2.000000e+00
    endloop
  endfacet
  facet normal -1.903142e-16 -7.071068e-01 7.071068e-01
    outer loop
      vertex   -1.000000e+02 -5.900000e+00 2.000000e+00
      vertex   -3.400000e+01 -6.200000e+00 1.700000e+00
      vertex   -3.400000e+01 -5.900000e+00 2.000000e+00
    endloop
  endfacet
  facet normal 1.119645e-01 0.000000e+00 -9.937122e-01
    outer loop
      vertex   4.000000e+00 -1.600000e+00 -3.550000e+01
      vertex   4.000000e+00 -5.900000e+00 -3.550000e+01
      vertex   3.554958e+00 -1.600000e+00 -3.555014e+01
    endloop
  endfacet
  facet normal 1.119645e-01 0.000000e+00 -9.937122e-01
    outer loop
      vertex   3.554958e+00 -1.600000e+00 -3.555014e+01
      vertex   4.000000e+00 -5.900000e+00 -3.550000e+01
      vertex   3.554958e+00 -5.900000e+00 -3.555014e+01
    endloop
  endfacet
  facet normal 3.302791e-01 0.000000e+00 -9.438833e-01
    outer loop
      vertex   3.554958e+00 -1.600000e+00 -3.555014e+01
      vertex   3.554958e+00 -5.900000e+00 -3.555014e+01
      vertex   3.132233e+00 -1.600000e+00 -3.569806e+01
    endloop
  endfacet
  facet normal 3.302791e-01 0.000000e+00 -9.438833e-01
    outer loop
      vertex   3.132233e+00 -1.600000e+00 -3.569806e+01
      vertex   3.554958e+00 -5.900000e+00 -3.555014e+01
      vertex   3.132233e+00 -5.900000e+00 -3.569806e+01
    endloop
  endfacet
  facet normal 5.320321e-01 0.000000e+00 -8.467242e-01
    outer loop
      vertex   3.132233e+00 -1.600000e+00 -3.569806e+01
      vertex   3.132233e+00 -5.900000e+00 -3.569806e+01
      vertex   2.753020e+00 -1.600000e+00 -3.593634e+01
    endloop
  endfacet
  facet normal 5.320321e-01 0.000000e+00 -8.467242e-01
    outer loop
      vertex   2.753020e+00 -1.600000e+00 -3.593634e+01
      vertex   3.132233e+00 -5.900000e+00 -3.569806e+01
      vertex   2.753020e+00 -5.900000e+00 -3.593634e+01
    endloop
  endfacet
  facet normal 7.071068e-01 0.000000e+00 -7.071068e-01
    outer loop
      vertex   2.753020e+00 -1.600000e+00 -3.593634e+01
      vertex   2.753020e+00 -5.900000e+00 -3.593634e+01
      vertex   2.436337e+00 -1.600000e+00 -3.625302e+01
    endloop
  endfacet
  facet normal 7.071068e-01 0.000000e+00 -7.071068e-01
    outer loop
      vertex   2.436337e+00 -1.600000e+00 -3.625302e+01
      vertex   2.753020e+00 -5.900000e+00 -3.593634e+01
      vertex   2.436337e+00 -5.900000e+00 -3.625302e+01
    endloop
  endfacet
  facet normal 8.467242e-01 0.000000e+00 -5.320321e-01
    outer loop
      vertex   2.436337e+00 -1.600000e+00 -3.625302e+01
      vertex   2.436337e+00 -5.900000e+00 -3.625302e+01
      vertex   2.198062e+00 -1.600000e+00 -3.663223e+01
    endloop
  endfacet
  facet normal 8.467242e-01 0.000000e+00 -5.320321e-01
    outer loop
      vertex   2.198062e+00 -1.600000e+00 -3.663223e+01
      vertex   2.436337e+00 -5.900000e+00 -3.625302e+01
      vertex   2.198062e+00 -5.900000e+00 -3.663223e+01
    endloop
  endfacet
  facet normal 9.438833e-01 0.000000e+00 -3.302791e-01
    outer loop
      vertex   2.198062e+00 -1.600000e+00 -3.663223e+01
      vertex   2.198062e+00 -5.900000e+00 -3.663223e+01
      vertex   2.050144e+00 -1.600000e+00 -3.705496e+01
    endloop
  endfacet
  facet normal 9.438833e-01 0.000000e+00 -3.302791e-01
    outer loop
      vertex   2.050144e+00 -1.600000e+00 -3.705496e+01
      vertex   2.198062e+00 -5.900000e+00 -3.663223e+01
      vertex   2.050144e+00 -5.900000e+00 -3.705496e+01
    endloop
  endfacet
  facet normal 9.937122e-01 0.000000e+00 -1.119645e-01
    outer loop
      vertex   2.050144e+00 -1.600000e+00 -3.705496e+01
      vertex   2.050144e+00 -5.900000e+00 -3.705496e+01
      vertex   2.000000e+00 -1.600000e+00 -3.750000e+01
    endloop
  endfacet
  facet normal 9.937122e-01 0.000000e+00 -1.119645e-01
    outer loop
      vertex   2.000000e+00 -1.600000e+00 -3.750000e+01
      vertex   2.050144e+00 -5.900000e+00 -3.705496e+01
      vertex   2.000000e+00 -5.900000e+00 -3.750000e+01
    endloop
  endfacet
  facet normal 1.000000e+00 -0.000000e+00 0.000000e+00
    outer loop
      vertex   2.000000e+00 -5.900000e+00 -3.750000e+01
      vertex   2.000000e+00 -5.900000e+00 -6.000000e+01
      vertex   2.000000e+00 -1.600000e+00 -3.750000e+01
    endloop
  endfacet
  facet normal 1.000000e+00 0.000000e+00 0.000000e+00
    outer loop
      vertex   2.000000e+00 -1.600000e+00 -3.750000e+01
      vertex   2.000000e+00 -5.900000e+00 -6.000000e+01
      vertex   2.000000e+00 -1.600000e+00 -6.000000e+01
    endloop
  endfacet
  facet normal 9.937122e-01 0.000000e+00 -1.119645e-01
    outer loop
      vertex   2.000000e+00 -1.600000e+00 -6.000000e+01
      vertex   2.000000e+00 -5.900000e+00 -6.000000e+01
      vertex   1.949856e+00 -1.600000e+00 -6.044504e+01
    endloop
  endfacet
  facet normal 9.937122e-01 0.000000e+00 -1.119645e-01
    outer loop
      vertex   1.949856e+00 -1.600000e+00 -6.044504e+01
      vertex   2.000000e+00 -5.900000e+00 -6.000000e+01
      vertex   1.949856e+00 -5.900000e+00 -6.044504e+01
    endloop
  endfacet
  facet normal 9.438833e-01 0.000000e+00 -3.302791e-01
    outer loop
      vertex   1.949856e+00 -1.600000e+00 -6.044504e+01
      vertex   1.949856e+00 -5.900000e+00 -6.044504e+01
      vertex   1.801938e+00 -1.600000e+00 -6.086777e+01
    endloop
  endfacet
  facet normal 9.438833e-01 0.000000e+00 -3.302791e-01
    outer loop
      vertex   1.801938e+00 -1.600000e+00 -6.086777e+01
      vertex   1.949856e+00 -5.900000e+00 -6.044504e+01
      vertex   1.801938e+00 -5.900000e+00 -6.086777e+01
    endloop
  endfacet
  facet normal 8.467242e-01 0.000000e+00 -5.320321e-01
    outer loop
      vertex   1.801938e+00 -1.600000e+00 -6.086777e+01
      vertex   1.801938e+00 -5.900000e+00 -6.086777e+01
      vertex   1.563663e+00 -1.600000e+00 -6.124698e+01
    endloop
  endfacet
  facet normal 8.467242e-01 0.000000e+00 -5.320321e-01
    outer loop
      vertex   1.563663e+00 -1.600000e+00 -6.124698e+01
      vertex   1.801938e+00 -5.900000e+00 -6.086777e+01
      vertex   1.563663e+00 -5.900000e+00 -6.124698e+01
    endloop
  endfacet
  facet normal 7.071068e-01 0.000000e+00 -7.071068e-01
    outer loop
      vertex   1.563663e+00 -1.600000e+00 -6.124698e+01
      vertex   1.563663e+00 -5.900000e+00 -6.124698e+01
      vertex   1.246980e+00 -1.600000e+00 -6.156366e+01
    endloop
  endfacet
  facet normal 7.071068e-01 0.000000e+00 -7.071068e-01
    outer loop
      vertex   1.246980e+00 -1.600000e+00 -6.156366e+01
      vertex   1.563663e+00 -5.900000e+00 -6.124698e+01
      vertex   1.246980e+00 -5.900000e+00 -6.156366e+01
    endloop
  endfacet
  facet normal 5.320321e-01 0.000000e+00 -8.467242e-01
    outer loop
      vertex   1.246980e+00 -1.600000e+00 -6.156366e+01
      vertex   1.246980e+00 -5.900000e+00 -6.156366e+01
      vertex   8.677675e-01 -1.600000e+00 -6.180194e+01
    endloop
  endfacet
  facet normal 5.320321e-01 0.000000e+00 -8.467242e-01
    outer loop
      vertex   8.677675e-01 -1.600000e+00 -6.180194e+01
      vertex   1.246980e+00 -5.900000e+00 -6.156366e+01
      vertex   8.677675e-01 -5.900000e+00 -6.180194e+01
    endloop
  endfacet
  facet normal 3.302791e-01 0.000000e+00 -9.438833e-01
    outer loop
      vertex   8.677675e-01 -1.600000e+00 -6.180194e+01
      vertex   8.677675e-01 -5.900000e+00 -6.180194e+01
      vertex   4.450419e-01 -1.600000e+00 -6.194986e+01
    endloop
  endfacet
  facet normal 3.302791e-01 0.000000e+00 -9.438833e-01
    outer loop
      vertex   4.450419e-01 -1.600000e+00 -6.194986e+01
      vertex   8.677675e-01 -5.900000e+00 -6.180194e+01
      vertex   4.450419e-01 -5.900000e+00 -6.194986e+01
    endloop
  endfacet
  facet normal 1.119645e-01 0.000000e+00 -9.937122e-01
    outer loop
      vertex   4.450419e-01 -1.600000e+00 -6.194986e+01
      vertex   4.450419e-01 -5.900000e+00 -6.194986e+01
      vertex   0.000000e+00 -1.600000e+00 -6.200000e+01
    endloop
  endfacet
  facet normal 1.119645e-01 0.000000e+00 -9.937122e-01
    outer loop
      vertex   0.000000e+00 -1.600000e+00 -6.200000e+01
      vertex   4.450419e-01 -5.900000e+00 -6.194986e+01
      vertex   0.000000e+00 -5.900000e+00 -6.200000e+01
    endloop
  endfacet
  facet normal 0.000000e+00 0.000000e+00 -1.000000e+00
    outer loop
      vertex   0.000000e+00 -5.900000e+00 -6.200000e+01
      vertex   -1.000000e+02 -5.900000e+00 -6.200000e+01
      vertex   0.000000e+00 -1.600000e+00 -6.200000e+01
    endloop
  endfacet
  facet normal -0.000000e+00 0.000000e+00 -1.000000e+00
    outer loop
      vertex   0.000000e+00 -1.600000e+00 -6.200000e+01
      vertex   -1.000000e+02 -5.900000e+00 -6.200000e+01
      vertex   -1.000000e+02 -1.600000e+00 -6.200000e+01
    endloop
  endfacet
  facet normal -1.119645e-01 -0.000000e+00 -9.937122e-01
    outer loop
      vertex   -1.000000e+02 -1.600000e+00 -6.200000e+01
      vertex   -1.000000e+02 -5.900000e+00 -6.200000e+01
      vertex   -1.004450e+02 -1.600000e+00 -6.194986e+01
    endloop
  endfacet
  facet normal -1.119645e-01 -0.000000e+00 -9.937122e-01
    outer loop
      vertex   -1.004450e+02 -1.600000e+00 -6.194986e+01
      vertex   -1.000000e+02 -5.900000e+00 -6.200000e+01
      vertex   -1.004450e+02 -5.900000e+00 -6.194986e+01
    endloop
  endfacet
  facet normal -3.302791e-01 -0.000000e+00 -9.438833e-01
    outer loop
      vertex   -1.004450e+02 -1.600000e+00 -6.194986e+01
      vertex   -1.004450e+02 -5.900000e+00 -6.194986e+01
      vertex   -1.008678e+02 -1.600000e+00 -6.180194e+01
    endloop
  endfacet
  facet normal -3.302791e-01 -0.000000e+00 -9.438833e-01
    outer loop
      vertex   -1.008678e+02 -1.600000e+00 -6.180194e+01
      vertex   -1.004450e+02 -5.900000e+00 -6.194986e+01
      vertex   -1.008678e+02 -5.900000e+00 -6.180194e+01
    endloop
  endfacet
  facet normal -5.320321e-01 -0.000000e+00 -8.467242e-01
    outer loop
      vertex   -1.008678e+02 -1.600000e+00 -6.180194e+01
      vertex   -1.008678e+02 -5.900000e+00 -6.180194e+01
      vertex   -1.012470e+02 -1.600000e+00 -6.156366e+01
    endloop
  endfacet
  facet normal -5.320321e-01 -0.000000e+00 -8.467242e-01
    outer loop
      vertex   -1.012470e+02 -1.600000e+00 -6.156366e+01
      vertex   -1.008678e+02 -5.900000e+00 -6.180194e+01
      vertex   -1.012470e+02 -5.900000e+00 -6.156366e+01
    endloop
  endfacet
  facet normal -7.071068e-01 -0.000000e+00 -7.071068e-01
    outer loop
      vertex   -1.012470e+02 -1.600000e+00 -6.156366e+01
      vertex   -1.012470e+02 -5.900000e+00 -6.156366e+01
      vertex   -1.015637e+02 -1.600000e+00 -6.124698e+01
    endloop
  endfacet
  facet normal -7.071068e-01 -0.000000e+00 -7.071068e-01
    outer loop
      vertex   -1.015637e+02 -1.600000e+00 -6.124698e+01
      vertex   -1.012470e+02 -5.900000e+00 -6.156366e+01
      vertex   -1.015637e+02 -5.900000e+00 -6.124698e+01
    endloop
  endfacet
  facet normal -8.467242e-01 -0.000000e+00 -5.320321e-01
    outer loop
      vertex   -1.015637e+02 -1.600000e+00 -6.124698e+01
      vertex   -1.015637e+02 -5.900000e+00 -6.124698e+01
      vertex   -1.018019e+02 -1.600000e+00 -6.086777e+01
    endloop
  endfacet
  facet normal -8.467242e-01 -0.000000e+00 -5.320321e-01
    outer loop
      vertex   -1.018019e+02 -1.600000e+00 -6.086777e+01
      vertex   -1.015637e+02 -5.900000e+00 -6.124698e+01
      vertex   -1.018019e+02 -5.900000e+00 -6.086777e+01
    endloop
  endfacet
  facet normal -9.438833e-01 -0.000000e+00 -3.302791e-01
    outer loop
      vertex   -1.018019e+02 -1.600000e+00 -6.086777e+01
      vertex   -1.018019e+02 -5.900000e+00 -6.086777e+01
      vertex   -1.019499e+02 -1.600000e+00 -6.044504e+01
    endloop
  endfacet
  facet normal -9.438833e-01 -0.000000e+00 -3.302791e-01
    outer loop
      vertex   -1.019499e+02 -1.600000e+00 -6.044504e+01
      vertex   -1.018019e+02 -5.900000e+00 -6.086777e+01
      vertex   -1.019499e+02 -5.900000e+00 -6.044504e+01
    endloop
  endfacet
  facet normal -9.937122e-01 -0.000000e+00 -1.119645e-01
    outer loop
      vertex   -1.019499e+02 -1.600000e+00 -6.044504e+01
      vertex   -1.019499e+02 -5.900000e+00 -6.044504e+01
      vertex   -1.020000e+02 -1.600000e+00 -6.000000e+01
    endloop
  endfacet
  facet normal -9.937122e-01 -0.000000e+00 -1.119645e-01
    outer loop
      vertex   -1.020000e+02 -1.600000e+00 -6.000000e+01
      vertex   -1.019499e+02 -5.900000e+00 -6.044504e+01
      vertex   -1.020000e+02 -5.900000e+00 -6.000000e+01
    endloop
  endfacet
  facet normal -1.000000e+00 0.000000e+00 0.000000e+00
    outer loop
      vertex   -1.020000e+02 -5.900000e+00 -6.000000e+01
      vertex   -1.020000e+02 -5.900000e+00 0.000000e+00
      vertex   -1.020000e+02 -1.600000e+00 -6.000000e+01
    endloop
  endfacet
  facet normal -1.000000e+00 0.000000e+00 0.000000e+00
    outer loop
      vertex   -1.020000e+02 -1.600000e+00 -6.000000e+01
      vertex   -1.020000e+02 -5.900000e+00 0.000000e+00
      vertex   -1.020000e+02 -1.600000e+00 0.000000e+00
    endloop
  endfacet
  facet normal -9.937122e-01 0.000000e+00 1.119645e-01
    outer loop
      vertex   -1.020000e+02 -1.600000e+00 0.000000e+00
      vertex   -1.020000e+02 -5.900000e+00 0.000000e+00
      vertex   -1.019499e+02 -1.600000e+00 4.450419e-01
    endloop
  endfacet
  facet normal -9.937122e-01 0.000000e+00 1.119645e-01
    outer loop
      vertex   -1.019499e+02 -1.600000e+00 4.450419e-01
      vertex   -1.020000e+02 -5.900000e+00 0.000000e+00
      vertex   -1.019499e+02 -5.900000e+00 4.450419e-01
    endloop
  endfacet
  facet normal -9.438833e-01 0.000000e+00 3.302791e-01
    outer loop
      vertex   -1.019499e+02 -1.600000e+00 4.450419e-01
      vertex   -1.019499e+02 -5.900000e+00 4.450419e-01
      vertex   -1.018019e+02 -1.600000e+00 8.677675e-01
    endloop
  endfacet
  facet normal -9.438833e-01 0.000000e+00 3.302791e-01
    outer loop
      vertex   -1.018019e+02 -1.600000e+00 8.677675e-01
      vertex   -1.019499e+02 -5.900000e+00 4.450419e-01
      vertex   -1.018019e+02 -5.900000e+00 8.677675e-01
    endloop
  endfacet
  facet normal -8.467242e-01 0.000000e+00 5.320321e-01
    outer loop
      vertex   -1.018019e+02 -1.600000e+00 8.677675e-01
      vertex   -1.018019e+02 -5.900000e+00 8.677675e-01
      vertex   -1.015637e+02 -1.600000e+00 1.246980e+00
    endloop
  endfacet
  facet normal -8.467242e-01 0.000000e+00 5.320321e-01
    outer loop
      vertex   -1.015637e+02 -1.600000e+00 1.246980e+00
      vertex   -1.018019e+02 -5.900000e+00 8.677675e-01
      vertex   -1.015637e+02 -5.900000e+00 1.246980e+00
    endloop
  endfacet
  facet normal -7.071068e-01 0.000000e+00 7.071068e-01
    outer loop
      vertex   -1.015637e+02 -1.600000e+00 1.246980e+00
      vertex   -1.015637e+02 -5.900000e+00 1.246980e+00
      vertex   -1.012470e+02 -1.600000e+00 1.563663e+00
    endloop
  endfacet
  facet normal -7.071068e-01 0.000000e+00 7.071068e-01
    outer loop
      vertex   -1.012470e+02 -1.600000e+00 1.563663e+00
      vertex   -1.015637e+02 -5.900000e+00 1.246980e+00
      vertex   -1.012470e+02 -5.900000e+00 1.563663e+00
    endloop
  endfacet
  facet normal -5.320321e-01 0.000000e+00 8.467242e-01
    outer loop
      vertex   -1.012470e+02 -1.600000e+00 1.563663e+00
      vertex   -1.012470e+02 -5.900000e+00 1.563663e+00
      vertex   -1.008678e+02 -1.600000e+00 1.801938e+00
    endloop
  endfacet
  facet normal -5.320321e-01 0.000000e+00 8.467242e-01
    outer loop
      vertex   -1.008678e+02 -1.600000e+00 1.801938e+00
      vertex   -1.012470e+02 -5.900000e+00 1.563663e+00
      vertex   -1.008678e+02 -5.900000e+00 1.801938e+00
    endloop
  endfacet
  facet normal -3.302791e-01 0.000000e+00 9.438833e-01
    outer loop
      vertex   -1.008678e+02 -1.600000e+00 1.801938e+00
      vertex   -1.008678e+02 -5.900000e+00 1.801938e+00
      vertex   -1.004450e+02 -1.600000e+00 1.949856e+00
    endloop
  endfacet
  facet normal -3.302791e-01 0.000000e+00 9.438833e-01
    outer loop
      vertex   -1.004450e+02 -1.600000e+00 1.949856e+00
      vertex   -1.008678e+02 -5.900000e+00 1.801938e+00
      vertex   -1.004450e+02 -5.900000e+00 1.949856e+00
    endloop
  endfacet
  facet normal -1.119645e-01 0.000000e+00 9.937122e-01
    outer loop
      vertex   -1.004450e+02 -1.600000e+00 1.949856e+00
      vertex   -1.004450e+02 -5.900000e+00 1.949856e+00
      vertex   -1.000000e+02 -1.600000e+00 2.000000e+00
    endloop
  endfacet
  facet normal -1.119645e-01 0.000000e+00 9.937122e-01
    outer loop
      vertex   -1.000000e+02 -1.600000e+00 2.000000e+00
      vertex   -1.004450e+02 -5.900000e+00 1.949856e+00
      vertex   -1.000000e+02 -5.900000e+00 2.000000e+00
    endloop
  endfacet
  facet normal -0.000000e+00 -1.000000e+00 0.000000e+00
    outer loop
      vertex   -3.289461e+00 -6.200000e+00 6.339917e-01
      vertex   -3.192777e+01 -6.200000e+00 3.002067e+00
      vertex   -3.350000e+00 -6.200000e+00 1.735331e-14
    endloop
  endfacet
  facet normal 0.000000e+00 -1.000000e+00 0.000000e+00
    outer loop
      vertex   -3.350000e+00 -6.200000e+00 1.735331e-14
      vertex   -3.192777e+01 -6.200000e+00 3.002067e+00
      vertex   -3.220179e+01 -6.200000e+00 2.565973e+00
    endloop
  endfacet
  facet normal -0.000000e+00 -1.000000e+00 -0.000000e+00
    outer loop
      vertex   -3.350000e+00 -6.200000e+00 1.735331e-14
      vertex   -3.220179e+01 -6.200000e+00 2.565973e+00
      vertex   -3.289461e+00 -6.200000e+00 -6.339917e-01
    endloop
  endfacet
  facet normal -0.000000e+00 -1.000000e+00 -0.000000e+00
    outer loop
      vertex   -3.289461e+00 -6.200000e+00 -6.339917e-01
      vertex   -3.220179e+01 -6.200000e+00 2.565973e+00
      vertex   -3.110033e+00 -6.200000e+00 -1.245069e+00
    endloop
  endfacet
  facet normal 0.000000e+00 -1.000000e+00 0.000000e+00
    outer loop
      vertex   -3.110033e+00 -6.200000e+00 -1.245069e+00
      vertex   -3.220179e+01 -6.200000e+00 2.565973e+00
      vertex   -3.256597e+01 -6.200000e+00 2.201788e+00
    endloop
  endfacet
  facet normal -0.000000e+00 -1.000000e+00 -0.000000e+00
    outer loop
      vertex   -3.110033e+00 -6.200000e+00 -1.245069e+00
      vertex   -3.256597e+01 -6.200000e+00 2.201788e+00
      vertex   -2.818199e+00 -6.200000e+00 -1.811147e+00
    endloop
  endfacet
  facet normal 0.000000e+00 -1.000000e+00 0.000000e+00
    outer loop
      vertex   -2.818199e+00 -6.200000e+00 -1.811147e+00
      vertex   -3.256597e+01 -6.200000e+00 2.201788e+00
      vertex   -3.300207e+01 -6.200000e+00 1.927772e+00
    endloop
  endfacet
  facet normal -0.000000e+00 -1.000000e+00 -0.000000e+00
    outer loop
      vertex   -2.818199e+00 -6.200000e+00 -1.811147e+00
      vertex   -3.300207e+01 -6.200000e+00 1.927772e+00
      vertex   -2.424509e+00 -6.200000e+00 -2.311765e+00
    endloop
  endfacet
  facet normal -0.000000e+00 -1.000000e+00 -0.000000e+00
    outer loop
      vertex   -2.424509e+00 -6.200000e+00 -2.311765e+00
      vertex   -3.300207e+01 -6.200000e+00 1.927772e+00
      vertex   -1.943191e+00 -6.200000e+00 -2.728829e+00
    endloop
  endfacet
  facet normal 0.000000e+00 -1.000000e+00 0.000000e+00
    outer loop
      vertex   -1.943191e+00 -6.200000e+00 -2.728829e+00
      vertex   -3.300207e+01 -6.200000e+00 1.927772e+00
      vertex   -3.348820e+01 -6.200000e+00 1.757666e+00
    endloop
  endfacet
  facet normal -0.000000e+00 -1.000000e+00 0.000000e+00
    outer loop
      vertex   -1.943191e+00 -6.200000e+00 -2.728829e+00
      vertex   -3.348820e+01 -6.200000e+00 1.757666e+00
      vertex   -2.015940e+01 -6.200000e+00 -3.665379e+01
    endloop
  endfacet
  facet normal 0.000000e+00 -1.000000e+00 0.000000e+00
    outer loop
      vertex   -2.015940e+01 -6.200000e+00 -3.665379e+01
      vertex   -3.348820e+01 -6.200000e+00 1.757666e+00
      vertex   -5.666517e+01 -6.200000e+00 -1.968156e+01
    endloop
  endfacet
  facet normal -0.000000e+00 -1.000000e+00 0.000000e+00
    outer loop
      vertex   -2.015940e+01 -6.200000e+00 -3.665379e+01
      vertex   -5.666517e+01 -6.200000e+00 -1.968156e+01
      vertex   -2.078979e+01 -6.200000e+00 -3.674443e+01
    endloop
  endfacet
  facet normal 0.000000e+00 -1.000000e+00 0.000000e+00
    outer loop
      vertex   -2.078979e+01 -6.200000e+00 -3.674443e+01
      vertex   -5.666517e+01 -6.200000e+00 -1.968156e+01
      vertex   -5.666517e+01 -6.200000e+00 -2.031844e+01
    endloop
  endfacet
  facet normal 0.000000e+00 -1.000000e+00 0.000000e+00
    outer loop
      vertex   -2.078979e+01 -6.200000e+00 -3.674443e+01
      vertex   -5.666517e+01 -6.200000e+00 -2.031844e+01
      vertex   -5.678570e+01 -6.200000e+00 -2.094380e+01
    endloop
  endfacet
  facet normal 0.000000e+00 -1.000000e+00 0.000000e+00
    outer loop
      vertex   -3.192777e+01 -6.200000e+00 3.002067e+00
      vertex   -3.289461e+00 -6.200000e+00 6.339917e-01
      vertex   -3.175767e+01 -6.200000e+00 3.488202e+00
    endloop
  endfacet
  facet normal 0.000000e+00 -1.000000e+00 0.000000e+00
    outer loop
      vertex   -3.175767e+01 -6.200000e+00 3.488202e+00
      vertex   -3.289461e+00 -6.200000e+00 6.339917e-01
      vertex   -3.110033e+00 -6.200000e+00 1.245069e+00
    endloop
  endfacet
  facet normal 0.000000e+00 -1.000000e+00 0.000000e+00
    outer loop
      vertex   -3.175767e+01 -6.200000e+00 3.488202e+00
      vertex   -3.110033e+00 -6.200000e+00 1.245069e+00
      vertex   -3.170000e+01 -6.200000e+00 4.000000e+00
    endloop
  endfacet
  facet normal 0.000000e+00 -1.000000e+00 0.000000e+00
    outer loop
      vertex   -3.170000e+01 -6.200000e+00 4.000000e+00
      vertex   -3.110033e+00 -6.200000e+00 1.245069e+00
      vertex   -2.818199e+00 -6.200000e+00 1.811147e+00
    endloop
  endfacet
  facet normal 0.000000e+00 -1.000000e+00 0.000000e+00
    outer loop
      vertex   -3.170000e+01 -6.200000e+00 4.000000e+00
      vertex   -2.818199e+00 -6.200000e+00 1.811147e+00
      vertex   -2.424509e+00 -6.200000e+00 2.311765e+00
    endloop
  endfacet
  facet normal 0.000000e+00 -1.000000e+00 0.000000e+00
    outer loop
      vertex   -2.424509e+00 -6.200000e+00 2.311765e+00
      vertex   -1.943191e+00 -6.200000e+00 2.728829e+00
      vertex   -3.170000e+01 -6.200000e+00 4.000000e+00
    endloop
  endfacet
  facet normal 0.000000e+00 -1.000000e+00 0.000000e+00
    outer loop
      vertex   -3.170000e+01 -6.200000e+00 4.000000e+00
      vertex   -1.943191e+00 -6.200000e+00 2.728829e+00
      vertex   -1.391640e+00 -6.200000e+00 3.047267e+00
    endloop
  endfacet
  facet normal 0.000000e+00 -1.000000e+00 0.000000e+00
    outer loop
      vertex   -3.170000e+01 -6.200000e+00 4.000000e+00
      vertex   -1.391640e+00 -6.200000e+00 3.047267e+00
      vertex   -3.170000e+01 -6.200000e+00 2.200000e+01
    endloop
  endfacet
  facet normal 0.000000e+00 -1.000000e+00 0.000000e+00
    outer loop
      vertex   -3.170000e+01 -6.200000e+00 2.200000e+01
      vertex   -1.391640e+00 -6.200000e+00 3.047267e+00
      vertex   -3.000000e+01 -6.200000e+00 2.370000e+01
    endloop
  endfacet
  facet normal 0.000000e+00 -1.000000e+00 0.000000e+00
    outer loop
      vertex   -3.170000e+01 -6.200000e+00 2.200000e+01
      vertex   -3.000000e+01 -6.200000e+00 2.370000e+01
      vertex   -3.164207e+01 -6.200000e+00 2.243999e+01
    endloop
  endfacet
  facet normal 0.000000e+00 -1.000000e+00 0.000000e+00
    outer loop
      vertex   -3.164207e+01 -6.200000e+00 2.243999e+01
      vertex   -3.000000e+01 -6.200000e+00 2.370000e+01
      vertex   -3.147224e+01 -6.200000e+00 2.285000e+01
    endloop
  endfacet
  facet normal 0.000000e+00 -1.000000e+00 0.000000e+00
    outer loop
      vertex   -3.147224e+01 -6.200000e+00 2.285000e+01
      vertex   -3.000000e+01 -6.200000e+00 2.370000e+01
      vertex   -3.120208e+01 -6.200000e+00 2.320208e+01
    endloop
  endfacet
  facet normal 0.000000e+00 -1.000000e+00 0.000000e+00
    outer loop
      vertex   -3.120208e+01 -6.200000e+00 2.320208e+01
      vertex   -3.000000e+01 -6.200000e+00 2.370000e+01
      vertex   -3.085000e+01 -6.200000e+00 2.347224e+01
    endloop
  endfacet
  facet normal 0.000000e+00 -1.000000e+00 0.000000e+00
    outer loop
      vertex   -3.085000e+01 -6.200000e+00 2.347224e+01
      vertex   -3.000000e+01 -6.200000e+00 2.370000e+01
      vertex   -3.043999e+01 -6.200000e+00 2.364207e+01
    endloop
  endfacet
  facet normal 0.000000e+00 -1.000000e+00 0.000000e+00
    outer loop
      vertex   -1.391640e+00 -6.200000e+00 3.047267e+00
      vertex   -7.897924e-01 -6.200000e+00 3.255569e+00
      vertex   -3.000000e+01 -6.200000e+00 2.370000e+01
    endloop
  endfacet
  facet normal 0.000000e+00 -1.000000e+00 0.000000e+00
    outer loop
      vertex   -3.000000e+01 -6.200000e+00 2.370000e+01
      vertex   -7.897924e-01 -6.200000e+00 3.255569e+00
      vertex   -1.593994e-01 -6.200000e+00 3.346206e+00
    endloop
  endfacet
  facet normal 0.000000e+00 -1.000000e+00 0.000000e+00
    outer loop
      vertex   -3.000000e+01 -6.200000e+00 2.370000e+01
      vertex   -1.593994e-01 -6.200000e+00 3.346206e+00
      vertex   3.000000e+01 -6.200000e+00 2.370000e+01
    endloop
  endfacet
  facet normal 0.000000e+00 -1.000000e+00 0.000000e+00
    outer loop
      vertex   3.000000e+01 -6.200000e+00 2.370000e+01
      vertex   -1.593994e-01 -6.200000e+00 3.346206e+00
      vertex   4.767547e-01 -6.200000e+00 3.315902e+00
    endloop
  endfacet
  facet normal 0.000000e+00 -1.000000e+00 0.000000e+00
    outer loop
      vertex   3.000000e+01 -6.200000e+00 2.370000e+01
      vertex   4.767547e-01 -6.200000e+00 3.315902e+00
      vertex   1.095678e+00 -6.200000e+00 3.165753e+00
    endloop
  endfacet
  facet normal 0.000000e+00 -1.000000e+00 -0.000000e+00
    outer loop
      vertex   3.000000e+01 -6.200000e+00 2.370000e+01
      vertex   1.095678e+00 -6.200000e+00 3.165753e+00
      vertex   3.170000e+01 -6.200000e+00 2.200000e+01
    endloop
  endfacet
  facet normal 0.000000e+00 -1.000000e+00 0.000000e+00
    outer loop
      vertex   3.170000e+01 -6.200000e+00 2.200000e+01
      vertex   1.095678e+00 -6.200000e+00 3.165753e+00
      vertex   1.675000e+00 -6.200000e+00 2.901185e+00
    endloop
  endfacet
  facet normal 0.000000e+00 -1.000000e+00 0.000000e+00
    outer loop
      vertex   3.170000e+01 -6.200000e+00 2.200000e+01
      vertex   1.675000e+00 -6.200000e+00 2.901185e+00
      vertex   2.193783e+00 -6.200000e+00 2.531761e+00
    endloop
  endfacet
  facet normal 0.000000e+00 -1.000000e+00 0.000000e+00
    outer loop
      vertex   2.193783e+00 -6.200000e+00 2.531761e+00
      vertex   2.633278e+00 -6.200000e+00 2.070833e+00
      vertex   3.170000e+01 -6.200000e+00 2.200000e+01
    endloop
  endfacet
  facet normal 0.000000e+00 -1.000000e+00 0.000000e+00
    outer loop
      vertex   3.170000e+01 -6.200000e+00 2.200000e+01
      vertex   2.633278e+00 -6.200000e+00 2.070833e+00
      vertex   2.977599e+00 -6.200000e+00 1.535059e+00
    endloop
  endfacet
  facet normal 0.000000e+00 -1.000000e+00 0.000000e+00
    outer loop
      vertex   3.170000e+01 -6.200000e+00 2.200000e+01
      vertex   2.977599e+00 -6.200000e+00 1.535059e+00
      vertex   3.214301e+00 -6.200000e+00 9.438041e-01
    endloop
  endfacet
  facet normal 0.000000e+00 -1.000000e+00 0.000000e+00
    outer loop
      vertex   3.214301e+00 -6.200000e+00 9.438041e-01
      vertex   3.334831e+00 -6.200000e+00 3.184377e-01
      vertex   3.170000e+01 -6.200000e+00 2.200000e+01
    endloop
  endfacet
  facet normal 0.000000e+00 -1.000000e+00 0.000000e+00
    outer loop
      vertex   3.170000e+01 -6.200000e+00 2.200000e+01
      vertex   3.334831e+00 -6.200000e+00 3.184377e-01
      vertex   3.334831e+00 -6.200000e+00 -3.184377e-01
    endloop
  endfacet
  facet normal 0.000000e+00 -1.000000e+00 0.000000e+00
    outer loop
      vertex   3.170000e+01 -6.200000e+00 2.200000e+01
      vertex   3.334831e+00 -6.200000e+00 -3.184377e-01
      vertex   3.214301e+00 -6.200000e+00 -9.438041e-01
    endloop
  endfacet
  facet normal 0.000000e+00 -1.000000e+00 -0.000000e+00
    outer loop
      vertex   3.170000e+01 -6.200000e+00 2.200000e+01
      vertex   3.214301e+00 -6.200000e+00 -9.438041e-01
      vertex   3.170000e+01 -6.200000e+00 -3.350000e+01
    endloop
  endfacet
  facet normal 0.000000e+00 -1.000000e+00 0.000000e+00
    outer loop
      vertex   3.170000e+01 -6.200000e+00 -3.350000e+01
      vertex   3.214301e+00 -6.200000e+00 -9.438041e-01
      vertex   2.977599e+00 -6.200000e+00 -1.535059e+00
    endloop
  endfacet
  facet normal 0.000000e+00 -1.000000e+00 0.000000e+00
    outer loop
      vertex   3.170000e+01 -6.200000e+00 -3.350000e+01
      vertex   2.977599e+00 -6.200000e+00 -1.535059e+00
      vertex   2.633278e+00 -6.200000e+00 -2.070833e+00
    endloop
  endfacet
  facet normal 0.000000e+00 -1.000000e+00 -0.000000e+00
    outer loop
      vertex   2.633278e+00 -6.200000e+00 -2.070833e+00
      vertex   2.193783e+00 -6.200000e+00 -2.531761e+00
      vertex   3.170000e+01 -6.200000e+00 -3.350000e+01
    endloop
  endfacet
  facet normal 0.000000e+00 -1.000000e+00 0.000000e+00
    outer loop
      vertex   3.170000e+01 -6.200000e+00 -3.350000e+01
      vertex   2.193783e+00 -6.200000e+00 -2.531761e+00
      vertex   1.675000e+00 -6.200000e+00 -2.901185e+00
    endloop
  endfacet
  facet normal 0.000000e+00 -1.000000e+00 0.000000e+00
    outer loop
      vertex   3.170000e+01 -6.200000e+00 -3.350000e+01
      vertex   1.675000e+00 -6.200000e+00 -2.901185e+00
      vertex   1.095678e+00 -6.200000e+00 -3.165753e+00
    endloop
  endfacet
  facet normal -0.000000e+00 -1.000000e+00 0.000000e+00
    outer loop
      vertex   3.170000e+01 -6.200000e+00 -3.350000e+01
      vertex   1.095678e+00 -6.200000e+00 -3.165753e+00
      vertex   4.000000e+00 -6.200000e+00 -3.520000e+01
    endloop
  endfacet
  facet normal 0.000000e+00 -1.000000e+00 0.000000e+00
    outer loop
      vertex   4.000000e+00 -6.200000e+00 -3.520000e+01
      vertex   1.095678e+00 -6.200000e+00 -3.165753e+00
      vertex   4.767547e-01 -6.200000e+00 -3.315902e+00
    endloop
  endfacet
  facet normal 0.000000e+00 -1.000000e+00 0.000000e+00
    outer loop
      vertex   4.000000e+00 -6.200000e+00 -3.520000e+01
      vertex   4.767547e-01 -6.200000e+00 -3.315902e+00
      vertex   -1.593994e-01 -6.200000e+00 -3.346206e+00
    endloop
  endfacet
  facet normal -0.000000e+00 -1.000000e+00 0.000000e+00
    outer loop
      vertex   4.000000e+00 -6.200000e+00 -3.520000e+01
      vertex   -1.593994e-01 -6.200000e+00 -3.346206e+00
      vertex   3.488202e+00 -6.200000e+00 -3.525767e+01
    endloop
  endfacet
  facet normal 0.000000e+00 -1.000000e+00 0.000000e+00
    outer loop
      vertex   3.488202e+00 -6.200000e+00 -3.525767e+01
      vertex   -1.593994e-01 -6.200000e+00 -3.346206e+00
      vertex   -7.897924e-01 -6.200000e+00 -3.255569e+00
    endloop
  endfacet
  facet normal -0.000000e+00 -1.000000e+00 0.000000e+00
    outer loop
      vertex   3.488202e+00 -6.200000e+00 -3.525767e+01
      vertex   -7.897924e-01 -6.200000e+00 -3.255569e+00
      vertex   3.002067e+00 -6.200000e+00 -3.542777e+01
    endloop
  endfacet
  facet normal -0.000000e+00 -1.000000e+00 0.000000e+00
    outer loop
      vertex   3.002067e+00 -6.200000e+00 -3.542777e+01
      vertex   -7.897924e-01 -6.200000e+00 -3.255569e+00
      vertex   -1.952325e+01 -6.200000e+00 -3.668410e+01
    endloop
  endfacet
  facet normal 0.000000e+00 -1.000000e+00 0.000000e+00
    outer loop
      vertex   3.002067e+00 -6.200000e+00 -3.542777e+01
      vertex   -1.952325e+01 -6.200000e+00 -3.668410e+01
      vertex   -1.890432e+01 -6.200000e+00 -3.683425e+01
    endloop
  endfacet
  facet normal -0.000000e+00 -1.000000e+00 0.000000e+00
    outer loop
      vertex   -7.897924e-01 -6.200000e+00 -3.255569e+00
      vertex   -1.391640e+00 -6.200000e+00 -3.047267e+00
      vertex   -1.952325e+01 -6.200000e+00 -3.668410e+01
    endloop
  endfacet
  facet normal 0.000000e+00 -1.000000e+00 0.000000e+00
    outer loop
      vertex   -1.952325e+01 -6.200000e+00 -3.668410e+01
      vertex   -1.391640e+00 -6.200000e+00 -3.047267e+00
      vertex   -2.015940e+01 -6.200000e+00 -3.665379e+01
    endloop
  endfacet
  facet normal 0.000000e+00 -1.000000e+00 0.000000e+00
    outer loop
      vertex   -2.015940e+01 -6.200000e+00 -3.665379e+01
      vertex   -1.391640e+00 -6.200000e+00 -3.047267e+00
      vertex   -1.943191e+00 -6.200000e+00 -2.728829e+00
    endloop
  endfacet
  facet normal -0.000000e+00 -1.000000e+00 0.000000e+00
    outer loop
      vertex   -2.328946e+01 -6.200000e+00 -3.936601e+01
      vertex   -5.890432e+01 -6.200000e+00 -2.316575e+01
      vertex   -2.335000e+01 -6.200000e+00 -4.000000e+01
    endloop
  endfacet
  facet normal 0.000000e+00 -1.000000e+00 0.000000e+00
    outer loop
      vertex   -2.335000e+01 -6.200000e+00 -4.000000e+01
      vertex   -5.890432e+01 -6.200000e+00 -2.316575e+01
      vertex   -5.952325e+01 -6.200000e+00 -2.331590e+01
    endloop
  endfacet
  facet normal 0.000000e+00 -1.000000e+00 0.000000e+00
    outer loop
      vertex   -2.335000e+01 -6.200000e+00 -4.000000e+01
      vertex   -5.952325e+01 -6.200000e+00 -2.331590e+01
      vertex   -7.666517e+01 -6.200000e+00 -3.968156e+01
    endloop
  endfacet
  facet normal 0.000000e+00 -1.000000e+00 0.000000e+00
    outer loop
      vertex   -7.666517e+01 -6.200000e+00 -3.968156e+01
      vertex   -5.952325e+01 -6.200000e+00 -2.331590e+01
      vertex   -7.678570e+01 -6.200000e+00 -3.905620e+01
    endloop
  endfacet
  facet normal 0.000000e+00 -1.000000e+00 0.000000e+00
    outer loop
      vertex   -7.678570e+01 -6.200000e+00 -3.905620e+01
      vertex   -5.952325e+01 -6.200000e+00 -2.331590e+01
      vertex   -7.702240e+01 -6.200000e+00 -3.846494e+01
    endloop
  endfacet
  facet normal 0.000000e+00 -1.000000e+00 0.000000e+00
    outer loop
      vertex   -7.702240e+01 -6.200000e+00 -3.846494e+01
      vertex   -5.952325e+01 -6.200000e+00 -2.331590e+01
      vertex   -6.015940e+01 -6.200000e+00 -2.334621e+01
    endloop
  endfacet
  facet normal 0.000000e+00 -1.000000e+00 0.000000e+00
    outer loop
      vertex   -7.702240e+01 -6.200000e+00 -3.846494e+01
      vertex   -6.015940e+01 -6.200000e+00 -2.334621e+01
      vertex   -7.736672e+01 -6.200000e+00 -3.792917e+01
    endloop
  endfacet
  facet normal 0.000000e+00 -1.000000e+00 0.000000e+00
    outer loop
      vertex   -7.736672e+01 -6.200000e+00 -3.792917e+01
      vertex   -6.015940e+01 -6.200000e+00 -2.334621e+01
      vertex   -6.078979e+01 -6.200000e+00 -2.325557e+01
    endloop
  endfacet
  facet normal 0.000000e+00 -1.000000e+00 0.000000e+00
    outer loop
      vertex   -7.736672e+01 -6.200000e+00 -3.792917e+01
      vertex   -6.078979e+01 -6.200000e+00 -2.325557e+01
      vertex   -7.780622e+01 -6.200000e+00 -3.746824e+01
    endloop
  endfacet
  facet normal 0.000000e+00 -1.000000e+00 0.000000e+00
    outer loop
      vertex   -7.780622e+01 -6.200000e+00 -3.746824e+01
      vertex   -6.078979e+01 -6.200000e+00 -2.325557e+01
      vertex   -7.832500e+01 -6.200000e+00 -3.709881e+01
    endloop
  endfacet
  facet normal 0.000000e+00 -1.000000e+00 0.000000e+00
    outer loop
      vertex   -7.832500e+01 -6.200000e+00 -3.709881e+01
      vertex   -6.078979e+01 -6.200000e+00 -2.325557e+01
      vertex   -6.139164e+01 -6.200000e+00 -2.304727e+01
    endloop
  endfacet
  facet normal 0.000000e+00 -1.000000e+00 0.000000e+00
    outer loop
      vertex   -7.832500e+01 -6.200000e+00 -3.709881e+01
      vertex   -6.139164e+01 -6.200000e+00 -2.304727e+01
      vertex   -7.890432e+01 -6.200000e+00 -3.683425e+01
    endloop
  endfacet
  facet normal 0.000000e+00 -1.000000e+00 0.000000e+00
    outer loop
      vertex   -7.890432e+01 -6.200000e+00 -3.683425e+01
      vertex   -6.139164e+01 -6.200000e+00 -2.304727e+01
      vertex   -6.194319e+01 -6.200000e+00 -2.272883e+01
    endloop
  endfacet
  facet normal 0.000000e+00 -1.000000e+00 0.000000e+00
    outer loop
      vertex   -7.890432e+01 -6.200000e+00 -3.683425e+01
      vertex   -6.194319e+01 -6.200000e+00 -2.272883e+01
      vertex   -6.242451e+01 -6.200000e+00 -2.231176e+01
    endloop
  endfacet
  facet normal 0.000000e+00 -1.000000e+00 0.000000e+00
    outer loop
      vertex   -2.328946e+01 -6.200000e+00 -3.936601e+01
      vertex   -2.311003e+01 -6.200000e+00 -3.875493e+01
      vertex   -5.890432e+01 -6.200000e+00 -2.316575e+01
    endloop
  endfacet
  facet normal 0.000000e+00 -1.000000e+00 0.000000e+00
    outer loop
      vertex   -5.890432e+01 -6.200000e+00 -2.316575e+01
      vertex   -2.311003e+01 -6.200000e+00 -3.875493e+01
      vertex   -5.832500e+01 -6.200000e+00 -2.290119e+01
    endloop
  endfacet
  facet normal 0.000000e+00 -1.000000e+00 0.000000e+00
    outer loop
      vertex   -5.832500e+01 -6.200000e+00 -2.290119e+01
      vertex   -2.311003e+01 -6.200000e+00 -3.875493e+01
      vertex   -2.281820e+01 -6.200000e+00 -3.818885e+01
    endloop
  endfacet
  facet normal 0.000000e+00 -1.000000e+00 0.000000e+00
    outer loop
      vertex   -5.832500e+01 -6.200000e+00 -2.290119e+01
      vertex   -2.281820e+01 -6.200000e+00 -3.818885e+01
      vertex   -5.780622e+01 -6.200000e+00 -2.253176e+01
    endloop
  endfacet
  facet normal 0.000000e+00 -1.000000e+00 0.000000e+00
    outer loop
      vertex   -5.780622e+01 -6.200000e+00 -2.253176e+01
      vertex   -2.281820e+01 -6.200000e+00 -3.818885e+01
      vertex   -2.242451e+01 -6.200000e+00 -3.768824e+01
    endloop
  endfacet
  facet normal 0.000000e+00 -1.000000e+00 0.000000e+00
    outer loop
      vertex   -5.780622e+01 -6.200000e+00 -2.253176e+01
      vertex   -2.242451e+01 -6.200000e+00 -3.768824e+01
      vertex   -5.736672e+01 -6.200000e+00 -2.207083e+01
    endloop
  endfacet
  facet normal 0.000000e+00 -1.000000e+00 0.000000e+00
    outer loop
      vertex   -5.736672e+01 -6.200000e+00 -2.207083e+01
      vertex   -2.242451e+01 -6.200000e+00 -3.768824e+01
      vertex   -2.194319e+01 -6.200000e+00 -3.727117e+01
    endloop
  endfacet
  facet normal 0.000000e+00 -1.000000e+00 0.000000e+00
    outer loop
      vertex   -5.736672e+01 -6.200000e+00 -2.207083e+01
      vertex   -2.194319e+01 -6.200000e+00 -3.727117e+01
      vertex   -5.702240e+01 -6.200000e+00 -2.153506e+01
    endloop
  endfacet
  facet normal 0.000000e+00 -1.000000e+00 0.000000e+00
    outer loop
      vertex   -5.702240e+01 -6.200000e+00 -2.153506e+01
      vertex   -2.194319e+01 -6.200000e+00 -3.727117e+01
      vertex   -2.139164e+01 -6.200000e+00 -3.695273e+01
    endloop
  endfacet
  facet normal 0.000000e+00 -1.000000e+00 0.000000e+00
    outer loop
      vertex   -5.702240e+01 -6.200000e+00 -2.153506e+01
      vertex   -2.139164e+01 -6.200000e+00 -3.695273e+01
      vertex   -5.678570e+01 -6.200000e+00 -2.094380e+01
    endloop
  endfacet
  facet normal 0.000000e+00 -1.000000e+00 0.000000e+00
    outer loop
      vertex   -5.678570e+01 -6.200000e+00 -2.094380e+01
      vertex   -2.139164e+01 -6.200000e+00 -3.695273e+01
      vertex   -2.078979e+01 -6.200000e+00 -3.674443e+01
    endloop
  endfacet
  facet normal 0.000000e+00 -1.000000e+00 0.000000e+00
    outer loop
      vertex   3.002067e+00 -6.200000e+00 -3.542777e+01
      vertex   -1.890432e+01 -6.200000e+00 -3.683425e+01
      vertex   2.565973e+00 -6.200000e+00 -3.570179e+01
    endloop
  endfacet
  facet normal 0.000000e+00 -1.000000e+00 0.000000e+00
    outer loop
      vertex   2.565973e+00 -6.200000e+00 -3.570179e+01
      vertex   -1.890432e+01 -6.200000e+00 -3.683425e+01
      vertex   -1.832500e+01 -6.200000e+00 -3.709881e+01
    endloop
  endfacet
  facet normal 0.000000e+00 -1.000000e+00 0.000000e+00
    outer loop
      vertex   2.565973e+00 -6.200000e+00 -3.570179e+01
      vertex   -1.832500e+01 -6.200000e+00 -3.709881e+01
      vertex   2.201788e+00 -6.200000e+00 -3.606597e+01
    endloop
  endfacet
  facet normal 0.000000e+00 -1.000000e+00 0.000000e+00
    outer loop
      vertex   2.201788e+00 -6.200000e+00 -3.606597e+01
      vertex   -1.832500e+01 -6.200000e+00 -3.709881e+01
      vertex   -1.780622e+01 -6.200000e+00 -3.746824e+01
    endloop
  endfacet
  facet normal 0.000000e+00 -1.000000e+00 0.000000e+00
    outer loop
      vertex   2.201788e+00 -6.200000e+00 -3.606597e+01
      vertex   -1.780622e+01 -6.200000e+00 -3.746824e+01
      vertex   1.927772e+00 -6.200000e+00 -3.650207e+01
    endloop
  endfacet
  facet normal 0.000000e+00 -1.000000e+00 0.000000e+00
    outer loop
      vertex   1.927772e+00 -6.200000e+00 -3.650207e+01
      vertex   -1.780622e+01 -6.200000e+00 -3.746824e+01
      vertex   -1.736672e+01 -6.200000e+00 -3.792917e+01
    endloop
  endfacet
  facet normal 0.000000e+00 -1.000000e+00 0.000000e+00
    outer loop
      vertex   1.927772e+00 -6.200000e+00 -3.650207e+01
      vertex   -1.736672e+01 -6.200000e+00 -3.792917e+01
      vertex   1.757666e+00 -6.200000e+00 -3.698820e+01
    endloop
  endfacet
  facet normal 0.000000e+00 -1.000000e+00 0.000000e+00
    outer loop
      vertex   1.757666e+00 -6.200000e+00 -3.698820e+01
      vertex   -1.736672e+01 -6.200000e+00 -3.792917e+01
      vertex   -1.702240e+01 -6.200000e+00 -3.846494e+01
    endloop
  endfacet
  facet normal 0.000000e+00 -1.000000e+00 0.000000e+00
    outer loop
      vertex   1.757666e+00 -6.200000e+00 -3.698820e+01
      vertex   -1.702240e+01 -6.200000e+00 -3.846494e+01
      vertex   1.700000e+00 -6.200000e+00 -3.750000e+01
    endloop
  endfacet
  facet normal 0.000000e+00 -1.000000e+00 0.000000e+00
    outer loop
      vertex   1.700000e+00 -6.200000e+00 -3.750000e+01
      vertex   -1.702240e+01 -6.200000e+00 -3.846494e+01
      vertex   -1.678570e+01 -6.200000e+00 -3.905620e+01
    endloop
  endfacet
  facet normal 0.000000e+00 -1.000000e+00 0.000000e+00
    outer loop
      vertex   1.700000e+00 -6.200000e+00 -3.750000e+01
      vertex   -1.678570e+01 -6.200000e+00 -3.905620e+01
      vertex   -1.666517e+01 -6.200000e+00 -3.968156e+01
    endloop
  endfacet
  facet normal 0.000000e+00 -1.000000e+00 0.000000e+00
    outer loop
      vertex   -1.666517e+01 -6.200000e+00 -3.968156e+01
      vertex   -1.666517e+01 -6.200000e+00 -4.031844e+01
      vertex   1.700000e+00 -6.200000e+00 -3.750000e+01
    endloop
  endfacet
  facet normal 0.000000e+00 -1.000000e+00 0.000000e+00
    outer loop
      vertex   1.700000e+00 -6.200000e+00 -3.750000e+01
      vertex   -1.666517e+01 -6.200000e+00 -4.031844e+01
      vertex   -1.678570e+01 -6.200000e+00 -4.094380e+01
    endloop
  endfacet
  facet normal 0.000000e+00 -1.000000e+00 0.000000e+00
    outer loop
      vertex   1.700000e+00 -6.200000e+00 -3.750000e+01
      vertex   -1.678570e+01 -6.200000e+00 -4.094380e+01
      vertex   -1.702240e+01 -6.200000e+00 -4.153506e+01
    endloop
  endfacet
  facet normal 0.000000e+00 -1.000000e+00 -0.000000e+00
    outer loop
      vertex   -1.702240e+01 -6.200000e+00 -4.153506e+01
      vertex   -1.736672e+01 -6.200000e+00 -4.207083e+01
      vertex   1.700000e+00 -6.200000e+00 -3.750000e+01
    endloop
  endfacet
  facet normal 0.000000e+00 -1.000000e+00 0.000000e+00
    outer loop
      vertex   1.700000e+00 -6.200000e+00 -3.750000e+01
      vertex   -1.736672e+01 -6.200000e+00 -4.207083e+01
      vertex   -1.780622e+01 -6.200000e+00 -4.253176e+01
    endloop
  endfacet
  facet normal 0.000000e+00 -1.000000e+00 0.000000e+00
    outer loop
      vertex   1.700000e+00 -6.200000e+00 -3.750000e+01
      vertex   -1.780622e+01 -6.200000e+00 -4.253176e+01
      vertex   1.700000e+00 -6.200000e+00 -6.000000e+01
    endloop
  endfacet
  facet normal 0.000000e+00 -1.000000e+00 0.000000e+00
    outer loop
      vertex   1.700000e+00 -6.200000e+00 -6.000000e+01
      vertex   -1.780622e+01 -6.200000e+00 -4.253176e+01
      vertex   -1.832500e+01 -6.200000e+00 -4.290119e+01
    endloop
  endfacet
  facet normal 0.000000e+00 -1.000000e+00 0.000000e+00
    outer loop
      vertex   1.700000e+00 -6.200000e+00 -6.000000e+01
      vertex   -1.832500e+01 -6.200000e+00 -4.290119e+01
      vertex   -1.890432e+01 -6.200000e+00 -4.316575e+01
    endloop
  endfacet
  facet normal 0.000000e+00 -1.000000e+00 -0.000000e+00
    outer loop
      vertex   -1.890432e+01 -6.200000e+00 -4.316575e+01
      vertex   -1.952325e+01 -6.200000e+00 -4.331590e+01
      vertex   1.700000e+00 -6.200000e+00 -6.000000e+01
    endloop
  endfacet
  facet normal -0.000000e+00 -1.000000e+00 0.000000e+00
    outer loop
      vertex   1.700000e+00 -6.200000e+00 -6.000000e+01
      vertex   -1.952325e+01 -6.200000e+00 -4.331590e+01
      vertex   0.000000e+00 -6.200000e+00 -6.170000e+01
    endloop
  endfacet
  facet normal 0.000000e+00 -1.000000e+00 0.000000e+00
    outer loop
      vertex   1.700000e+00 -6.200000e+00 -6.000000e+01
      vertex   0.000000e+00 -6.200000e+00 -6.170000e+01
      vertex   1.642074e+00 -6.200000e+00 -6.043999e+01
    endloop
  endfacet
  facet normal 0.000000e+00 -1.000000e+00 0.000000e+00
    outer loop
      vertex   1.642074e+00 -6.200000e+00 -6.043999e+01
      vertex   0.000000e+00 -6.200000e+00 -6.170000e+01
      vertex   1.472243e+00 -6.200000e+00 -6.085000e+01
    endloop
  endfacet
  facet normal 0.000000e+00 -1.000000e+00 0.000000e+00
    outer loop
      vertex   1.472243e+00 -6.200000e+00 -6.085000e+01
      vertex   0.000000e+00 -6.200000e+00 -6.170000e+01
      vertex   1.202082e+00 -6.200000e+00 -6.120208e+01
    endloop
  endfacet
  facet normal 0.000000e+00 -1.000000e+00 0.000000e+00
    outer loop
      vertex   1.202082e+00 -6.200000e+00 -6.120208e+01
      vertex   0.000000e+00 -6.200000e+00 -6.170000e+01
      vertex   8.500000e-01 -6.200000e+00 -6.147224e+01
    endloop
  endfacet
  facet normal 0.000000e+00 -1.000000e+00 0.000000e+00
    outer loop
      vertex   8.500000e-01 -6.200000e+00 -6.147224e+01
      vertex   0.000000e+00 -6.200000e+00 -6.170000e+01
      vertex   4.399924e-01 -6.200000e+00 -6.164207e+01
    endloop
  endfacet
  facet normal 0.000000e+00 -1.000000e+00 -0.000000e+00
    outer loop
      vertex   -1.952325e+01 -6.200000e+00 -4.331590e+01
      vertex   -2.015940e+01 -6.200000e+00 -4.334621e+01
      vertex   0.000000e+00 -6.200000e+00 -6.170000e+01
    endloop
  endfacet
  facet normal 0.000000e+00 -1.000000e+00 0.000000e+00
    outer loop
      vertex   0.000000e+00 -6.200000e+00 -6.170000e+01
      vertex   -2.015940e+01 -6.200000e+00 -4.334621e+01
      vertex   -2.078979e+01 -6.200000e+00 -4.325557e+01
    endloop
  endfacet
  facet normal 0.000000e+00 -1.000000e+00 0.000000e+00
    outer loop
      vertex   0.000000e+00 -6.200000e+00 -6.170000e+01
      vertex   -2.078979e+01 -6.200000e+00 -4.325557e+01
      vertex   -2.139164e+01 -6.200000e+00 -4.304727e+01
    endloop
  endfacet
  facet normal 0.000000e+00 -1.000000e+00 -0.000000e+00
    outer loop
      vertex   -2.194319e+01 -6.200000e+00 -4.272883e+01
      vertex   -7.832500e+01 -6.200000e+00 -4.290119e+01
      vertex   -2.139164e+01 -6.200000e+00 -4.304727e+01
    endloop
  endfacet
  facet normal -0.000000e+00 -1.000000e+00 0.000000e+00
    outer loop
      vertex   -2.139164e+01 -6.200000e+00 -4.304727e+01
      vertex   -7.832500e+01 -6.200000e+00 -4.290119e+01
      vertex   -7.890432e+01 -6.200000e+00 -4.316575e+01
    endloop
  endfacet
  facet normal 0.000000e+00 -1.000000e+00 -0.000000e+00
    outer loop
      vertex   -2.139164e+01 -6.200000e+00 -4.304727e+01
      vertex   -7.890432e+01 -6.200000e+00 -4.316575e+01
      vertex   0.000000e+00 -6.200000e+00 -6.170000e+01
    endloop
  endfacet
  facet normal 0.000000e+00 -1.000000e+00 0.000000e+00
    outer loop
      vertex   0.000000e+00 -6.200000e+00 -6.170000e+01
      vertex   -7.890432e+01 -6.200000e+00 -4.316575e+01
      vertex   -1.000000e+02 -6.200000e+00 -6.170000e+01
    endloop
  endfacet
  facet normal 0.000000e+00 -1.000000e+00 0.000000e+00
    outer loop
      vertex   -1.000000e+02 -6.200000e+00 -6.170000e+01
      vertex   -7.890432e+01 -6.200000e+00 -4.316575e+01
      vertex   -7.952325e+01 -6.200000e+00 -4.331590e+01
    endloop
  endfacet
  facet normal 0.000000e+00 -1.000000e+00 0.000000e+00
    outer loop
      vertex   -1.000000e+02 -6.200000e+00 -6.170000e+01
      vertex   -7.952325e+01 -6.200000e+00 -4.331590e+01
      vertex   -8.015940e+01 -6.200000e+00 -4.334621e+01
    endloop
  endfacet
  facet normal 0.000000e+00 -1.000000e+00 0.000000e+00
    outer loop
      vertex   -7.832500e+01 -6.200000e+00 -4.290119e+01
      vertex   -2.194319e+01 -6.200000e+00 -4.272883e+01
      vertex   -7.780622e+01 -6.200000e+00 -4.253176e+01
    endloop
  endfacet
  facet normal 0.000000e+00 -1.000000e+00 0.000000e+00
    outer loop
      vertex   -7.780622e+01 -6.200000e+00 -4.253176e+01
      vertex   -2.194319e+01 -6.200000e+00 -4.272883e+01
      vertex   -2.242451e+01 -6.200000e+00 -4.231176e+01
    endloop
  endfacet
  facet normal 0.000000e+00 -1.000000e+00 0.000000e+00
    outer loop
      vertex   -7.780622e+01 -6.200000e+00 -4.253176e+01
      vertex   -2.242451e+01 -6.200000e+00 -4.231176e+01
      vertex   -7.736672e+01 -6.200000e+00 -4.207083e+01
    endloop
  endfacet
  facet normal 0.000000e+00 -1.000000e+00 0.000000e+00
    outer loop
      vertex   -7.736672e+01 -6.200000e+00 -4.207083e+01
      vertex   -2.242451e+01 -6.200000e+00 -4.231176e+01
      vertex   -2.281820e+01 -6.200000e+00 -4.181115e+01
    endloop
  endfacet
  facet normal 0.000000e+00 -1.000000e+00 0.000000e+00
    outer loop
      vertex   -7.736672e+01 -6.200000e+00 -4.207083e+01
      vertex   -2.281820e+01 -6.200000e+00 -4.181115e+01
      vertex   -7.702240e+01 -6.200000e+00 -4.153506e+01
    endloop
  endfacet
  facet normal 0.000000e+00 -1.000000e+00 0.000000e+00
    outer loop
      vertex   -7.702240e+01 -6.200000e+00 -4.153506e+01
      vertex   -2.281820e+01 -6.200000e+00 -4.181115e+01
      vertex   -2.311003e+01 -6.200000e+00 -4.124507e+01
    endloop
  endfacet
  facet normal 0.000000e+00 -1.000000e+00 0.000000e+00
    outer loop
      vertex   -7.702240e+01 -6.200000e+00 -4.153506e+01
      vertex   -2.311003e+01 -6.200000e+00 -4.124507e+01
      vertex   -7.678570e+01 -6.200000e+00 -4.094380e+01
    endloop
  endfacet
  facet normal 0.000000e+00 -1.000000e+00 0.000000e+00
    outer loop
      vertex   -7.678570e+01 -6.200000e+00 -4.094380e+01
      vertex   -2.311003e+01 -6.200000e+00 -4.124507e+01
      vertex   -2.328946e+01 -6.200000e+00 -4.063399e+01
    endloop
  endfacet
  facet normal 0.000000e+00 -1.000000e+00 0.000000e+00
    outer loop
      vertex   -7.678570e+01 -6.200000e+00 -4.094380e+01
      vertex   -2.328946e+01 -6.200000e+00 -4.063399e+01
      vertex   -7.666517e+01 -6.200000e+00 -4.031844e+01
    endloop
  endfacet
  facet normal 0.000000e+00 -1.000000e+00 0.000000e+00
    outer loop
      vertex   -7.666517e+01 -6.200000e+00 -4.031844e+01
      vertex   -2.328946e+01 -6.200000e+00 -4.063399e+01
      vertex   -2.335000e+01 -6.200000e+00 -4.000000e+01
    endloop
  endfacet
  facet normal 0.000000e+00 -1.000000e+00 0.000000e+00
    outer loop
      vertex   -7.666517e+01 -6.200000e+00 -4.031844e+01
      vertex   -2.335000e+01 -6.200000e+00 -4.000000e+01
      vertex   -7.666517e+01 -6.200000e+00 -3.968156e+01
    endloop
  endfacet
  facet normal -0.000000e+00 -1.000000e+00 0.000000e+00
    outer loop
      vertex   -6.328946e+01 -6.200000e+00 -1.936601e+01
      vertex   -1.017000e+02 -6.200000e+00 0.000000e+00
      vertex   -6.335000e+01 -6.200000e+00 -2.000000e+01
    endloop
  endfacet
  facet normal -0.000000e+00 -1.000000e+00 0.000000e+00
    outer loop
      vertex   -6.335000e+01 -6.200000e+00 -2.000000e+01
      vertex   -1.017000e+02 -6.200000e+00 0.000000e+00
      vertex   -8.078979e+01 -6.200000e+00 -3.674443e+01
    endloop
  endfacet
  facet normal 0.000000e+00 -1.000000e+00 -0.000000e+00
    outer loop
      vertex   -6.335000e+01 -6.200000e+00 -2.000000e+01
      vertex   -8.078979e+01 -6.200000e+00 -3.674443e+01
      vertex   -6.328946e+01 -6.200000e+00 -2.063399e+01
    endloop
  endfacet
  facet normal 0.000000e+00 -1.000000e+00 0.000000e+00
    outer loop
      vertex   -6.328946e+01 -6.200000e+00 -2.063399e+01
      vertex   -8.078979e+01 -6.200000e+00 -3.674443e+01
      vertex   -8.015940e+01 -6.200000e+00 -3.665379e+01
    endloop
  endfacet
  facet normal 0.000000e+00 -1.000000e+00 -0.000000e+00
    outer loop
      vertex   -6.328946e+01 -6.200000e+00 -2.063399e+01
      vertex   -8.015940e+01 -6.200000e+00 -3.665379e+01
      vertex   -6.311003e+01 -6.200000e+00 -2.124507e+01
    endloop
  endfacet
  facet normal 0.000000e+00 -1.000000e+00 -0.000000e+00
    outer loop
      vertex   -6.311003e+01 -6.200000e+00 -2.124507e+01
      vertex   -8.015940e+01 -6.200000e+00 -3.665379e+01
      vertex   -6.281820e+01 -6.200000e+00 -2.181115e+01
    endloop
  endfacet
  facet normal 0.000000e+00 -1.000000e+00 0.000000e+00
    outer loop
      vertex   -6.281820e+01 -6.200000e+00 -2.181115e+01
      vertex   -8.015940e+01 -6.200000e+00 -3.665379e+01
      vertex   -7.952325e+01 -6.200000e+00 -3.668410e+01
    endloop
  endfacet
  facet normal 0.000000e+00 -1.000000e+00 -0.000000e+00
    outer loop
      vertex   -6.281820e+01 -6.200000e+00 -2.181115e+01
      vertex   -7.952325e+01 -6.200000e+00 -3.668410e+01
      vertex   -6.242451e+01 -6.200000e+00 -2.231176e+01
    endloop
  endfacet
  facet normal 0.000000e+00 -1.000000e+00 0.000000e+00
    outer loop
      vertex   -6.242451e+01 -6.200000e+00 -2.231176e+01
      vertex   -7.952325e+01 -6.200000e+00 -3.668410e+01
      vertex   -7.890432e+01 -6.200000e+00 -3.683425e+01
    endloop
  endfacet
  facet normal 0.000000e+00 -1.000000e+00 0.000000e+00
    outer loop
      vertex   -6.328946e+01 -6.200000e+00 -1.936601e+01
      vertex   -6.311003e+01 -6.200000e+00 -1.875493e+01
      vertex   -1.017000e+02 -6.200000e+00 0.000000e+00
    endloop
  endfacet
  facet normal 0.000000e+00 -1.000000e+00 0.000000e+00
    outer loop
      vertex   -1.017000e+02 -6.200000e+00 0.000000e+00
      vertex   -6.311003e+01 -6.200000e+00 -1.875493e+01
      vertex   -6.281820e+01 -6.200000e+00 -1.818885e+01
    endloop
  endfacet
  facet normal 0.000000e+00 -1.000000e+00 0.000000e+00
    outer loop
      vertex   -1.017000e+02 -6.200000e+00 0.000000e+00
      vertex   -6.281820e+01 -6.200000e+00 -1.818885e+01
      vertex   -6.242451e+01 -6.200000e+00 -1.768824e+01
    endloop
  endfacet
  facet normal 0.000000e+00 -1.000000e+00 0.000000e+00
    outer loop
      vertex   -6.242451e+01 -6.200000e+00 -1.768824e+01
      vertex   -6.194319e+01 -6.200000e+00 -1.727117e+01
      vertex   -1.017000e+02 -6.200000e+00 0.000000e+00
    endloop
  endfacet
  facet normal 0.000000e+00 -1.000000e+00 0.000000e+00
    outer loop
      vertex   -1.017000e+02 -6.200000e+00 0.000000e+00
      vertex   -6.194319e+01 -6.200000e+00 -1.727117e+01
      vertex   -1.000000e+02 -6.200000e+00 1.700000e+00
    endloop
  endfacet
  facet normal 0.000000e+00 -1.000000e+00 0.000000e+00
    outer loop
      vertex   -1.017000e+02 -6.200000e+00 0.000000e+00
      vertex   -1.000000e+02 -6.200000e+00 1.700000e+00
      vertex   -1.016421e+02 -6.200000e+00 4.399924e-01
    endloop
  endfacet
  facet normal 0.000000e+00 -1.000000e+00 0.000000e+00
    outer loop
      vertex   -1.016421e+02 -6.200000e+00 4.399924e-01
      vertex   -1.000000e+02 -6.200000e+00 1.700000e+00
      vertex   -1.014722e+02 -6.200000e+00 8.500000e-01
    endloop
  endfacet
  facet normal 0.000000e+00 -1.000000e+00 0.000000e+00
    outer loop
      vertex   -1.014722e+02 -6.200000e+00 8.500000e-01
      vertex   -1.000000e+02 -6.200000e+00 1.700000e+00
      vertex   -1.012021e+02 -6.200000e+00 1.202082e+00
    endloop
  endfacet
  facet normal 0.000000e+00 -1.000000e+00 0.000000e+00
    outer loop
      vertex   -1.012021e+02 -6.200000e+00 1.202082e+00
      vertex   -1.000000e+02 -6.200000e+00 1.700000e+00
      vertex   -1.008500e+02 -6.200000e+00 1.472243e+00
    endloop
  endfacet
  facet normal 0.000000e+00 -1.000000e+00 0.000000e+00
    outer loop
      vertex   -1.008500e+02 -6.200000e+00 1.472243e+00
      vertex   -1.000000e+02 -6.200000e+00 1.700000e+00
      vertex   -1.004400e+02 -6.200000e+00 1.642074e+00
    endloop
  endfacet
  facet normal 0.000000e+00 -1.000000e+00 0.000000e+00
    outer loop
      vertex   -6.194319e+01 -6.200000e+00 -1.727117e+01
      vertex   -6.139164e+01 -6.200000e+00 -1.695273e+01
      vertex   -1.000000e+02 -6.200000e+00 1.700000e+00
    endloop
  endfacet
  facet normal 0.000000e+00 -1.000000e+00 0.000000e+00
    outer loop
      vertex   -1.000000e+02 -6.200000e+00 1.700000e+00
      vertex   -6.139164e+01 -6.200000e+00 -1.695273e+01
      vertex   -6.078979e+01 -6.200000e+00 -1.674443e+01
    endloop
  endfacet
  facet normal 0.000000e+00 -1.000000e+00 0.000000e+00
    outer loop
      vertex   -1.000000e+02 -6.200000e+00 1.700000e+00
      vertex   -6.078979e+01 -6.200000e+00 -1.674443e+01
      vertex   -6.015940e+01 -6.200000e+00 -1.665379e+01
    endloop
  endfacet
  facet normal 0.000000e+00 -1.000000e+00 0.000000e+00
    outer loop
      vertex   -1.000000e+02 -6.200000e+00 1.700000e+00
      vertex   -6.015940e+01 -6.200000e+00 -1.665379e+01
      vertex   -3.400000e+01 -6.200000e+00 1.700000e+00
    endloop
  endfacet
  facet normal 0.000000e+00 -1.000000e+00 0.000000e+00
    outer loop
      vertex   -3.400000e+01 -6.200000e+00 1.700000e+00
      vertex   -6.015940e+01 -6.200000e+00 -1.665379e+01
      vertex   -5.952325e+01 -6.200000e+00 -1.668410e+01
    endloop
  endfacet
  facet normal 0.000000e+00 -1.000000e+00 0.000000e+00
    outer loop
      vertex   -3.400000e+01 -6.200000e+00 1.700000e+00
      vertex   -5.952325e+01 -6.200000e+00 -1.668410e+01
      vertex   -5.890432e+01 -6.200000e+00 -1.683425e+01
    endloop
  endfacet
  facet normal 0.000000e+00 -1.000000e+00 0.000000e+00
    outer loop
      vertex   -5.890432e+01 -6.200000e+00 -1.683425e+01
      vertex   -5.832500e+01 -6.200000e+00 -1.709881e+01
      vertex   -3.400000e+01 -6.200000e+00 1.700000e+00
    endloop
  endfacet
  facet normal 0.000000e+00 -1.000000e+00 0.000000e+00
    outer loop
      vertex   -3.400000e+01 -6.200000e+00 1.700000e+00
      vertex   -5.832500e+01 -6.200000e+00 -1.709881e+01
      vertex   -5.780622e+01 -6.200000e+00 -1.746824e+01
    endloop
  endfacet
  facet normal 0.000000e+00 -1.000000e+00 0.000000e+00
    outer loop
      vertex   -3.400000e+01 -6.200000e+00 1.700000e+00
      vertex   -5.780622e+01 -6.200000e+00 -1.746824e+01
      vertex   -5.736672e+01 -6.200000e+00 -1.792917e+01
    endloop
  endfacet
  facet normal 0.000000e+00 -1.000000e+00 0.000000e+00
    outer loop
      vertex   -5.736672e+01 -6.200000e+00 -1.792917e+01
      vertex   -5.702240e+01 -6.200000e+00 -1.846494e+01
      vertex   -3.400000e+01 -6.200000e+00 1.700000e+00
    endloop
  endfacet
  facet normal 0.000000e+00 -1.000000e+00 0.000000e+00
    outer loop
      vertex   -3.400000e+01 -6.200000e+00 1.700000e+00
      vertex   -5.702240e+01 -6.200000e+00 -1.846494e+01
      vertex   -5.678570e+01 -6.200000e+00 -1.905620e+01
    endloop
  endfacet
  facet normal 0.000000e+00 -1.000000e+00 -0.000000e+00
    outer loop
      vertex   -3.400000e+01 -6.200000e+00 1.700000e+00
      vertex   -5.678570e+01 -6.200000e+00 -1.905620e+01
      vertex   -3.348820e+01 -6.200000e+00 1.757666e+00
    endloop
  endfacet
  facet normal 0.000000e+00 -1.000000e+00 0.000000e+00
    outer loop
      vertex   -3.348820e+01 -6.200000e+00 1.757666e+00
      vertex   -5.678570e+01 -6.200000e+00 -1.905620e+01
      vertex   -5.666517e+01 -6.200000e+00 -1.968156e+01
    endloop
  endfacet
  facet normal -0.000000e+00 -1.000000e+00 0.000000e+00
    outer loop
      vertex   -8.328946e+01 -6.200000e+00 -4.063399e+01
      vertex   -8.335000e+01 -6.200000e+00 -4.000000e+01
      vertex   -1.017000e+02 -6.200000e+00 -6.000000e+01
    endloop
  endfacet
  facet normal 0.000000e+00 -1.000000e+00 0.000000e+00
    outer loop
      vertex   -1.017000e+02 -6.200000e+00 -6.000000e+01
      vertex   -8.335000e+01 -6.200000e+00 -4.000000e+01
      vertex   -8.328946e+01 -6.200000e+00 -3.936601e+01
    endloop
  endfacet
  facet normal 0.000000e+00 -1.000000e+00 0.000000e+00
    outer loop
      vertex   -1.017000e+02 -6.200000e+00 -6.000000e+01
      vertex   -8.328946e+01 -6.200000e+00 -3.936601e+01
      vertex   -8.311003e+01 -6.200000e+00 -3.875493e+01
    endloop
  endfacet
  facet normal 0.000000e+00 -1.000000e+00 0.000000e+00
    outer loop
      vertex   -1.017000e+02 -6.200000e+00 -6.000000e+01
      vertex   -8.311003e+01 -6.200000e+00 -3.875493e+01
      vertex   -1.017000e+02 -6.200000e+00 0.000000e+00
    endloop
  endfacet
  facet normal 0.000000e+00 -1.000000e+00 0.000000e+00
    outer loop
      vertex   -1.017000e+02 -6.200000e+00 0.000000e+00
      vertex   -8.311003e+01 -6.200000e+00 -3.875493e+01
      vertex   -8.281820e+01 -6.200000e+00 -3.818885e+01
    endloop
  endfacet
  facet normal 0.000000e+00 -1.000000e+00 0.000000e+00
    outer loop
      vertex   -1.017000e+02 -6.200000e+00 0.000000e+00
      vertex   -8.281820e+01 -6.200000e+00 -3.818885e+01
      vertex   -8.242451e+01 -6.200000e+00 -3.768824e+01
    endloop
  endfacet
  facet normal 0.000000e+00 -1.000000e+00 0.000000e+00
    outer loop
      vertex   -8.242451e+01 -6.200000e+00 -3.768824e+01
      vertex   -8.194319e+01 -6.200000e+00 -3.727117e+01
      vertex   -1.017000e+02 -6.200000e+00 0.000000e+00
    endloop
  endfacet
  facet normal 0.000000e+00 -1.000000e+00 0.000000e+00
    outer loop
      vertex   -1.017000e+02 -6.200000e+00 0.000000e+00
      vertex   -8.194319e+01 -6.200000e+00 -3.727117e+01
      vertex   -8.139164e+01 -6.200000e+00 -3.695273e+01
    endloop
  endfacet
  facet normal 0.000000e+00 -1.000000e+00 0.000000e+00
    outer loop
      vertex   -1.017000e+02 -6.200000e+00 0.000000e+00
      vertex   -8.139164e+01 -6.200000e+00 -3.695273e+01
      vertex   -8.078979e+01 -6.200000e+00 -3.674443e+01
    endloop
  endfacet
  facet normal -0.000000e+00 -1.000000e+00 0.000000e+00
    outer loop
      vertex   -8.015940e+01 -6.200000e+00 -4.334621e+01
      vertex   -8.078979e+01 -6.200000e+00 -4.325557e+01
      vertex   -1.000000e+02 -6.200000e+00 -6.170000e+01
    endloop
  endfacet
  facet normal 0.000000e+00 -1.000000e+00 0.000000e+00
    outer loop
      vertex   -1.000000e+02 -6.200000e+00 -6.170000e+01
      vertex   -8.078979e+01 -6.200000e+00 -4.325557e+01
      vertex   -1.017000e+02 -6.200000e+00 -6.000000e+01
    endloop
  endfacet
  facet normal 0.000000e+00 -1.000000e+00 0.000000e+00
    outer loop
      vertex   -1.000000e+02 -6.200000e+00 -6.170000e+01
      vertex   -1.017000e+02 -6.200000e+00 -6.000000e+01
      vertex   -1.016421e+02 -6.200000e+00 -6.043999e+01
    endloop
  endfacet
  facet normal -0.000000e+00 -1.000000e+00 0.000000e+00
    outer loop
      vertex   -8.078979e+01 -6.200000e+00 -4.325557e+01
      vertex   -8.139164e+01 -6.200000e+00 -4.304727e+01
      vertex   -1.017000e+02 -6.200000e+00 -6.000000e+01
    endloop
  endfacet
  facet normal 0.000000e+00 -1.000000e+00 0.000000e+00
    outer loop
      vertex   -1.017000e+02 -6.200000e+00 -6.000000e+01
      vertex   -8.139164e+01 -6.200000e+00 -4.304727e+01
      vertex   -8.194319e+01 -6.200000e+00 -4.272883e+01
    endloop
  endfacet
  facet normal 0.000000e+00 -1.000000e+00 0.000000e+00
    outer loop
      vertex   -1.017000e+02 -6.200000e+00 -6.000000e+01
      vertex   -8.194319e+01 -6.200000e+00 -4.272883e+01
      vertex   -8.242451e+01 -6.200000e+00 -4.231176e+01
    endloop
  endfacet
  facet normal -0.000000e+00 -1.000000e+00 0.000000e+00
    outer loop
      vertex   -8.242451e+01 -6.200000e+00 -4.231176e+01
      vertex   -8.281820e+01 -6.200000e+00 -4.181115e+01
      vertex   -1.017000e+02 -6.200000e+00 -6.000000e+01
    endloop
  endfacet
  facet normal 0.000000e+00 -1.000000e+00 0.000000e+00
    outer loop
      vertex   -1.017000e+02 -6.200000e+00 -6.000000e+01
      vertex   -8.281820e+01 -6.200000e+00 -4.181115e+01
      vertex   -8.311003e+01 -6.200000e+00 -4.124507e+01
    endloop
  endfacet
  facet normal 0.000000e+00 -1.000000e+00 0.000000e+00
    outer loop
      vertex   -1.017000e+02 -6.200000e+00 -6.000000e+01
      vertex   -8.311003e+01 -6.200000e+00 -4.124507e+01
      vertex   -8.328946e+01 -6.200000e+00 -4.063399e+01
    endloop
  endfacet
  facet normal 0.000000e+00 -1.000000e+00 0.000000e+00
    outer loop
      vertex   -1.016421e+02 -6.200000e+00 -6.043999e+01
      vertex   -1.014722e+02 -6.200000e+00 -6.085000e+01
      vertex   -1.000000e+02 -6.200000e+00 -6.170000e+01
    endloop
  endfacet
  facet normal 0.000000e+00 -1.000000e+00 0.000000e+00
    outer loop
      vertex   -1.000000e+02 -6.200000e+00 -6.170000e+01
      vertex   -1.014722e+02 -6.200000e+00 -6.085000e+01
      vertex   -1.012021e+02 -6.200000e+00 -6.120208e+01
    endloop
  endfacet
  facet normal 0.000000e+00 -1.000000e+00 0.000000e+00
    outer loop
      vertex   -1.000000e+02 -6.200000e+00 -6.170000e+01
      vertex   -1.012021e+02 -6.200000e+00 -6.120208e+01
      vertex   -1.008500e+02 -6.200000e+00 -6.147224e+01
    endloop
  endfacet
  facet normal 0.000000e+00 -1.000000e+00 0.000000e+00
    outer loop
      vertex   -1.008500e+02 -6.200000e+00 -6.147224e+01
      vertex   -1.004400e+02 -6.200000e+00 -6.164207e+01
      vertex   -1.000000e+02 -6.200000e+00 -6.170000e+01
    endloop
  endfacet
  facet normal 0.000000e+00 -1.000000e+00 0.000000e+00
    outer loop
      vertex   4.000000e+00 -6.200000e+00 -3.520000e+01
      vertex   3.000000e+01 -6.200000e+00 -3.520000e+01
      vertex   3.170000e+01 -6.200000e+00 -3.350000e+01
    endloop
  endfacet
  facet normal 0.000000e+00 -1.000000e+00 0.000000e+00
    outer loop
      vertex   3.170000e+01 -6.200000e+00 -3.350000e+01
      vertex   3.000000e+01 -6.200000e+00 -3.520000e+01
      vertex   3.164207e+01 -6.200000e+00 -3.393999e+01
    endloop
  endfacet
  facet normal 0.000000e+00 -1.000000e+00 0.000000e+00
    outer loop
      vertex   3.164207e+01 -6.200000e+00 -3.393999e+01
      vertex   3.000000e+01 -6.200000e+00 -3.520000e+01
      vertex   3.147224e+01 -6.200000e+00 -3.435000e+01
    endloop
  endfacet
  facet normal 0.000000e+00 -1.000000e+00 0.000000e+00
    outer loop
      vertex   3.147224e+01 -6.200000e+00 -3.435000e+01
      vertex   3.000000e+01 -6.200000e+00 -3.520000e+01
      vertex   3.120208e+01 -6.200000e+00 -3.470208e+01
    endloop
  endfacet
  facet normal 0.000000e+00 -1.000000e+00 0.000000e+00
    outer loop
      vertex   3.120208e+01 -6.200000e+00 -3.470208e+01
      vertex   3.000000e+01 -6.200000e+00 -3.520000e+01
      vertex   3.085000e+01 -6.200000e+00 -3.497224e+01
    endloop
  endfacet
  facet normal 0.000000e+00 -1.000000e+00 0.000000e+00
    outer loop
      vertex   3.085000e+01 -6.200000e+00 -3.497224e+01
      vertex   3.000000e+01 -6.200000e+00 -3.520000e+01
      vertex   3.043999e+01 -6.200000e+00 -3.514207e+01
    endloop
  endfacet
  facet normal 0.000000e+00 -1.000000e+00 0.000000e+00
    outer loop
      vertex   3.170000e+01 -6.200000e+00 2.200000e+01
      vertex   3.164207e+01 -6.200000e+00 2.243999e+01
      vertex   3.000000e+01 -6.200000e+00 2.370000e+01
    endloop
  endfacet
  facet normal 0.000000e+00 -1.000000e+00 0.000000e+00
    outer loop
      vertex   3.000000e+01 -6.200000e+00 2.370000e+01
      vertex   3.164207e+01 -6.200000e+00 2.243999e+01
      vertex   3.147224e+01 -6.200000e+00 2.285000e+01
    endloop
  endfacet
  facet normal 0.000000e+00 -1.000000e+00 0.000000e+00
    outer loop
      vertex   3.000000e+01 -6.200000e+00 2.370000e+01
      vertex   3.147224e+01 -6.200000e+00 2.285000e+01
      vertex   3.120208e+01 -6.200000e+00 2.320208e+01
    endloop
  endfacet
  facet normal 0.000000e+00 -1.000000e+00 0.000000e+00
    outer loop
      vertex   3.120208e+01 -6.200000e+00 2.320208e+01
      vertex   3.085000e+01 -6.200000e+00 2.347224e+01
      vertex   3.000000e+01 -6.200000e+00 2.370000e+01
    endloop
  endfacet
  facet normal 0.000000e+00 -1.000000e+00 0.000000e+00
    outer loop
      vertex   3.000000e+01 -6.200000e+00 2.370000e+01
      vertex   3.085000e+01 -6.200000e+00 2.347224e+01
      vertex   3.043999e+01 -6.200000e+00 2.364207e+01
    endloop
  endfacet
  facet normal 7.007028e-01 -7.098862e-01 -7.125451e-02
    outer loop
      vertex   -2.987566e+00 -5.900000e+00 6.139605e-01
      vertex   -3.289461e+00 -6.200000e+00 6.339917e-01
      vertex   -3.050000e+00 -5.900000e+00 1.813709e-14
    endloop
  endfacet
  facet normal 7.055004e-01 -7.055004e-01 -6.736712e-02
    outer loop
      vertex   -3.050000e+00 -5.900000e+00 1.813709e-14
      vertex   -3.289461e+00 -6.200000e+00 6.339917e-01
      vertex   -3.350000e+00 -6.200000e+00 1.735331e-14
    endloop
  endfacet
  facet normal 7.055004e-01 -7.055004e-01 6.736712e-02
    outer loop
      vertex   -3.050000e+00 -5.900000e+00 1.813709e-14
      vertex   -3.350000e+00 -6.200000e+00 1.735331e-14
      vertex   -3.289461e+00 -6.200000e+00 -6.339917e-01
    endloop
  endfacet
  facet normal 6.837886e-01 -7.015135e-01 -2.007784e-01
    outer loop
      vertex   -3.289461e+00 -6.200000e+00 6.339917e-01
      vertex   -2.987566e+00 -5.900000e+00 6.139605e-01
      vertex   -3.110033e+00 -6.200000e+00 1.245069e+00
    endloop
  endfacet
  facet normal 6.682099e-01 -7.138217e-01 -2.096522e-01
    outer loop
      vertex   -3.110033e+00 -6.200000e+00 1.245069e+00
      vertex   -2.987566e+00 -5.900000e+00 6.139605e-01
      vertex   -2.802821e+00 -5.900000e+00 1.202785e+00
    endloop
  endfacet
  facet normal 6.364743e-01 -6.980216e-01 -3.281253e-01
    outer loop
      vertex   -3.110033e+00 -6.200000e+00 1.245069e+00
      vertex   -2.802821e+00 -5.900000e+00 1.202785e+00
      vertex   -2.818199e+00 -6.200000e+00 1.811147e+00
    endloop
  endfacet
  facet normal 6.093731e-01 -7.171228e-01 -3.382297e-01
    outer loop
      vertex   -2.818199e+00 -6.200000e+00 1.811147e+00
      vertex   -2.802821e+00 -5.900000e+00 1.202785e+00
      vertex   -2.503328e+00 -5.900000e+00 1.742368e+00
    endloop
  endfacet
  facet normal 5.651429e-01 -6.950486e-01 -4.444333e-01
    outer loop
      vertex   -2.818199e+00 -6.200000e+00 1.811147e+00
      vertex   -2.503328e+00 -5.900000e+00 1.742368e+00
      vertex   -2.424509e+00 -6.200000e+00 2.311765e+00
    endloop
  endfacet
  facet normal 5.267044e-01 -7.198145e-01 -4.521609e-01
    outer loop
      vertex   -2.424509e+00 -6.200000e+00 2.311765e+00
      vertex   -2.503328e+00 -5.900000e+00 1.742368e+00
      vertex   -2.101349e+00 -5.900000e+00 2.210618e+00
    endloop
  endfacet
  facet normal 4.723561e-01 -6.926148e-01 -5.451280e-01
    outer loop
      vertex   -2.424509e+00 -6.200000e+00 2.311765e+00
      vertex   -2.101349e+00 -5.900000e+00 2.210618e+00
      vertex   -1.943191e+00 -6.200000e+00 2.728829e+00
    endloop
  endfacet
  facet normal 4.235647e-01 -7.219173e-01 -5.472005e-01
    outer loop
      vertex   -1.943191e+00 -6.200000e+00 2.728829e+00
      vertex   -2.101349e+00 -5.900000e+00 2.210618e+00
      vertex   -1.613340e+00 -5.900000e+00 2.588365e+00
    endloop
  endfacet
  facet normal 3.615529e-01 -6.907372e-01 -6.262280e-01
    outer loop
      vertex   -1.943191e+00 -6.200000e+00 2.728829e+00
      vertex   -1.613340e+00 -5.900000e+00 2.588365e+00
      vertex   -1.391640e+00 -6.200000e+00 3.047267e+00
    endloop
  endfacet
  facet normal 3.040393e-01 -7.234470e-01 -6.198262e-01
    outer loop
      vertex   -1.391640e+00 -6.200000e+00 3.047267e+00
      vertex   -1.613340e+00 -5.900000e+00 2.588365e+00
      vertex   -1.059281e+00 -5.900000e+00 2.860144e+00
    endloop
  endfacet
  facet normal 2.369128e-01 -6.894289e-01 -6.845145e-01
    outer loop
      vertex   -1.391640e+00 -6.200000e+00 3.047267e+00
      vertex   -1.059281e+00 -5.900000e+00 2.860144e+00
      vertex   -7.897924e-01 -6.200000e+00 3.255569e+00
    endloop
  endfacet
  facet normal 1.727908e-01 -7.244151e-01 -6.673575e-01
    outer loop
      vertex   -7.897924e-01 -6.200000e+00 3.255569e+00
      vertex   -1.059281e+00 -5.900000e+00 2.860144e+00
      vertex   -4.618547e-01 -5.900000e+00 3.014828e+00
    endloop
  endfacet
  facet normal 1.031850e-01 -6.886991e-01 -7.176673e-01
    outer loop
      vertex   -7.897924e-01 -6.200000e+00 3.255569e+00
      vertex   -4.618547e-01 -5.900000e+00 3.014828e+00
      vertex   -1.593994e-01 -6.200000e+00 3.346206e+00
    endloop
  endfacet
  facet normal 3.489369e-02 -7.248287e-01 -6.880449e-01
    outer loop
      vertex   -1.593994e-01 -6.200000e+00 3.346206e+00
      vertex   -4.618547e-01 -5.900000e+00 3.014828e+00
      vertex   1.544800e-01 -5.900000e+00 3.046085e+00
    endloop
  endfacet
  facet normal -3.450574e-02 -6.885529e-01 -7.243647e-01
    outer loop
      vertex   -1.593994e-01 -6.200000e+00 3.346206e+00
      vertex   1.544800e-01 -5.900000e+00 3.046085e+00
      vertex   4.767547e-01 -6.200000e+00 3.315902e+00
    endloop
  endfacet
  facet normal -1.043450e-01 -7.246909e-01 -6.811279e-01
    outer loop
      vertex   4.767547e-01 -6.200000e+00 3.315902e+00
      vertex   1.544800e-01 -5.900000e+00 3.046085e+00
      vertex   7.644902e-01 -5.900000e+00 2.952635e+00
    endloop
  endfacet
  facet normal -1.708709e-01 -6.889913e-01 -7.043395e-01
    outer loop
      vertex   4.767547e-01 -6.200000e+00 3.315902e+00
      vertex   7.644902e-01 -5.900000e+00 2.952635e+00
      vertex   1.095678e+00 -6.200000e+00 3.165753e+00
    endloop
  endfacet
  facet normal -2.395709e-01 -7.240007e-01 -6.468607e-01
    outer loop
      vertex   1.095678e+00 -6.200000e+00 3.165753e+00
      vertex   7.644902e-01 -5.900000e+00 2.952635e+00
      vertex   1.343202e+00 -5.900000e+00 2.738304e+00
    endloop
  endfacet
  facet normal -3.006768e-01 -6.900113e-01 -6.583904e-01
    outer loop
      vertex   1.095678e+00 -6.200000e+00 3.165753e+00
      vertex   1.343202e+00 -5.900000e+00 2.738304e+00
      vertex   1.675000e+00 -6.200000e+00 2.901185e+00
    endloop
  endfacet
  facet normal -3.655704e-01 -7.227530e-01 -5.865035e-01
    outer loop
      vertex   1.675000e+00 -6.200000e+00 2.901185e+00
      vertex   1.343202e+00 -5.900000e+00 2.738304e+00
      vertex   1.866923e+00 -5.900000e+00 2.411866e+00
    endloop
  endfacet
  facet normal -4.189608e-01 -6.916056e-01 -5.883482e-01
    outer loop
      vertex   1.675000e+00 -6.200000e+00 2.901185e+00
      vertex   1.866923e+00 -5.900000e+00 2.411866e+00
      vertex   2.193783e+00 -6.200000e+00 2.531761e+00
    endloop
  endfacet
  facet normal -4.774535e-01 -7.209384e-01 -5.022808e-01
    outer loop
      vertex   2.193783e+00 -6.200000e+00 2.531761e+00
      vertex   1.866923e+00 -5.900000e+00 2.411866e+00
      vertex   2.314212e+00 -5.900000e+00 1.986686e+00
    endloop
  endfacet
  facet normal -5.212356e-01 -6.937631e-01 -4.969972e-01
    outer loop
      vertex   2.193783e+00 -6.200000e+00 2.531761e+00
      vertex   2.314212e+00 -5.900000e+00 1.986686e+00
      vertex   2.633278e+00 -6.200000e+00 2.070833e+00
    endloop
  endfacet
  facet normal -5.708263e-01 -7.185434e-01 -3.973068e-01
    outer loop
      vertex   2.633278e+00 -6.200000e+00 2.070833e+00
      vertex   2.314212e+00 -5.900000e+00 1.986686e+00
      vertex   2.666757e+00 -5.900000e+00 1.480171e+00
    endloop
  endfacet
  facet normal -6.036726e-01 -6.964689e-01 -3.879568e-01
    outer loop
      vertex   2.633278e+00 -6.200000e+00 2.070833e+00
      vertex   2.666757e+00 -5.900000e+00 1.480171e+00
      vertex   2.977599e+00 -6.200000e+00 1.535059e+00
    endloop
  endfacet
  facet normal -6.419487e-01 -7.155499e-01 -2.754819e-01
    outer loop
      vertex   2.977599e+00 -6.200000e+00 1.535059e+00
      vertex   2.666757e+00 -5.900000e+00 1.480171e+00
      vertex   2.910125e+00 -5.900000e+00 9.130575e-01
    endloop
  endfacet
  facet normal -6.632564e-01 -6.997041e-01 -2.655278e-01
    outer loop
      vertex   2.977599e+00 -6.200000e+00 1.535059e+00
      vertex   2.910125e+00 -5.900000e+00 9.130575e-01
      vertex   3.214301e+00 -6.200000e+00 9.438041e-01
    endloop
  endfacet
  facet normal -6.878703e-01 -7.119350e-01 -1.413609e-01
    outer loop
      vertex   3.214301e+00 -6.200000e+00 9.438041e-01
      vertex   2.910125e+00 -5.900000e+00 9.130575e-01
      vertex   3.034351e+00 -5.900000e+00 3.085634e-01
    endloop
  endfacet
  facet normal -6.979039e-01 -7.034467e-01 -1.345099e-01
    outer loop
      vertex   3.214301e+00 -6.200000e+00 9.438041e-01
      vertex   3.034351e+00 -5.900000e+00 3.085634e-01
      vertex   3.334831e+00 -6.200000e+00 3.184377e-01
    endloop
  endfacet
  facet normal -7.065419e-01 -7.076712e-01 1.141058e-17
    outer loop
      vertex   3.334831e+00 -6.200000e+00 3.184377e-01
      vertex   3.034351e+00 -5.900000e+00 3.085634e-01
      vertex   3.034351e+00 -5.900000e+00 -3.085634e-01
    endloop
  endfacet
  facet normal -7.065419e-01 -7.076712e-01 -0.000000e+00
    outer loop
      vertex   3.334831e+00 -6.200000e+00 3.184377e-01
      vertex   3.034351e+00 -5.900000e+00 -3.085634e-01
      vertex   3.334831e+00 -6.200000e+00 -3.184377e-01
    endloop
  endfacet
  facet normal -6.979039e-01 -7.034467e-01 1.345099e-01
    outer loop
      vertex   3.334831e+00 -6.200000e+00 -3.184377e-01
      vertex   3.034351e+00 -5.900000e+00 -3.085634e-01
      vertex   3.214301e+00 -6.200000e+00 -9.438041e-01
    endloop
  endfacet
  facet normal -6.878703e-01 -7.119350e-01 1.413609e-01
    outer loop
      vertex   3.214301e+00 -6.200000e+00 -9.438041e-01
      vertex   3.034351e+00 -5.900000e+00 -3.085634e-01
      vertex   2.910125e+00 -5.900000e+00 -9.130575e-01
    endloop
  endfacet
  facet normal -6.632564e-01 -6.997041e-01 2.655278e-01
    outer loop
      vertex   3.214301e+00 -6.200000e+00 -9.438041e-01
      vertex   2.910125e+00 -5.900000e+00 -9.130575e-01
      vertex   2.977599e+00 -6.200000e+00 -1.535059e+00
    endloop
  endfacet
  facet normal -6.419487e-01 -7.155499e-01 2.754819e-01
    outer loop
      vertex   2.977599e+00 -6.200000e+00 -1.535059e+00
      vertex   2.910125e+00 -5.900000e+00 -9.130575e-01
      vertex   2.666757e+00 -5.900000e+00 -1.480171e+00
    endloop
  endfacet
  facet normal -6.036726e-01 -6.964689e-01 3.879568e-01
    outer loop
      vertex   2.977599e+00 -6.200000e+00 -1.535059e+00
      vertex   2.666757e+00 -5.900000e+00 -1.480171e+00
      vertex   2.633278e+00 -6.200000e+00 -2.070833e+00
    endloop
  endfacet
  facet normal -5.708263e-01 -7.185434e-01 3.973068e-01
    outer loop
      vertex   2.633278e+00 -6.200000e+00 -2.070833e+00
      vertex   2.666757e+00 -5.900000e+00 -1.480171e+00
      vertex   2.314212e+00 -5.900000e+00 -1.986686e+00
    endloop
  endfacet
  facet normal -5.212356e-01 -6.937631e-01 4.969972e-01
    outer loop
      vertex   2.633278e+00 -6.200000e+00 -2.070833e+00
      vertex   2.314212e+00 -5.900000e+00 -1.986686e+00
      vertex   2.193783e+00 -6.200000e+00 -2.531761e+00
    endloop
  endfacet
  facet normal -4.774535e-01 -7.209384e-01 5.022808e-01
    outer loop
      vertex   2.193783e+00 -6.200000e+00 -2.531761e+00
      vertex   2.314212e+00 -5.900000e+00 -1.986686e+00
      vertex   1.866923e+00 -5.900000e+00 -2.411866e+00
    endloop
  endfacet
  facet normal -4.189608e-01 -6.916056e-01 5.883482e-01
    outer loop
      vertex   2.193783e+00 -6.200000e+00 -2.531761e+00
      vertex   1.866923e+00 -5.900000e+00 -2.411866e+00
      vertex   1.675000e+00 -6.200000e+00 -2.901185e+00
    endloop
  endfacet
  facet normal -3.655704e-01 -7.227530e-01 5.865035e-01
    outer loop
      vertex   1.675000e+00 -6.200000e+00 -2.901185e+00
      vertex   1.866923e+00 -5.900000e+00 -2.411866e+00
      vertex   1.343202e+00 -5.900000e+00 -2.738304e+00
    endloop
  endfacet
  facet normal -3.006768e-01 -6.900113e-01 6.583904e-01
    outer loop
      vertex   1.675000e+00 -6.200000e+00 -2.901185e+00
      vertex   1.343202e+00 -5.900000e+00 -2.738304e+00
      vertex   1.095678e+00 -6.200000e+00 -3.165753e+00
    endloop
  endfacet
  facet normal -2.395709e-01 -7.240007e-01 6.468607e-01
    outer loop
      vertex   1.095678e+00 -6.200000e+00 -3.165753e+00
      vertex   1.343202e+00 -5.900000e+00 -2.738304e+00
      vertex   7.644902e-01 -5.900000e+00 -2.952635e+00
    endloop
  endfacet
  facet normal -1.708709e-01 -6.889913e-01 7.043395e-01
    outer loop
      vertex   1.095678e+00 -6.200000e+00 -3.165753e+00
      vertex   7.644902e-01 -5.900000e+00 -2.952635e+00
      vertex   4.767547e-01 -6.200000e+00 -3.315902e+00
    endloop
  endfacet
  facet normal -1.043450e-01 -7.246909e-01 6.811279e-01
    outer loop
      vertex   4.767547e-01 -6.200000e+00 -3.315902e+00
      vertex   7.644902e-01 -5.900000e+00 -2.952635e+00
      vertex   1.544800e-01 -5.900000e+00 -3.046085e+00
    endloop
  endfacet
  facet normal -3.450574e-02 -6.885529e-01 7.243647e-01
    outer loop
      vertex   4.767547e-01 -6.200000e+00 -3.315902e+00
      vertex   1.544800e-01 -5.900000e+00 -3.046085e+00
      vertex   -1.593994e-01 -6.200000e+00 -3.346206e+00
    endloop
  endfacet
  facet normal 3.489369e-02 -7.248287e-01 6.880449e-01
    outer loop
      vertex   -1.593994e-01 -6.200000e+00 -3.346206e+00
      vertex   1.544800e-01 -5.900000e+00 -3.046085e+00
      vertex   -4.618547e-01 -5.900000e+00 -3.014828e+00
    endloop
  endfacet
  facet normal 1.031850e-01 -6.886991e-01 7.176673e-01
    outer loop
      vertex   -1.593994e-01 -6.200000e+00 -3.346206e+00
      vertex   -4.618547e-01 -5.900000e+00 -3.014828e+00
      vertex   -7.897924e-01 -6.200000e+00 -3.255569e+00
    endloop
  endfacet
  facet normal 1.727908e-01 -7.244151e-01 6.673575e-01
    outer loop
      vertex   -7.897924e-01 -6.200000e+00 -3.255569e+00
      vertex   -4.618547e-01 -5.900000e+00 -3.014828e+00
      vertex   -1.059281e+00 -5.900000e+00 -2.860144e+00
    endloop
  endfacet
  facet normal 2.369128e-01 -6.894289e-01 6.845145e-01
    outer loop
      vertex   -7.897924e-01 -6.200000e+00 -3.255569e+00
      vertex   -1.059281e+00 -5.900000e+00 -2.860144e+00
      vertex   -1.391640e+00 -6.200000e+00 -3.047267e+00
    endloop
  endfacet
  facet normal 3.040393e-01 -7.234470e-01 6.198262e-01
    outer loop
      vertex   -1.391640e+00 -6.200000e+00 -3.047267e+00
      vertex   -1.059281e+00 -5.900000e+00 -2.860144e+00
      vertex   -1.613340e+00 -5.900000e+00 -2.588365e+00
    endloop
  endfacet
  facet normal 3.615529e-01 -6.907372e-01 6.262280e-01
    outer loop
      vertex   -1.391640e+00 -6.200000e+00 -3.047267e+00
      vertex   -1.613340e+00 -5.900000e+00 -2.588365e+00
      vertex   -1.943191e+00 -6.200000e+00 -2.728829e+00
    endloop
  endfacet
  facet normal 4.235647e-01 -7.219173e-01 5.472005e-01
    outer loop
      vertex   -1.943191e+00 -6.200000e+00 -2.728829e+00
      vertex   -1.613340e+00 -5.900000e+00 -2.588365e+00
      vertex   -2.101349e+00 -5.900000e+00 -2.210618e+00
    endloop
  endfacet
  facet normal 4.723561e-01 -6.926148e-01 5.451280e-01
    outer loop
      vertex   -1.943191e+00 -6.200000e+00 -2.728829e+00
      vertex   -2.101349e+00 -5.900000e+00 -2.210618e+00
      vertex   -2.424509e+00 -6.200000e+00 -2.311765e+00
    endloop
  endfacet
  facet normal 5.267044e-01 -7.198145e-01 4.521609e-01
    outer loop
      vertex   -2.424509e+00 -6.200000e+00 -2.311765e+00
      vertex   -2.101349e+00 -5.900000e+00 -2.210618e+00
      vertex   -2.503328e+00 -5.900000e+00 -1.742368e+00
    endloop
  endfacet
  facet normal 5.651429e-01 -6.950486e-01 4.444333e-01
    outer loop
      vertex   -2.424509e+00 -6.200000e+00 -2.311765e+00
      vertex   -2.503328e+00 -5.900000e+00 -1.742368e+00
      vertex   -2.818199e+00 -6.200000e+00 -1.811147e+00
    endloop
  endfacet
  facet normal 6.093731e-01 -7.171228e-01 3.382297e-01
    outer loop
      vertex   -2.818199e+00 -6.200000e+00 -1.811147e+00
      vertex   -2.503328e+00 -5.900000e+00 -1.742368e+00
      vertex   -2.802821e+00 -5.900000e+00 -1.202785e+00
    endloop
  endfacet
  facet normal 6.364743e-01 -6.980216e-01 3.281253e-01
    outer loop
      vertex   -2.818199e+00 -6.200000e+00 -1.811147e+00
      vertex   -2.802821e+00 -5.900000e+00 -1.202785e+00
      vertex   -3.110033e+00 -6.200000e+00 -1.245069e+00
    endloop
  endfacet
  facet normal 6.682099e-01 -7.138217e-01 2.096522e-01
    outer loop
      vertex   -3.110033e+00 -6.200000e+00 -1.245069e+00
      vertex   -2.802821e+00 -5.900000e+00 -1.202785e+00
      vertex   -2.987566e+00 -5.900000e+00 -6.139605e-01
    endloop
  endfacet
  facet normal 6.837886e-01 -7.015135e-01 2.007784e-01
    outer loop
      vertex   -3.110033e+00 -6.200000e+00 -1.245069e+00
      vertex   -2.987566e+00 -5.900000e+00 -6.139605e-01
      vertex   -3.289461e+00 -6.200000e+00 -6.339917e-01
    endloop
  endfacet
  facet normal 7.007028e-01 -7.098862e-01 7.125451e-02
    outer loop
      vertex   -3.289461e+00 -6.200000e+00 -6.339917e-01
      vertex   -2.987566e+00 -5.900000e+00 -6.139605e-01
      vertex   -3.050000e+00 -5.900000e+00 1.813709e-14
    endloop
  endfacet
  facet normal 9.948693e-01 0.000000e+00 -1.011683e-01
    outer loop
      vertex   -2.987566e+00 -5.200000e+00 6.139605e-01
      vertex   -2.987566e+00 -5.900000e+00 6.139605e-01
      vertex   -3.050000e+00 -5.200000e+00 1.813709e-14
    endloop
  endfacet
  facet normal 9.948693e-01 0.000000e+00 -1.011683e-01
    outer loop
      vertex   -3.050000e+00 -5.200000e+00 1.813709e-14
      vertex   -2.987566e+00 -5.900000e+00 6.139605e-01
      vertex   -3.050000e+00 -5.900000e+00 1.813709e-14
    endloop
  endfacet
  facet normal 9.948693e-01 0.000000e+00 1.011683e-01
    outer loop
      vertex   -3.050000e+00 -5.200000e+00 1.813709e-14
      vertex   -3.050000e+00 -5.900000e+00 1.813709e-14
      vertex   -2.987566e+00 -5.200000e+00 -6.139605e-01
    endloop
  endfacet
  facet normal 9.948693e-01 0.000000e+00 1.011683e-01
    outer loop
      vertex   -2.987566e+00 -5.200000e+00 -6.139605e-01
      vertex   -3.050000e+00 -5.900000e+00 1.813709e-14
      vertex   -2.987566e+00 -5.900000e+00 -6.139605e-01
    endloop
  endfacet
  facet normal 9.541393e-01 0.000000e+00 2.993631e-01
    outer loop
      vertex   -2.987566e+00 -5.200000e+00 -6.139605e-01
      vertex   -2.987566e+00 -5.900000e+00 -6.139605e-01
      vertex   -2.802821e+00 -5.200000e+00 -1.202785e+00
    endloop
  endfacet
  facet normal 9.541393e-01 0.000000e+00 2.993631e-01
    outer loop
      vertex   -2.802821e+00 -5.200000e+00 -1.202785e+00
      vertex   -2.987566e+00 -5.900000e+00 -6.139605e-01
      vertex   -2.802821e+00 -5.900000e+00 -1.202785e+00
    endloop
  endfacet
  facet normal 8.743466e-01 0.000000e+00 4.853020e-01
    outer loop
      vertex   -2.802821e+00 -5.200000e+00 -1.202785e+00
      vertex   -2.802821e+00 -5.900000e+00 -1.202785e+00
      vertex   -2.503328e+00 -5.200000e+00 -1.742368e+00
    endloop
  endfacet
  facet normal 8.743466e-01 0.000000e+00 4.853020e-01
    outer loop
      vertex   -2.503328e+00 -5.200000e+00 -1.742368e+00
      vertex   -2.802821e+00 -5.900000e+00 -1.202785e+00
      vertex   -2.503328e+00 -5.900000e+00 -1.742368e+00
    endloop
  endfacet
  facet normal 7.587581e-01 0.000000e+00 6.513725e-01
    outer loop
      vertex   -2.503328e+00 -5.200000e+00 -1.742368e+00
      vertex   -2.503328e+00 -5.900000e+00 -1.742368e+00
      vertex   -2.101349e+00 -5.200000e+00 -2.210618e+00
    endloop
  endfacet
  facet normal 7.587581e-01 0.000000e+00 6.513725e-01
    outer loop
      vertex   -2.101349e+00 -5.200000e+00 -2.210618e+00
      vertex   -2.503328e+00 -5.900000e+00 -1.742368e+00
      vertex   -2.101349e+00 -5.900000e+00 -2.210618e+00
    endloop
  endfacet
  facet normal 6.121060e-01 0.000000e+00 7.907757e-01
    outer loop
      vertex   -2.101349e+00 -5.200000e+00 -2.210618e+00
      vertex   -2.101349e+00 -5.900000e+00 -2.210618e+00
      vertex   -1.613340e+00 -5.200000e+00 -2.588365e+00
    endloop
  endfacet
  facet normal 6.121060e-01 0.000000e+00 7.907757e-01
    outer loop
      vertex   -1.613340e+00 -5.200000e+00 -2.588365e+00
      vertex   -2.101349e+00 -5.900000e+00 -2.210618e+00
      vertex   -1.613340e+00 -5.900000e+00 -2.588365e+00
    endloop
  endfacet
  facet normal 4.403942e-01 0.000000e+00 8.978045e-01
    outer loop
      vertex   -1.613340e+00 -5.200000e+00 -2.588365e+00
      vertex   -1.613340e+00 -5.900000e+00 -2.588365e+00
      vertex   -1.059281e+00 -5.200000e+00 -2.860144e+00
    endloop
  endfacet
  facet normal 4.403942e-01 0.000000e+00 8.978045e-01
    outer loop
      vertex   -1.059281e+00 -5.200000e+00 -2.860144e+00
      vertex   -1.613340e+00 -5.900000e+00 -2.588365e+00
      vertex   -1.059281e+00 -5.900000e+00 -2.860144e+00
    endloop
  endfacet
  facet normal 2.506525e-01 0.000000e+00 9.680771e-01
    outer loop
      vertex   -1.059281e+00 -5.200000e+00 -2.860144e+00
      vertex   -1.059281e+00 -5.900000e+00 -2.860144e+00
      vertex   -4.618547e-01 -5.200000e+00 -3.014828e+00
    endloop
  endfacet
  facet normal 2.506525e-01 0.000000e+00 9.680771e-01
    outer loop
      vertex   -4.618547e-01 -5.200000e+00 -3.014828e+00
      vertex   -1.059281e+00 -5.900000e+00 -2.860144e+00
      vertex   -4.618547e-01 -5.900000e+00 -3.014828e+00
    endloop
  endfacet
  facet normal 5.064917e-02 0.000000e+00 9.987165e-01
    outer loop
      vertex   -4.618547e-01 -5.200000e+00 -3.014828e+00
      vertex   -4.618547e-01 -5.900000e+00 -3.014828e+00
      vertex   1.544800e-01 -5.200000e+00 -3.046085e+00
    endloop
  endfacet
  facet normal 5.064917e-02 0.000000e+00 9.987165e-01
    outer loop
      vertex   1.544800e-01 -5.200000e+00 -3.046085e+00
      vertex   -4.618547e-01 -5.900000e+00 -3.014828e+00
      vertex   1.544800e-01 -5.900000e+00 -3.046085e+00
    endloop
  endfacet
  facet normal -1.514278e-01 0.000000e+00 9.884683e-01
    outer loop
      vertex   1.544800e-01 -5.200000e+00 -3.046085e+00
      vertex   1.544800e-01 -5.900000e+00 -3.046085e+00
      vertex   7.644902e-01 -5.200000e+00 -2.952635e+00
    endloop
  endfacet
  facet normal -1.514278e-01 0.000000e+00 9.884683e-01
    outer loop
      vertex   7.644902e-01 -5.200000e+00 -2.952635e+00
      vertex   1.544800e-01 -5.900000e+00 -3.046085e+00
      vertex   7.644902e-01 -5.900000e+00 -2.952635e+00
    endloop
  endfacet
  facet normal -3.473053e-01 0.000000e+00 9.377521e-01
    outer loop
      vertex   7.644902e-01 -5.200000e+00 -2.952635e+00
      vertex   7.644902e-01 -5.900000e+00 -2.952635e+00
      vertex   1.343202e+00 -5.200000e+00 -2.738304e+00
    endloop
  endfacet
  facet normal -3.473053e-01 0.000000e+00 9.377521e-01
    outer loop
      vertex   1.343202e+00 -5.200000e+00 -2.738304e+00
      vertex   7.644902e-01 -5.900000e+00 -2.952635e+00
      vertex   1.343202e+00 -5.900000e+00 -2.738304e+00
    endloop
  endfacet
  facet normal -5.289640e-01 0.000000e+00 8.486443e-01
    outer loop
      vertex   1.343202e+00 -5.200000e+00 -2.738304e+00
      vertex   1.343202e+00 -5.900000e+00 -2.738304e+00
      vertex   1.866923e+00 -5.200000e+00 -2.411866e+00
    endloop
  endfacet
  facet normal -5.289640e-01 0.000000e+00 8.486443e-01
    outer loop
      vertex   1.866923e+00 -5.200000e+00 -2.411866e+00
      vertex   1.343202e+00 -5.900000e+00 -2.738304e+00
      vertex   1.866923e+00 -5.900000e+00 -2.411866e+00
    endloop
  endfacet
  facet normal -6.889669e-01 0.000000e+00 7.247928e-01
    outer loop
      vertex   1.866923e+00 -5.200000e+00 -2.411866e+00
      vertex   1.866923e+00 -5.900000e+00 -2.411866e+00
      vertex   2.314212e+00 -5.200000e+00 -1.986686e+00
    endloop
  endfacet
  facet normal -6.889669e-01 0.000000e+00 7.247928e-01
    outer loop
      vertex   2.314212e+00 -5.200000e+00 -1.986686e+00
      vertex   1.866923e+00 -5.900000e+00 -2.411866e+00
      vertex   2.314212e+00 -5.900000e+00 -1.986686e+00
    endloop
  endfacet
  facet normal -8.207634e-01 0.000000e+00 5.712682e-01
    outer loop
      vertex   2.314212e+00 -5.200000e+00 -1.986686e+00
      vertex   2.314212e+00 -5.900000e+00 -1.986686e+00
      vertex   2.666757e+00 -5.200000e+00 -1.480171e+00
    endloop
  endfacet
  facet normal -8.207634e-01 0.000000e+00 5.712682e-01
    outer loop
      vertex   2.666757e+00 -5.200000e+00 -1.480171e+00
      vertex   2.314212e+00 -5.900000e+00 -1.986686e+00
      vertex   2.666757e+00 -5.900000e+00 -1.480171e+00
    endloop
  endfacet
  facet normal -9.189578e-01 0.000000e+00 3.943559e-01
    outer loop
      vertex   2.666757e+00 -5.200000e+00 -1.480171e+00
      vertex   2.666757e+00 -5.900000e+00 -1.480171e+00
      vertex   2.910125e+00 -5.200000e+00 -9.130575e-01
    endloop
  endfacet
  facet normal -9.189578e-01 0.000000e+00 3.943559e-01
    outer loop
      vertex   2.910125e+00 -5.200000e+00 -9.130575e-01
      vertex   2.666757e+00 -5.900000e+00 -1.480171e+00
      vertex   2.910125e+00 -5.900000e+00 -9.130575e-01
    endloop
  endfacet
  facet normal -9.795299e-01 0.000000e+00 2.012985e-01
    outer loop
      vertex   2.910125e+00 -5.200000e+00 -9.130575e-01
      vertex   2.910125e+00 -5.900000e+00 -9.130575e-01
      vertex   3.034351e+00 -5.200000e+00 -3.085634e-01
    endloop
  endfacet
  facet normal -9.795299e-01 0.000000e+00 2.012985e-01
    outer loop
      vertex   3.034351e+00 -5.200000e+00 -3.085634e-01
      vertex   2.910125e+00 -5.900000e+00 -9.130575e-01
      vertex   3.034351e+00 -5.900000e+00 -3.085634e-01
    endloop
  endfacet
  facet normal -1.000000e+00 0.000000e+00 0.000000e+00
    outer loop
      vertex   3.034351e+00 -5.200000e+00 -3.085634e-01
      vertex   3.034351e+00 -5.900000e+00 -3.085634e-01
      vertex   3.034351e+00 -5.200000e+00 3.085634e-01
    endloop
  endfacet
  facet normal -1.000000e+00 -0.000000e+00 0.000000e+00
    outer loop
      vertex   3.034351e+00 -5.200000e+00 3.085634e-01
      vertex   3.034351e+00 -5.900000e+00 -3.085634e-01
      vertex   3.034351e+00 -5.900000e+00 3.085634e-01
    endloop
  endfacet
  facet normal -9.795299e-01 -0.000000e+00 -2.012985e-01
    outer loop
      vertex   3.034351e+00 -5.200000e+00 3.085634e-01
      vertex   3.034351e+00 -5.900000e+00 3.085634e-01
      vertex   2.910125e+00 -5.200000e+00 9.130575e-01
    endloop
  endfacet
  facet normal -9.795299e-01 -0.000000e+00 -2.012985e-01
    outer loop
      vertex   2.910125e+00 -5.200000e+00 9.130575e-01
      vertex   3.034351e+00 -5.900000e+00 3.085634e-01
      vertex   2.910125e+00 -5.900000e+00 9.130575e-01
    endloop
  endfacet
  facet normal -9.189578e-01 -0.000000e+00 -3.943559e-01
    outer loop
      vertex   2.910125e+00 -5.200000e+00 9.130575e-01
      vertex   2.910125e+00 -5.900000e+00 9.130575e-01
      vertex   2.666757e+00 -5.200000e+00 1.480171e+00
    endloop
  endfacet
  facet normal -9.189578e-01 -0.000000e+00 -3.943559e-01
    outer loop
      vertex   2.666757e+00 -5.200000e+00 1.480171e+00
      vertex   2.910125e+00 -5.900000e+00 9.130575e-01
      vertex   2.666757e+00 -5.900000e+00 1.480171e+00
    endloop
  endfacet
  facet normal -8.207634e-01 -0.000000e+00 -5.712682e-01
    outer loop
      vertex   2.666757e+00 -5.200000e+00 1.480171e+00
      vertex   2.666757e+00 -5.900000e+00 1.480171e+00
      vertex   2.314212e+00 -5.200000e+00 1.986686e+00
    endloop
  endfacet
  facet normal -8.207634e-01 -0.000000e+00 -5.712682e-01
    outer loop
      vertex   2.314212e+00 -5.200000e+00 1.986686e+00
      vertex   2.666757e+00 -5.900000e+00 1.480171e+00
      vertex   2.314212e+00 -5.900000e+00 1.986686e+00
    endloop
  endfacet
  facet normal -6.889669e-01 -0.000000e+00 -7.247928e-01
    outer loop
      vertex   2.314212e+00 -5.200000e+00 1.986686e+00
      vertex   2.314212e+00 -5.900000e+00 1.986686e+00
      vertex   1.866923e+00 -5.200000e+00 2.411866e+00
    endloop
  endfacet
  facet normal -6.889669e-01 -0.000000e+00 -7.247928e-01
    outer loop
      vertex   1.866923e+00 -5.200000e+00 2.411866e+00
      vertex   2.314212e+00 -5.900000e+00 1.986686e+00
      vertex   1.866923e+00 -5.900000e+00 2.411866e+00
    endloop
  endfacet
  facet normal -5.289640e-01 -0.000000e+00 -8.486443e-01
    outer loop
      vertex   1.866923e+00 -5.200000e+00 2.411866e+00
      vertex   1.866923e+00 -5.900000e+00 2.411866e+00
      vertex   1.343202e+00 -5.200000e+00 2.738304e+00
    endloop
  endfacet
  facet normal -5.289640e-01 -0.000000e+00 -8.486443e-01
    outer loop
      vertex   1.343202e+00 -5.200000e+00 2.738304e+00
      vertex   1.866923e+00 -5.900000e+00 2.411866e+00
      vertex   1.343202e+00 -5.900000e+00 2.738304e+00
    endloop
  endfacet
  facet normal -3.473053e-01 -0.000000e+00 -9.377521e-01
    outer loop
      vertex   1.343202e+00 -5.200000e+00 2.738304e+00
      vertex   1.343202e+00 -5.900000e+00 2.738304e+00
      vertex   7.644902e-01 -5.200000e+00 2.952635e+00
    endloop
  endfacet
  facet normal -3.473053e-01 -0.000000e+00 -9.377521e-01
    outer loop
      vertex   7.644902e-01 -5.200000e+00 2.952635e+00
      vertex   1.343202e+00 -5.900000e+00 2.738304e+00
      vertex   7.644902e-01 -5.900000e+00 2.952635e+00
    endloop
  endfacet
  facet normal -1.514278e-01 -0.000000e+00 -9.884683e-01
    outer loop
      vertex   7.644902e-01 -5.200000e+00 2.952635e+00
      vertex   7.644902e-01 -5.900000e+00 2.952635e+00
      vertex   1.544800e-01 -5.200000e+00 3.046085e+00
    endloop
  endfacet
  facet normal -1.514278e-01 -0.000000e+00 -9.884683e-01
    outer loop
      vertex   1.544800e-01 -5.200000e+00 3.046085e+00
      vertex   7.644902e-01 -5.900000e+00 2.952635e+00
      vertex   1.544800e-01 -5.900000e+00 3.046085e+00
    endloop
  endfacet
  facet normal 5.064917e-02 0.000000e+00 -9.987165e-01
    outer loop
      vertex   1.544800e-01 -5.200000e+00 3.046085e+00
      vertex   1.544800e-01 -5.900000e+00 3.046085e+00
      vertex   -4.618547e-01 -5.200000e+00 3.014828e+00
    endloop
  endfacet
  facet normal 5.064917e-02 0.000000e+00 -9.987165e-01
    outer loop
      vertex   -4.618547e-01 -5.200000e+00 3.014828e+00
      vertex   1.544800e-01 -5.900000e+00 3.046085e+00
      vertex   -4.618547e-01 -5.900000e+00 3.014828e+00
    endloop
  endfacet
  facet normal 2.506525e-01 0.000000e+00 -9.680771e-01
    outer loop
      vertex   -4.618547e-01 -5.200000e+00 3.014828e+00
      vertex   -4.618547e-01 -5.900000e+00 3.014828e+00
      vertex   -1.059281e+00 -5.200000e+00 2.860144e+00
    endloop
  endfacet
  facet normal 2.506525e-01 0.000000e+00 -9.680771e-01
    outer loop
      vertex   -1.059281e+00 -5.200000e+00 2.860144e+00
      vertex   -4.618547e-01 -5.900000e+00 3.014828e+00
      vertex   -1.059281e+00 -5.900000e+00 2.860144e+00
    endloop
  endfacet
  facet normal 4.403942e-01 0.000000e+00 -8.978045e-01
    outer loop
      vertex   -1.059281e+00 -5.200000e+00 2.860144e+00
      vertex   -1.059281e+00 -5.900000e+00 2.860144e+00
      vertex   -1.613340e+00 -5.200000e+00 2.588365e+00
    endloop
  endfacet
  facet normal 4.403942e-01 0.000000e+00 -8.978045e-01
    outer loop
      vertex   -1.613340e+00 -5.200000e+00 2.588365e+00
      vertex   -1.059281e+00 -5.900000e+00 2.860144e+00
      vertex   -1.613340e+00 -5.900000e+00 2.588365e+00
    endloop
  endfacet
  facet normal 6.121060e-01 0.000000e+00 -7.907757e-01
    outer loop
      vertex   -1.613340e+00 -5.200000e+00 2.588365e+00
      vertex   -1.613340e+00 -5.900000e+00 2.588365e+00
      vertex   -2.101349e+00 -5.200000e+00 2.210618e+00
    endloop
  endfacet
  facet normal 6.121060e-01 0.000000e+00 -7.907757e-01
    outer loop
      vertex   -2.101349e+00 -5.200000e+00 2.210618e+00
      vertex   -1.613340e+00 -5.900000e+00 2.588365e+00
      vertex   -2.101349e+00 -5.900000e+00 2.210618e+00
    endloop
  endfacet
  facet normal 7.587581e-01 0.000000e+00 -6.513725e-01
    outer loop
      vertex   -2.101349e+00 -5.200000e+00 2.210618e+00
      vertex   -2.101349e+00 -5.900000e+00 2.210618e+00
      vertex   -2.503328e+00 -5.200000e+00 1.742368e+00
    endloop
  endfacet
  facet normal 7.587581e-01 0.000000e+00 -6.513725e-01
    outer loop
      vertex   -2.503328e+00 -5.200000e+00 1.742368e+00
      vertex   -2.101349e+00 -5.900000e+00 2.210618e+00
      vertex   -2.503328e+00 -5.900000e+00 1.742368e+00
    endloop
  endfacet
  facet normal 8.743466e-01 0.000000e+00 -4.853020e-01
    outer loop
      vertex   -2.503328e+00 -5.200000e+00 1.742368e+00
      vertex   -2.503328e+00 -5.900000e+00 1.742368e+00
      vertex   -2.802821e+00 -5.200000e+00 1.202785e+00
    endloop
  endfacet
  facet normal 8.743466e-01 0.000000e+00 -4.853020e-01
    outer loop
      vertex   -2.802821e+00 -5.200000e+00 1.202785e+00
      vertex   -2.503328e+00 -5.900000e+00 1.742368e+00
      vertex   -2.802821e+00 -5.900000e+00 1.202785e+00
    endloop
  endfacet
  facet normal 9.541393e-01 0.000000e+00 -2.993631e-01
    outer loop
      vertex   -2.802821e+00 -5.200000e+00 1.202785e+00
      vertex   -2.802821e+00 -5.900000e+00 1.202785e+00
      vertex   -2.987566e+00 -5.200000e+00 6.139605e-01
    endloop
  endfacet
  facet normal 9.541393e-01 0.000000e+00 -2.993631e-01
    outer loop
      vertex   -2.987566e+00 -5.200000e+00 6.139605e-01
      vertex   -2.802821e+00 -5.900000e+00 1.202785e+00
      vertex   -2.987566e+00 -5.900000e+00 6.139605e-01
    endloop
  endfacet
  facet normal 7.007028e-01 -7.098862e-01 -7.125451e-02
    outer loop
      vertex   -8.298757e+01 -5.900000e+00 -3.938604e+01
      vertex   -8.328946e+01 -6.200000e+00 -3.936601e+01
      vertex   -8.305000e+01 -5.900000e+00 -4.000000e+01
    endloop
  endfacet
  facet normal 7.055004e-01 -7.055004e-01 -6.736712e-02
    outer loop
      vertex   -8.305000e+01 -5.900000e+00 -4.000000e+01
      vertex   -8.328946e+01 -6.200000e+00 -3.936601e+01
      vertex   -8.335000e+01 -6.200000e+00 -4.000000e+01
    endloop
  endfacet
  facet normal 7.055004e-01 -7.055004e-01 6.736712e-02
    outer loop
      vertex   -8.305000e+01 -5.900000e+00 -4.000000e+01
      vertex   -8.335000e+01 -6.200000e+00 -4.000000e+01
      vertex   -8.328946e+01 -6.200000e+00 -4.063399e+01
    endloop
  endfacet
  facet normal 6.837886e-01 -7.015135e-01 -2.007784e-01
    outer loop
      vertex   -8.328946e+01 -6.200000e+00 -3.936601e+01
      vertex   -8.298757e+01 -5.900000e+00 -3.938604e+01
      vertex   -8.311003e+01 -6.200000e+00 -3.875493e+01
    endloop
  endfacet
  facet normal 6.682099e-01 -7.138217e-01 -2.096522e-01
    outer loop
      vertex   -8.311003e+01 -6.200000e+00 -3.875493e+01
      vertex   -8.298757e+01 -5.900000e+00 -3.938604e+01
      vertex   -8.280282e+01 -5.900000e+00 -3.879721e+01
    endloop
  endfacet
  facet normal 6.364743e-01 -6.980216e-01 -3.281253e-01
    outer loop
      vertex   -8.311003e+01 -6.200000e+00 -3.875493e+01
      vertex   -8.280282e+01 -5.900000e+00 -3.879721e+01
      vertex   -8.281820e+01 -6.200000e+00 -3.818885e+01
    endloop
  endfacet
  facet normal 6.093731e-01 -7.171228e-01 -3.382297e-01
    outer loop
      vertex   -8.281820e+01 -6.200000e+00 -3.818885e+01
      vertex   -8.280282e+01 -5.900000e+00 -3.879721e+01
      vertex   -8.250333e+01 -5.900000e+00 -3.825763e+01
    endloop
  endfacet
  facet normal 5.651429e-01 -6.950486e-01 -4.444333e-01
    outer loop
      vertex   -8.281820e+01 -6.200000e+00 -3.818885e+01
      vertex   -8.250333e+01 -5.900000e+00 -3.825763e+01
      vertex   -8.242451e+01 -6.200000e+00 -3.768824e+01
    endloop
  endfacet
  facet normal 5.267044e-01 -7.198145e-01 -4.521609e-01
    outer loop
      vertex   -8.242451e+01 -6.200000e+00 -3.768824e+01
      vertex   -8.250333e+01 -5.900000e+00 -3.825763e+01
      vertex   -8.210135e+01 -5.900000e+00 -3.778938e+01
    endloop
  endfacet
  facet normal 4.723561e-01 -6.926148e-01 -5.451280e-01
    outer loop
      vertex   -8.242451e+01 -6.200000e+00 -3.768824e+01
      vertex   -8.210135e+01 -5.900000e+00 -3.778938e+01
      vertex   -8.194319e+01 -6.200000e+00 -3.727117e+01
    endloop
  endfacet
  facet normal 4.235647e-01 -7.219173e-01 -5.472005e-01
    outer loop
      vertex   -8.194319e+01 -6.200000e+00 -3.727117e+01
      vertex   -8.210135e+01 -5.900000e+00 -3.778938e+01
      vertex   -8.161334e+01 -5.900000e+00 -3.741164e+01
    endloop
  endfacet
  facet normal 3.615529e-01 -6.907372e-01 -6.262280e-01
    outer loop
      vertex   -8.194319e+01 -6.200000e+00 -3.727117e+01
      vertex   -8.161334e+01 -5.900000e+00 -3.741164e+01
      vertex   -8.139164e+01 -6.200000e+00 -3.695273e+01
    endloop
  endfacet
  facet normal 3.040393e-01 -7.234470e-01 -6.198262e-01
    outer loop
      vertex   -8.139164e+01 -6.200000e+00 -3.695273e+01
      vertex   -8.161334e+01 -5.900000e+00 -3.741164e+01
      vertex   -8.105928e+01 -5.900000e+00 -3.713986e+01
    endloop
  endfacet
  facet normal 2.369128e-01 -6.894289e-01 -6.845145e-01
    outer loop
      vertex   -8.139164e+01 -6.200000e+00 -3.695273e+01
      vertex   -8.105928e+01 -5.900000e+00 -3.713986e+01
      vertex   -8.078979e+01 -6.200000e+00 -3.674443e+01
    endloop
  endfacet
  facet normal 1.727908e-01 -7.244151e-01 -6.673575e-01
    outer loop
      vertex   -8.078979e+01 -6.200000e+00 -3.674443e+01
      vertex   -8.105928e+01 -5.900000e+00 -3.713986e+01
      vertex   -8.046185e+01 -5.900000e+00 -3.698517e+01
    endloop
  endfacet
  facet normal 1.031850e-01 -6.886991e-01 -7.176673e-01
    outer loop
      vertex   -8.078979e+01 -6.200000e+00 -3.674443e+01
      vertex   -8.046185e+01 -5.900000e+00 -3.698517e+01
      vertex   -8.015940e+01 -6.200000e+00 -3.665379e+01
    endloop
  endfacet
  facet normal 3.489369e-02 -7.248287e-01 -6.880449e-01
    outer loop
      vertex   -8.015940e+01 -6.200000e+00 -3.665379e+01
      vertex   -8.046185e+01 -5.900000e+00 -3.698517e+01
      vertex   -7.984552e+01 -5.900000e+00 -3.695391e+01
    endloop
  endfacet
  facet normal -3.450574e-02 -6.885529e-01 -7.243647e-01
    outer loop
      vertex   -8.015940e+01 -6.200000e+00 -3.665379e+01
      vertex   -7.984552e+01 -5.900000e+00 -3.695391e+01
      vertex   -7.952325e+01 -6.200000e+00 -3.668410e+01
    endloop
  endfacet
  facet normal -1.043450e-01 -7.246909e-01 -6.811279e-01
    outer loop
      vertex   -7.952325e+01 -6.200000e+00 -3.668410e+01
      vertex   -7.984552e+01 -5.900000e+00 -3.695391e+01
      vertex   -7.923551e+01 -5.900000e+00 -3.704736e+01
    endloop
  endfacet
  facet normal -1.708709e-01 -6.889913e-01 -7.043395e-01
    outer loop
      vertex   -7.952325e+01 -6.200000e+00 -3.668410e+01
      vertex   -7.923551e+01 -5.900000e+00 -3.704736e+01
      vertex   -7.890432e+01 -6.200000e+00 -3.683425e+01
    endloop
  endfacet
  facet normal -2.395709e-01 -7.240007e-01 -6.468607e-01
    outer loop
      vertex   -7.890432e+01 -6.200000e+00 -3.683425e+01
      vertex   -7.923551e+01 -5.900000e+00 -3.704736e+01
      vertex   -7.865680e+01 -5.900000e+00 -3.726170e+01
    endloop
  endfacet
  facet normal -3.006768e-01 -6.900113e-01 -6.583904e-01
    outer loop
      vertex   -7.890432e+01 -6.200000e+00 -3.683425e+01
      vertex   -7.865680e+01 -5.900000e+00 -3.726170e+01
      vertex   -7.832500e+01 -6.200000e+00 -3.709881e+01
    endloop
  endfacet
  facet normal -3.655704e-01 -7.227530e-01 -5.865035e-01
    outer loop
      vertex   -7.832500e+01 -6.200000e+00 -3.709881e+01
      vertex   -7.865680e+01 -5.900000e+00 -3.726170e+01
      vertex   -7.813308e+01 -5.900000e+00 -3.758813e+01
    endloop
  endfacet
  facet normal -4.189608e-01 -6.916056e-01 -5.883482e-01
    outer loop
      vertex   -7.832500e+01 -6.200000e+00 -3.709881e+01
      vertex   -7.813308e+01 -5.900000e+00 -3.758813e+01
      vertex   -7.780622e+01 -6.200000e+00 -3.746824e+01
    endloop
  endfacet
  facet normal -4.774535e-01 -7.209384e-01 -5.022808e-01
    outer loop
      vertex   -7.780622e+01 -6.200000e+00 -3.746824e+01
      vertex   -7.813308e+01 -5.900000e+00 -3.758813e+01
      vertex   -7.768579e+01 -5.900000e+00 -3.801331e+01
    endloop
  endfacet
  facet normal -5.212356e-01 -6.937631e-01 -4.969972e-01
    outer loop
      vertex   -7.780622e+01 -6.200000e+00 -3.746824e+01
      vertex   -7.768579e+01 -5.900000e+00 -3.801331e+01
      vertex   -7.736672e+01 -6.200000e+00 -3.792917e+01
    endloop
  endfacet
  facet normal -5.708263e-01 -7.185434e-01 -3.973068e-01
    outer loop
      vertex   -7.736672e+01 -6.200000e+00 -3.792917e+01
      vertex   -7.768579e+01 -5.900000e+00 -3.801331e+01
      vertex   -7.733324e+01 -5.900000e+00 -3.851983e+01
    endloop
  endfacet
  facet normal -6.036726e-01 -6.964689e-01 -3.879568e-01
    outer loop
      vertex   -7.736672e+01 -6.200000e+00 -3.792917e+01
      vertex   -7.733324e+01 -5.900000e+00 -3.851983e+01
      vertex   -7.702240e+01 -6.200000e+00 -3.846494e+01
    endloop
  endfacet
  facet normal -6.419487e-01 -7.155499e-01 -2.754819e-01
    outer loop
      vertex   -7.702240e+01 -6.200000e+00 -3.846494e+01
      vertex   -7.733324e+01 -5.900000e+00 -3.851983e+01
      vertex   -7.708988e+01 -5.900000e+00 -3.908694e+01
    endloop
  endfacet
  facet normal -6.632564e-01 -6.997041e-01 -2.655278e-01
    outer loop
      vertex   -7.702240e+01 -6.200000e+00 -3.846494e+01
      vertex   -7.708988e+01 -5.900000e+00 -3.908694e+01
      vertex   -7.678570e+01 -6.200000e+00 -3.905620e+01
    endloop
  endfacet
  facet normal -6.878703e-01 -7.119350e-01 -1.413609e-01
    outer loop
      vertex   -7.678570e+01 -6.200000e+00 -3.905620e+01
      vertex   -7.708988e+01 -5.900000e+00 -3.908694e+01
      vertex   -7.696565e+01 -5.900000e+00 -3.969144e+01
    endloop
  endfacet
  facet normal -6.979039e-01 -7.034467e-01 -1.345099e-01
    outer loop
      vertex   -7.678570e+01 -6.200000e+00 -3.905620e+01
      vertex   -7.696565e+01 -5.900000e+00 -3.969144e+01
      vertex   -7.666517e+01 -6.200000e+00 -3.968156e+01
    endloop
  endfacet
  facet normal -7.065419e-01 -7.076712e-01 1.141058e-17
    outer loop
      vertex   -7.666517e+01 -6.200000e+00 -3.968156e+01
      vertex   -7.696565e+01 -5.900000e+00 -3.969144e+01
      vertex   -7.696565e+01 -5.900000e+00 -4.030856e+01
    endloop
  endfacet
  facet normal -7.065419e-01 -7.076712e-01 -0.000000e+00
    outer loop
      vertex   -7.666517e+01 -6.200000e+00 -3.968156e+01
      vertex   -7.696565e+01 -5.900000e+00 -4.030856e+01
      vertex   -7.666517e+01 -6.200000e+00 -4.031844e+01
    endloop
  endfacet
  facet normal -6.979039e-01 -7.034467e-01 1.345099e-01
    outer loop
      vertex   -7.666517e+01 -6.200000e+00 -4.031844e+01
      vertex   -7.696565e+01 -5.900000e+00 -4.030856e+01
      vertex   -7.678570e+01 -6.200000e+00 -4.094380e+01
    endloop
  endfacet
  facet normal -6.878703e-01 -7.119350e-01 1.413609e-01
    outer loop
      vertex   -7.678570e+01 -6.200000e+00 -4.094380e+01
      vertex   -7.696565e+01 -5.900000e+00 -4.030856e+01
      vertex   -7.708988e+01 -5.900000e+00 -4.091306e+01
    endloop
  endfacet
  facet normal -6.632564e-01 -6.997041e-01 2.655278e-01
    outer loop
      vertex   -7.678570e+01 -6.200000e+00 -4.094380e+01
      vertex   -7.708988e+01 -5.900000e+00 -4.091306e+01
      vertex   -7.702240e+01 -6.200000e+00 -4.153506e+01
    endloop
  endfacet
  facet normal -6.419487e-01 -7.155499e-01 2.754819e-01
    outer loop
      vertex   -7.702240e+01 -6.200000e+00 -4.153506e+01
      vertex   -7.708988e+01 -5.900000e+00 -4.091306e+01
      vertex   -7.733324e+01 -5.900000e+00 -4.148017e+01
    endloop
  endfacet
  facet normal -6.036726e-01 -6.964689e-01 3.879568e-01
    outer loop
      vertex   -7.702240e+01 -6.200000e+00 -4.153506e+01
      vertex   -7.733324e+01 -5.900000e+00 -4.148017e+01
      vertex   -7.736672e+01 -6.200000e+00 -4.207083e+01
    endloop
  endfacet
  facet normal -5.708263e-01 -7.185434e-01 3.973068e-01
    outer loop
      vertex   -7.736672e+01 -6.200000e+00 -4.207083e+01
      vertex   -7.733324e+01 -5.900000e+00 -4.148017e+01
      vertex   -7.768579e+01 -5.900000e+00 -4.198669e+01
    endloop
  endfacet
  facet normal -5.212356e-01 -6.937631e-01 4.969972e-01
    outer loop
      vertex   -7.736672e+01 -6.200000e+00 -4.207083e+01
      vertex   -7.768579e+01 -5.900000e+00 -4.198669e+01
      vertex   -7.780622e+01 -6.200000e+00 -4.253176e+01
    endloop
  endfacet
  facet normal -4.774535e-01 -7.209384e-01 5.022808e-01
    outer loop
      vertex   -7.780622e+01 -6.200000e+00 -4.253176e+01
      vertex   -7.768579e+01 -5.900000e+00 -4.198669e+01
      vertex   -7.813308e+01 -5.900000e+00 -4.241187e+01
    endloop
  endfacet
  facet normal -4.189608e-01 -6.916056e-01 5.883482e-01
    outer loop
      vertex   -7.780622e+01 -6.200000e+00 -4.253176e+01
      vertex   -7.813308e+01 -5.900000e+00 -4.241187e+01
      vertex   -7.832500e+01 -6.200000e+00 -4.290119e+01
    endloop
  endfacet
  facet normal -3.655704e-01 -7.227530e-01 5.865035e-01
    outer loop
      vertex   -7.832500e+01 -6.200000e+00 -4.290119e+01
      vertex   -7.813308e+01 -5.900000e+00 -4.241187e+01
      vertex   -7.865680e+01 -5.900000e+00 -4.273830e+01
    endloop
  endfacet
  facet normal -3.006768e-01 -6.900113e-01 6.583904e-01
    outer loop
      vertex   -7.832500e+01 -6.200000e+00 -4.290119e+01
      vertex   -7.865680e+01 -5.900000e+00 -4.273830e+01
      vertex   -7.890432e+01 -6.200000e+00 -4.316575e+01
    endloop
  endfacet
  facet normal -2.395709e-01 -7.240007e-01 6.468607e-01
    outer loop
      vertex   -7.890432e+01 -6.200000e+00 -4.316575e+01
      vertex   -7.865680e+01 -5.900000e+00 -4.273830e+01
      vertex   -7.923551e+01 -5.900000e+00 -4.295264e+01
    endloop
  endfacet
  facet normal -1.708709e-01 -6.889913e-01 7.043395e-01
    outer loop
      vertex   -7.890432e+01 -6.200000e+00 -4.316575e+01
      vertex   -7.923551e+01 -5.900000e+00 -4.295264e+01
      vertex   -7.952325e+01 -6.200000e+00 -4.331590e+01
    endloop
  endfacet
  facet normal -1.043450e-01 -7.246909e-01 6.811279e-01
    outer loop
      vertex   -7.952325e+01 -6.200000e+00 -4.331590e+01
      vertex   -7.923551e+01 -5.900000e+00 -4.295264e+01
      vertex   -7.984552e+01 -5.900000e+00 -4.304609e+01
    endloop
  endfacet
  facet normal -3.450574e-02 -6.885529e-01 7.243647e-01
    outer loop
      vertex   -7.952325e+01 -6.200000e+00 -4.331590e+01
      vertex   -7.984552e+01 -5.900000e+00 -4.304609e+01
      vertex   -8.015940e+01 -6.200000e+00 -4.334621e+01
    endloop
  endfacet
  facet normal 3.489369e-02 -7.248287e-01 6.880449e-01
    outer loop
      vertex   -8.015940e+01 -6.200000e+00 -4.334621e+01
      vertex   -7.984552e+01 -5.900000e+00 -4.304609e+01
      vertex   -8.046185e+01 -5.900000e+00 -4.301483e+01
    endloop
  endfacet
  facet normal 1.031850e-01 -6.886991e-01 7.176673e-01
    outer loop
      vertex   -8.015940e+01 -6.200000e+00 -4.334621e+01
      vertex   -8.046185e+01 -5.900000e+00 -4.301483e+01
      vertex   -8.078979e+01 -6.200000e+00 -4.325557e+01
    endloop
  endfacet
  facet normal 1.727908e-01 -7.244151e-01 6.673575e-01
    outer loop
      vertex   -8.078979e+01 -6.200000e+00 -4.325557e+01
      vertex   -8.046185e+01 -5.900000e+00 -4.301483e+01
      vertex   -8.105928e+01 -5.900000e+00 -4.286014e+01
    endloop
  endfacet
  facet normal 2.369128e-01 -6.894289e-01 6.845145e-01
    outer loop
      vertex   -8.078979e+01 -6.200000e+00 -4.325557e+01
      vertex   -8.105928e+01 -5.900000e+00 -4.286014e+01
      vertex   -8.139164e+01 -6.200000e+00 -4.304727e+01
    endloop
  endfacet
  facet normal 3.040393e-01 -7.234470e-01 6.198262e-01
    outer loop
      vertex   -8.139164e+01 -6.200000e+00 -4.304727e+01
      vertex   -8.105928e+01 -5.900000e+00 -4.286014e+01
      vertex   -8.161334e+01 -5.900000e+00 -4.258836e+01
    endloop
  endfacet
  facet normal 3.615529e-01 -6.907372e-01 6.262280e-01
    outer loop
      vertex   -8.139164e+01 -6.200000e+00 -4.304727e+01
      vertex   -8.161334e+01 -5.900000e+00 -4.258836e+01
      vertex   -8.194319e+01 -6.200000e+00 -4.272883e+01
    endloop
  endfacet
  facet normal 4.235647e-01 -7.219173e-01 5.472005e-01
    outer loop
      vertex   -8.194319e+01 -6.200000e+00 -4.272883e+01
      vertex   -8.161334e+01 -5.900000e+00 -4.258836e+01
      vertex   -8.210135e+01 -5.900000e+00 -4.221062e+01
    endloop
  endfacet
  facet normal 4.723561e-01 -6.926148e-01 5.451280e-01
    outer loop
      vertex   -8.194319e+01 -6.200000e+00 -4.272883e+01
      vertex   -8.210135e+01 -5.900000e+00 -4.221062e+01
      vertex   -8.242451e+01 -6.200000e+00 -4.231176e+01
    endloop
  endfacet
  facet normal 5.267044e-01 -7.198145e-01 4.521609e-01
    outer loop
      vertex   -8.242451e+01 -6.200000e+00 -4.231176e+01
      vertex   -8.210135e+01 -5.900000e+00 -4.221062e+01
      vertex   -8.250333e+01 -5.900000e+00 -4.174237e+01
    endloop
  endfacet
  facet normal 5.651429e-01 -6.950486e-01 4.444333e-01
    outer loop
      vertex   -8.242451e+01 -6.200000e+00 -4.231176e+01
      vertex   -8.250333e+01 -5.900000e+00 -4.174237e+01
      vertex   -8.281820e+01 -6.200000e+00 -4.181115e+01
    endloop
  endfacet
  facet normal 6.093731e-01 -7.171228e-01 3.382297e-01
    outer loop
      vertex   -8.281820e+01 -6.200000e+00 -4.181115e+01
      vertex   -8.250333e+01 -5.900000e+00 -4.174237e+01
      vertex   -8.280282e+01 -5.900000e+00 -4.120279e+01
    endloop
  endfacet
  facet normal 6.364743e-01 -6.980216e-01 3.281253e-01
    outer loop
      vertex   -8.281820e+01 -6.200000e+00 -4.181115e+01
      vertex   -8.280282e+01 -5.900000e+00 -4.120279e+01
      vertex   -8.311003e+01 -6.200000e+00 -4.124507e+01
    endloop
  endfacet
  facet normal 6.682099e-01 -7.138217e-01 2.096522e-01
    outer loop
      vertex   -8.311003e+01 -6.200000e+00 -4.124507e+01
      vertex   -8.280282e+01 -5.900000e+00 -4.120279e+01
      vertex   -8.298757e+01 -5.900000e+00 -4.061396e+01
    endloop
  endfacet
  facet normal 6.837886e-01 -7.015135e-01 2.007784e-01
    outer loop
      vertex   -8.311003e+01 -6.200000e+00 -4.124507e+01
      vertex   -8.298757e+01 -5.900000e+00 -4.061396e+01
      vertex   -8.328946e+01 -6.200000e+00 -4.063399e+01
    endloop
  endfacet
  facet normal 7.007028e-01 -7.098862e-01 7.125451e-02
    outer loop
      vertex   -8.328946e+01 -6.200000e+00 -4.063399e+01
      vertex   -8.298757e+01 -5.900000e+00 -4.061396e+01
      vertex   -8.305000e+01 -5.900000e+00 -4.000000e+01
    endloop
  endfacet
  facet normal 9.948693e-01 0.000000e+00 -1.011683e-01
    outer loop
      vertex   -8.298757e+01 -5.200000e+00 -3.938604e+01
      vertex   -8.298757e+01 -5.900000e+00 -3.938604e+01
      vertex   -8.305000e+01 -5.200000e+00 -4.000000e+01
    endloop
  endfacet
  facet normal 9.948693e-01 0.000000e+00 -1.011683e-01
    outer loop
      vertex   -8.305000e+01 -5.200000e+00 -4.000000e+01
      vertex   -8.298757e+01 -5.900000e+00 -3.938604e+01
      vertex   -8.305000e+01 -5.900000e+00 -4.000000e+01
    endloop
  endfacet
  facet normal 9.948693e-01 0.000000e+00 1.011683e-01
    outer loop
      vertex   -8.305000e+01 -5.200000e+00 -4.000000e+01
      vertex   -8.305000e+01 -5.900000e+00 -4.000000e+01
      vertex   -8.298757e+01 -5.200000e+00 -4.061396e+01
    endloop
  endfacet
  facet normal 9.948693e-01 0.000000e+00 1.011683e-01
    outer loop
      vertex   -8.298757e+01 -5.200000e+00 -4.061396e+01
      vertex   -8.305000e+01 -5.900000e+00 -4.000000e+01
      vertex   -8.298757e+01 -5.900000e+00 -4.061396e+01
    endloop
  endfacet
  facet normal 9.541393e-01 0.000000e+00 2.993631e-01
    outer loop
      vertex   -8.298757e+01 -5.200000e+00 -4.061396e+01
      vertex   -8.298757e+01 -5.900000e+00 -4.061396e+01
      vertex   -8.280282e+01 -5.200000e+00 -4.120279e+01
    endloop
  endfacet
  facet normal 9.541393e-01 0.000000e+00 2.993631e-01
    outer loop
      vertex   -8.280282e+01 -5.200000e+00 -4.120279e+01
      vertex   -8.298757e+01 -5.900000e+00 -4.061396e+01
      vertex   -8.280282e+01 -5.900000e+00 -4.120279e+01
    endloop
  endfacet
  facet normal 8.743466e-01 0.000000e+00 4.853020e-01
    outer loop
      vertex   -8.280282e+01 -5.200000e+00 -4.120279e+01
      vertex   -8.280282e+01 -5.900000e+00 -4.120279e+01
      vertex   -8.250333e+01 -5.200000e+00 -4.174237e+01
    endloop
  endfacet
  facet normal 8.743466e-01 0.000000e+00 4.853020e-01
    outer loop
      vertex   -8.250333e+01 -5.200000e+00 -4.174237e+01
      vertex   -8.280282e+01 -5.900000e+00 -4.120279e+01
      vertex   -8.250333e+01 -5.900000e+00 -4.174237e+01
    endloop
  endfacet
  facet normal 7.587581e-01 0.000000e+00 6.513725e-01
    outer loop
      vertex   -8.250333e+01 -5.200000e+00 -4.174237e+01
      vertex   -8.250333e+01 -5.900000e+00 -4.174237e+01
      vertex   -8.210135e+01 -5.200000e+00 -4.221062e+01
    endloop
  endfacet
  facet normal 7.587581e-01 0.000000e+00 6.513725e-01
    outer loop
      vertex   -8.210135e+01 -5.200000e+00 -4.221062e+01
      vertex   -8.250333e+01 -5.900000e+00 -4.174237e+01
      vertex   -8.210135e+01 -5.900000e+00 -4.221062e+01
    endloop
  endfacet
  facet normal 6.121060e-01 0.000000e+00 7.907757e-01
    outer loop
      vertex   -8.210135e+01 -5.200000e+00 -4.221062e+01
      vertex   -8.210135e+01 -5.900000e+00 -4.221062e+01
      vertex   -8.161334e+01 -5.200000e+00 -4.258836e+01
    endloop
  endfacet
  facet normal 6.121060e-01 0.000000e+00 7.907757e-01
    outer loop
      vertex   -8.161334e+01 -5.200000e+00 -4.258836e+01
      vertex   -8.210135e+01 -5.900000e+00 -4.221062e+01
      vertex   -8.161334e+01 -5.900000e+00 -4.258836e+01
    endloop
  endfacet
  facet normal 4.403942e-01 0.000000e+00 8.978045e-01
    outer loop
      vertex   -8.161334e+01 -5.200000e+00 -4.258836e+01
      vertex   -8.161334e+01 -5.900000e+00 -4.258836e+01
      vertex   -8.105928e+01 -5.200000e+00 -4.286014e+01
    endloop
  endfacet
  facet normal 4.403942e-01 0.000000e+00 8.978045e-01
    outer loop
      vertex   -8.105928e+01 -5.200000e+00 -4.286014e+01
      vertex   -8.161334e+01 -5.900000e+00 -4.258836e+01
      vertex   -8.105928e+01 -5.900000e+00 -4.286014e+01
    endloop
  endfacet
  facet normal 2.506525e-01 0.000000e+00 9.680771e-01
    outer loop
      vertex   -8.105928e+01 -5.200000e+00 -4.286014e+01
      vertex   -8.105928e+01 -5.900000e+00 -4.286014e+01
      vertex   -8.046185e+01 -5.200000e+00 -4.301483e+01
    endloop
  endfacet
  facet normal 2.506525e-01 0.000000e+00 9.680771e-01
    outer loop
      vertex   -8.046185e+01 -5.200000e+00 -4.301483e+01
      vertex   -8.105928e+01 -5.900000e+00 -4.286014e+01
      vertex   -8.046185e+01 -5.900000e+00 -4.301483e+01
    endloop
  endfacet
  facet normal 5.064917e-02 0.000000e+00 9.987165e-01
    outer loop
      vertex   -8.046185e+01 -5.200000e+00 -4.301483e+01
      vertex   -8.046185e+01 -5.900000e+00 -4.301483e+01
      vertex   -7.984552e+01 -5.200000e+00 -4.304609e+01
    endloop
  endfacet
  facet normal 5.064917e-02 0.000000e+00 9.987165e-01
    outer loop
      vertex   -7.984552e+01 -5.200000e+00 -4.304609e+01
      vertex   -8.046185e+01 -5.900000e+00 -4.301483e+01
      vertex   -7.984552e+01 -5.900000e+00 -4.304609e+01
    endloop
  endfacet
  facet normal -1.514278e-01 0.000000e+00 9.884683e-01
    outer loop
      vertex   -7.984552e+01 -5.200000e+00 -4.304609e+01
      vertex   -7.984552e+01 -5.900000e+00 -4.304609e+01
      vertex   -7.923551e+01 -5.200000e+00 -4.295264e+01
    endloop
  endfacet
  facet normal -1.514278e-01 0.000000e+00 9.884683e-01
    outer loop
      vertex   -7.923551e+01 -5.200000e+00 -4.295264e+01
      vertex   -7.984552e+01 -5.900000e+00 -4.304609e+01
      vertex   -7.923551e+01 -5.900000e+00 -4.295264e+01
    endloop
  endfacet
  facet normal -3.473053e-01 0.000000e+00 9.377521e-01
    outer loop
      vertex   -7.923551e+01 -5.200000e+00 -4.295264e+01
      vertex   -7.923551e+01 -5.900000e+00 -4.295264e+01
      vertex   -7.865680e+01 -5.200000e+00 -4.273830e+01
    endloop
  endfacet
  facet normal -3.473053e-01 0.000000e+00 9.377521e-01
    outer loop
      vertex   -7.865680e+01 -5.200000e+00 -4.273830e+01
      vertex   -7.923551e+01 -5.900000e+00 -4.295264e+01
      vertex   -7.865680e+01 -5.900000e+00 -4.273830e+01
    endloop
  endfacet
  facet normal -5.289640e-01 0.000000e+00 8.486443e-01
    outer loop
      vertex   -7.865680e+01 -5.200000e+00 -4.273830e+01
      vertex   -7.865680e+01 -5.900000e+00 -4.273830e+01
      vertex   -7.813308e+01 -5.200000e+00 -4.241187e+01
    endloop
  endfacet
  facet normal -5.289640e-01 0.000000e+00 8.486443e-01
    outer loop
      vertex   -7.813308e+01 -5.200000e+00 -4.241187e+01
      vertex   -7.865680e+01 -5.900000e+00 -4.273830e+01
      vertex   -7.813308e+01 -5.900000e+00 -4.241187e+01
    endloop
  endfacet
  facet normal -6.889669e-01 0.000000e+00 7.247928e-01
    outer loop
      vertex   -7.813308e+01 -5.200000e+00 -4.241187e+01
      vertex   -7.813308e+01 -5.900000e+00 -4.241187e+01
      vertex   -7.768579e+01 -5.200000e+00 -4.198669e+01
    endloop
  endfacet
  facet normal -6.889669e-01 0.000000e+00 7.247928e-01
    outer loop
      vertex   -7.768579e+01 -5.200000e+00 -4.198669e+01
      vertex   -7.813308e+01 -5.900000e+00 -4.241187e+01
      vertex   -7.768579e+01 -5.900000e+00 -4.198669e+01
    endloop
  endfacet
  facet normal -8.207634e-01 0.000000e+00 5.712682e-01
    outer loop
      vertex   -7.768579e+01 -5.200000e+00 -4.198669e+01
      vertex   -7.768579e+01 -5.900000e+00 -4.198669e+01
      vertex   -7.733324e+01 -5.200000e+00 -4.148017e+01
    endloop
  endfacet
  facet normal -8.207634e-01 0.000000e+00 5.712682e-01
    outer loop
      vertex   -7.733324e+01 -5.200000e+00 -4.148017e+01
      vertex   -7.768579e+01 -5.900000e+00 -4.198669e+01
      vertex   -7.733324e+01 -5.900000e+00 -4.148017e+01
    endloop
  endfacet
  facet normal -9.189578e-01 0.000000e+00 3.943559e-01
    outer loop
      vertex   -7.733324e+01 -5.200000e+00 -4.148017e+01
      vertex   -7.733324e+01 -5.900000e+00 -4.148017e+01
      vertex   -7.708988e+01 -5.200000e+00 -4.091306e+01
    endloop
  endfacet
  facet normal -9.189578e-01 0.000000e+00 3.943559e-01
    outer loop
      vertex   -7.708988e+01 -5.200000e+00 -4.091306e+01
      vertex   -7.733324e+01 -5.900000e+00 -4.148017e+01
      vertex   -7.708988e+01 -5.900000e+00 -4.091306e+01
    endloop
  endfacet
  facet normal -9.795299e-01 0.000000e+00 2.012985e-01
    outer loop
      vertex   -7.708988e+01 -5.200000e+00 -4.091306e+01
      vertex   -7.708988e+01 -5.900000e+00 -4.091306e+01
      vertex   -7.696565e+01 -5.200000e+00 -4.030856e+01
    endloop
  endfacet
  facet normal -9.795299e-01 0.000000e+00 2.012985e-01
    outer loop
      vertex   -7.696565e+01 -5.200000e+00 -4.030856e+01
      vertex   -7.708988e+01 -5.900000e+00 -4.091306e+01
      vertex   -7.696565e+01 -5.900000e+00 -4.030856e+01
    endloop
  endfacet
  facet normal -1.000000e+00 0.000000e+00 0.000000e+00
    outer loop
      vertex   -7.696565e+01 -5.200000e+00 -4.030856e+01
      vertex   -7.696565e+01 -5.900000e+00 -4.030856e+01
      vertex   -7.696565e+01 -5.200000e+00 -3.969144e+01
    endloop
  endfacet
  facet normal -1.000000e+00 -0.000000e+00 0.000000e+00
    outer loop
      vertex   -7.696565e+01 -5.200000e+00 -3.969144e+01
      vertex   -7.696565e+01 -5.900000e+00 -4.030856e+01
      vertex   -7.696565e+01 -5.900000e+00 -3.969144e+01
    endloop
  endfacet
  facet normal -9.795299e-01 -0.000000e+00 -2.012985e-01
    outer loop
      vertex   -7.696565e+01 -5.200000e+00 -3.969144e+01
      vertex   -7.696565e+01 -5.900000e+00 -3.969144e+01
      vertex   -7.708988e+01 -5.200000e+00 -3.908694e+01
    endloop
  endfacet
  facet normal -9.795299e-01 -0.000000e+00 -2.012985e-01
    outer loop
      vertex   -7.708988e+01 -5.200000e+00 -3.908694e+01
      vertex   -7.696565e+01 -5.900000e+00 -3.969144e+01
      vertex   -7.708988e+01 -5.900000e+00 -3.908694e+01
    endloop
  endfacet
  facet normal -9.189578e-01 -0.000000e+00 -3.943559e-01
    outer loop
      vertex   -7.708988e+01 -5.200000e+00 -3.908694e+01
      vertex   -7.708988e+01 -5.900000e+00 -3.908694e+01
      vertex   -7.733324e+01 -5.200000e+00 -3.851983e+01
    endloop
  endfacet
  facet normal -9.189578e-01 -0.000000e+00 -3.943559e-01
    outer loop
      vertex   -7.733324e+01 -5.200000e+00 -3.851983e+01
      vertex   -7.708988e+01 -5.900000e+00 -3.908694e+01
      vertex   -7.733324e+01 -5.900000e+00 -3.851983e+01
    endloop
  endfacet
  facet normal -8.207634e-01 -0.000000e+00 -5.712682e-01
    outer loop
      vertex   -7.733324e+01 -5.200000e+00 -3.851983e+01
      vertex   -7.733324e+01 -5.900000e+00 -3.851983e+01
      vertex   -7.768579e+01 -5.200000e+00 -3.801331e+01
    endloop
  endfacet
  facet normal -8.207634e-01 -0.000000e+00 -5.712682e-01
    outer loop
      vertex   -7.768579e+01 -5.200000e+00 -3.801331e+01
      vertex   -7.733324e+01 -5.900000e+00 -3.851983e+01
      vertex   -7.768579e+01 -5.900000e+00 -3.801331e+01
    endloop
  endfacet
  facet normal -6.889669e-01 -0.000000e+00 -7.247928e-01
    outer loop
      vertex   -7.768579e+01 -5.200000e+00 -3.801331e+01
      vertex   -7.768579e+01 -5.900000e+00 -3.801331e+01
      vertex   -7.813308e+01 -5.200000e+00 -3.758813e+01
    endloop
  endfacet
  facet normal -6.889669e-01 -0.000000e+00 -7.247928e-01
    outer loop
      vertex   -7.813308e+01 -5.200000e+00 -3.758813e+01
      vertex   -7.768579e+01 -5.900000e+00 -3.801331e+01
      vertex   -7.813308e+01 -5.900000e+00 -3.758813e+01
    endloop
  endfacet
  facet normal -5.289640e-01 -0.000000e+00 -8.486443e-01
    outer loop
      vertex   -7.813308e+01 -5.200000e+00 -3.758813e+01
      vertex   -7.813308e+01 -5.900000e+00 -3.758813e+01
      vertex   -7.865680e+01 -5.200000e+00 -3.726170e+01
    endloop
  endfacet
  facet normal -5.289640e-01 -0.000000e+00 -8.486443e-01
    outer loop
      vertex   -7.865680e+01 -5.200000e+00 -3.726170e+01
      vertex   -7.813308e+01 -5.900000e+00 -3.758813e+01
      vertex   -7.865680e+01 -5.900000e+00 -3.726170e+01
    endloop
  endfacet
  facet normal -3.473053e-01 -0.000000e+00 -9.377521e-01
    outer loop
      vertex   -7.865680e+01 -5.200000e+00 -3.726170e+01
      vertex   -7.865680e+01 -5.900000e+00 -3.726170e+01
      vertex   -7.923551e+01 -5.200000e+00 -3.704736e+01
    endloop
  endfacet
  facet normal -3.473053e-01 -0.000000e+00 -9.377521e-01
    outer loop
      vertex   -7.923551e+01 -5.200000e+00 -3.704736e+01
      vertex   -7.865680e+01 -5.900000e+00 -3.726170e+01
      vertex   -7.923551e+01 -5.900000e+00 -3.704736e+01
    endloop
  endfacet
  facet normal -1.514278e-01 -0.000000e+00 -9.884683e-01
    outer loop
      vertex   -7.923551e+01 -5.200000e+00 -3.704736e+01
      vertex   -7.923551e+01 -5.900000e+00 -3.704736e+01
      vertex   -7.984552e+01 -5.200000e+00 -3.695391e+01
    endloop
  endfacet
  facet normal -1.514278e-01 -0.000000e+00 -9.884683e-01
    outer loop
      vertex   -7.984552e+01 -5.200000e+00 -3.695391e+01
      vertex   -7.923551e+01 -5.900000e+00 -3.704736e+01
      vertex   -7.984552e+01 -5.900000e+00 -3.695391e+01
    endloop
  endfacet
  facet normal 5.064917e-02 0.000000e+00 -9.987165e-01
    outer loop
      vertex   -7.984552e+01 -5.200000e+00 -3.695391e+01
      vertex   -7.984552e+01 -5.900000e+00 -3.695391e+01
      vertex   -8.046185e+01 -5.200000e+00 -3.698517e+01
    endloop
  endfacet
  facet normal 5.064917e-02 0.000000e+00 -9.987165e-01
    outer loop
      vertex   -8.046185e+01 -5.200000e+00 -3.698517e+01
      vertex   -7.984552e+01 -5.900000e+00 -3.695391e+01
      vertex   -8.046185e+01 -5.900000e+00 -3.698517e+01
    endloop
  endfacet
  facet normal 2.506525e-01 0.000000e+00 -9.680771e-01
    outer loop
      vertex   -8.046185e+01 -5.200000e+00 -3.698517e+01
      vertex   -8.046185e+01 -5.900000e+00 -3.698517e+01
      vertex   -8.105928e+01 -5.200000e+00 -3.713986e+01
    endloop
  endfacet
  facet normal 2.506525e-01 0.000000e+00 -9.680771e-01
    outer loop
      vertex   -8.105928e+01 -5.200000e+00 -3.713986e+01
      vertex   -8.046185e+01 -5.900000e+00 -3.698517e+01
      vertex   -8.105928e+01 -5.900000e+00 -3.713986e+01
    endloop
  endfacet
  facet normal 4.403942e-01 0.000000e+00 -8.978045e-01
    outer loop
      vertex   -8.105928e+01 -5.200000e+00 -3.713986e+01
      vertex   -8.105928e+01 -5.900000e+00 -3.713986e+01
      vertex   -8.161334e+01 -5.200000e+00 -3.741164e+01
    endloop
  endfacet
  facet normal 4.403942e-01 0.000000e+00 -8.978045e-01
    outer loop
      vertex   -8.161334e+01 -5.200000e+00 -3.741164e+01
      vertex   -8.105928e+01 -5.900000e+00 -3.713986e+01
      vertex   -8.161334e+01 -5.900000e+00 -3.741164e+01
    endloop
  endfacet
  facet normal 6.121060e-01 0.000000e+00 -7.907757e-01
    outer loop
      vertex   -8.161334e+01 -5.200000e+00 -3.741164e+01
      vertex   -8.161334e+01 -5.900000e+00 -3.741164e+01
      vertex   -8.210135e+01 -5.200000e+00 -3.778938e+01
    endloop
  endfacet
  facet normal 6.121060e-01 0.000000e+00 -7.907757e-01
    outer loop
      vertex   -8.210135e+01 -5.200000e+00 -3.778938e+01
      vertex   -8.161334e+01 -5.900000e+00 -3.741164e+01
      vertex   -8.210135e+01 -5.900000e+00 -3.778938e+01
    endloop
  endfacet
  facet normal 7.587581e-01 0.000000e+00 -6.513725e-01
    outer loop
      vertex   -8.210135e+01 -5.200000e+00 -3.778938e+01
      vertex   -8.210135e+01 -5.900000e+00 -3.778938e+01
      vertex   -8.250333e+01 -5.200000e+00 -3.825763e+01
    endloop
  endfacet
  facet normal 7.587581e-01 0.000000e+00 -6.513725e-01
    outer loop
      vertex   -8.250333e+01 -5.200000e+00 -3.825763e+01
      vertex   -8.210135e+01 -5.900000e+00 -3.778938e+01
      vertex   -8.250333e+01 -5.900000e+00 -3.825763e+01
    endloop
  endfacet
  facet normal 8.743466e-01 0.000000e+00 -4.853020e-01
    outer loop
      vertex   -8.250333e+01 -5.200000e+00 -3.825763e+01
      vertex   -8.250333e+01 -5.900000e+00 -3.825763e+01
      vertex   -8.280282e+01 -5.200000e+00 -3.879721e+01
    endloop
  endfacet
  facet normal 8.743466e-01 0.000000e+00 -4.853020e-01
    outer loop
      vertex   -8.280282e+01 -5.200000e+00 -3.879721e+01
      vertex   -8.250333e+01 -5.900000e+00 -3.825763e+01
      vertex   -8.280282e+01 -5.900000e+00 -3.879721e+01
    endloop
  endfacet
  facet normal 9.541393e-01 0.000000e+00 -2.993631e-01
    outer loop
      vertex   -8.280282e+01 -5.200000e+00 -3.879721e+01
      vertex   -8.280282e+01 -5.900000e+00 -3.879721e+01
      vertex   -8.298757e+01 -5.200000e+00 -3.938604e+01
    endloop
  endfacet
  facet normal 9.541393e-01 0.000000e+00 -2.993631e-01
    outer loop
      vertex   -8.298757e+01 -5.200000e+00 -3.938604e+01
      vertex   -8.280282e+01 -5.900000e+00 -3.879721e+01
      vertex   -8.298757e+01 -5.900000e+00 -3.938604e+01
    endloop
  endfacet
  facet normal 7.007028e-01 -7.098862e-01 -7.125451e-02
    outer loop
      vertex   -2.298757e+01 -5.900000e+00 -3.938604e+01
      vertex   -2.328946e+01 -6.200000e+00 -3.936601e+01
      vertex   -2.305000e+01 -5.900000e+00 -4.000000e+01
    endloop
  endfacet
  facet normal 7.055004e-01 -7.055004e-01 -6.736712e-02
    outer loop
      vertex   -2.305000e+01 -5.900000e+00 -4.000000e+01
      vertex   -2.328946e+01 -6.200000e+00 -3.936601e+01
      vertex   -2.335000e+01 -6.200000e+00 -4.000000e+01
    endloop
  endfacet
  facet normal 7.055004e-01 -7.055004e-01 6.736712e-02
    outer loop
      vertex   -2.305000e+01 -5.900000e+00 -4.000000e+01
      vertex   -2.335000e+01 -6.200000e+00 -4.000000e+01
      vertex   -2.328946e+01 -6.200000e+00 -4.063399e+01
    endloop
  endfacet
  facet normal 6.837886e-01 -7.015135e-01 -2.007784e-01
    outer loop
      vertex   -2.328946e+01 -6.200000e+00 -3.936601e+01
      vertex   -2.298757e+01 -5.900000e+00 -3.938604e+01
      vertex   -2.311003e+01 -6.200000e+00 -3.875493e+01
    endloop
  endfacet
  facet normal 6.682099e-01 -7.138217e-01 -2.096522e-01
    outer loop
      vertex   -2.311003e+01 -6.200000e+00 -3.875493e+01
      vertex   -2.298757e+01 -5.900000e+00 -3.938604e+01
      vertex   -2.280282e+01 -5.900000e+00 -3.879721e+01
    endloop
  endfacet
  facet normal 6.364743e-01 -6.980216e-01 -3.281253e-01
    outer loop
      vertex   -2.311003e+01 -6.200000e+00 -3.875493e+01
      vertex   -2.280282e+01 -5.900000e+00 -3.879721e+01
      vertex   -2.281820e+01 -6.200000e+00 -3.818885e+01
    endloop
  endfacet
  facet normal 6.093731e-01 -7.171228e-01 -3.382297e-01
    outer loop
      vertex   -2.281820e+01 -6.200000e+00 -3.818885e+01
      vertex   -2.280282e+01 -5.900000e+00 -3.879721e+01
      vertex   -2.250333e+01 -5.900000e+00 -3.825763e+01
    endloop
  endfacet
  facet normal 5.651429e-01 -6.950486e-01 -4.444333e-01
    outer loop
      vertex   -2.281820e+01 -6.200000e+00 -3.818885e+01
      vertex   -2.250333e+01 -5.900000e+00 -3.825763e+01
      vertex   -2.242451e+01 -6.200000e+00 -3.768824e+01
    endloop
  endfacet
  facet normal 5.267044e-01 -7.198145e-01 -4.521609e-01
    outer loop
      vertex   -2.242451e+01 -6.200000e+00 -3.768824e+01
      vertex   -2.250333e+01 -5.900000e+00 -3.825763e+01
      vertex   -2.210135e+01 -5.900000e+00 -3.778938e+01
    endloop
  endfacet
  facet normal 4.723561e-01 -6.926148e-01 -5.451280e-01
    outer loop
      vertex   -2.242451e+01 -6.200000e+00 -3.768824e+01
      vertex   -2.210135e+01 -5.900000e+00 -3.778938e+01
      vertex   -2.194319e+01 -6.200000e+00 -3.727117e+01
    endloop
  endfacet
  facet normal 4.235647e-01 -7.219173e-01 -5.472005e-01
    outer loop
      vertex   -2.194319e+01 -6.200000e+00 -3.727117e+01
      vertex   -2.210135e+01 -5.900000e+00 -3.778938e+01
      vertex   -2.161334e+01 -5.900000e+00 -3.741164e+01
    endloop
  endfacet
  facet normal 3.615529e-01 -6.907372e-01 -6.262280e-01
    outer loop
      vertex   -2.194319e+01 -6.200000e+00 -3.727117e+01
      vertex   -2.161334e+01 -5.900000e+00 -3.741164e+01
      vertex   -2.139164e+01 -6.200000e+00 -3.695273e+01
    endloop
  endfacet
  facet normal 3.040393e-01 -7.234470e-01 -6.198262e-01
    outer loop
      vertex   -2.139164e+01 -6.200000e+00 -3.695273e+01
      vertex   -2.161334e+01 -5.900000e+00 -3.741164e+01
      vertex   -2.105928e+01 -5.900000e+00 -3.713986e+01
    endloop
  endfacet
  facet normal 2.369128e-01 -6.894289e-01 -6.845145e-01
    outer loop
      vertex   -2.139164e+01 -6.200000e+00 -3.695273e+01
      vertex   -2.105928e+01 -5.900000e+00 -3.713986e+01
      vertex   -2.078979e+01 -6.200000e+00 -3.674443e+01
    endloop
  endfacet
  facet normal 1.727908e-01 -7.244151e-01 -6.673575e-01
    outer loop
      vertex   -2.078979e+01 -6.200000e+00 -3.674443e+01
      vertex   -2.105928e+01 -5.900000e+00 -3.713986e+01
      vertex   -2.046185e+01 -5.900000e+00 -3.698517e+01
    endloop
  endfacet
  facet normal 1.031850e-01 -6.886991e-01 -7.176673e-01
    outer loop
      vertex   -2.078979e+01 -6.200000e+00 -3.674443e+01
      vertex   -2.046185e+01 -5.900000e+00 -3.698517e+01
      vertex   -2.015940e+01 -6.200000e+00 -3.665379e+01
    endloop
  endfacet
  facet normal 3.489369e-02 -7.248287e-01 -6.880449e-01
    outer loop
      vertex   -2.015940e+01 -6.200000e+00 -3.665379e+01
      vertex   -2.046185e+01 -5.900000e+00 -3.698517e+01
      vertex   -1.984552e+01 -5.900000e+00 -3.695391e+01
    endloop
  endfacet
  facet normal -3.450574e-02 -6.885529e-01 -7.243647e-01
    outer loop
      vertex   -2.015940e+01 -6.200000e+00 -3.665379e+01
      vertex   -1.984552e+01 -5.900000e+00 -3.695391e+01
      vertex   -1.952325e+01 -6.200000e+00 -3.668410e+01
    endloop
  endfacet
  facet normal -1.043450e-01 -7.246909e-01 -6.811279e-01
    outer loop
      vertex   -1.952325e+01 -6.200000e+00 -3.668410e+01
      vertex   -1.984552e+01 -5.900000e+00 -3.695391e+01
      vertex   -1.923551e+01 -5.900000e+00 -3.704736e+01
    endloop
  endfacet
  facet normal -1.708709e-01 -6.889913e-01 -7.043395e-01
    outer loop
      vertex   -1.952325e+01 -6.200000e+00 -3.668410e+01
      vertex   -1.923551e+01 -5.900000e+00 -3.704736e+01
      vertex   -1.890432e+01 -6.200000e+00 -3.683425e+01
    endloop
  endfacet
  facet normal -2.395709e-01 -7.240007e-01 -6.468607e-01
    outer loop
      vertex   -1.890432e+01 -6.200000e+00 -3.683425e+01
      vertex   -1.923551e+01 -5.900000e+00 -3.704736e+01
      vertex   -1.865680e+01 -5.900000e+00 -3.726170e+01
    endloop
  endfacet
  facet normal -3.006768e-01 -6.900113e-01 -6.583904e-01
    outer loop
      vertex   -1.890432e+01 -6.200000e+00 -3.683425e+01
      vertex   -1.865680e+01 -5.900000e+00 -3.726170e+01
      vertex   -1.832500e+01 -6.200000e+00 -3.709881e+01
    endloop
  endfacet
  facet normal -3.655704e-01 -7.227530e-01 -5.865035e-01
    outer loop
      vertex   -1.832500e+01 -6.200000e+00 -3.709881e+01
      vertex   -1.865680e+01 -5.900000e+00 -3.726170e+01
      vertex   -1.813308e+01 -5.900000e+00 -3.758813e+01
    endloop
  endfacet
  facet normal -4.189608e-01 -6.916056e-01 -5.883482e-01
    outer loop
      vertex   -1.832500e+01 -6.200000e+00 -3.709881e+01
      vertex   -1.813308e+01 -5.900000e+00 -3.758813e+01
      vertex   -1.780622e+01 -6.200000e+00 -3.746824e+01
    endloop
  endfacet
  facet normal -4.774535e-01 -7.209384e-01 -5.022808e-01
    outer loop
      vertex   -1.780622e+01 -6.200000e+00 -3.746824e+01
      vertex   -1.813308e+01 -5.900000e+00 -3.758813e+01
      vertex   -1.768579e+01 -5.900000e+00 -3.801331e+01
    endloop
  endfacet
  facet normal -5.212356e-01 -6.937631e-01 -4.969972e-01
    outer loop
      vertex   -1.780622e+01 -6.200000e+00 -3.746824e+01
      vertex   -1.768579e+01 -5.900000e+00 -3.801331e+01
      vertex   -1.736672e+01 -6.200000e+00 -3.792917e+01
    endloop
  endfacet
  facet normal -5.708263e-01 -7.185434e-01 -3.973068e-01
    outer loop
      vertex   -1.736672e+01 -6.200000e+00 -3.792917e+01
      vertex   -1.768579e+01 -5.900000e+00 -3.801331e+01
      vertex   -1.733324e+01 -5.900000e+00 -3.851983e+01
    endloop
  endfacet
  facet normal -6.036726e-01 -6.964689e-01 -3.879568e-01
    outer loop
      vertex   -1.736672e+01 -6.200000e+00 -3.792917e+01
      vertex   -1.733324e+01 -5.900000e+00 -3.851983e+01
      vertex   -1.702240e+01 -6.200000e+00 -3.846494e+01
    endloop
  endfacet
  facet normal -6.419487e-01 -7.155499e-01 -2.754819e-01
    outer loop
      vertex   -1.702240e+01 -6.200000e+00 -3.846494e+01
      vertex   -1.733324e+01 -5.900000e+00 -3.851983e+01
      vertex   -1.708988e+01 -5.900000e+00 -3.908694e+01
    endloop
  endfacet
  facet normal -6.632564e-01 -6.997041e-01 -2.655278e-01
    outer loop
      vertex   -1.702240e+01 -6.200000e+00 -3.846494e+01
      vertex   -1.708988e+01 -5.900000e+00 -3.908694e+01
      vertex   -1.678570e+01 -6.200000e+00 -3.905620e+01
    endloop
  endfacet
  facet normal -6.878703e-01 -7.119350e-01 -1.413609e-01
    outer loop
      vertex   -1.678570e+01 -6.200000e+00 -3.905620e+01
      vertex   -1.708988e+01 -5.900000e+00 -3.908694e+01
      vertex   -1.696565e+01 -5.900000e+00 -3.969144e+01
    endloop
  endfacet
  facet normal -6.979039e-01 -7.034467e-01 -1.345099e-01
    outer loop
      vertex   -1.678570e+01 -6.200000e+00 -3.905620e+01
      vertex   -1.696565e+01 -5.900000e+00 -3.969144e+01
      vertex   -1.666517e+01 -6.200000e+00 -3.968156e+01
    endloop
  endfacet
  facet normal -7.065419e-01 -7.076712e-01 2.200294e-17
    outer loop
      vertex   -1.666517e+01 -6.200000e+00 -3.968156e+01
      vertex   -1.696565e+01 -5.900000e+00 -3.969144e+01
      vertex   -1.696565e+01 -5.900000e+00 -4.030856e+01
    endloop
  endfacet
  facet normal -7.065419e-01 -7.076712e-01 -0.000000e+00
    outer loop
      vertex   -1.666517e+01 -6.200000e+00 -3.968156e+01
      vertex   -1.696565e+01 -5.900000e+00 -4.030856e+01
      vertex   -1.666517e+01 -6.200000e+00 -4.031844e+01
    endloop
  endfacet
  facet normal -6.979039e-01 -7.034467e-01 1.345099e-01
    outer loop
      vertex   -1.666517e+01 -6.200000e+00 -4.031844e+01
      vertex   -1.696565e+01 -5.900000e+00 -4.030856e+01
      vertex   -1.678570e+01 -6.200000e+00 -4.094380e+01
    endloop
  endfacet
  facet normal -6.878703e-01 -7.119350e-01 1.413609e-01
    outer loop
      vertex   -1.678570e+01 -6.200000e+00 -4.094380e+01
      vertex   -1.696565e+01 -5.900000e+00 -4.030856e+01
      vertex   -1.708988e+01 -5.900000e+00 -4.091306e+01
    endloop
  endfacet
  facet normal -6.632564e-01 -6.997041e-01 2.655278e-01
    outer loop
      vertex   -1.678570e+01 -6.200000e+00 -4.094380e+01
      vertex   -1.708988e+01 -5.900000e+00 -4.091306e+01
      vertex   -1.702240e+01 -6.200000e+00 -4.153506e+01
    endloop
  endfacet
  facet normal -6.419487e-01 -7.155499e-01 2.754819e-01
    outer loop
      vertex   -1.702240e+01 -6.200000e+00 -4.153506e+01
      vertex   -1.708988e+01 -5.900000e+00 -4.091306e+01
      vertex   -1.733324e+01 -5.900000e+00 -4.148017e+01
    endloop
  endfacet
  facet normal -6.036726e-01 -6.964689e-01 3.879568e-01
    outer loop
      vertex   -1.702240e+01 -6.200000e+00 -4.153506e+01
      vertex   -1.733324e+01 -5.900000e+00 -4.148017e+01
      vertex   -1.736672e+01 -6.200000e+00 -4.207083e+01
    endloop
  endfacet
  facet normal -5.708263e-01 -7.185434e-01 3.973068e-01
    outer loop
      vertex   -1.736672e+01 -6.200000e+00 -4.207083e+01
      vertex   -1.733324e+01 -5.900000e+00 -4.148017e+01
      vertex   -1.768579e+01 -5.900000e+00 -4.198669e+01
    endloop
  endfacet
  facet normal -5.212356e-01 -6.937631e-01 4.969972e-01
    outer loop
      vertex   -1.736672e+01 -6.200000e+00 -4.207083e+01
      vertex   -1.768579e+01 -5.900000e+00 -4.198669e+01
      vertex   -1.780622e+01 -6.200000e+00 -4.253176e+01
    endloop
  endfacet
  facet normal -4.774535e-01 -7.209384e-01 5.022808e-01
    outer loop
      vertex   -1.780622e+01 -6.200000e+00 -4.253176e+01
      vertex   -1.768579e+01 -5.900000e+00 -4.198669e+01
      vertex   -1.813308e+01 -5.900000e+00 -4.241187e+01
    endloop
  endfacet
  facet normal -4.189608e-01 -6.916056e-01 5.883482e-01
    outer loop
      vertex   -1.780622e+01 -6.200000e+00 -4.253176e+01
      vertex   -1.813308e+01 -5.900000e+00 -4.241187e+01
      vertex   -1.832500e+01 -6.200000e+00 -4.290119e+01
    endloop
  endfacet
  facet normal -3.655704e-01 -7.227530e-01 5.865035e-01
    outer loop
      vertex   -1.832500e+01 -6.200000e+00 -4.290119e+01
      vertex   -1.813308e+01 -5.900000e+00 -4.241187e+01
      vertex   -1.865680e+01 -5.900000e+00 -4.273830e+01
    endloop
  endfacet
  facet normal -3.006768e-01 -6.900113e-01 6.583904e-01
    outer loop
      vertex   -1.832500e+01 -6.200000e+00 -4.290119e+01
      vertex   -1.865680e+01 -5.900000e+00 -4.273830e+01
      vertex   -1.890432e+01 -6.200000e+00 -4.316575e+01
    endloop
  endfacet
  facet normal -2.395709e-01 -7.240007e-01 6.468607e-01
    outer loop
      vertex   -1.890432e+01 -6.200000e+00 -4.316575e+01
      vertex   -1.865680e+01 -5.900000e+00 -4.273830e+01
      vertex   -1.923551e+01 -5.900000e+00 -4.295264e+01
    endloop
  endfacet
  facet normal -1.708709e-01 -6.889913e-01 7.043395e-01
    outer loop
      vertex   -1.890432e+01 -6.200000e+00 -4.316575e+01
      vertex   -1.923551e+01 -5.900000e+00 -4.295264e+01
      vertex   -1.952325e+01 -6.200000e+00 -4.331590e+01
    endloop
  endfacet
  facet normal -1.043450e-01 -7.246909e-01 6.811279e-01
    outer loop
      vertex   -1.952325e+01 -6.200000e+00 -4.331590e+01
      vertex   -1.923551e+01 -5.900000e+00 -4.295264e+01
      vertex   -1.984552e+01 -5.900000e+00 -4.304609e+01
    endloop
  endfacet
  facet normal -3.450574e-02 -6.885529e-01 7.243647e-01
    outer loop
      vertex   -1.952325e+01 -6.200000e+00 -4.331590e+01
      vertex   -1.984552e+01 -5.900000e+00 -4.304609e+01
      vertex   -2.015940e+01 -6.200000e+00 -4.334621e+01
    endloop
  endfacet
  facet normal 3.489369e-02 -7.248287e-01 6.880449e-01
    outer loop
      vertex   -2.015940e+01 -6.200000e+00 -4.334621e+01
      vertex   -1.984552e+01 -5.900000e+00 -4.304609e+01
      vertex   -2.046185e+01 -5.900000e+00 -4.301483e+01
    endloop
  endfacet
  facet normal 1.031850e-01 -6.886991e-01 7.176673e-01
    outer loop
      vertex   -2.015940e+01 -6.200000e+00 -4.334621e+01
      vertex   -2.046185e+01 -5.900000e+00 -4.301483e+01
      vertex   -2.078979e+01 -6.200000e+00 -4.325557e+01
    endloop
  endfacet
  facet normal 1.727908e-01 -7.244151e-01 6.673575e-01
    outer loop
      vertex   -2.078979e+01 -6.200000e+00 -4.325557e+01
      vertex   -2.046185e+01 -5.900000e+00 -4.301483e+01
      vertex   -2.105928e+01 -5.900000e+00 -4.286014e+01
    endloop
  endfacet
  facet normal 2.369128e-01 -6.894289e-01 6.845145e-01
    outer loop
      vertex   -2.078979e+01 -6.200000e+00 -4.325557e+01
      vertex   -2.105928e+01 -5.900000e+00 -4.286014e+01
      vertex   -2.139164e+01 -6.200000e+00 -4.304727e+01
    endloop
  endfacet
  facet normal 3.040393e-01 -7.234470e-01 6.198262e-01
    outer loop
      vertex   -2.139164e+01 -6.200000e+00 -4.304727e+01
      vertex   -2.105928e+01 -5.900000e+00 -4.286014e+01
      vertex   -2.161334e+01 -5.900000e+00 -4.258836e+01
    endloop
  endfacet
  facet normal 3.615529e-01 -6.907372e-01 6.262280e-01
    outer loop
      vertex   -2.139164e+01 -6.200000e+00 -4.304727e+01
      vertex   -2.161334e+01 -5.900000e+00 -4.258836e+01
      vertex   -2.194319e+01 -6.200000e+00 -4.272883e+01
    endloop
  endfacet
  facet normal 4.235647e-01 -7.219173e-01 5.472005e-01
    outer loop
      vertex   -2.194319e+01 -6.200000e+00 -4.272883e+01
      vertex   -2.161334e+01 -5.900000e+00 -4.258836e+01
      vertex   -2.210135e+01 -5.900000e+00 -4.221062e+01
    endloop
  endfacet
  facet normal 4.723561e-01 -6.926148e-01 5.451280e-01
    outer loop
      vertex   -2.194319e+01 -6.200000e+00 -4.272883e+01
      vertex   -2.210135e+01 -5.900000e+00 -4.221062e+01
      vertex   -2.242451e+01 -6.200000e+00 -4.231176e+01
    endloop
  endfacet
  facet normal 5.267044e-01 -7.198145e-01 4.521609e-01
    outer loop
      vertex   -2.242451e+01 -6.200000e+00 -4.231176e+01
      vertex   -2.210135e+01 -5.900000e+00 -4.221062e+01
      vertex   -2.250333e+01 -5.900000e+00 -4.174237e+01
    endloop
  endfacet
  facet normal 5.651429e-01 -6.950486e-01 4.444333e-01
    outer loop
      vertex   -2.242451e+01 -6.200000e+00 -4.231176e+01
      vertex   -2.250333e+01 -5.900000e+00 -4.174237e+01
      vertex   -2.281820e+01 -6.200000e+00 -4.181115e+01
    endloop
  endfacet
  facet normal 6.093731e-01 -7.171228e-01 3.382297e-01
    outer loop
      vertex   -2.281820e+01 -6.200000e+00 -4.181115e+01
      vertex   -2.250333e+01 -5.900000e+00 -4.174237e+01
      vertex   -2.280282e+01 -5.900000e+00 -4.120279e+01
    endloop
  endfacet
  facet normal 6.364743e-01 -6.980216e-01 3.281253e-01
    outer loop
      vertex   -2.281820e+01 -6.200000e+00 -4.181115e+01
      vertex   -2.280282e+01 -5.900000e+00 -4.120279e+01
      vertex   -2.311003e+01 -6.200000e+00 -4.124507e+01
    endloop
  endfacet
  facet normal 6.682099e-01 -7.138217e-01 2.096522e-01
    outer loop
      vertex   -2.311003e+01 -6.200000e+00 -4.124507e+01
      vertex   -2.280282e+01 -5.900000e+00 -4.120279e+01
      vertex   -2.298757e+01 -5.900000e+00 -4.061396e+01
    endloop
  endfacet
  facet normal 6.837886e-01 -7.015135e-01 2.007784e-01
    outer loop
      vertex   -2.311003e+01 -6.200000e+00 -4.124507e+01
      vertex   -2.298757e+01 -5.900000e+00 -4.061396e+01
      vertex   -2.328946e+01 -6.200000e+00 -4.063399e+01
    endloop
  endfacet
  facet normal 7.007028e-01 -7.098862e-01 7.125451e-02
    outer loop
      vertex   -2.328946e+01 -6.200000e+00 -4.063399e+01
      vertex   -2.298757e+01 -5.900000e+00 -4.061396e+01
      vertex   -2.305000e+01 -5.900000e+00 -4.000000e+01
    endloop
  endfacet
  facet normal 9.948693e-01 0.000000e+00 -1.011683e-01
    outer loop
      vertex   -2.298757e+01 -5.200000e+00 -3.938604e+01
      vertex   -2.298757e+01 -5.900000e+00 -3.938604e+01
      vertex   -2.305000e+01 -5.200000e+00 -4.000000e+01
    endloop
  endfacet
  facet normal 9.948693e-01 0.000000e+00 -1.011683e-01
    outer loop
      vertex   -2.305000e+01 -5.200000e+00 -4.000000e+01
      vertex   -2.298757e+01 -5.900000e+00 -3.938604e+01
      vertex   -2.305000e+01 -5.900000e+00 -4.000000e+01
    endloop
  endfacet
  facet normal 9.948693e-01 0.000000e+00 1.011683e-01
    outer loop
      vertex   -2.305000e+01 -5.200000e+00 -4.000000e+01
      vertex   -2.305000e+01 -5.900000e+00 -4.000000e+01
      vertex   -2.298757e+01 -5.200000e+00 -4.061396e+01
    endloop
  endfacet
  facet normal 9.948693e-01 0.000000e+00 1.011683e-01
    outer loop
      vertex   -2.298757e+01 -5.200000e+00 -4.061396e+01
      vertex   -2.305000e+01 -5.900000e+00 -4.000000e+01
      vertex   -2.298757e+01 -5.900000e+00 -4.061396e+01
    endloop
  endfacet
  facet normal 9.541393e-01 0.000000e+00 2.993631e-01
    outer loop
      vertex   -2.298757e+01 -5.200000e+00 -4.061396e+01
      vertex   -2.298757e+01 -5.900000e+00 -4.061396e+01
      vertex   -2.280282e+01 -5.200000e+00 -4.120279e+01
    endloop
  endfacet
  facet normal 9.541393e-01 0.000000e+00 2.993631e-01
    outer loop
      vertex   -2.280282e+01 -5.200000e+00 -4.120279e+01
      vertex   -2.298757e+01 -5.900000e+00 -4.061396e+01
      vertex   -2.280282e+01 -5.900000e+00 -4.120279e+01
    endloop
  endfacet
  facet normal 8.743466e-01 0.000000e+00 4.853020e-01
    outer loop
      vertex   -2.280282e+01 -5.200000e+00 -4.120279e+01
      vertex   -2.280282e+01 -5.900000e+00 -4.120279e+01
      vertex   -2.250333e+01 -5.200000e+00 -4.174237e+01
    endloop
  endfacet
  facet normal 8.743466e-01 0.000000e+00 4.853020e-01
    outer loop
      vertex   -2.250333e+01 -5.200000e+00 -4.174237e+01
      vertex   -2.280282e+01 -5.900000e+00 -4.120279e+01
      vertex   -2.250333e+01 -5.900000e+00 -4.174237e+01
    endloop
  endfacet
  facet normal 7.587581e-01 0.000000e+00 6.513725e-01
    outer loop
      vertex   -2.250333e+01 -5.200000e+00 -4.174237e+01
      vertex   -2.250333e+01 -5.900000e+00 -4.174237e+01
      vertex   -2.210135e+01 -5.200000e+00 -4.221062e+01
    endloop
  endfacet
  facet normal 7.587581e-01 0.000000e+00 6.513725e-01
    outer loop
      vertex   -2.210135e+01 -5.200000e+00 -4.221062e+01
      vertex   -2.250333e+01 -5.900000e+00 -4.174237e+01
      vertex   -2.210135e+01 -5.900000e+00 -4.221062e+01
    endloop
  endfacet
  facet normal 6.121060e-01 0.000000e+00 7.907757e-01
    outer loop
      vertex   -2.210135e+01 -5.200000e+00 -4.221062e+01
      vertex   -2.210135e+01 -5.900000e+00 -4.221062e+01
      vertex   -2.161334e+01 -5.200000e+00 -4.258836e+01
    endloop
  endfacet
  facet normal 6.121060e-01 0.000000e+00 7.907757e-01
    outer loop
      vertex   -2.161334e+01 -5.200000e+00 -4.258836e+01
      vertex   -2.210135e+01 -5.900000e+00 -4.221062e+01
      vertex   -2.161334e+01 -5.900000e+00 -4.258836e+01
    endloop
  endfacet
  facet normal 4.403942e-01 0.000000e+00 8.978045e-01
    outer loop
      vertex   -2.161334e+01 -5.200000e+00 -4.258836e+01
      vertex   -2.161334e+01 -5.900000e+00 -4.258836e+01
      vertex   -2.105928e+01 -5.200000e+00 -4.286014e+01
    endloop
  endfacet
  facet normal 4.403942e-01 0.000000e+00 8.978045e-01
    outer loop
      vertex   -2.105928e+01 -5.200000e+00 -4.286014e+01
      vertex   -2.161334e+01 -5.900000e+00 -4.258836e+01
      vertex   -2.105928e+01 -5.900000e+00 -4.286014e+01
    endloop
  endfacet
  facet normal 2.506525e-01 0.000000e+00 9.680771e-01
    outer loop
      vertex   -2.105928e+01 -5.200000e+00 -4.286014e+01
      vertex   -2.105928e+01 -5.900000e+00 -4.286014e+01
      vertex   -2.046185e+01 -5.200000e+00 -4.301483e+01
    endloop
  endfacet
  facet normal 2.506525e-01 0.000000e+00 9.680771e-01
    outer loop
      vertex   -2.046185e+01 -5.200000e+00 -4.301483e+01
      vertex   -2.105928e+01 -5.900000e+00 -4.286014e+01
      vertex   -2.046185e+01 -5.900000e+00 -4.301483e+01
    endloop
  endfacet
  facet normal 5.064917e-02 0.000000e+00 9.987165e-01
    outer loop
      vertex   -2.046185e+01 -5.200000e+00 -4.301483e+01
      vertex   -2.046185e+01 -5.900000e+00 -4.301483e+01
      vertex   -1.984552e+01 -5.200000e+00 -4.304609e+01
    endloop
  endfacet
  facet normal 5.064917e-02 0.000000e+00 9.987165e-01
    outer loop
      vertex   -1.984552e+01 -5.200000e+00 -4.304609e+01
      vertex   -2.046185e+01 -5.900000e+00 -4.301483e+01
      vertex   -1.984552e+01 -5.900000e+00 -4.304609e+01
    endloop
  endfacet
  facet normal -1.514278e-01 0.000000e+00 9.884683e-01
    outer loop
      vertex   -1.984552e+01 -5.200000e+00 -4.304609e+01
      vertex   -1.984552e+01 -5.900000e+00 -4.304609e+01
      vertex   -1.923551e+01 -5.200000e+00 -4.295264e+01
    endloop
  endfacet
  facet normal -1.514278e-01 0.000000e+00 9.884683e-01
    outer loop
      vertex   -1.923551e+01 -5.200000e+00 -4.295264e+01
      vertex   -1.984552e+01 -5.900000e+00 -4.304609e+01
      vertex   -1.923551e+01 -5.900000e+00 -4.295264e+01
    endloop
  endfacet
  facet normal -3.473053e-01 0.000000e+00 9.377521e-01
    outer loop
      vertex   -1.923551e+01 -5.200000e+00 -4.295264e+01
      vertex   -1.923551e+01 -5.900000e+00 -4.295264e+01
      vertex   -1.865680e+01 -5.200000e+00 -4.273830e+01
    endloop
  endfacet
  facet normal -3.473053e-01 0.000000e+00 9.377521e-01
    outer loop
      vertex   -1.865680e+01 -5.200000e+00 -4.273830e+01
      vertex   -1.923551e+01 -5.900000e+00 -4.295264e+01
      vertex   -1.865680e+01 -5.900000e+00 -4.273830e+01
    endloop
  endfacet
  facet normal -5.289640e-01 0.000000e+00 8.486443e-01
    outer loop
      vertex   -1.865680e+01 -5.200000e+00 -4.273830e+01
      vertex   -1.865680e+01 -5.900000e+00 -4.273830e+01
      vertex   -1.813308e+01 -5.200000e+00 -4.241187e+01
    endloop
  endfacet
  facet normal -5.289640e-01 0.000000e+00 8.486443e-01
    outer loop
      vertex   -1.813308e+01 -5.200000e+00 -4.241187e+01
      vertex   -1.865680e+01 -5.900000e+00 -4.273830e+01
      vertex   -1.813308e+01 -5.900000e+00 -4.241187e+01
    endloop
  endfacet
  facet normal -6.889669e-01 0.000000e+00 7.247928e-01
    outer loop
      vertex   -1.813308e+01 -5.200000e+00 -4.241187e+01
      vertex   -1.813308e+01 -5.900000e+00 -4.241187e+01
      vertex   -1.768579e+01 -5.200000e+00 -4.198669e+01
    endloop
  endfacet
  facet normal -6.889669e-01 0.000000e+00 7.247928e-01
    outer loop
      vertex   -1.768579e+01 -5.200000e+00 -4.198669e+01
      vertex   -1.813308e+01 -5.900000e+00 -4.241187e+01
      vertex   -1.768579e+01 -5.900000e+00 -4.198669e+01
    endloop
  endfacet
  facet normal -8.207634e-01 0.000000e+00 5.712682e-01
    outer loop
      vertex   -1.768579e+01 -5.200000e+00 -4.198669e+01
      vertex   -1.768579e+01 -5.900000e+00 -4.198669e+01
      vertex   -1.733324e+01 -5.200000e+00 -4.148017e+01
    endloop
  endfacet
  facet normal -8.207634e-01 0.000000e+00 5.712682e-01
    outer loop
      vertex   -1.733324e+01 -5.200000e+00 -4.148017e+01
      vertex   -1.768579e+01 -5.900000e+00 -4.198669e+01
      vertex   -1.733324e+01 -5.900000e+00 -4.148017e+01
    endloop
  endfacet
  facet normal -9.189578e-01 0.000000e+00 3.943559e-01
    outer loop
      vertex   -1.733324e+01 -5.200000e+00 -4.148017e+01
      vertex   -1.733324e+01 -5.900000e+00 -4.148017e+01
      vertex   -1.708988e+01 -5.200000e+00 -4.091306e+01
    endloop
  endfacet
  facet normal -9.189578e-01 0.000000e+00 3.943559e-01
    outer loop
      vertex   -1.708988e+01 -5.200000e+00 -4.091306e+01
      vertex   -1.733324e+01 -5.900000e+00 -4.148017e+01
      vertex   -1.708988e+01 -5.900000e+00 -4.091306e+01
    endloop
  endfacet
  facet normal -9.795299e-01 0.000000e+00 2.012985e-01
    outer loop
      vertex   -1.708988e+01 -5.200000e+00 -4.091306e+01
      vertex   -1.708988e+01 -5.900000e+00 -4.091306e+01
      vertex   -1.696565e+01 -5.200000e+00 -4.030856e+01
    endloop
  endfacet
  facet normal -9.795299e-01 0.000000e+00 2.012985e-01
    outer loop
      vertex   -1.696565e+01 -5.200000e+00 -4.030856e+01
      vertex   -1.708988e+01 -5.900000e+00 -4.091306e+01
      vertex   -1.696565e+01 -5.900000e+00 -4.030856e+01
    endloop
  endfacet
  facet normal -1.000000e+00 0.000000e+00 0.000000e+00
    outer loop
      vertex   -1.696565e+01 -5.200000e+00 -4.030856e+01
      vertex   -1.696565e+01 -5.900000e+00 -4.030856e+01
      vertex   -1.696565e+01 -5.200000e+00 -3.969144e+01
    endloop
  endfacet
  facet normal -1.000000e+00 -0.000000e+00 0.000000e+00
    outer loop
      vertex   -1.696565e+01 -5.200000e+00 -3.969144e+01
      vertex   -1.696565e+01 -5.900000e+00 -4.030856e+01
      vertex   -1.696565e+01 -5.900000e+00 -3.969144e+01
    endloop
  endfacet
  facet normal -9.795299e-01 -0.000000e+00 -2.012985e-01
    outer loop
      vertex   -1.696565e+01 -5.200000e+00 -3.969144e+01
      vertex   -1.696565e+01 -5.900000e+00 -3.969144e+01
      vertex   -1.708988e+01 -5.200000e+00 -3.908694e+01
    endloop
  endfacet
  facet normal -9.795299e-01 -0.000000e+00 -2.012985e-01
    outer loop
      vertex   -1.708988e+01 -5.200000e+00 -3.908694e+01
      vertex   -1.696565e+01 -5.900000e+00 -3.969144e+01
      vertex   -1.708988e+01 -5.900000e+00 -3.908694e+01
    endloop
  endfacet
  facet normal -9.189578e-01 -0.000000e+00 -3.943559e-01
    outer loop
      vertex   -1.708988e+01 -5.200000e+00 -3.908694e+01
      vertex   -1.708988e+01 -5.900000e+00 -3.908694e+01
      vertex   -1.733324e+01 -5.200000e+00 -3.851983e+01
    endloop
  endfacet
  facet normal -9.189578e-01 -0.000000e+00 -3.943559e-01
    outer loop
      vertex   -1.733324e+01 -5.200000e+00 -3.851983e+01
      vertex   -1.708988e+01 -5.900000e+00 -3.908694e+01
      vertex   -1.733324e+01 -5.900000e+00 -3.851983e+01
    endloop
  endfacet
  facet normal -8.207634e-01 -0.000000e+00 -5.712682e-01
    outer loop
      vertex   -1.733324e+01 -5.200000e+00 -3.851983e+01
      vertex   -1.733324e+01 -5.900000e+00 -3.851983e+01
      vertex   -1.768579e+01 -5.200000e+00 -3.801331e+01
    endloop
  endfacet
  facet normal -8.207634e-01 -0.000000e+00 -5.712682e-01
    outer loop
      vertex   -1.768579e+01 -5.200000e+00 -3.801331e+01
      vertex   -1.733324e+01 -5.900000e+00 -3.851983e+01
      vertex   -1.768579e+01 -5.900000e+00 -3.801331e+01
    endloop
  endfacet
  facet normal -6.889669e-01 -0.000000e+00 -7.247928e-01
    outer loop
      vertex   -1.768579e+01 -5.200000e+00 -3.801331e+01
      vertex   -1.768579e+01 -5.900000e+00 -3.801331e+01
      vertex   -1.813308e+01 -5.200000e+00 -3.758813e+01
    endloop
  endfacet
  facet normal -6.889669e-01 -0.000000e+00 -7.247928e-01
    outer loop
      vertex   -1.813308e+01 -5.200000e+00 -3.758813e+01
      vertex   -1.768579e+01 -5.900000e+00 -3.801331e+01
      vertex   -1.813308e+01 -5.900000e+00 -3.758813e+01
    endloop
  endfacet
  facet normal -5.289640e-01 -0.000000e+00 -8.486443e-01
    outer loop
      vertex   -1.813308e+01 -5.200000e+00 -3.758813e+01
      vertex   -1.813308e+01 -5.900000e+00 -3.758813e+01
      vertex   -1.865680e+01 -5.200000e+00 -3.726170e+01
    endloop
  endfacet
  facet normal -5.289640e-01 -0.000000e+00 -8.486443e-01
    outer loop
      vertex   -1.865680e+01 -5.200000e+00 -3.726170e+01
      vertex   -1.813308e+01 -5.900000e+00 -3.758813e+01
      vertex   -1.865680e+01 -5.900000e+00 -3.726170e+01
    endloop
  endfacet
  facet normal -3.473053e-01 -0.000000e+00 -9.377521e-01
    outer loop
      vertex   -1.865680e+01 -5.200000e+00 -3.726170e+01
      vertex   -1.865680e+01 -5.900000e+00 -3.726170e+01
      vertex   -1.923551e+01 -5.200000e+00 -3.704736e+01
    endloop
  endfacet
  facet normal -3.473053e-01 -0.000000e+00 -9.377521e-01
    outer loop
      vertex   -1.923551e+01 -5.200000e+00 -3.704736e+01
      vertex   -1.865680e+01 -5.900000e+00 -3.726170e+01
      vertex   -1.923551e+01 -5.900000e+00 -3.704736e+01
    endloop
  endfacet
  facet normal -1.514278e-01 -0.000000e+00 -9.884683e-01
    outer loop
      vertex   -1.923551e+01 -5.200000e+00 -3.704736e+01
      vertex   -1.923551e+01 -5.900000e+00 -3.704736e+01
      vertex   -1.984552e+01 -5.200000e+00 -3.695391e+01
    endloop
  endfacet
  facet normal -1.514278e-01 -0.000000e+00 -9.884683e-01
    outer loop
      vertex   -1.984552e+01 -5.200000e+00 -3.695391e+01
      vertex   -1.923551e+01 -5.900000e+00 -3.704736e+01
      vertex   -1.984552e+01 -5.900000e+00 -3.695391e+01
    endloop
  endfacet
  facet normal 5.064917e-02 0.000000e+00 -9.987165e-01
    outer loop
      vertex   -1.984552e+01 -5.200000e+00 -3.695391e+01
      vertex   -1.984552e+01 -5.900000e+00 -3.695391e+01
      vertex   -2.046185e+01 -5.200000e+00 -3.698517e+01
    endloop
  endfacet
  facet normal 5.064917e-02 0.000000e+00 -9.987165e-01
    outer loop
      vertex   -2.046185e+01 -5.200000e+00 -3.698517e+01
      vertex   -1.984552e+01 -5.900000e+00 -3.695391e+01
      vertex   -2.046185e+01 -5.900000e+00 -3.698517e+01
    endloop
  endfacet
  facet normal 2.506525e-01 0.000000e+00 -9.680771e-01
    outer loop
      vertex   -2.046185e+01 -5.200000e+00 -3.698517e+01
      vertex   -2.046185e+01 -5.900000e+00 -3.698517e+01
      vertex   -2.105928e+01 -5.200000e+00 -3.713986e+01
    endloop
  endfacet
  facet normal 2.506525e-01 0.000000e+00 -9.680771e-01
    outer loop
      vertex   -2.105928e+01 -5.200000e+00 -3.713986e+01
      vertex   -2.046185e+01 -5.900000e+00 -3.698517e+01
      vertex   -2.105928e+01 -5.900000e+00 -3.713986e+01
    endloop
  endfacet
  facet normal 4.403942e-01 0.000000e+00 -8.978045e-01
    outer loop
      vertex   -2.105928e+01 -5.200000e+00 -3.713986e+01
      vertex   -2.105928e+01 -5.900000e+00 -3.713986e+01
      vertex   -2.161334e+01 -5.200000e+00 -3.741164e+01
    endloop
  endfacet
  facet normal 4.403942e-01 0.000000e+00 -8.978045e-01
    outer loop
      vertex   -2.161334e+01 -5.200000e+00 -3.741164e+01
      vertex   -2.105928e+01 -5.900000e+00 -3.713986e+01
      vertex   -2.161334e+01 -5.900000e+00 -3.741164e+01
    endloop
  endfacet
  facet normal 6.121060e-01 0.000000e+00 -7.907757e-01
    outer loop
      vertex   -2.161334e+01 -5.200000e+00 -3.741164e+01
      vertex   -2.161334e+01 -5.900000e+00 -3.741164e+01
      vertex   -2.210135e+01 -5.200000e+00 -3.778938e+01
    endloop
  endfacet
  facet normal 6.121060e-01 0.000000e+00 -7.907757e-01
    outer loop
      vertex   -2.210135e+01 -5.200000e+00 -3.778938e+01
      vertex   -2.161334e+01 -5.900000e+00 -3.741164e+01
      vertex   -2.210135e+01 -5.900000e+00 -3.778938e+01
    endloop
  endfacet
  facet normal 7.587581e-01 0.000000e+00 -6.513725e-01
    outer loop
      vertex   -2.210135e+01 -5.200000e+00 -3.778938e+01
      vertex   -2.210135e+01 -5.900000e+00 -3.778938e+01
      vertex   -2.250333e+01 -5.200000e+00 -3.825763e+01
    endloop
  endfacet
  facet normal 7.587581e-01 0.000000e+00 -6.513725e-01
    outer loop
      vertex   -2.250333e+01 -5.200000e+00 -3.825763e+01
      vertex   -2.210135e+01 -5.900000e+00 -3.778938e+01
      vertex   -2.250333e+01 -5.900000e+00 -3.825763e+01
    endloop
  endfacet
  facet normal 8.743466e-01 0.000000e+00 -4.853020e-01
    outer loop
      vertex   -2.250333e+01 -5.200000e+00 -3.825763e+01
      vertex   -2.250333e+01 -5.900000e+00 -3.825763e+01
      vertex   -2.280282e+01 -5.200000e+00 -3.879721e+01
    endloop
  endfacet
  facet normal 8.743466e-01 0.000000e+00 -4.853020e-01
    outer loop
      vertex   -2.280282e+01 -5.200000e+00 -3.879721e+01
      vertex   -2.250333e+01 -5.900000e+00 -3.825763e+01
      vertex   -2.280282e+01 -5.900000e+00 -3.879721e+01
    endloop
  endfacet
  facet normal 9.541393e-01 0.000000e+00 -2.993631e-01
    outer loop
      vertex   -2.280282e+01 -5.200000e+00 -3.879721e+01
      vertex   -2.280282e+01 -5.900000e+00 -3.879721e+01
      vertex   -2.298757e+01 -5.200000e+00 -3.938604e+01
    endloop
  endfacet
  facet normal 9.541393e-01 0.000000e+00 -2.993631e-01
    outer loop
      vertex   -2.298757e+01 -5.200000e+00 -3.938604e+01
      vertex   -2.280282e+01 -5.900000e+00 -3.879721e+01
      vertex   -2.298757e+01 -5.900000e+00 -3.938604e+01
    endloop
  endfacet
  facet normal 7.007028e-01 -7.098862e-01 -7.125451e-02
    outer loop
      vertex   -6.298757e+01 -5.900000e+00 -1.938604e+01
      vertex   -6.328946e+01 -6.200000e+00 -1.936601e+01
      vertex   -6.305000e+01 -5.900000e+00 -2.000000e+01
    endloop
  endfacet
  facet normal 7.055004e-01 -7.055004e-01 -6.736712e-02
    outer loop
      vertex   -6.305000e+01 -5.900000e+00 -2.000000e+01
      vertex   -6.328946e+01 -6.200000e+00 -1.936601e+01
      vertex   -6.335000e+01 -6.200000e+00 -2.000000e+01
    endloop
  endfacet
  facet normal 7.055004e-01 -7.055004e-01 6.736712e-02
    outer loop
      vertex   -6.305000e+01 -5.900000e+00 -2.000000e+01
      vertex   -6.335000e+01 -6.200000e+00 -2.000000e+01
      vertex   -6.328946e+01 -6.200000e+00 -2.063399e+01
    endloop
  endfacet
  facet normal 6.837886e-01 -7.015135e-01 -2.007784e-01
    outer loop
      vertex   -6.328946e+01 -6.200000e+00 -1.936601e+01
      vertex   -6.298757e+01 -5.900000e+00 -1.938604e+01
      vertex   -6.311003e+01 -6.200000e+00 -1.875493e+01
    endloop
  endfacet
  facet normal 6.682099e-01 -7.138217e-01 -2.096522e-01
    outer loop
      vertex   -6.311003e+01 -6.200000e+00 -1.875493e+01
      vertex   -6.298757e+01 -5.900000e+00 -1.938604e+01
      vertex   -6.280282e+01 -5.900000e+00 -1.879721e+01
    endloop
  endfacet
  facet normal 6.364743e-01 -6.980216e-01 -3.281253e-01
    outer loop
      vertex   -6.311003e+01 -6.200000e+00 -1.875493e+01
      vertex   -6.280282e+01 -5.900000e+00 -1.879721e+01
      vertex   -6.281820e+01 -6.200000e+00 -1.818885e+01
    endloop
  endfacet
  facet normal 6.093731e-01 -7.171228e-01 -3.382297e-01
    outer loop
      vertex   -6.281820e+01 -6.200000e+00 -1.818885e+01
      vertex   -6.280282e+01 -5.900000e+00 -1.879721e+01
      vertex   -6.250333e+01 -5.900000e+00 -1.825763e+01
    endloop
  endfacet
  facet normal 5.651429e-01 -6.950486e-01 -4.444333e-01
    outer loop
      vertex   -6.281820e+01 -6.200000e+00 -1.818885e+01
      vertex   -6.250333e+01 -5.900000e+00 -1.825763e+01
      vertex   -6.242451e+01 -6.200000e+00 -1.768824e+01
    endloop
  endfacet
  facet normal 5.267044e-01 -7.198145e-01 -4.521609e-01
    outer loop
      vertex   -6.242451e+01 -6.200000e+00 -1.768824e+01
      vertex   -6.250333e+01 -5.900000e+00 -1.825763e+01
      vertex   -6.210135e+01 -5.900000e+00 -1.778938e+01
    endloop
  endfacet
  facet normal 4.723561e-01 -6.926148e-01 -5.451280e-01
    outer loop
      vertex   -6.242451e+01 -6.200000e+00 -1.768824e+01
      vertex   -6.210135e+01 -5.900000e+00 -1.778938e+01
      vertex   -6.194319e+01 -6.200000e+00 -1.727117e+01
    endloop
  endfacet
  facet normal 4.235647e-01 -7.219173e-01 -5.472005e-01
    outer loop
      vertex   -6.194319e+01 -6.200000e+00 -1.727117e+01
      vertex   -6.210135e+01 -5.900000e+00 -1.778938e+01
      vertex   -6.161334e+01 -5.900000e+00 -1.741164e+01
    endloop
  endfacet
  facet normal 3.615529e-01 -6.907372e-01 -6.262280e-01
    outer loop
      vertex   -6.194319e+01 -6.200000e+00 -1.727117e+01
      vertex   -6.161334e+01 -5.900000e+00 -1.741164e+01
      vertex   -6.139164e+01 -6.200000e+00 -1.695273e+01
    endloop
  endfacet
  facet normal 3.040393e-01 -7.234470e-01 -6.198262e-01
    outer loop
      vertex   -6.139164e+01 -6.200000e+00 -1.695273e+01
      vertex   -6.161334e+01 -5.900000e+00 -1.741164e+01
      vertex   -6.105928e+01 -5.900000e+00 -1.713986e+01
    endloop
  endfacet
  facet normal 2.369128e-01 -6.894289e-01 -6.845145e-01
    outer loop
      vertex   -6.139164e+01 -6.200000e+00 -1.695273e+01
      vertex   -6.105928e+01 -5.900000e+00 -1.713986e+01
      vertex   -6.078979e+01 -6.200000e+00 -1.674443e+01
    endloop
  endfacet
  facet normal 1.727908e-01 -7.244151e-01 -6.673575e-01
    outer loop
      vertex   -6.078979e+01 -6.200000e+00 -1.674443e+01
      vertex   -6.105928e+01 -5.900000e+00 -1.713986e+01
      vertex   -6.046185e+01 -5.900000e+00 -1.698517e+01
    endloop
  endfacet
  facet normal 1.031850e-01 -6.886991e-01 -7.176673e-01
    outer loop
      vertex   -6.078979e+01 -6.200000e+00 -1.674443e+01
      vertex   -6.046185e+01 -5.900000e+00 -1.698517e+01
      vertex   -6.015940e+01 -6.200000e+00 -1.665379e+01
    endloop
  endfacet
  facet normal 3.489369e-02 -7.248287e-01 -6.880449e-01
    outer loop
      vertex   -6.015940e+01 -6.200000e+00 -1.665379e+01
      vertex   -6.046185e+01 -5.900000e+00 -1.698517e+01
      vertex   -5.984552e+01 -5.900000e+00 -1.695391e+01
    endloop
  endfacet
  facet normal -3.450574e-02 -6.885529e-01 -7.243647e-01
    outer loop
      vertex   -6.015940e+01 -6.200000e+00 -1.665379e+01
      vertex   -5.984552e+01 -5.900000e+00 -1.695391e+01
      vertex   -5.952325e+01 -6.200000e+00 -1.668410e+01
    endloop
  endfacet
  facet normal -1.043450e-01 -7.246909e-01 -6.811279e-01
    outer loop
      vertex   -5.952325e+01 -6.200000e+00 -1.668410e+01
      vertex   -5.984552e+01 -5.900000e+00 -1.695391e+01
      vertex   -5.923551e+01 -5.900000e+00 -1.704736e+01
    endloop
  endfacet
  facet normal -1.708709e-01 -6.889913e-01 -7.043395e-01
    outer loop
      vertex   -5.952325e+01 -6.200000e+00 -1.668410e+01
      vertex   -5.923551e+01 -5.900000e+00 -1.704736e+01
      vertex   -5.890432e+01 -6.200000e+00 -1.683425e+01
    endloop
  endfacet
  facet normal -2.395709e-01 -7.240007e-01 -6.468607e-01
    outer loop
      vertex   -5.890432e+01 -6.200000e+00 -1.683425e+01
      vertex   -5.923551e+01 -5.900000e+00 -1.704736e+01
      vertex   -5.865680e+01 -5.900000e+00 -1.726170e+01
    endloop
  endfacet
  facet normal -3.006768e-01 -6.900113e-01 -6.583904e-01
    outer loop
      vertex   -5.890432e+01 -6.200000e+00 -1.683425e+01
      vertex   -5.865680e+01 -5.900000e+00 -1.726170e+01
      vertex   -5.832500e+01 -6.200000e+00 -1.709881e+01
    endloop
  endfacet
  facet normal -3.655704e-01 -7.227530e-01 -5.865035e-01
    outer loop
      vertex   -5.832500e+01 -6.200000e+00 -1.709881e+01
      vertex   -5.865680e+01 -5.900000e+00 -1.726170e+01
      vertex   -5.813308e+01 -5.900000e+00 -1.758813e+01
    endloop
  endfacet
  facet normal -4.189608e-01 -6.916056e-01 -5.883482e-01
    outer loop
      vertex   -5.832500e+01 -6.200000e+00 -1.709881e+01
      vertex   -5.813308e+01 -5.900000e+00 -1.758813e+01
      vertex   -5.780622e+01 -6.200000e+00 -1.746824e+01
    endloop
  endfacet
  facet normal -4.774535e-01 -7.209384e-01 -5.022808e-01
    outer loop
      vertex   -5.780622e+01 -6.200000e+00 -1.746824e+01
      vertex   -5.813308e+01 -5.900000e+00 -1.758813e+01
      vertex   -5.768579e+01 -5.900000e+00 -1.801331e+01
    endloop
  endfacet
  facet normal -5.212356e-01 -6.937631e-01 -4.969972e-01
    outer loop
      vertex   -5.780622e+01 -6.200000e+00 -1.746824e+01
      vertex   -5.768579e+01 -5.900000e+00 -1.801331e+01
      vertex   -5.736672e+01 -6.200000e+00 -1.792917e+01
    endloop
  endfacet
  facet normal -5.708263e-01 -7.185434e-01 -3.973068e-01
    outer loop
      vertex   -5.736672e+01 -6.200000e+00 -1.792917e+01
      vertex   -5.768579e+01 -5.900000e+00 -1.801331e+01
      vertex   -5.733324e+01 -5.900000e+00 -1.851983e+01
    endloop
  endfacet
  facet normal -6.036726e-01 -6.964689e-01 -3.879568e-01
    outer loop
      vertex   -5.736672e+01 -6.200000e+00 -1.792917e+01
      vertex   -5.733324e+01 -5.900000e+00 -1.851983e+01
      vertex   -5.702240e+01 -6.200000e+00 -1.846494e+01
    endloop
  endfacet
  facet normal -6.419487e-01 -7.155499e-01 -2.754819e-01
    outer loop
      vertex   -5.702240e+01 -6.200000e+00 -1.846494e+01
      vertex   -5.733324e+01 -5.900000e+00 -1.851983e+01
      vertex   -5.708988e+01 -5.900000e+00 -1.908694e+01
    endloop
  endfacet
  facet normal -6.632564e-01 -6.997041e-01 -2.655278e-01
    outer loop
      vertex   -5.702240e+01 -6.200000e+00 -1.846494e+01
      vertex   -5.708988e+01 -5.900000e+00 -1.908694e+01
      vertex   -5.678570e+01 -6.200000e+00 -1.905620e+01
    endloop
  endfacet
  facet normal -6.878703e-01 -7.119350e-01 -1.413609e-01
    outer loop
      vertex   -5.678570e+01 -6.200000e+00 -1.905620e+01
      vertex   -5.708988e+01 -5.900000e+00 -1.908694e+01
      vertex   -5.696565e+01 -5.900000e+00 -1.969144e+01
    endloop
  endfacet
  facet normal -6.979039e-01 -7.034467e-01 -1.345099e-01
    outer loop
      vertex   -5.678570e+01 -6.200000e+00 -1.905620e+01
      vertex   -5.696565e+01 -5.900000e+00 -1.969144e+01
      vertex   -5.666517e+01 -6.200000e+00 -1.968156e+01
    endloop
  endfacet
  facet normal -7.065419e-01 -7.076712e-01 -2.036648e-17
    outer loop
      vertex   -5.666517e+01 -6.200000e+00 -1.968156e+01
      vertex   -5.696565e+01 -5.900000e+00 -1.969144e+01
      vertex   -5.696565e+01 -5.900000e+00 -2.030856e+01
    endloop
  endfacet
  facet normal -7.065419e-01 -7.076712e-01 -0.000000e+00
    outer loop
      vertex   -5.666517e+01 -6.200000e+00 -1.968156e+01
      vertex   -5.696565e+01 -5.900000e+00 -2.030856e+01
      vertex   -5.666517e+01 -6.200000e+00 -2.031844e+01
    endloop
  endfacet
  facet normal -6.979039e-01 -7.034467e-01 1.345099e-01
    outer loop
      vertex   -5.666517e+01 -6.200000e+00 -2.031844e+01
      vertex   -5.696565e+01 -5.900000e+00 -2.030856e+01
      vertex   -5.678570e+01 -6.200000e+00 -2.094380e+01
    endloop
  endfacet
  facet normal -6.878703e-01 -7.119350e-01 1.413609e-01
    outer loop
      vertex   -5.678570e+01 -6.200000e+00 -2.094380e+01
      vertex   -5.696565e+01 -5.900000e+00 -2.030856e+01
      vertex   -5.708988e+01 -5.900000e+00 -2.091306e+01
    endloop
  endfacet
  facet normal -6.632564e-01 -6.997041e-01 2.655278e-01
    outer loop
      vertex   -5.678570e+01 -6.200000e+00 -2.094380e+01
      vertex   -5.708988e+01 -5.900000e+00 -2.091306e+01
      vertex   -5.702240e+01 -6.200000e+00 -2.153506e+01
    endloop
  endfacet
  facet normal -6.419487e-01 -7.155499e-01 2.754819e-01
    outer loop
      vertex   -5.702240e+01 -6.200000e+00 -2.153506e+01
      vertex   -5.708988e+01 -5.900000e+00 -2.091306e+01
      vertex   -5.733324e+01 -5.900000e+00 -2.148017e+01
    endloop
  endfacet
  facet normal -6.036726e-01 -6.964689e-01 3.879568e-01
    outer loop
      vertex   -5.702240e+01 -6.200000e+00 -2.153506e+01
      vertex   -5.733324e+01 -5.900000e+00 -2.148017e+01
      vertex   -5.736672e+01 -6.200000e+00 -2.207083e+01
    endloop
  endfacet
  facet normal -5.708263e-01 -7.185434e-01 3.973068e-01
    outer loop
      vertex   -5.736672e+01 -6.200000e+00 -2.207083e+01
      vertex   -5.733324e+01 -5.900000e+00 -2.148017e+01
      vertex   -5.768579e+01 -5.900000e+00 -2.198669e+01
    endloop
  endfacet
  facet normal -5.212356e-01 -6.937631e-01 4.969972e-01
    outer loop
      vertex   -5.736672e+01 -6.200000e+00 -2.207083e+01
      vertex   -5.768579e+01 -5.900000e+00 -2.198669e+01
      vertex   -5.780622e+01 -6.200000e+00 -2.253176e+01
    endloop
  endfacet
  facet normal -4.774535e-01 -7.209384e-01 5.022808e-01
    outer loop
      vertex   -5.780622e+01 -6.200000e+00 -2.253176e+01
      vertex   -5.768579e+01 -5.900000e+00 -2.198669e+01
      vertex   -5.813308e+01 -5.900000e+00 -2.241187e+01
    endloop
  endfacet
  facet normal -4.189608e-01 -6.916056e-01 5.883482e-01
    outer loop
      vertex   -5.780622e+01 -6.200000e+00 -2.253176e+01
      vertex   -5.813308e+01 -5.900000e+00 -2.241187e+01
      vertex   -5.832500e+01 -6.200000e+00 -2.290119e+01
    endloop
  endfacet
  facet normal -3.655704e-01 -7.227530e-01 5.865035e-01
    outer loop
      vertex   -5.832500e+01 -6.200000e+00 -2.290119e+01
      vertex   -5.813308e+01 -5.900000e+00 -2.241187e+01
      vertex   -5.865680e+01 -5.900000e+00 -2.273830e+01
    endloop
  endfacet
  facet normal -3.006768e-01 -6.900113e-01 6.583904e-01
    outer loop
      vertex   -5.832500e+01 -6.200000e+00 -2.290119e+01
      vertex   -5.865680e+01 -5.900000e+00 -2.273830e+01
      vertex   -5.890432e+01 -6.200000e+00 -2.316575e+01
    endloop
  endfacet
  facet normal -2.395709e-01 -7.240007e-01 6.468607e-01
    outer loop
      vertex   -5.890432e+01 -6.200000e+00 -2.316575e+01
      vertex   -5.865680e+01 -5.900000e+00 -2.273830e+01
      vertex   -5.923551e+01 -5.900000e+00 -2.295264e+01
    endloop
  endfacet
  facet normal -1.708709e-01 -6.889913e-01 7.043395e-01
    outer loop
      vertex   -5.890432e+01 -6.200000e+00 -2.316575e+01
      vertex   -5.923551e+01 -5.900000e+00 -2.295264e+01
      vertex   -5.952325e+01 -6.200000e+00 -2.331590e+01
    endloop
  endfacet
  facet normal -1.043450e-01 -7.246909e-01 6.811279e-01
    outer loop
      vertex   -5.952325e+01 -6.200000e+00 -2.331590e+01
      vertex   -5.923551e+01 -5.900000e+00 -2.295264e+01
      vertex   -5.984552e+01 -5.900000e+00 -2.304609e+01
    endloop
  endfacet
  facet normal -3.450574e-02 -6.885529e-01 7.243647e-01
    outer loop
      vertex   -5.952325e+01 -6.200000e+00 -2.331590e+01
      vertex   -5.984552e+01 -5.900000e+00 -2.304609e+01
      vertex   -6.015940e+01 -6.200000e+00 -2.334621e+01
    endloop
  endfacet
  facet normal 3.489369e-02 -7.248287e-01 6.880449e-01
    outer loop
      vertex   -6.015940e+01 -6.200000e+00 -2.334621e+01
      vertex   -5.984552e+01 -5.900000e+00 -2.304609e+01
      vertex   -6.046185e+01 -5.900000e+00 -2.301483e+01
    endloop
  endfacet
  facet normal 1.031850e-01 -6.886991e-01 7.176673e-01
    outer loop
      vertex   -6.015940e+01 -6.200000e+00 -2.334621e+01
      vertex   -6.046185e+01 -5.900000e+00 -2.301483e+01
      vertex   -6.078979e+01 -6.200000e+00 -2.325557e+01
    endloop
  endfacet
  facet normal 1.727908e-01 -7.244151e-01 6.673575e-01
    outer loop
      vertex   -6.078979e+01 -6.200000e+00 -2.325557e+01
      vertex   -6.046185e+01 -5.900000e+00 -2.301483e+01
      vertex   -6.105928e+01 -5.900000e+00 -2.286014e+01
    endloop
  endfacet
  facet normal 2.369128e-01 -6.894289e-01 6.845145e-01
    outer loop
      vertex   -6.078979e+01 -6.200000e+00 -2.325557e+01
      vertex   -6.105928e+01 -5.900000e+00 -2.286014e+01
      vertex   -6.139164e+01 -6.200000e+00 -2.304727e+01
    endloop
  endfacet
  facet normal 3.040393e-01 -7.234470e-01 6.198262e-01
    outer loop
      vertex   -6.139164e+01 -6.200000e+00 -2.304727e+01
      vertex   -6.105928e+01 -5.900000e+00 -2.286014e+01
      vertex   -6.161334e+01 -5.900000e+00 -2.258836e+01
    endloop
  endfacet
  facet normal 3.615529e-01 -6.907372e-01 6.262280e-01
    outer loop
      vertex   -6.139164e+01 -6.200000e+00 -2.304727e+01
      vertex   -6.161334e+01 -5.900000e+00 -2.258836e+01
      vertex   -6.194319e+01 -6.200000e+00 -2.272883e+01
    endloop
  endfacet
  facet normal 4.235647e-01 -7.219173e-01 5.472005e-01
    outer loop
      vertex   -6.194319e+01 -6.200000e+00 -2.272883e+01
      vertex   -6.161334e+01 -5.900000e+00 -2.258836e+01
      vertex   -6.210135e+01 -5.900000e+00 -2.221062e+01
    endloop
  endfacet
  facet normal 4.723561e-01 -6.926148e-01 5.451280e-01
    outer loop
      vertex   -6.194319e+01 -6.200000e+00 -2.272883e+01
      vertex   -6.210135e+01 -5.900000e+00 -2.221062e+01
      vertex   -6.242451e+01 -6.200000e+00 -2.231176e+01
    endloop
  endfacet
  facet normal 5.267044e-01 -7.198145e-01 4.521609e-01
    outer loop
      vertex   -6.242451e+01 -6.200000e+00 -2.231176e+01
      vertex   -6.210135e+01 -5.900000e+00 -2.221062e+01
      vertex   -6.250333e+01 -5.900000e+00 -2.174237e+01
    endloop
  endfacet
  facet normal 5.651429e-01 -6.950486e-01 4.444333e-01
    outer loop
      vertex   -6.242451e+01 -6.200000e+00 -2.231176e+01
      vertex   -6.250333e+01 -5.900000e+00 -2.174237e+01
      vertex   -6.281820e+01 -6.200000e+00 -2.181115e+01
    endloop
  endfacet
  facet normal 6.093731e-01 -7.171228e-01 3.382297e-01
    outer loop
      vertex   -6.281820e+01 -6.200000e+00 -2.181115e+01
      vertex   -6.250333e+01 -5.900000e+00 -2.174237e+01
      vertex   -6.280282e+01 -5.900000e+00 -2.120279e+01
    endloop
  endfacet
  facet normal 6.364743e-01 -6.980216e-01 3.281253e-01
    outer loop
      vertex   -6.281820e+01 -6.200000e+00 -2.181115e+01
      vertex   -6.280282e+01 -5.900000e+00 -2.120279e+01
      vertex   -6.311003e+01 -6.200000e+00 -2.124507e+01
    endloop
  endfacet
  facet normal 6.682099e-01 -7.138217e-01 2.096522e-01
    outer loop
      vertex   -6.311003e+01 -6.200000e+00 -2.124507e+01
      vertex   -6.280282e+01 -5.900000e+00 -2.120279e+01
      vertex   -6.298757e+01 -5.900000e+00 -2.061396e+01
    endloop
  endfacet
  facet normal 6.837886e-01 -7.015135e-01 2.007784e-01
    outer loop
      vertex   -6.311003e+01 -6.200000e+00 -2.124507e+01
      vertex   -6.298757e+01 -5.900000e+00 -2.061396e+01
      vertex   -6.328946e+01 -6.200000e+00 -2.063399e+01
    endloop
  endfacet
  facet normal 7.007028e-01 -7.098862e-01 7.125451e-02
    outer loop
      vertex   -6.328946e+01 -6.200000e+00 -2.063399e+01
      vertex   -6.298757e+01 -5.900000e+00 -2.061396e+01
      vertex   -6.305000e+01 -5.900000e+00 -2.000000e+01
    endloop
  endfacet
  facet normal 9.948693e-01 0.000000e+00 -1.011683e-01
    outer loop
      vertex   -6.298757e+01 -5.200000e+00 -1.938604e+01
      vertex   -6.298757e+01 -5.900000e+00 -1.938604e+01
      vertex   -6.305000e+01 -5.200000e+00 -2.000000e+01
    endloop
  endfacet
  facet normal 9.948693e-01 0.000000e+00 -1.011683e-01
    outer loop
      vertex   -6.305000e+01 -5.200000e+00 -2.000000e+01
      vertex   -6.298757e+01 -5.900000e+00 -1.938604e+01
      vertex   -6.305000e+01 -5.900000e+00 -2.000000e+01
    endloop
  endfacet
  facet normal 9.948693e-01 0.000000e+00 1.011683e-01
    outer loop
      vertex   -6.305000e+01 -5.200000e+00 -2.000000e+01
      vertex   -6.305000e+01 -5.900000e+00 -2.000000e+01
      vertex   -6.298757e+01 -5.200000e+00 -2.061396e+01
    endloop
  endfacet
  facet normal 9.948693e-01 0.000000e+00 1.011683e-01
    outer loop
      vertex   -6.298757e+01 -5.200000e+00 -2.061396e+01
      vertex   -6.305000e+01 -5.900000e+00 -2.000000e+01
      vertex   -6.298757e+01 -5.900000e+00 -2.061396e+01
    endloop
  endfacet
  facet normal 9.541393e-01 0.000000e+00 2.993631e-01
    outer loop
      vertex   -6.298757e+01 -5.200000e+00 -2.061396e+01
      vertex   -6.298757e+01 -5.900000e+00 -2.061396e+01
      vertex   -6.280282e+01 -5.200000e+00 -2.120279e+01
    endloop
  endfacet
  facet normal 9.541393e-01 0.000000e+00 2.993631e-01
    outer loop
      vertex   -6.280282e+01 -5.200000e+00 -2.120279e+01
      vertex   -6.298757e+01 -5.900000e+00 -2.061396e+01
      vertex   -6.280282e+01 -5.900000e+00 -2.120279e+01
    endloop
  endfacet
  facet normal 8.743466e-01 0.000000e+00 4.853020e-01
    outer loop
      vertex   -6.280282e+01 -5.200000e+00 -2.120279e+01
      vertex   -6.280282e+01 -5.900000e+00 -2.120279e+01
      vertex   -6.250333e+01 -5.200000e+00 -2.174237e+01
    endloop
  endfacet
  facet normal 8.743466e-01 0.000000e+00 4.853020e-01
    outer loop
      vertex   -6.250333e+01 -5.200000e+00 -2.174237e+01
      vertex   -6.280282e+01 -5.900000e+00 -2.120279e+01
      vertex   -6.250333e+01 -5.900000e+00 -2.174237e+01
    endloop
  endfacet
  facet normal 7.587581e-01 0.000000e+00 6.513725e-01
    outer loop
      vertex   -6.250333e+01 -5.200000e+00 -2.174237e+01
      vertex   -6.250333e+01 -5.900000e+00 -2.174237e+01
      vertex   -6.210135e+01 -5.200000e+00 -2.221062e+01
    endloop
  endfacet
  facet normal 7.587581e-01 0.000000e+00 6.513725e-01
    outer loop
      vertex   -6.210135e+01 -5.200000e+00 -2.221062e+01
      vertex   -6.250333e+01 -5.900000e+00 -2.174237e+01
      vertex   -6.210135e+01 -5.900000e+00 -2.221062e+01
    endloop
  endfacet
  facet normal 6.121060e-01 0.000000e+00 7.907757e-01
    outer loop
      vertex   -6.210135e+01 -5.200000e+00 -2.221062e+01
      vertex   -6.210135e+01 -5.900000e+00 -2.221062e+01
      vertex   -6.161334e+01 -5.200000e+00 -2.258836e+01
    endloop
  endfacet
  facet normal 6.121060e-01 0.000000e+00 7.907757e-01
    outer loop
      vertex   -6.161334e+01 -5.200000e+00 -2.258836e+01
      vertex   -6.210135e+01 -5.900000e+00 -2.221062e+01
      vertex   -6.161334e+01 -5.900000e+00 -2.258836e+01
    endloop
  endfacet
  facet normal 4.403942e-01 0.000000e+00 8.978045e-01
    outer loop
      vertex   -6.161334e+01 -5.200000e+00 -2.258836e+01
      vertex   -6.161334e+01 -5.900000e+00 -2.258836e+01
      vertex   -6.105928e+01 -5.200000e+00 -2.286014e+01
    endloop
  endfacet
  facet normal 4.403942e-01 0.000000e+00 8.978045e-01
    outer loop
      vertex   -6.105928e+01 -5.200000e+00 -2.286014e+01
      vertex   -6.161334e+01 -5.900000e+00 -2.258836e+01
      vertex   -6.105928e+01 -5.900000e+00 -2.286014e+01
    endloop
  endfacet
  facet normal 2.506525e-01 0.000000e+00 9.680771e-01
    outer loop
      vertex   -6.105928e+01 -5.200000e+00 -2.286014e+01
      vertex   -6.105928e+01 -5.900000e+00 -2.286014e+01
      vertex   -6.046185e+01 -5.200000e+00 -2.301483e+01
    endloop
  endfacet
  facet normal 2.506525e-01 0.000000e+00 9.680771e-01
    outer loop
      vertex   -6.046185e+01 -5.200000e+00 -2.301483e+01
      vertex   -6.105928e+01 -5.900000e+00 -2.286014e+01
      vertex   -6.046185e+01 -5.900000e+00 -2.301483e+01
    endloop
  endfacet
  facet normal 5.064917e-02 0.000000e+00 9.987165e-01
    outer loop
      vertex   -6.046185e+01 -5.200000e+00 -2.301483e+01
      vertex   -6.046185e+01 -5.900000e+00 -2.301483e+01
      vertex   -5.984552e+01 -5.200000e+00 -2.304609e+01
    endloop
  endfacet
  facet normal 5.064917e-02 0.000000e+00 9.987165e-01
    outer loop
      vertex   -5.984552e+01 -5.200000e+00 -2.304609e+01
      vertex   -6.046185e+01 -5.900000e+00 -2.301483e+01
      vertex   -5.984552e+01 -5.900000e+00 -2.304609e+01
    endloop
  endfacet
  facet normal -1.514278e-01 0.000000e+00 9.884683e-01
    outer loop
      vertex   -5.984552e+01 -5.200000e+00 -2.304609e+01
      vertex   -5.984552e+01 -5.900000e+00 -2.304609e+01
      vertex   -5.923551e+01 -5.200000e+00 -2.295264e+01
    endloop
  endfacet
  facet normal -1.514278e-01 0.000000e+00 9.884683e-01
    outer loop
      vertex   -5.923551e+01 -5.200000e+00 -2.295264e+01
      vertex   -5.984552e+01 -5.900000e+00 -2.304609e+01
      vertex   -5.923551e+01 -5.900000e+00 -2.295264e+01
    endloop
  endfacet
  facet normal -3.473053e-01 0.000000e+00 9.377521e-01
    outer loop
      vertex   -5.923551e+01 -5.200000e+00 -2.295264e+01
      vertex   -5.923551e+01 -5.900000e+00 -2.295264e+01
      vertex   -5.865680e+01 -5.200000e+00 -2.273830e+01
    endloop
  endfacet
  facet normal -3.473053e-01 0.000000e+00 9.377521e-01
    outer loop
      vertex   -5.865680e+01 -5.200000e+00 -2.273830e+01
      vertex   -5.923551e+01 -5.900000e+00 -2.295264e+01
      vertex   -5.865680e+01 -5.900000e+00 -2.273830e+01
    endloop
  endfacet
  facet normal -5.289640e-01 0.000000e+00 8.486443e-01
    outer loop
      vertex   -5.865680e+01 -5.200000e+00 -2.273830e+01
      vertex   -5.865680e+01 -5.900000e+00 -2.273830e+01
      vertex   -5.813308e+01 -5.200000e+00 -2.241187e+01
    endloop
  endfacet
  facet normal -5.289640e-01 0.000000e+00 8.486443e-01
    outer loop
      vertex   -5.813308e+01 -5.200000e+00 -2.241187e+01
      vertex   -5.865680e+01 -5.900000e+00 -2.273830e+01
      vertex   -5.813308e+01 -5.900000e+00 -2.241187e+01
    endloop
  endfacet
  facet normal -6.889669e-01 0.000000e+00 7.247928e-01
    outer loop
      vertex   -5.813308e+01 -5.200000e+00 -2.241187e+01
      vertex   -5.813308e+01 -5.900000e+00 -2.241187e+01
      vertex   -5.768579e+01 -5.200000e+00 -2.198669e+01
    endloop
  endfacet
  facet normal -6.889669e-01 0.000000e+00 7.247928e-01
    outer loop
      vertex   -5.768579e+01 -5.200000e+00 -2.198669e+01
      vertex   -5.813308e+01 -5.900000e+00 -2.241187e+01
      vertex   -5.768579e+01 -5.900000e+00 -2.198669e+01
    endloop
  endfacet
  facet normal -8.207634e-01 0.000000e+00 5.712682e-01
    outer loop
      vertex   -5.768579e+01 -5.200000e+00 -2.198669e+01
      vertex   -5.768579e+01 -5.900000e+00 -2.198669e+01
      vertex   -5.733324e+01 -5.200000e+00 -2.148017e+01
    endloop
  endfacet
  facet normal -8.207634e-01 0.000000e+00 5.712682e-01
    outer loop
      vertex   -5.733324e+01 -5.200000e+00 -2.148017e+01
      vertex   -5.768579e+01 -5.900000e+00 -2.198669e+01
      vertex   -5.733324e+01 -5.900000e+00 -2.148017e+01
    endloop
  endfacet
  facet normal -9.189578e-01 0.000000e+00 3.943559e-01
    outer loop
      vertex   -5.733324e+01 -5.200000e+00 -2.148017e+01
      vertex   -5.733324e+01 -5.900000e+00 -2.148017e+01
      vertex   -5.708988e+01 -5.200000e+00 -2.091306e+01
    endloop
  endfacet
  facet normal -9.189578e-01 0.000000e+00 3.943559e-01
    outer loop
      vertex   -5.708988e+01 -5.200000e+00 -2.091306e+01
      vertex   -5.733324e+01 -5.900000e+00 -2.148017e+01
      vertex   -5.708988e+01 -5.900000e+00 -2.091306e+01
    endloop
  endfacet
  facet normal -9.795299e-01 0.000000e+00 2.012985e-01
    outer loop
      vertex   -5.708988e+01 -5.200000e+00 -2.091306e+01
      vertex   -5.708988e+01 -5.900000e+00 -2.091306e+01
      vertex   -5.696565e+01 -5.200000e+00 -2.030856e+01
    endloop
  endfacet
  facet normal -9.795299e-01 0.000000e+00 2.012985e-01
    outer loop
      vertex   -5.696565e+01 -5.200000e+00 -2.030856e+01
      vertex   -5.708988e+01 -5.900000e+00 -2.091306e+01
      vertex   -5.696565e+01 -5.900000e+00 -2.030856e+01
    endloop
  endfacet
  facet normal -1.000000e+00 0.000000e+00 0.000000e+00
    outer loop
      vertex   -5.696565e+01 -5.200000e+00 -2.030856e+01
      vertex   -5.696565e+01 -5.900000e+00 -2.030856e+01
      vertex   -5.696565e+01 -5.200000e+00 -1.969144e+01
    endloop
  endfacet
  facet normal -1.000000e+00 -0.000000e+00 0.000000e+00
    outer loop
      vertex   -5.696565e+01 -5.200000e+00 -1.969144e+01
      vertex   -5.696565e+01 -5.900000e+00 -2.030856e+01
      vertex   -5.696565e+01 -5.900000e+00 -1.969144e+01
    endloop
  endfacet
  facet normal -9.795299e-01 -0.000000e+00 -2.012985e-01
    outer loop
      vertex   -5.696565e+01 -5.200000e+00 -1.969144e+01
      vertex   -5.696565e+01 -5.900000e+00 -1.969144e+01
      vertex   -5.708988e+01 -5.200000e+00 -1.908694e+01
    endloop
  endfacet
  facet normal -9.795299e-01 -0.000000e+00 -2.012985e-01
    outer loop
      vertex   -5.708988e+01 -5.200000e+00 -1.908694e+01
      vertex   -5.696565e+01 -5.900000e+00 -1.969144e+01
      vertex   -5.708988e+01 -5.900000e+00 -1.908694e+01
    endloop
  endfacet
  facet normal -9.189578e-01 -0.000000e+00 -3.943559e-01
    outer loop
      vertex   -5.708988e+01 -5.200000e+00 -1.908694e+01
      vertex   -5.708988e+01 -5.900000e+00 -1.908694e+01
      vertex   -5.733324e+01 -5.200000e+00 -1.851983e+01
    endloop
  endfacet
  facet normal -9.189578e-01 -0.000000e+00 -3.943559e-01
    outer loop
      vertex   -5.733324e+01 -5.200000e+00 -1.851983e+01
      vertex   -5.708988e+01 -5.900000e+00 -1.908694e+01
      vertex   -5.733324e+01 -5.900000e+00 -1.851983e+01
    endloop
  endfacet
  facet normal -8.207634e-01 -0.000000e+00 -5.712682e-01
    outer loop
      vertex   -5.733324e+01 -5.200000e+00 -1.851983e+01
      vertex   -5.733324e+01 -5.900000e+00 -1.851983e+01
      vertex   -5.768579e+01 -5.200000e+00 -1.801331e+01
    endloop
  endfacet
  facet normal -8.207634e-01 -0.000000e+00 -5.712682e-01
    outer loop
      vertex   -5.768579e+01 -5.200000e+00 -1.801331e+01
      vertex   -5.733324e+01 -5.900000e+00 -1.851983e+01
      vertex   -5.768579e+01 -5.900000e+00 -1.801331e+01
    endloop
  endfacet
  facet normal -6.889669e-01 -0.000000e+00 -7.247928e-01
    outer loop
      vertex   -5.768579e+01 -5.200000e+00 -1.801331e+01
      vertex   -5.768579e+01 -5.900000e+00 -1.801331e+01
      vertex   -5.813308e+01 -5.200000e+00 -1.758813e+01
    endloop
  endfacet
  facet normal -6.889669e-01 -0.000000e+00 -7.247928e-01
    outer loop
      vertex   -5.813308e+01 -5.200000e+00 -1.758813e+01
      vertex   -5.768579e+01 -5.900000e+00 -1.801331e+01
      vertex   -5.813308e+01 -5.900000e+00 -1.758813e+01
    endloop
  endfacet
  facet normal -5.289640e-01 -0.000000e+00 -8.486443e-01
    outer loop
      vertex   -5.813308e+01 -5.200000e+00 -1.758813e+01
      vertex   -5.813308e+01 -5.900000e+00 -1.758813e+01
      vertex   -5.865680e+01 -5.200000e+00 -1.726170e+01
    endloop
  endfacet
  facet normal -5.289640e-01 -0.000000e+00 -8.486443e-01
    outer loop
      vertex   -5.865680e+01 -5.200000e+00 -1.726170e+01
      vertex   -5.813308e+01 -5.900000e+00 -1.758813e+01
      vertex   -5.865680e+01 -5.900000e+00 -1.726170e+01
    endloop
  endfacet
  facet normal -3.473053e-01 -0.000000e+00 -9.377521e-01
    outer loop
      vertex   -5.865680e+01 -5.200000e+00 -1.726170e+01
      vertex   -5.865680e+01 -5.900000e+00 -1.726170e+01
      vertex   -5.923551e+01 -5.200000e+00 -1.704736e+01
    endloop
  endfacet
  facet normal -3.473053e-01 -0.000000e+00 -9.377521e-01
    outer loop
      vertex   -5.923551e+01 -5.200000e+00 -1.704736e+01
      vertex   -5.865680e+01 -5.900000e+00 -1.726170e+01
      vertex   -5.923551e+01 -5.900000e+00 -1.704736e+01
    endloop
  endfacet
  facet normal -1.514278e-01 -0.000000e+00 -9.884683e-01
    outer loop
      vertex   -5.923551e+01 -5.200000e+00 -1.704736e+01
      vertex   -5.923551e+01 -5.900000e+00 -1.704736e+01
      vertex   -5.984552e+01 -5.200000e+00 -1.695391e+01
    endloop
  endfacet
  facet normal -1.514278e-01 -0.000000e+00 -9.884683e-01
    outer loop
      vertex   -5.984552e+01 -5.200000e+00 -1.695391e+01
      vertex   -5.923551e+01 -5.900000e+00 -1.704736e+01
      vertex   -5.984552e+01 -5.900000e+00 -1.695391e+01
    endloop
  endfacet
  facet normal 5.064917e-02 0.000000e+00 -9.987165e-01
    outer loop
      vertex   -5.984552e+01 -5.200000e+00 -1.695391e+01
      vertex   -5.984552e+01 -5.900000e+00 -1.695391e+01
      vertex   -6.046185e+01 -5.200000e+00 -1.698517e+01
    endloop
  endfacet
  facet normal 5.064917e-02 0.000000e+00 -9.987165e-01
    outer loop
      vertex   -6.046185e+01 -5.200000e+00 -1.698517e+01
      vertex   -5.984552e+01 -5.900000e+00 -1.695391e+01
      vertex   -6.046185e+01 -5.900000e+00 -1.698517e+01
    endloop
  endfacet
  facet normal 2.506525e-01 0.000000e+00 -9.680771e-01
    outer loop
      vertex   -6.046185e+01 -5.200000e+00 -1.698517e+01
      vertex   -6.046185e+01 -5.900000e+00 -1.698517e+01
      vertex   -6.105928e+01 -5.200000e+00 -1.713986e+01
    endloop
  endfacet
  facet normal 2.506525e-01 0.000000e+00 -9.680771e-01
    outer loop
      vertex   -6.105928e+01 -5.200000e+00 -1.713986e+01
      vertex   -6.046185e+01 -5.900000e+00 -1.698517e+01
      vertex   -6.105928e+01 -5.900000e+00 -1.713986e+01
    endloop
  endfacet
  facet normal 4.403942e-01 0.000000e+00 -8.978045e-01
    outer loop
      vertex   -6.105928e+01 -5.200000e+00 -1.713986e+01
      vertex   -6.105928e+01 -5.900000e+00 -1.713986e+01
      vertex   -6.161334e+01 -5.200000e+00 -1.741164e+01
    endloop
  endfacet
  facet normal 4.403942e-01 0.000000e+00 -8.978045e-01
    outer loop
      vertex   -6.161334e+01 -5.200000e+00 -1.741164e+01
      vertex   -6.105928e+01 -5.900000e+00 -1.713986e+01
      vertex   -6.161334e+01 -5.900000e+00 -1.741164e+01
    endloop
  endfacet
  facet normal 6.121060e-01 0.000000e+00 -7.907757e-01
    outer loop
      vertex   -6.161334e+01 -5.200000e+00 -1.741164e+01
      vertex   -6.161334e+01 -5.900000e+00 -1.741164e+01
      vertex   -6.210135e+01 -5.200000e+00 -1.778938e+01
    endloop
  endfacet
  facet normal 6.121060e-01 0.000000e+00 -7.907757e-01
    outer loop
      vertex   -6.210135e+01 -5.200000e+00 -1.778938e+01
      vertex   -6.161334e+01 -5.900000e+00 -1.741164e+01
      vertex   -6.210135e+01 -5.900000e+00 -1.778938e+01
    endloop
  endfacet
  facet normal 7.587581e-01 0.000000e+00 -6.513725e-01
    outer loop
      vertex   -6.210135e+01 -5.200000e+00 -1.778938e+01
      vertex   -6.210135e+01 -5.900000e+00 -1.778938e+01
      vertex   -6.250333e+01 -5.200000e+00 -1.825763e+01
    endloop
  endfacet
  facet normal 7.587581e-01 0.000000e+00 -6.513725e-01
    outer loop
      vertex   -6.250333e+01 -5.200000e+00 -1.825763e+01
      vertex   -6.210135e+01 -5.900000e+00 -1.778938e+01
      vertex   -6.250333e+01 -5.900000e+00 -1.825763e+01
    endloop
  endfacet
  facet normal 8.743466e-01 0.000000e+00 -4.853020e-01
    outer loop
      vertex   -6.250333e+01 -5.200000e+00 -1.825763e+01
      vertex   -6.250333e+01 -5.900000e+00 -1.825763e+01
      vertex   -6.280282e+01 -5.200000e+00 -1.879721e+01
    endloop
  endfacet
  facet normal 8.743466e-01 0.000000e+00 -4.853020e-01
    outer loop
      vertex   -6.280282e+01 -5.200000e+00 -1.879721e+01
      vertex   -6.250333e+01 -5.900000e+00 -1.825763e+01
      vertex   -6.280282e+01 -5.900000e+00 -1.879721e+01
    endloop
  endfacet
  facet normal 9.541393e-01 0.000000e+00 -2.993631e-01
    outer loop
      vertex   -6.280282e+01 -5.200000e+00 -1.879721e+01
      vertex   -6.280282e+01 -5.900000e+00 -1.879721e+01
      vertex   -6.298757e+01 -5.200000e+00 -1.938604e+01
    endloop
  endfacet
  facet normal 9.541393e-01 0.000000e+00 -2.993631e-01
    outer loop
      vertex   -6.298757e+01 -5.200000e+00 -1.938604e+01
      vertex   -6.280282e+01 -5.900000e+00 -1.879721e+01
      vertex   -6.298757e+01 -5.900000e+00 -1.938604e+01
    endloop
  endfacet
  facet normal -0.000000e+00 -1.000000e+00 0.000000e+00
    outer loop
      vertex   -6.164207e+01 -5.200000e+00 -1.956001e+01
      vertex   -6.298757e+01 -5.200000e+00 -1.938604e+01
      vertex   -6.170000e+01 -5.200000e+00 -2.000000e+01
    endloop
  endfacet
  facet normal 0.000000e+00 -1.000000e+00 0.000000e+00
    outer loop
      vertex   -6.170000e+01 -5.200000e+00 -2.000000e+01
      vertex   -6.298757e+01 -5.200000e+00 -1.938604e+01
      vertex   -6.305000e+01 -5.200000e+00 -2.000000e+01
    endloop
  endfacet
  facet normal -0.000000e+00 -1.000000e+00 0.000000e+00
    outer loop
      vertex   -6.170000e+01 -5.200000e+00 -2.000000e+01
      vertex   -6.305000e+01 -5.200000e+00 -2.000000e+01
      vertex   -6.298757e+01 -5.200000e+00 -2.061396e+01
    endloop
  endfacet
  facet normal 0.000000e+00 -1.000000e+00 0.000000e+00
    outer loop
      vertex   -6.298757e+01 -5.200000e+00 -1.938604e+01
      vertex   -6.164207e+01 -5.200000e+00 -1.956001e+01
      vertex   -6.280282e+01 -5.200000e+00 -1.879721e+01
    endloop
  endfacet
  facet normal 0.000000e+00 -1.000000e+00 0.000000e+00
    outer loop
      vertex   -6.280282e+01 -5.200000e+00 -1.879721e+01
      vertex   -6.164207e+01 -5.200000e+00 -1.956001e+01
      vertex   -6.147224e+01 -5.200000e+00 -1.915000e+01
    endloop
  endfacet
  facet normal 0.000000e+00 -1.000000e+00 0.000000e+00
    outer loop
      vertex   -6.280282e+01 -5.200000e+00 -1.879721e+01
      vertex   -6.147224e+01 -5.200000e+00 -1.915000e+01
      vertex   -6.250333e+01 -5.200000e+00 -1.825763e+01
    endloop
  endfacet
  facet normal 0.000000e+00 -1.000000e+00 0.000000e+00
    outer loop
      vertex   -6.250333e+01 -5.200000e+00 -1.825763e+01
      vertex   -6.147224e+01 -5.200000e+00 -1.915000e+01
      vertex   -6.120208e+01 -5.200000e+00 -1.879792e+01
    endloop
  endfacet
  facet normal 0.000000e+00 -1.000000e+00 0.000000e+00
    outer loop
      vertex   -6.250333e+01 -5.200000e+00 -1.825763e+01
      vertex   -6.120208e+01 -5.200000e+00 -1.879792e+01
      vertex   -6.210135e+01 -5.200000e+00 -1.778938e+01
    endloop
  endfacet
  facet normal 0.000000e+00 -1.000000e+00 0.000000e+00
    outer loop
      vertex   -6.210135e+01 -5.200000e+00 -1.778938e+01
      vertex   -6.120208e+01 -5.200000e+00 -1.879792e+01
      vertex   -6.161334e+01 -5.200000e+00 -1.741164e+01
    endloop
  endfacet
  facet normal 0.000000e+00 -1.000000e+00 0.000000e+00
    outer loop
      vertex   -6.161334e+01 -5.200000e+00 -1.741164e+01
      vertex   -6.120208e+01 -5.200000e+00 -1.879792e+01
      vertex   -6.085000e+01 -5.200000e+00 -1.852776e+01
    endloop
  endfacet
  facet normal 0.000000e+00 -1.000000e+00 0.000000e+00
    outer loop
      vertex   -6.161334e+01 -5.200000e+00 -1.741164e+01
      vertex   -6.085000e+01 -5.200000e+00 -1.852776e+01
      vertex   -6.105928e+01 -5.200000e+00 -1.713986e+01
    endloop
  endfacet
  facet normal 0.000000e+00 -1.000000e+00 0.000000e+00
    outer loop
      vertex   -6.105928e+01 -5.200000e+00 -1.713986e+01
      vertex   -6.085000e+01 -5.200000e+00 -1.852776e+01
      vertex   -6.043999e+01 -5.200000e+00 -1.835793e+01
    endloop
  endfacet
  facet normal 0.000000e+00 -1.000000e+00 0.000000e+00
    outer loop
      vertex   -6.105928e+01 -5.200000e+00 -1.713986e+01
      vertex   -6.043999e+01 -5.200000e+00 -1.835793e+01
      vertex   -6.046185e+01 -5.200000e+00 -1.698517e+01
    endloop
  endfacet
  facet normal 0.000000e+00 -1.000000e+00 0.000000e+00
    outer loop
      vertex   -6.046185e+01 -5.200000e+00 -1.698517e+01
      vertex   -6.043999e+01 -5.200000e+00 -1.835793e+01
      vertex   -6.000000e+01 -5.200000e+00 -1.830000e+01
    endloop
  endfacet
  facet normal 0.000000e+00 -1.000000e+00 0.000000e+00
    outer loop
      vertex   -6.046185e+01 -5.200000e+00 -1.698517e+01
      vertex   -6.000000e+01 -5.200000e+00 -1.830000e+01
      vertex   -5.984552e+01 -5.200000e+00 -1.695391e+01
    endloop
  endfacet
  facet normal 0.000000e+00 -1.000000e+00 -0.000000e+00
    outer loop
      vertex   -5.984552e+01 -5.200000e+00 -1.695391e+01
      vertex   -6.000000e+01 -5.200000e+00 -1.830000e+01
      vertex   -5.956001e+01 -5.200000e+00 -1.835793e+01
    endloop
  endfacet
  facet normal 0.000000e+00 -1.000000e+00 0.000000e+00
    outer loop
      vertex   -5.984552e+01 -5.200000e+00 -1.695391e+01
      vertex   -5.956001e+01 -5.200000e+00 -1.835793e+01
      vertex   -5.923551e+01 -5.200000e+00 -1.704736e+01
    endloop
  endfacet
  facet normal 0.000000e+00 -1.000000e+00 -0.000000e+00
    outer loop
      vertex   -5.923551e+01 -5.200000e+00 -1.704736e+01
      vertex   -5.956001e+01 -5.200000e+00 -1.835793e+01
      vertex   -5.865680e+01 -5.200000e+00 -1.726170e+01
    endloop
  endfacet
  facet normal 0.000000e+00 -1.000000e+00 0.000000e+00
    outer loop
      vertex   -5.865680e+01 -5.200000e+00 -1.726170e+01
      vertex   -5.956001e+01 -5.200000e+00 -1.835793e+01
      vertex   -5.915000e+01 -5.200000e+00 -1.852776e+01
    endloop
  endfacet
  facet normal 0.000000e+00 -1.000000e+00 -0.000000e+00
    outer loop
      vertex   -5.865680e+01 -5.200000e+00 -1.726170e+01
      vertex   -5.915000e+01 -5.200000e+00 -1.852776e+01
      vertex   -5.813308e+01 -5.200000e+00 -1.758813e+01
    endloop
  endfacet
  facet normal 0.000000e+00 -1.000000e+00 0.000000e+00
    outer loop
      vertex   -5.813308e+01 -5.200000e+00 -1.758813e+01
      vertex   -5.915000e+01 -5.200000e+00 -1.852776e+01
      vertex   -5.879792e+01 -5.200000e+00 -1.879792e+01
    endloop
  endfacet
  facet normal 0.000000e+00 -1.000000e+00 -0.000000e+00
    outer loop
      vertex   -5.813308e+01 -5.200000e+00 -1.758813e+01
      vertex   -5.879792e+01 -5.200000e+00 -1.879792e+01
      vertex   -5.768579e+01 -5.200000e+00 -1.801331e+01
    endloop
  endfacet
  facet normal 0.000000e+00 -1.000000e+00 0.000000e+00
    outer loop
      vertex   -5.768579e+01 -5.200000e+00 -1.801331e+01
      vertex   -5.879792e+01 -5.200000e+00 -1.879792e+01
      vertex   -5.852776e+01 -5.200000e+00 -1.915000e+01
    endloop
  endfacet
  facet normal 0.000000e+00 -1.000000e+00 -0.000000e+00
    outer loop
      vertex   -5.768579e+01 -5.200000e+00 -1.801331e+01
      vertex   -5.852776e+01 -5.200000e+00 -1.915000e+01
      vertex   -5.733324e+01 -5.200000e+00 -1.851983e+01
    endloop
  endfacet
  facet normal 0.000000e+00 -1.000000e+00 -0.000000e+00
    outer loop
      vertex   -5.733324e+01 -5.200000e+00 -1.851983e+01
      vertex   -5.852776e+01 -5.200000e+00 -1.915000e+01
      vertex   -5.708988e+01 -5.200000e+00 -1.908694e+01
    endloop
  endfacet
  facet normal 0.000000e+00 -1.000000e+00 0.000000e+00
    outer loop
      vertex   -5.708988e+01 -5.200000e+00 -1.908694e+01
      vertex   -5.852776e+01 -5.200000e+00 -1.915000e+01
      vertex   -5.835793e+01 -5.200000e+00 -1.956001e+01
    endloop
  endfacet
  facet normal 0.000000e+00 -1.000000e+00 -0.000000e+00
    outer loop
      vertex   -5.708988e+01 -5.200000e+00 -1.908694e+01
      vertex   -5.835793e+01 -5.200000e+00 -1.956001e+01
      vertex   -5.696565e+01 -5.200000e+00 -1.969144e+01
    endloop
  endfacet
  facet normal -0.000000e+00 -1.000000e+00 0.000000e+00
    outer loop
      vertex   -5.696565e+01 -5.200000e+00 -1.969144e+01
      vertex   -5.835793e+01 -5.200000e+00 -1.956001e+01
      vertex   -5.830000e+01 -5.200000e+00 -2.000000e+01
    endloop
  endfacet
  facet normal 0.000000e+00 -1.000000e+00 -0.000000e+00
    outer loop
      vertex   -5.696565e+01 -5.200000e+00 -1.969144e+01
      vertex   -5.830000e+01 -5.200000e+00 -2.000000e+01
      vertex   -5.696565e+01 -5.200000e+00 -2.030856e+01
    endloop
  endfacet
  facet normal -0.000000e+00 -1.000000e+00 0.000000e+00
    outer loop
      vertex   -5.696565e+01 -5.200000e+00 -2.030856e+01
      vertex   -5.830000e+01 -5.200000e+00 -2.000000e+01
      vertex   -5.835793e+01 -5.200000e+00 -2.043999e+01
    endloop
  endfacet
  facet normal 0.000000e+00 -1.000000e+00 0.000000e+00
    outer loop
      vertex   -5.696565e+01 -5.200000e+00 -2.030856e+01
      vertex   -5.835793e+01 -5.200000e+00 -2.043999e+01
      vertex   -5.708988e+01 -5.200000e+00 -2.091306e+01
    endloop
  endfacet
  facet normal 0.000000e+00 -1.000000e+00 0.000000e+00
    outer loop
      vertex   -5.708988e+01 -5.200000e+00 -2.091306e+01
      vertex   -5.835793e+01 -5.200000e+00 -2.043999e+01
      vertex   -5.852776e+01 -5.200000e+00 -2.085000e+01
    endloop
  endfacet
  facet normal -0.000000e+00 -1.000000e+00 0.000000e+00
    outer loop
      vertex   -5.708988e+01 -5.200000e+00 -2.091306e+01
      vertex   -5.852776e+01 -5.200000e+00 -2.085000e+01
      vertex   -5.733324e+01 -5.200000e+00 -2.148017e+01
    endloop
  endfacet
  facet normal -0.000000e+00 -1.000000e+00 0.000000e+00
    outer loop
      vertex   -5.733324e+01 -5.200000e+00 -2.148017e+01
      vertex   -5.852776e+01 -5.200000e+00 -2.085000e+01
      vertex   -5.768579e+01 -5.200000e+00 -2.198669e+01
    endloop
  endfacet
  facet normal 0.000000e+00 -1.000000e+00 0.000000e+00
    outer loop
      vertex   -5.768579e+01 -5.200000e+00 -2.198669e+01
      vertex   -5.852776e+01 -5.200000e+00 -2.085000e+01
      vertex   -5.879792e+01 -5.200000e+00 -2.120208e+01
    endloop
  endfacet
  facet normal -0.000000e+00 -1.000000e+00 0.000000e+00
    outer loop
      vertex   -5.768579e+01 -5.200000e+00 -2.198669e+01
      vertex   -5.879792e+01 -5.200000e+00 -2.120208e+01
      vertex   -5.813308e+01 -5.200000e+00 -2.241187e+01
    endloop
  endfacet
  facet normal 0.000000e+00 -1.000000e+00 0.000000e+00
    outer loop
      vertex   -5.813308e+01 -5.200000e+00 -2.241187e+01
      vertex   -5.879792e+01 -5.200000e+00 -2.120208e+01
      vertex   -5.915000e+01 -5.200000e+00 -2.147224e+01
    endloop
  endfacet
  facet normal -0.000000e+00 -1.000000e+00 0.000000e+00
    outer loop
      vertex   -5.813308e+01 -5.200000e+00 -2.241187e+01
      vertex   -5.915000e+01 -5.200000e+00 -2.147224e+01
      vertex   -5.865680e+01 -5.200000e+00 -2.273830e+01
    endloop
  endfacet
  facet normal 0.000000e+00 -1.000000e+00 0.000000e+00
    outer loop
      vertex   -5.865680e+01 -5.200000e+00 -2.273830e+01
      vertex   -5.915000e+01 -5.200000e+00 -2.147224e+01
      vertex   -5.956001e+01 -5.200000e+00 -2.164207e+01
    endloop
  endfacet
  facet normal -0.000000e+00 -1.000000e+00 0.000000e+00
    outer loop
      vertex   -5.865680e+01 -5.200000e+00 -2.273830e+01
      vertex   -5.956001e+01 -5.200000e+00 -2.164207e+01
      vertex   -5.923551e+01 -5.200000e+00 -2.295264e+01
    endloop
  endfacet
  facet normal -0.000000e+00 -1.000000e+00 0.000000e+00
    outer loop
      vertex   -5.923551e+01 -5.200000e+00 -2.295264e+01
      vertex   -5.956001e+01 -5.200000e+00 -2.164207e+01
      vertex   -5.984552e+01 -5.200000e+00 -2.304609e+01
    endloop
  endfacet
  facet normal 0.000000e+00 -1.000000e+00 0.000000e+00
    outer loop
      vertex   -5.984552e+01 -5.200000e+00 -2.304609e+01
      vertex   -5.956001e+01 -5.200000e+00 -2.164207e+01
      vertex   -6.000000e+01 -5.200000e+00 -2.170000e+01
    endloop
  endfacet
  facet normal 0.000000e+00 -1.000000e+00 0.000000e+00
    outer loop
      vertex   -5.984552e+01 -5.200000e+00 -2.304609e+01
      vertex   -6.000000e+01 -5.200000e+00 -2.170000e+01
      vertex   -6.046185e+01 -5.200000e+00 -2.301483e+01
    endloop
  endfacet
  facet normal 0.000000e+00 -1.000000e+00 0.000000e+00
    outer loop
      vertex   -6.046185e+01 -5.200000e+00 -2.301483e+01
      vertex   -6.000000e+01 -5.200000e+00 -2.170000e+01
      vertex   -6.043999e+01 -5.200000e+00 -2.164207e+01
    endloop
  endfacet
  facet normal 0.000000e+00 -1.000000e+00 0.000000e+00
    outer loop
      vertex   -6.046185e+01 -5.200000e+00 -2.301483e+01
      vertex   -6.043999e+01 -5.200000e+00 -2.164207e+01
      vertex   -6.105928e+01 -5.200000e+00 -2.286014e+01
    endloop
  endfacet
  facet normal 0.000000e+00 -1.000000e+00 0.000000e+00
    outer loop
      vertex   -6.105928e+01 -5.200000e+00 -2.286014e+01
      vertex   -6.043999e+01 -5.200000e+00 -2.164207e+01
      vertex   -6.085000e+01 -5.200000e+00 -2.147224e+01
    endloop
  endfacet
  facet normal 0.000000e+00 -1.000000e+00 0.000000e+00
    outer loop
      vertex   -6.105928e+01 -5.200000e+00 -2.286014e+01
      vertex   -6.085000e+01 -5.200000e+00 -2.147224e+01
      vertex   -6.161334e+01 -5.200000e+00 -2.258836e+01
    endloop
  endfacet
  facet normal 0.000000e+00 -1.000000e+00 0.000000e+00
    outer loop
      vertex   -6.161334e+01 -5.200000e+00 -2.258836e+01
      vertex   -6.085000e+01 -5.200000e+00 -2.147224e+01
      vertex   -6.120208e+01 -5.200000e+00 -2.120208e+01
    endloop
  endfacet
  facet normal 0.000000e+00 -1.000000e+00 0.000000e+00
    outer loop
      vertex   -6.161334e+01 -5.200000e+00 -2.258836e+01
      vertex   -6.120208e+01 -5.200000e+00 -2.120208e+01
      vertex   -6.210135e+01 -5.200000e+00 -2.221062e+01
    endloop
  endfacet
  facet normal 0.000000e+00 -1.000000e+00 0.000000e+00
    outer loop
      vertex   -6.210135e+01 -5.200000e+00 -2.221062e+01
      vertex   -6.120208e+01 -5.200000e+00 -2.120208e+01
      vertex   -6.250333e+01 -5.200000e+00 -2.174237e+01
    endloop
  endfacet
  facet normal 0.000000e+00 -1.000000e+00 0.000000e+00
    outer loop
      vertex   -6.250333e+01 -5.200000e+00 -2.174237e+01
      vertex   -6.120208e+01 -5.200000e+00 -2.120208e+01
      vertex   -6.147224e+01 -5.200000e+00 -2.085000e+01
    endloop
  endfacet
  facet normal 0.000000e+00 -1.000000e+00 0.000000e+00
    outer loop
      vertex   -6.250333e+01 -5.200000e+00 -2.174237e+01
      vertex   -6.147224e+01 -5.200000e+00 -2.085000e+01
      vertex   -6.280282e+01 -5.200000e+00 -2.120279e+01
    endloop
  endfacet
  facet normal 0.000000e+00 -1.000000e+00 0.000000e+00
    outer loop
      vertex   -6.280282e+01 -5.200000e+00 -2.120279e+01
      vertex   -6.147224e+01 -5.200000e+00 -2.085000e+01
      vertex   -6.164207e+01 -5.200000e+00 -2.043999e+01
    endloop
  endfacet
  facet normal 0.000000e+00 -1.000000e+00 0.000000e+00
    outer loop
      vertex   -6.280282e+01 -5.200000e+00 -2.120279e+01
      vertex   -6.164207e+01 -5.200000e+00 -2.043999e+01
      vertex   -6.298757e+01 -5.200000e+00 -2.061396e+01
    endloop
  endfacet
  facet normal 0.000000e+00 -1.000000e+00 0.000000e+00
    outer loop
      vertex   -6.298757e+01 -5.200000e+00 -2.061396e+01
      vertex   -6.164207e+01 -5.200000e+00 -2.043999e+01
      vertex   -6.170000e+01 -5.200000e+00 -2.000000e+01
    endloop
  endfacet
  facet normal -0.000000e+00 -1.000000e+00 0.000000e+00
    outer loop
      vertex   -2.164207e+01 -5.200000e+00 -3.956001e+01
      vertex   -2.298757e+01 -5.200000e+00 -3.938604e+01
      vertex   -2.170000e+01 -5.200000e+00 -4.000000e+01
    endloop
  endfacet
  facet normal 0.000000e+00 -1.000000e+00 0.000000e+00
    outer loop
      vertex   -2.170000e+01 -5.200000e+00 -4.000000e+01
      vertex   -2.298757e+01 -5.200000e+00 -3.938604e+01
      vertex   -2.305000e+01 -5.200000e+00 -4.000000e+01
    endloop
  endfacet
  facet normal -0.000000e+00 -1.000000e+00 0.000000e+00
    outer loop
      vertex   -2.170000e+01 -5.200000e+00 -4.000000e+01
      vertex   -2.305000e+01 -5.200000e+00 -4.000000e+01
      vertex   -2.298757e+01 -5.200000e+00 -4.061396e+01
    endloop
  endfacet
  facet normal 0.000000e+00 -1.000000e+00 0.000000e+00
    outer loop
      vertex   -2.298757e+01 -5.200000e+00 -3.938604e+01
      vertex   -2.164207e+01 -5.200000e+00 -3.956001e+01
      vertex   -2.280282e+01 -5.200000e+00 -3.879721e+01
    endloop
  endfacet
  facet normal 0.000000e+00 -1.000000e+00 0.000000e+00
    outer loop
      vertex   -2.280282e+01 -5.200000e+00 -3.879721e+01
      vertex   -2.164207e+01 -5.200000e+00 -3.956001e+01
      vertex   -2.147224e+01 -5.200000e+00 -3.915000e+01
    endloop
  endfacet
  facet normal 0.000000e+00 -1.000000e+00 0.000000e+00
    outer loop
      vertex   -2.280282e+01 -5.200000e+00 -3.879721e+01
      vertex   -2.147224e+01 -5.200000e+00 -3.915000e+01
      vertex   -2.250333e+01 -5.200000e+00 -3.825763e+01
    endloop
  endfacet
  facet normal 0.000000e+00 -1.000000e+00 0.000000e+00
    outer loop
      vertex   -2.250333e+01 -5.200000e+00 -3.825763e+01
      vertex   -2.147224e+01 -5.200000e+00 -3.915000e+01
      vertex   -2.120208e+01 -5.200000e+00 -3.879792e+01
    endloop
  endfacet
  facet normal 0.000000e+00 -1.000000e+00 0.000000e+00
    outer loop
      vertex   -2.250333e+01 -5.200000e+00 -3.825763e+01
      vertex   -2.120208e+01 -5.200000e+00 -3.879792e+01
      vertex   -2.210135e+01 -5.200000e+00 -3.778938e+01
    endloop
  endfacet
  facet normal 0.000000e+00 -1.000000e+00 0.000000e+00
    outer loop
      vertex   -2.210135e+01 -5.200000e+00 -3.778938e+01
      vertex   -2.120208e+01 -5.200000e+00 -3.879792e+01
      vertex   -2.161334e+01 -5.200000e+00 -3.741164e+01
    endloop
  endfacet
  facet normal 0.000000e+00 -1.000000e+00 0.000000e+00
    outer loop
      vertex   -2.161334e+01 -5.200000e+00 -3.741164e+01
      vertex   -2.120208e+01 -5.200000e+00 -3.879792e+01
      vertex   -2.085000e+01 -5.200000e+00 -3.852776e+01
    endloop
  endfacet
  facet normal 0.000000e+00 -1.000000e+00 0.000000e+00
    outer loop
      vertex   -2.161334e+01 -5.200000e+00 -3.741164e+01
      vertex   -2.085000e+01 -5.200000e+00 -3.852776e+01
      vertex   -2.105928e+01 -5.200000e+00 -3.713986e+01
    endloop
  endfacet
  facet normal 0.000000e+00 -1.000000e+00 0.000000e+00
    outer loop
      vertex   -2.105928e+01 -5.200000e+00 -3.713986e+01
      vertex   -2.085000e+01 -5.200000e+00 -3.852776e+01
      vertex   -2.043999e+01 -5.200000e+00 -3.835793e+01
    endloop
  endfacet
  facet normal 0.000000e+00 -1.000000e+00 0.000000e+00
    outer loop
      vertex   -2.105928e+01 -5.200000e+00 -3.713986e+01
      vertex   -2.043999e+01 -5.200000e+00 -3.835793e+01
      vertex   -2.046185e+01 -5.200000e+00 -3.698517e+01
    endloop
  endfacet
  facet normal 0.000000e+00 -1.000000e+00 0.000000e+00
    outer loop
      vertex   -2.046185e+01 -5.200000e+00 -3.698517e+01
      vertex   -2.043999e+01 -5.200000e+00 -3.835793e+01
      vertex   -2.000000e+01 -5.200000e+00 -3.830000e+01
    endloop
  endfacet
  facet normal 0.000000e+00 -1.000000e+00 0.000000e+00
    outer loop
      vertex   -2.046185e+01 -5.200000e+00 -3.698517e+01
      vertex   -2.000000e+01 -5.200000e+00 -3.830000e+01
      vertex   -1.984552e+01 -5.200000e+00 -3.695391e+01
    endloop
  endfacet
  facet normal 0.000000e+00 -1.000000e+00 -0.000000e+00
    outer loop
      vertex   -1.984552e+01 -5.200000e+00 -3.695391e+01
      vertex   -2.000000e+01 -5.200000e+00 -3.830000e+01
      vertex   -1.956001e+01 -5.200000e+00 -3.835793e+01
    endloop
  endfacet
  facet normal 0.000000e+00 -1.000000e+00 0.000000e+00
    outer loop
      vertex   -1.984552e+01 -5.200000e+00 -3.695391e+01
      vertex   -1.956001e+01 -5.200000e+00 -3.835793e+01
      vertex   -1.923551e+01 -5.200000e+00 -3.704736e+01
    endloop
  endfacet
  facet normal 0.000000e+00 -1.000000e+00 -0.000000e+00
    outer loop
      vertex   -1.923551e+01 -5.200000e+00 -3.704736e+01
      vertex   -1.956001e+01 -5.200000e+00 -3.835793e+01
      vertex   -1.865680e+01 -5.200000e+00 -3.726170e+01
    endloop
  endfacet
  facet normal 0.000000e+00 -1.000000e+00 0.000000e+00
    outer loop
      vertex   -1.865680e+01 -5.200000e+00 -3.726170e+01
      vertex   -1.956001e+01 -5.200000e+00 -3.835793e+01
      vertex   -1.915000e+01 -5.200000e+00 -3.852776e+01
    endloop
  endfacet
  facet normal 0.000000e+00 -1.000000e+00 -0.000000e+00
    outer loop
      vertex   -1.865680e+01 -5.200000e+00 -3.726170e+01
      vertex   -1.915000e+01 -5.200000e+00 -3.852776e+01
      vertex   -1.813308e+01 -5.200000e+00 -3.758813e+01
    endloop
  endfacet
  facet normal 0.000000e+00 -1.000000e+00 0.000000e+00
    outer loop
      vertex   -1.813308e+01 -5.200000e+00 -3.758813e+01
      vertex   -1.915000e+01 -5.200000e+00 -3.852776e+01
      vertex   -1.879792e+01 -5.200000e+00 -3.879792e+01
    endloop
  endfacet
  facet normal 0.000000e+00 -1.000000e+00 -0.000000e+00
    outer loop
      vertex   -1.813308e+01 -5.200000e+00 -3.758813e+01
      vertex   -1.879792e+01 -5.200000e+00 -3.879792e+01
      vertex   -1.768579e+01 -5.200000e+00 -3.801331e+01
    endloop
  endfacet
  facet normal 0.000000e+00 -1.000000e+00 0.000000e+00
    outer loop
      vertex   -1.768579e+01 -5.200000e+00 -3.801331e+01
      vertex   -1.879792e+01 -5.200000e+00 -3.879792e+01
      vertex   -1.852776e+01 -5.200000e+00 -3.915000e+01
    endloop
  endfacet
  facet normal 0.000000e+00 -1.000000e+00 -0.000000e+00
    outer loop
      vertex   -1.768579e+01 -5.200000e+00 -3.801331e+01
      vertex   -1.852776e+01 -5.200000e+00 -3.915000e+01
      vertex   -1.733324e+01 -5.200000e+00 -3.851983e+01
    endloop
  endfacet
  facet normal 0.000000e+00 -1.000000e+00 -0.000000e+00
    outer loop
      vertex   -1.733324e+01 -5.200000e+00 -3.851983e+01
      vertex   -1.852776e+01 -5.200000e+00 -3.915000e+01
      vertex   -1.708988e+01 -5.200000e+00 -3.908694e+01
    endloop
  endfacet
  facet normal 0.000000e+00 -1.000000e+00 0.000000e+00
    outer loop
      vertex   -1.708988e+01 -5.200000e+00 -3.908694e+01
      vertex   -1.852776e+01 -5.200000e+00 -3.915000e+01
      vertex   -1.835793e+01 -5.200000e+00 -3.956001e+01
    endloop
  endfacet
  facet normal 0.000000e+00 -1.000000e+00 -0.000000e+00
    outer loop
      vertex   -1.708988e+01 -5.200000e+00 -3.908694e+01
      vertex   -1.835793e+01 -5.200000e+00 -3.956001e+01
      vertex   -1.696565e+01 -5.200000e+00 -3.969144e+01
    endloop
  endfacet
  facet normal -0.000000e+00 -1.000000e+00 0.000000e+00
    outer loop
      vertex   -1.696565e+01 -5.200000e+00 -3.969144e+01
      vertex   -1.835793e+01 -5.200000e+00 -3.956001e+01
      vertex   -1.830000e+01 -5.200000e+00 -4.000000e+01
    endloop
  endfacet
  facet normal 0.000000e+00 -1.000000e+00 -0.000000e+00
    outer loop
      vertex   -1.696565e+01 -5.200000e+00 -3.969144e+01
      vertex   -1.830000e+01 -5.200000e+00 -4.000000e+01
      vertex   -1.696565e+01 -5.200000e+00 -4.030856e+01
    endloop
  endfacet
  facet normal -0.000000e+00 -1.000000e+00 0.000000e+00
    outer loop
      vertex   -1.696565e+01 -5.200000e+00 -4.030856e+01
      vertex   -1.830000e+01 -5.200000e+00 -4.000000e+01
      vertex   -1.835793e+01 -5.200000e+00 -4.043999e+01
    endloop
  endfacet
  facet normal 0.000000e+00 -1.000000e+00 0.000000e+00
    outer loop
      vertex   -1.696565e+01 -5.200000e+00 -4.030856e+01
      vertex   -1.835793e+01 -5.200000e+00 -4.043999e+01
      vertex   -1.708988e+01 -5.200000e+00 -4.091306e+01
    endloop
  endfacet
  facet normal 0.000000e+00 -1.000000e+00 0.000000e+00
    outer loop
      vertex   -1.708988e+01 -5.200000e+00 -4.091306e+01
      vertex   -1.835793e+01 -5.200000e+00 -4.043999e+01
      vertex   -1.852776e+01 -5.200000e+00 -4.085000e+01
    endloop
  endfacet
  facet normal -0.000000e+00 -1.000000e+00 0.000000e+00
    outer loop
      vertex   -1.708988e+01 -5.200000e+00 -4.091306e+01
      vertex   -1.852776e+01 -5.200000e+00 -4.085000e+01
      vertex   -1.733324e+01 -5.200000e+00 -4.148017e+01
    endloop
  endfacet
  facet normal -0.000000e+00 -1.000000e+00 0.000000e+00
    outer loop
      vertex   -1.733324e+01 -5.200000e+00 -4.148017e+01
      vertex   -1.852776e+01 -5.200000e+00 -4.085000e+01
      vertex   -1.768579e+01 -5.200000e+00 -4.198669e+01
    endloop
  endfacet
  facet normal 0.000000e+00 -1.000000e+00 0.000000e+00
    outer loop
      vertex   -1.768579e+01 -5.200000e+00 -4.198669e+01
      vertex   -1.852776e+01 -5.200000e+00 -4.085000e+01
      vertex   -1.879792e+01 -5.200000e+00 -4.120208e+01
    endloop
  endfacet
  facet normal -0.000000e+00 -1.000000e+00 0.000000e+00
    outer loop
      vertex   -1.768579e+01 -5.200000e+00 -4.198669e+01
      vertex   -1.879792e+01 -5.200000e+00 -4.120208e+01
      vertex   -1.813308e+01 -5.200000e+00 -4.241187e+01
    endloop
  endfacet
  facet normal 0.000000e+00 -1.000000e+00 0.000000e+00
    outer loop
      vertex   -1.813308e+01 -5.200000e+00 -4.241187e+01
      vertex   -1.879792e+01 -5.200000e+00 -4.120208e+01
      vertex   -1.915000e+01 -5.200000e+00 -4.147224e+01
    endloop
  endfacet
  facet normal -0.000000e+00 -1.000000e+00 0.000000e+00
    outer loop
      vertex   -1.813308e+01 -5.200000e+00 -4.241187e+01
      vertex   -1.915000e+01 -5.200000e+00 -4.147224e+01
      vertex   -1.865680e+01 -5.200000e+00 -4.273830e+01
    endloop
  endfacet
  facet normal 0.000000e+00 -1.000000e+00 0.000000e+00
    outer loop
      vertex   -1.865680e+01 -5.200000e+00 -4.273830e+01
      vertex   -1.915000e+01 -5.200000e+00 -4.147224e+01
      vertex   -1.956001e+01 -5.200000e+00 -4.164207e+01
    endloop
  endfacet
  facet normal -0.000000e+00 -1.000000e+00 0.000000e+00
    outer loop
      vertex   -1.865680e+01 -5.200000e+00 -4.273830e+01
      vertex   -1.956001e+01 -5.200000e+00 -4.164207e+01
      vertex   -1.923551e+01 -5.200000e+00 -4.295264e+01
    endloop
  endfacet
  facet normal -0.000000e+00 -1.000000e+00 0.000000e+00
    outer loop
      vertex   -1.923551e+01 -5.200000e+00 -4.295264e+01
      vertex   -1.956001e+01 -5.200000e+00 -4.164207e+01
      vertex   -1.984552e+01 -5.200000e+00 -4.304609e+01
    endloop
  endfacet
  facet normal 0.000000e+00 -1.000000e+00 0.000000e+00
    outer loop
      vertex   -1.984552e+01 -5.200000e+00 -4.304609e+01
      vertex   -1.956001e+01 -5.200000e+00 -4.164207e+01
      vertex   -2.000000e+01 -5.200000e+00 -4.170000e+01
    endloop
  endfacet
  facet normal 0.000000e+00 -1.000000e+00 0.000000e+00
    outer loop
      vertex   -1.984552e+01 -5.200000e+00 -4.304609e+01
      vertex   -2.000000e+01 -5.200000e+00 -4.170000e+01
      vertex   -2.046185e+01 -5.200000e+00 -4.301483e+01
    endloop
  endfacet
  facet normal 0.000000e+00 -1.000000e+00 0.000000e+00
    outer loop
      vertex   -2.046185e+01 -5.200000e+00 -4.301483e+01
      vertex   -2.000000e+01 -5.200000e+00 -4.170000e+01
      vertex   -2.043999e+01 -5.200000e+00 -4.164207e+01
    endloop
  endfacet
  facet normal 0.000000e+00 -1.000000e+00 0.000000e+00
    outer loop
      vertex   -2.046185e+01 -5.200000e+00 -4.301483e+01
      vertex   -2.043999e+01 -5.200000e+00 -4.164207e+01
      vertex   -2.105928e+01 -5.200000e+00 -4.286014e+01
    endloop
  endfacet
  facet normal 0.000000e+00 -1.000000e+00 0.000000e+00
    outer loop
      vertex   -2.105928e+01 -5.200000e+00 -4.286014e+01
      vertex   -2.043999e+01 -5.200000e+00 -4.164207e+01
      vertex   -2.085000e+01 -5.200000e+00 -4.147224e+01
    endloop
  endfacet
  facet normal 0.000000e+00 -1.000000e+00 0.000000e+00
    outer loop
      vertex   -2.105928e+01 -5.200000e+00 -4.286014e+01
      vertex   -2.085000e+01 -5.200000e+00 -4.147224e+01
      vertex   -2.161334e+01 -5.200000e+00 -4.258836e+01
    endloop
  endfacet
  facet normal 0.000000e+00 -1.000000e+00 0.000000e+00
    outer loop
      vertex   -2.161334e+01 -5.200000e+00 -4.258836e+01
      vertex   -2.085000e+01 -5.200000e+00 -4.147224e+01
      vertex   -2.120208e+01 -5.200000e+00 -4.120208e+01
    endloop
  endfacet
  facet normal 0.000000e+00 -1.000000e+00 0.000000e+00
    outer loop
      vertex   -2.161334e+01 -5.200000e+00 -4.258836e+01
      vertex   -2.120208e+01 -5.200000e+00 -4.120208e+01
      vertex   -2.210135e+01 -5.200000e+00 -4.221062e+01
    endloop
  endfacet
  facet normal 0.000000e+00 -1.000000e+00 0.000000e+00
    outer loop
      vertex   -2.210135e+01 -5.200000e+00 -4.221062e+01
      vertex   -2.120208e+01 -5.200000e+00 -4.120208e+01
      vertex   -2.250333e+01 -5.200000e+00 -4.174237e+01
    endloop
  endfacet
  facet normal 0.000000e+00 -1.000000e+00 0.000000e+00
    outer loop
      vertex   -2.250333e+01 -5.200000e+00 -4.174237e+01
      vertex   -2.120208e+01 -5.200000e+00 -4.120208e+01
      vertex   -2.147224e+01 -5.200000e+00 -4.085000e+01
    endloop
  endfacet
  facet normal 0.000000e+00 -1.000000e+00 0.000000e+00
    outer loop
      vertex   -2.250333e+01 -5.200000e+00 -4.174237e+01
      vertex   -2.147224e+01 -5.200000e+00 -4.085000e+01
      vertex   -2.280282e+01 -5.200000e+00 -4.120279e+01
    endloop
  endfacet
  facet normal 0.000000e+00 -1.000000e+00 0.000000e+00
    outer loop
      vertex   -2.280282e+01 -5.200000e+00 -4.120279e+01
      vertex   -2.147224e+01 -5.200000e+00 -4.085000e+01
      vertex   -2.164207e+01 -5.200000e+00 -4.043999e+01
    endloop
  endfacet
  facet normal 0.000000e+00 -1.000000e+00 0.000000e+00
    outer loop
      vertex   -2.280282e+01 -5.200000e+00 -4.120279e+01
      vertex   -2.164207e+01 -5.200000e+00 -4.043999e+01
      vertex   -2.298757e+01 -5.200000e+00 -4.061396e+01
    endloop
  endfacet
  facet normal 0.000000e+00 -1.000000e+00 0.000000e+00
    outer loop
      vertex   -2.298757e+01 -5.200000e+00 -4.061396e+01
      vertex   -2.164207e+01 -5.200000e+00 -4.043999e+01
      vertex   -2.170000e+01 -5.200000e+00 -4.000000e+01
    endloop
  endfacet
  facet normal -0.000000e+00 -1.000000e+00 0.000000e+00
    outer loop
      vertex   -8.164207e+01 -5.200000e+00 -3.956001e+01
      vertex   -8.298757e+01 -5.200000e+00 -3.938604e+01
      vertex   -8.170000e+01 -5.200000e+00 -4.000000e+01
    endloop
  endfacet
  facet normal 0.000000e+00 -1.000000e+00 0.000000e+00
    outer loop
      vertex   -8.170000e+01 -5.200000e+00 -4.000000e+01
      vertex   -8.298757e+01 -5.200000e+00 -3.938604e+01
      vertex   -8.305000e+01 -5.200000e+00 -4.000000e+01
    endloop
  endfacet
  facet normal -0.000000e+00 -1.000000e+00 0.000000e+00
    outer loop
      vertex   -8.170000e+01 -5.200000e+00 -4.000000e+01
      vertex   -8.305000e+01 -5.200000e+00 -4.000000e+01
      vertex   -8.298757e+01 -5.200000e+00 -4.061396e+01
    endloop
  endfacet
  facet normal 0.000000e+00 -1.000000e+00 0.000000e+00
    outer loop
      vertex   -8.298757e+01 -5.200000e+00 -3.938604e+01
      vertex   -8.164207e+01 -5.200000e+00 -3.956001e+01
      vertex   -8.280282e+01 -5.200000e+00 -3.879721e+01
    endloop
  endfacet
  facet normal 0.000000e+00 -1.000000e+00 0.000000e+00
    outer loop
      vertex   -8.280282e+01 -5.200000e+00 -3.879721e+01
      vertex   -8.164207e+01 -5.200000e+00 -3.956001e+01
      vertex   -8.147224e+01 -5.200000e+00 -3.915000e+01
    endloop
  endfacet
  facet normal 0.000000e+00 -1.000000e+00 0.000000e+00
    outer loop
      vertex   -8.280282e+01 -5.200000e+00 -3.879721e+01
      vertex   -8.147224e+01 -5.200000e+00 -3.915000e+01
      vertex   -8.250333e+01 -5.200000e+00 -3.825763e+01
    endloop
  endfacet
  facet normal 0.000000e+00 -1.000000e+00 0.000000e+00
    outer loop
      vertex   -8.250333e+01 -5.200000e+00 -3.825763e+01
      vertex   -8.147224e+01 -5.200000e+00 -3.915000e+01
      vertex   -8.120208e+01 -5.200000e+00 -3.879792e+01
    endloop
  endfacet
  facet normal 0.000000e+00 -1.000000e+00 0.000000e+00
    outer loop
      vertex   -8.250333e+01 -5.200000e+00 -3.825763e+01
      vertex   -8.120208e+01 -5.200000e+00 -3.879792e+01
      vertex   -8.210135e+01 -5.200000e+00 -3.778938e+01
    endloop
  endfacet
  facet normal 0.000000e+00 -1.000000e+00 0.000000e+00
    outer loop
      vertex   -8.210135e+01 -5.200000e+00 -3.778938e+01
      vertex   -8.120208e+01 -5.200000e+00 -3.879792e+01
      vertex   -8.161334e+01 -5.200000e+00 -3.741164e+01
    endloop
  endfacet
  facet normal 0.000000e+00 -1.000000e+00 0.000000e+00
    outer loop
      vertex   -8.161334e+01 -5.200000e+00 -3.741164e+01
      vertex   -8.120208e+01 -5.200000e+00 -3.879792e+01
      vertex   -8.085000e+01 -5.200000e+00 -3.852776e+01
    endloop
  endfacet
  facet normal 0.000000e+00 -1.000000e+00 0.000000e+00
    outer loop
      vertex   -8.161334e+01 -5.200000e+00 -3.741164e+01
      vertex   -8.085000e+01 -5.200000e+00 -3.852776e+01
      vertex   -8.105928e+01 -5.200000e+00 -3.713986e+01
    endloop
  endfacet
  facet normal 0.000000e+00 -1.000000e+00 0.000000e+00
    outer loop
      vertex   -8.105928e+01 -5.200000e+00 -3.713986e+01
      vertex   -8.085000e+01 -5.200000e+00 -3.852776e+01
      vertex   -8.043999e+01 -5.200000e+00 -3.835793e+01
    endloop
  endfacet
  facet normal 0.000000e+00 -1.000000e+00 0.000000e+00
    outer loop
      vertex   -8.105928e+01 -5.200000e+00 -3.713986e+01
      vertex   -8.043999e+01 -5.200000e+00 -3.835793e+01
      vertex   -8.046185e+01 -5.200000e+00 -3.698517e+01
    endloop
  endfacet
  facet normal 0.000000e+00 -1.000000e+00 0.000000e+00
    outer loop
      vertex   -8.046185e+01 -5.200000e+00 -3.698517e+01
      vertex   -8.043999e+01 -5.200000e+00 -3.835793e+01
      vertex   -8.000000e+01 -5.200000e+00 -3.830000e+01
    endloop
  endfacet
  facet normal 0.000000e+00 -1.000000e+00 0.000000e+00
    outer loop
      vertex   -8.046185e+01 -5.200000e+00 -3.698517e+01
      vertex   -8.000000e+01 -5.200000e+00 -3.830000e+01
      vertex   -7.984552e+01 -5.200000e+00 -3.695391e+01
    endloop
  endfacet
  facet normal 0.000000e+00 -1.000000e+00 -0.000000e+00
    outer loop
      vertex   -7.984552e+01 -5.200000e+00 -3.695391e+01
      vertex   -8.000000e+01 -5.200000e+00 -3.830000e+01
      vertex   -7.956001e+01 -5.200000e+00 -3.835793e+01
    endloop
  endfacet
  facet normal 0.000000e+00 -1.000000e+00 0.000000e+00
    outer loop
      vertex   -7.984552e+01 -5.200000e+00 -3.695391e+01
      vertex   -7.956001e+01 -5.200000e+00 -3.835793e+01
      vertex   -7.923551e+01 -5.200000e+00 -3.704736e+01
    endloop
  endfacet
  facet normal 0.000000e+00 -1.000000e+00 -0.000000e+00
    outer loop
      vertex   -7.923551e+01 -5.200000e+00 -3.704736e+01
      vertex   -7.956001e+01 -5.200000e+00 -3.835793e+01
      vertex   -7.865680e+01 -5.200000e+00 -3.726170e+01
    endloop
  endfacet
  facet normal 0.000000e+00 -1.000000e+00 0.000000e+00
    outer loop
      vertex   -7.865680e+01 -5.200000e+00 -3.726170e+01
      vertex   -7.956001e+01 -5.200000e+00 -3.835793e+01
      vertex   -7.915000e+01 -5.200000e+00 -3.852776e+01
    endloop
  endfacet
  facet normal 0.000000e+00 -1.000000e+00 -0.000000e+00
    outer loop
      vertex   -7.865680e+01 -5.200000e+00 -3.726170e+01
      vertex   -7.915000e+01 -5.200000e+00 -3.852776e+01
      vertex   -7.813308e+01 -5.200000e+00 -3.758813e+01
    endloop
  endfacet
  facet normal 0.000000e+00 -1.000000e+00 0.000000e+00
    outer loop
      vertex   -7.813308e+01 -5.200000e+00 -3.758813e+01
      vertex   -7.915000e+01 -5.200000e+00 -3.852776e+01
      vertex   -7.879792e+01 -5.200000e+00 -3.879792e+01
    endloop
  endfacet
  facet normal 0.000000e+00 -1.000000e+00 -0.000000e+00
    outer loop
      vertex   -7.813308e+01 -5.200000e+00 -3.758813e+01
      vertex   -7.879792e+01 -5.200000e+00 -3.879792e+01
      vertex   -7.768579e+01 -5.200000e+00 -3.801331e+01
    endloop
  endfacet
  facet normal 0.000000e+00 -1.000000e+00 0.000000e+00
    outer loop
      vertex   -7.768579e+01 -5.200000e+00 -3.801331e+01
      vertex   -7.879792e+01 -5.200000e+00 -3.879792e+01
      vertex   -7.852776e+01 -5.200000e+00 -3.915000e+01
    endloop
  endfacet
  facet normal 0.000000e+00 -1.000000e+00 -0.000000e+00
    outer loop
      vertex   -7.768579e+01 -5.200000e+00 -3.801331e+01
      vertex   -7.852776e+01 -5.200000e+00 -3.915000e+01
      vertex   -7.733324e+01 -5.200000e+00 -3.851983e+01
    endloop
  endfacet
  facet normal 0.000000e+00 -1.000000e+00 -0.000000e+00
    outer loop
      vertex   -7.733324e+01 -5.200000e+00 -3.851983e+01
      vertex   -7.852776e+01 -5.200000e+00 -3.915000e+01
      vertex   -7.708988e+01 -5.200000e+00 -3.908694e+01
    endloop
  endfacet
  facet normal 0.000000e+00 -1.000000e+00 0.000000e+00
    outer loop
      vertex   -7.708988e+01 -5.200000e+00 -3.908694e+01
      vertex   -7.852776e+01 -5.200000e+00 -3.915000e+01
      vertex   -7.835793e+01 -5.200000e+00 -3.956001e+01
    endloop
  endfacet
  facet normal 0.000000e+00 -1.000000e+00 -0.000000e+00
    outer loop
      vertex   -7.708988e+01 -5.200000e+00 -3.908694e+01
      vertex   -7.835793e+01 -5.200000e+00 -3.956001e+01
      vertex   -7.696565e+01 -5.200000e+00 -3.969144e+01
    endloop
  endfacet
  facet normal -0.000000e+00 -1.000000e+00 0.000000e+00
    outer loop
      vertex   -7.696565e+01 -5.200000e+00 -3.969144e+01
      vertex   -7.835793e+01 -5.200000e+00 -3.956001e+01
      vertex   -7.830000e+01 -5.200000e+00 -4.000000e+01
    endloop
  endfacet
  facet normal 0.000000e+00 -1.000000e+00 -0.000000e+00
    outer loop
      vertex   -7.696565e+01 -5.200000e+00 -3.969144e+01
      vertex   -7.830000e+01 -5.200000e+00 -4.000000e+01
      vertex   -7.696565e+01 -5.200000e+00 -4.030856e+01
    endloop
  endfacet
  facet normal -0.000000e+00 -1.000000e+00 0.000000e+00
    outer loop
      vertex   -7.696565e+01 -5.200000e+00 -4.030856e+01
      vertex   -7.830000e+01 -5.200000e+00 -4.000000e+01
      vertex   -7.835793e+01 -5.200000e+00 -4.043999e+01
    endloop
  endfacet
  facet normal 0.000000e+00 -1.000000e+00 0.000000e+00
    outer loop
      vertex   -7.696565e+01 -5.200000e+00 -4.030856e+01
      vertex   -7.835793e+01 -5.200000e+00 -4.043999e+01
      vertex   -7.708988e+01 -5.200000e+00 -4.091306e+01
    endloop
  endfacet
  facet normal 0.000000e+00 -1.000000e+00 0.000000e+00
    outer loop
      vertex   -7.708988e+01 -5.200000e+00 -4.091306e+01
      vertex   -7.835793e+01 -5.200000e+00 -4.043999e+01
      vertex   -7.852776e+01 -5.200000e+00 -4.085000e+01
    endloop
  endfacet
  facet normal -0.000000e+00 -1.000000e+00 0.000000e+00
    outer loop
      vertex   -7.708988e+01 -5.200000e+00 -4.091306e+01
      vertex   -7.852776e+01 -5.200000e+00 -4.085000e+01
      vertex   -7.733324e+01 -5.200000e+00 -4.148017e+01
    endloop
  endfacet
  facet normal -0.000000e+00 -1.000000e+00 0.000000e+00
    outer loop
      vertex   -7.733324e+01 -5.200000e+00 -4.148017e+01
      vertex   -7.852776e+01 -5.200000e+00 -4.085000e+01
      vertex   -7.768579e+01 -5.200000e+00 -4.198669e+01
    endloop
  endfacet
  facet normal 0.000000e+00 -1.000000e+00 0.000000e+00
    outer loop
      vertex   -7.768579e+01 -5.200000e+00 -4.198669e+01
      vertex   -7.852776e+01 -5.200000e+00 -4.085000e+01
      vertex   -7.879792e+01 -5.200000e+00 -4.120208e+01
    endloop
  endfacet
  facet normal -0.000000e+00 -1.000000e+00 0.000000e+00
    outer loop
      vertex   -7.768579e+01 -5.200000e+00 -4.198669e+01
      vertex   -7.879792e+01 -5.200000e+00 -4.120208e+01
      vertex   -7.813308e+01 -5.200000e+00 -4.241187e+01
    endloop
  endfacet
  facet normal 0.000000e+00 -1.000000e+00 0.000000e+00
    outer loop
      vertex   -7.813308e+01 -5.200000e+00 -4.241187e+01
      vertex   -7.879792e+01 -5.200000e+00 -4.120208e+01
      vertex   -7.915000e+01 -5.200000e+00 -4.147224e+01
    endloop
  endfacet
  facet normal -0.000000e+00 -1.000000e+00 0.000000e+00
    outer loop
      vertex   -7.813308e+01 -5.200000e+00 -4.241187e+01
      vertex   -7.915000e+01 -5.200000e+00 -4.147224e+01
      vertex   -7.865680e+01 -5.200000e+00 -4.273830e+01
    endloop
  endfacet
  facet normal 0.000000e+00 -1.000000e+00 0.000000e+00
    outer loop
      vertex   -7.865680e+01 -5.200000e+00 -4.273830e+01
      vertex   -7.915000e+01 -5.200000e+00 -4.147224e+01
      vertex   -7.956001e+01 -5.200000e+00 -4.164207e+01
    endloop
  endfacet
  facet normal -0.000000e+00 -1.000000e+00 0.000000e+00
    outer loop
      vertex   -7.865680e+01 -5.200000e+00 -4.273830e+01
      vertex   -7.956001e+01 -5.200000e+00 -4.164207e+01
      vertex   -7.923551e+01 -5.200000e+00 -4.295264e+01
    endloop
  endfacet
  facet normal -0.000000e+00 -1.000000e+00 0.000000e+00
    outer loop
      vertex   -7.923551e+01 -5.200000e+00 -4.295264e+01
      vertex   -7.956001e+01 -5.200000e+00 -4.164207e+01
      vertex   -7.984552e+01 -5.200000e+00 -4.304609e+01
    endloop
  endfacet
  facet normal 0.000000e+00 -1.000000e+00 0.000000e+00
    outer loop
      vertex   -7.984552e+01 -5.200000e+00 -4.304609e+01
      vertex   -7.956001e+01 -5.200000e+00 -4.164207e+01
      vertex   -8.000000e+01 -5.200000e+00 -4.170000e+01
    endloop
  endfacet
  facet normal 0.000000e+00 -1.000000e+00 0.000000e+00
    outer loop
      vertex   -7.984552e+01 -5.200000e+00 -4.304609e+01
      vertex   -8.000000e+01 -5.200000e+00 -4.170000e+01
      vertex   -8.046185e+01 -5.200000e+00 -4.301483e+01
    endloop
  endfacet
  facet normal 0.000000e+00 -1.000000e+00 0.000000e+00
    outer loop
      vertex   -8.046185e+01 -5.200000e+00 -4.301483e+01
      vertex   -8.000000e+01 -5.200000e+00 -4.170000e+01
      vertex   -8.043999e+01 -5.200000e+00 -4.164207e+01
    endloop
  endfacet
  facet normal 0.000000e+00 -1.000000e+00 0.000000e+00
    outer loop
      vertex   -8.046185e+01 -5.200000e+00 -4.301483e+01
      vertex   -8.043999e+01 -5.200000e+00 -4.164207e+01
      vertex   -8.105928e+01 -5.200000e+00 -4.286014e+01
    endloop
  endfacet
  facet normal 0.000000e+00 -1.000000e+00 0.000000e+00
    outer loop
      vertex   -8.105928e+01 -5.200000e+00 -4.286014e+01
      vertex   -8.043999e+01 -5.200000e+00 -4.164207e+01
      vertex   -8.085000e+01 -5.200000e+00 -4.147224e+01
    endloop
  endfacet
  facet normal 0.000000e+00 -1.000000e+00 0.000000e+00
    outer loop
      vertex   -8.105928e+01 -5.200000e+00 -4.286014e+01
      vertex   -8.085000e+01 -5.200000e+00 -4.147224e+01
      vertex   -8.161334e+01 -5.200000e+00 -4.258836e+01
    endloop
  endfacet
  facet normal 0.000000e+00 -1.000000e+00 0.000000e+00
    outer loop
      vertex   -8.161334e+01 -5.200000e+00 -4.258836e+01
      vertex   -8.085000e+01 -5.200000e+00 -4.147224e+01
      vertex   -8.120208e+01 -5.200000e+00 -4.120208e+01
    endloop
  endfacet
  facet normal 0.000000e+00 -1.000000e+00 0.000000e+00
    outer loop
      vertex   -8.161334e+01 -5.200000e+00 -4.258836e+01
      vertex   -8.120208e+01 -5.200000e+00 -4.120208e+01
      vertex   -8.210135e+01 -5.200000e+00 -4.221062e+01
    endloop
  endfacet
  facet normal 0.000000e+00 -1.000000e+00 0.000000e+00
    outer loop
      vertex   -8.210135e+01 -5.200000e+00 -4.221062e+01
      vertex   -8.120208e+01 -5.200000e+00 -4.120208e+01
      vertex   -8.250333e+01 -5.200000e+00 -4.174237e+01
    endloop
  endfacet
  facet normal 0.000000e+00 -1.000000e+00 0.000000e+00
    outer loop
      vertex   -8.250333e+01 -5.200000e+00 -4.174237e+01
      vertex   -8.120208e+01 -5.200000e+00 -4.120208e+01
      vertex   -8.147224e+01 -5.200000e+00 -4.085000e+01
    endloop
  endfacet
  facet normal 0.000000e+00 -1.000000e+00 0.000000e+00
    outer loop
      vertex   -8.250333e+01 -5.200000e+00 -4.174237e+01
      vertex   -8.147224e+01 -5.200000e+00 -4.085000e+01
      vertex   -8.280282e+01 -5.200000e+00 -4.120279e+01
    endloop
  endfacet
  facet normal 0.000000e+00 -1.000000e+00 0.000000e+00
    outer loop
      vertex   -8.280282e+01 -5.200000e+00 -4.120279e+01
      vertex   -8.147224e+01 -5.200000e+00 -4.085000e+01
      vertex   -8.164207e+01 -5.200000e+00 -4.043999e+01
    endloop
  endfacet
  facet normal 0.000000e+00 -1.000000e+00 0.000000e+00
    outer loop
      vertex   -8.280282e+01 -5.200000e+00 -4.120279e+01
      vertex   -8.164207e+01 -5.200000e+00 -4.043999e+01
      vertex   -8.298757e+01 -5.200000e+00 -4.061396e+01
    endloop
  endfacet
  facet normal 0.000000e+00 -1.000000e+00 0.000000e+00
    outer loop
      vertex   -8.298757e+01 -5.200000e+00 -4.061396e+01
      vertex   -8.164207e+01 -5.200000e+00 -4.043999e+01
      vertex   -8.170000e+01 -5.200000e+00 -4.000000e+01
    endloop
  endfacet
  facet normal -0.000000e+00 -1.000000e+00 0.000000e+00
    outer loop
      vertex   -1.642074e+00 -5.200000e+00 4.399924e-01
      vertex   -2.987566e+00 -5.200000e+00 6.139605e-01
      vertex   -1.700000e+00 -5.200000e+00 1.797176e-14
    endloop
  endfacet
  facet normal 0.000000e+00 -1.000000e+00 0.000000e+00
    outer loop
      vertex   -1.700000e+00 -5.200000e+00 1.797176e-14
      vertex   -2.987566e+00 -5.200000e+00 6.139605e-01
      vertex   -3.050000e+00 -5.200000e+00 1.813709e-14
    endloop
  endfacet
  facet normal -0.000000e+00 -1.000000e+00 0.000000e+00
    outer loop
      vertex   -1.700000e+00 -5.200000e+00 1.797176e-14
      vertex   -3.050000e+00 -5.200000e+00 1.813709e-14
      vertex   -2.987566e+00 -5.200000e+00 -6.139605e-01
    endloop
  endfacet
  facet normal 0.000000e+00 -1.000000e+00 0.000000e+00
    outer loop
      vertex   -2.987566e+00 -5.200000e+00 6.139605e-01
      vertex   -1.642074e+00 -5.200000e+00 4.399924e-01
      vertex   -2.802821e+00 -5.200000e+00 1.202785e+00
    endloop
  endfacet
  facet normal 0.000000e+00 -1.000000e+00 0.000000e+00
    outer loop
      vertex   -2.802821e+00 -5.200000e+00 1.202785e+00
      vertex   -1.642074e+00 -5.200000e+00 4.399924e-01
      vertex   -1.472243e+00 -5.200000e+00 8.500000e-01
    endloop
  endfacet
  facet normal 0.000000e+00 -1.000000e+00 0.000000e+00
    outer loop
      vertex   -2.802821e+00 -5.200000e+00 1.202785e+00
      vertex   -1.472243e+00 -5.200000e+00 8.500000e-01
      vertex   -2.503328e+00 -5.200000e+00 1.742368e+00
    endloop
  endfacet
  facet normal 0.000000e+00 -1.000000e+00 0.000000e+00
    outer loop
      vertex   -2.503328e+00 -5.200000e+00 1.742368e+00
      vertex   -1.472243e+00 -5.200000e+00 8.500000e-01
      vertex   -1.202082e+00 -5.200000e+00 1.202082e+00
    endloop
  endfacet
  facet normal 0.000000e+00 -1.000000e+00 0.000000e+00
    outer loop
      vertex   -2.503328e+00 -5.200000e+00 1.742368e+00
      vertex   -1.202082e+00 -5.200000e+00 1.202082e+00
      vertex   -2.101349e+00 -5.200000e+00 2.210618e+00
    endloop
  endfacet
  facet normal 0.000000e+00 -1.000000e+00 0.000000e+00
    outer loop
      vertex   -2.101349e+00 -5.200000e+00 2.210618e+00
      vertex   -1.202082e+00 -5.200000e+00 1.202082e+00
      vertex   -1.613340e+00 -5.200000e+00 2.588365e+00
    endloop
  endfacet
  facet normal 0.000000e+00 -1.000000e+00 0.000000e+00
    outer loop
      vertex   -1.613340e+00 -5.200000e+00 2.588365e+00
      vertex   -1.202082e+00 -5.200000e+00 1.202082e+00
      vertex   -8.500000e-01 -5.200000e+00 1.472243e+00
    endloop
  endfacet
  facet normal 0.000000e+00 -1.000000e+00 0.000000e+00
    outer loop
      vertex   -1.613340e+00 -5.200000e+00 2.588365e+00
      vertex   -8.500000e-01 -5.200000e+00 1.472243e+00
      vertex   -1.059281e+00 -5.200000e+00 2.860144e+00
    endloop
  endfacet
  facet normal 0.000000e+00 -1.000000e+00 0.000000e+00
    outer loop
      vertex   -1.059281e+00 -5.200000e+00 2.860144e+00
      vertex   -8.500000e-01 -5.200000e+00 1.472243e+00
      vertex   -4.399924e-01 -5.200000e+00 1.642074e+00
    endloop
  endfacet
  facet normal 0.000000e+00 -1.000000e+00 0.000000e+00
    outer loop
      vertex   -1.059281e+00 -5.200000e+00 2.860144e+00
      vertex   -4.399924e-01 -5.200000e+00 1.642074e+00
      vertex   -4.618547e-01 -5.200000e+00 3.014828e+00
    endloop
  endfacet
  facet normal 0.000000e+00 -1.000000e+00 0.000000e+00
    outer loop
      vertex   -4.618547e-01 -5.200000e+00 3.014828e+00
      vertex   -4.399924e-01 -5.200000e+00 1.642074e+00
      vertex   -5.318661e-14 -5.200000e+00 1.700000e+00
    endloop
  endfacet
  facet normal 0.000000e+00 -1.000000e+00 0.000000e+00
    outer loop
      vertex   -4.618547e-01 -5.200000e+00 3.014828e+00
      vertex   -5.318661e-14 -5.200000e+00 1.700000e+00
      vertex   1.544800e-01 -5.200000e+00 3.046085e+00
    endloop
  endfacet
  facet normal 0.000000e+00 -1.000000e+00 -0.000000e+00
    outer loop
      vertex   1.544800e-01 -5.200000e+00 3.046085e+00
      vertex   -5.318661e-14 -5.200000e+00 1.700000e+00
      vertex   4.399924e-01 -5.200000e+00 1.642074e+00
    endloop
  endfacet
  facet normal 0.000000e+00 -1.000000e+00 0.000000e+00
    outer loop
      vertex   1.544800e-01 -5.200000e+00 3.046085e+00
      vertex   4.399924e-01 -5.200000e+00 1.642074e+00
      vertex   7.644902e-01 -5.200000e+00 2.952635e+00
    endloop
  endfacet
  facet normal 0.000000e+00 -1.000000e+00 -0.000000e+00
    outer loop
      vertex   7.644902e-01 -5.200000e+00 2.952635e+00
      vertex   4.399924e-01 -5.200000e+00 1.642074e+00
      vertex   1.343202e+00 -5.200000e+00 2.738304e+00
    endloop
  endfacet
  facet normal 0.000000e+00 -1.000000e+00 0.000000e+00
    outer loop
      vertex   1.343202e+00 -5.200000e+00 2.738304e+00
      vertex   4.399924e-01 -5.200000e+00 1.642074e+00
      vertex   8.500000e-01 -5.200000e+00 1.472243e+00
    endloop
  endfacet
  facet normal 0.000000e+00 -1.000000e+00 -0.000000e+00
    outer loop
      vertex   1.343202e+00 -5.200000e+00 2.738304e+00
      vertex   8.500000e-01 -5.200000e+00 1.472243e+00
      vertex   1.866923e+00 -5.200000e+00 2.411866e+00
    endloop
  endfacet
  facet normal 0.000000e+00 -1.000000e+00 0.000000e+00
    outer loop
      vertex   1.866923e+00 -5.200000e+00 2.411866e+00
      vertex   8.500000e-01 -5.200000e+00 1.472243e+00
      vertex   1.202082e+00 -5.200000e+00 1.202082e+00
    endloop
  endfacet
  facet normal 0.000000e+00 -1.000000e+00 -0.000000e+00
    outer loop
      vertex   1.866923e+00 -5.200000e+00 2.411866e+00
      vertex   1.202082e+00 -5.200000e+00 1.202082e+00
      vertex   2.314212e+00 -5.200000e+00 1.986686e+00
    endloop
  endfacet
  facet normal 0.000000e+00 -1.000000e+00 0.000000e+00
    outer loop
      vertex   2.314212e+00 -5.200000e+00 1.986686e+00
      vertex   1.202082e+00 -5.200000e+00 1.202082e+00
      vertex   1.472243e+00 -5.200000e+00 8.500000e-01
    endloop
  endfacet
  facet normal 0.000000e+00 -1.000000e+00 -0.000000e+00
    outer loop
      vertex   2.314212e+00 -5.200000e+00 1.986686e+00
      vertex   1.472243e+00 -5.200000e+00 8.500000e-01
      vertex   2.666757e+00 -5.200000e+00 1.480171e+00
    endloop
  endfacet
  facet normal 0.000000e+00 -1.000000e+00 -0.000000e+00
    outer loop
      vertex   2.666757e+00 -5.200000e+00 1.480171e+00
      vertex   1.472243e+00 -5.200000e+00 8.500000e-01
      vertex   2.910125e+00 -5.200000e+00 9.130575e-01
    endloop
  endfacet
  facet normal 0.000000e+00 -1.000000e+00 0.000000e+00
    outer loop
      vertex   2.910125e+00 -5.200000e+00 9.130575e-01
      vertex   1.472243e+00 -5.200000e+00 8.500000e-01
      vertex   1.642074e+00 -5.200000e+00 4.399924e-01
    endloop
  endfacet
  facet normal 0.000000e+00 -1.000000e+00 -0.000000e+00
    outer loop
      vertex   2.910125e+00 -5.200000e+00 9.130575e-01
      vertex   1.642074e+00 -5.200000e+00 4.399924e-01
      vertex   3.034351e+00 -5.200000e+00 3.085634e-01
    endloop
  endfacet
  facet normal -0.000000e+00 -1.000000e+00 0.000000e+00
    outer loop
      vertex   3.034351e+00 -5.200000e+00 3.085634e-01
      vertex   1.642074e+00 -5.200000e+00 4.399924e-01
      vertex   1.700000e+00 -5.200000e+00 1.776357e-14
    endloop
  endfacet
  facet normal 0.000000e+00 -1.000000e+00 -0.000000e+00
    outer loop
      vertex   3.034351e+00 -5.200000e+00 3.085634e-01
      vertex   1.700000e+00 -5.200000e+00 1.776357e-14
      vertex   3.034351e+00 -5.200000e+00 -3.085634e-01
    endloop
  endfacet
  facet normal -0.000000e+00 -1.000000e+00 0.000000e+00
    outer loop
      vertex   3.034351e+00 -5.200000e+00 -3.085634e-01
      vertex   1.700000e+00 -5.200000e+00 1.776357e-14
      vertex   1.642074e+00 -5.200000e+00 -4.399924e-01
    endloop
  endfacet
  facet normal 0.000000e+00 -1.000000e+00 0.000000e+00
    outer loop
      vertex   3.034351e+00 -5.200000e+00 -3.085634e-01
      vertex   1.642074e+00 -5.200000e+00 -4.399924e-01
      vertex   2.910125e+00 -5.200000e+00 -9.130575e-01
    endloop
  endfacet
  facet normal 0.000000e+00 -1.000000e+00 0.000000e+00
    outer loop
      vertex   2.910125e+00 -5.200000e+00 -9.130575e-01
      vertex   1.642074e+00 -5.200000e+00 -4.399924e-01
      vertex   1.472243e+00 -5.200000e+00 -8.500000e-01
    endloop
  endfacet
  facet normal -0.000000e+00 -1.000000e+00 0.000000e+00
    outer loop
      vertex   2.910125e+00 -5.200000e+00 -9.130575e-01
      vertex   1.472243e+00 -5.200000e+00 -8.500000e-01
      vertex   2.666757e+00 -5.200000e+00 -1.480171e+00
    endloop
  endfacet
  facet normal -0.000000e+00 -1.000000e+00 0.000000e+00
    outer loop
      vertex   2.666757e+00 -5.200000e+00 -1.480171e+00
      vertex   1.472243e+00 -5.200000e+00 -8.500000e-01
      vertex   2.314212e+00 -5.200000e+00 -1.986686e+00
    endloop
  endfacet
  facet normal 0.000000e+00 -1.000000e+00 0.000000e+00
    outer loop
      vertex   2.314212e+00 -5.200000e+00 -1.986686e+00
      vertex   1.472243e+00 -5.200000e+00 -8.500000e-01
      vertex   1.202082e+00 -5.200000e+00 -1.202082e+00
    endloop
  endfacet
  facet normal -0.000000e+00 -1.000000e+00 0.000000e+00
    outer loop
      vertex   2.314212e+00 -5.200000e+00 -1.986686e+00
      vertex   1.202082e+00 -5.200000e+00 -1.202082e+00
      vertex   1.866923e+00 -5.200000e+00 -2.411866e+00
    endloop
  endfacet
  facet normal 0.000000e+00 -1.000000e+00 0.000000e+00
    outer loop
      vertex   1.866923e+00 -5.200000e+00 -2.411866e+00
      vertex   1.202082e+00 -5.200000e+00 -1.202082e+00
      vertex   8.500000e-01 -5.200000e+00 -1.472243e+00
    endloop
  endfacet
  facet normal -0.000000e+00 -1.000000e+00 0.000000e+00
    outer loop
      vertex   1.866923e+00 -5.200000e+00 -2.411866e+00
      vertex   8.500000e-01 -5.200000e+00 -1.472243e+00
      vertex   1.343202e+00 -5.200000e+00 -2.738304e+00
    endloop
  endfacet
  facet normal 0.000000e+00 -1.000000e+00 0.000000e+00
    outer loop
      vertex   1.343202e+00 -5.200000e+00 -2.738304e+00
      vertex   8.500000e-01 -5.200000e+00 -1.472243e+00
      vertex   4.399924e-01 -5.200000e+00 -1.642074e+00
    endloop
  endfacet
  facet normal -0.000000e+00 -1.000000e+00 0.000000e+00
    outer loop
      vertex   1.343202e+00 -5.200000e+00 -2.738304e+00
      vertex   4.399924e-01 -5.200000e+00 -1.642074e+00
      vertex   7.644902e-01 -5.200000e+00 -2.952635e+00
    endloop
  endfacet
  facet normal -0.000000e+00 -1.000000e+00 0.000000e+00
    outer loop
      vertex   7.644902e-01 -5.200000e+00 -2.952635e+00
      vertex   4.399924e-01 -5.200000e+00 -1.642074e+00
      vertex   1.544800e-01 -5.200000e+00 -3.046085e+00
    endloop
  endfacet
  facet normal 0.000000e+00 -1.000000e+00 0.000000e+00
    outer loop
      vertex   1.544800e-01 -5.200000e+00 -3.046085e+00
      vertex   4.399924e-01 -5.200000e+00 -1.642074e+00
      vertex   -5.318661e-14 -5.200000e+00 -1.700000e+00
    endloop
  endfacet
  facet normal 0.000000e+00 -1.000000e+00 0.000000e+00
    outer loop
      vertex   1.544800e-01 -5.200000e+00 -3.046085e+00
      vertex   -5.318661e-14 -5.200000e+00 -1.700000e+00
      vertex   -4.618547e-01 -5.200000e+00 -3.014828e+00
    endloop
  endfacet
  facet normal 0.000000e+00 -1.000000e+00 0.000000e+00
    outer loop
      vertex   -4.618547e-01 -5.200000e+00 -3.014828e+00
      vertex   -5.318661e-14 -5.200000e+00 -1.700000e+00
      vertex   -4.399924e-01 -5.200000e+00 -1.642074e+00
    endloop
  endfacet
  facet normal 0.000000e+00 -1.000000e+00 0.000000e+00
    outer loop
      vertex   -4.618547e-01 -5.200000e+00 -3.014828e+00
      vertex   -4.399924e-01 -5.200000e+00 -1.642074e+00
      vertex   -1.059281e+00 -5.200000e+00 -2.860144e+00
    endloop
  endfacet
  facet normal 0.000000e+00 -1.000000e+00 0.000000e+00
    outer loop
      vertex   -1.059281e+00 -5.200000e+00 -2.860144e+00
      vertex   -4.399924e-01 -5.200000e+00 -1.642074e+00
      vertex   -8.500000e-01 -5.200000e+00 -1.472243e+00
    endloop
  endfacet
  facet normal 0.000000e+00 -1.000000e+00 0.000000e+00
    outer loop
      vertex   -1.059281e+00 -5.200000e+00 -2.860144e+00
      vertex   -8.500000e-01 -5.200000e+00 -1.472243e+00
      vertex   -1.613340e+00 -5.200000e+00 -2.588365e+00
    endloop
  endfacet
  facet normal 0.000000e+00 -1.000000e+00 0.000000e+00
    outer loop
      vertex   -1.613340e+00 -5.200000e+00 -2.588365e+00
      vertex   -8.500000e-01 -5.200000e+00 -1.472243e+00
      vertex   -1.202082e+00 -5.200000e+00 -1.202082e+00
    endloop
  endfacet
  facet normal 0.000000e+00 -1.000000e+00 0.000000e+00
    outer loop
      vertex   -1.613340e+00 -5.200000e+00 -2.588365e+00
      vertex   -1.202082e+00 -5.200000e+00 -1.202082e+00
      vertex   -2.101349e+00 -5.200000e+00 -2.210618e+00
    endloop
  endfacet
  facet normal 0.000000e+00 -1.000000e+00 0.000000e+00
    outer loop
      vertex   -2.101349e+00 -5.200000e+00 -2.210618e+00
      vertex   -1.202082e+00 -5.200000e+00 -1.202082e+00
      vertex   -2.503328e+00 -5.200000e+00 -1.742368e+00
    endloop
  endfacet
  facet normal 0.000000e+00 -1.000000e+00 0.000000e+00
    outer loop
      vertex   -2.503328e+00 -5.200000e+00 -1.742368e+00
      vertex   -1.202082e+00 -5.200000e+00 -1.202082e+00
      vertex   -1.472243e+00 -5.200000e+00 -8.500000e-01
    endloop
  endfacet
  facet normal 0.000000e+00 -1.000000e+00 0.000000e+00
    outer loop
      vertex   -2.503328e+00 -5.200000e+00 -1.742368e+00
      vertex   -1.472243e+00 -5.200000e+00 -8.500000e-01
      vertex   -2.802821e+00 -5.200000e+00 -1.202785e+00
    endloop
  endfacet
  facet normal 0.000000e+00 -1.000000e+00 0.000000e+00
    outer loop
      vertex   -2.802821e+00 -5.200000e+00 -1.202785e+00
      vertex   -1.472243e+00 -5.200000e+00 -8.500000e-01
      vertex   -1.642074e+00 -5.200000e+00 -4.399924e-01
    endloop
  endfacet
  facet normal 0.000000e+00 -1.000000e+00 0.000000e+00
    outer loop
      vertex   -2.802821e+00 -5.200000e+00 -1.202785e+00
      vertex   -1.642074e+00 -5.200000e+00 -4.399924e-01
      vertex   -2.987566e+00 -5.200000e+00 -6.139605e-01
    endloop
  endfacet
  facet normal 0.000000e+00 -1.000000e+00 0.000000e+00
    outer loop
      vertex   -2.987566e+00 -5.200000e+00 -6.139605e-01
      vertex   -1.642074e+00 -5.200000e+00 -4.399924e-01
      vertex   -1.700000e+00 -5.200000e+00 1.797176e-14
    endloop
  endfacet
  facet normal 9.914449e-01 -0.000000e+00 1.305262e-01
    outer loop
      vertex   -6.164207e+01 -5.200000e+00 -2.043999e+01
      vertex   -6.164207e+01 -4.100000e+00 -2.043999e+01
      vertex   -6.170000e+01 -5.200000e+00 -2.000000e+01
    endloop
  endfacet
  facet normal 9.914449e-01 -0.000000e+00 1.305262e-01
    outer loop
      vertex   -6.170000e+01 -5.200000e+00 -2.000000e+01
      vertex   -6.164207e+01 -4.100000e+00 -2.043999e+01
      vertex   -6.170000e+01 -4.100000e+00 -2.000000e+01
    endloop
  endfacet
  facet normal 9.914449e-01 0.000000e+00 -1.305262e-01
    outer loop
      vertex   -6.170000e+01 -5.200000e+00 -2.000000e+01
      vertex   -6.170000e+01 -4.100000e+00 -2.000000e+01
      vertex   -6.164207e+01 -5.200000e+00 -1.956001e+01
    endloop
  endfacet
  facet normal 9.914449e-01 0.000000e+00 -1.305262e-01
    outer loop
      vertex   -6.164207e+01 -5.200000e+00 -1.956001e+01
      vertex   -6.170000e+01 -4.100000e+00 -2.000000e+01
      vertex   -6.164207e+01 -4.100000e+00 -1.956001e+01
    endloop
  endfacet
  facet normal 9.238795e-01 0.000000e+00 -3.826834e-01
    outer loop
      vertex   -6.164207e+01 -5.200000e+00 -1.956001e+01
      vertex   -6.164207e+01 -4.100000e+00 -1.956001e+01
      vertex   -6.147224e+01 -5.200000e+00 -1.915000e+01
    endloop
  endfacet
  facet normal 9.238795e-01 0.000000e+00 -3.826834e-01
    outer loop
      vertex   -6.147224e+01 -5.200000e+00 -1.915000e+01
      vertex   -6.164207e+01 -4.100000e+00 -1.956001e+01
      vertex   -6.147224e+01 -4.100000e+00 -1.915000e+01
    endloop
  endfacet
  facet normal 7.933533e-01 0.000000e+00 -6.087614e-01
    outer loop
      vertex   -6.147224e+01 -5.200000e+00 -1.915000e+01
      vertex   -6.147224e+01 -4.100000e+00 -1.915000e+01
      vertex   -6.120208e+01 -5.200000e+00 -1.879792e+01
    endloop
  endfacet
  facet normal 7.933533e-01 0.000000e+00 -6.087614e-01
    outer loop
      vertex   -6.120208e+01 -5.200000e+00 -1.879792e+01
      vertex   -6.147224e+01 -4.100000e+00 -1.915000e+01
      vertex   -6.120208e+01 -4.100000e+00 -1.879792e+01
    endloop
  endfacet
  facet normal 6.087614e-01 0.000000e+00 -7.933533e-01
    outer loop
      vertex   -6.120208e+01 -5.200000e+00 -1.879792e+01
      vertex   -6.120208e+01 -4.100000e+00 -1.879792e+01
      vertex   -6.085000e+01 -5.200000e+00 -1.852776e+01
    endloop
  endfacet
  facet normal 6.087614e-01 0.000000e+00 -7.933533e-01
    outer loop
      vertex   -6.085000e+01 -5.200000e+00 -1.852776e+01
      vertex   -6.120208e+01 -4.100000e+00 -1.879792e+01
      vertex   -6.085000e+01 -4.100000e+00 -1.852776e+01
    endloop
  endfacet
  facet normal 3.826834e-01 0.000000e+00 -9.238795e-01
    outer loop
      vertex   -6.085000e+01 -5.200000e+00 -1.852776e+01
      vertex   -6.085000e+01 -4.100000e+00 -1.852776e+01
      vertex   -6.043999e+01 -5.200000e+00 -1.835793e+01
    endloop
  endfacet
  facet normal 3.826834e-01 0.000000e+00 -9.238795e-01
    outer loop
      vertex   -6.043999e+01 -5.200000e+00 -1.835793e+01
      vertex   -6.085000e+01 -4.100000e+00 -1.852776e+01
      vertex   -6.043999e+01 -4.100000e+00 -1.835793e+01
    endloop
  endfacet
  facet normal 1.305262e-01 0.000000e+00 -9.914449e-01
    outer loop
      vertex   -6.043999e+01 -5.200000e+00 -1.835793e+01
      vertex   -6.043999e+01 -4.100000e+00 -1.835793e+01
      vertex   -6.000000e+01 -5.200000e+00 -1.830000e+01
    endloop
  endfacet
  facet normal 1.305262e-01 0.000000e+00 -9.914449e-01
    outer loop
      vertex   -6.000000e+01 -5.200000e+00 -1.830000e+01
      vertex   -6.043999e+01 -4.100000e+00 -1.835793e+01
      vertex   -6.000000e+01 -4.100000e+00 -1.830000e+01
    endloop
  endfacet
  facet normal -1.305262e-01 0.000000e+00 -9.914449e-01
    outer loop
      vertex   -6.000000e+01 -5.200000e+00 -1.830000e+01
      vertex   -6.000000e+01 -4.100000e+00 -1.830000e+01
      vertex   -5.956001e+01 -5.200000e+00 -1.835793e+01
    endloop
  endfacet
  facet normal -1.305262e-01 0.000000e+00 -9.914449e-01
    outer loop
      vertex   -5.956001e+01 -5.200000e+00 -1.835793e+01
      vertex   -6.000000e+01 -4.100000e+00 -1.830000e+01
      vertex   -5.956001e+01 -4.100000e+00 -1.835793e+01
    endloop
  endfacet
  facet normal -3.826834e-01 0.000000e+00 -9.238795e-01
    outer loop
      vertex   -5.956001e+01 -5.200000e+00 -1.835793e+01
      vertex   -5.956001e+01 -4.100000e+00 -1.835793e+01
      vertex   -5.915000e+01 -5.200000e+00 -1.852776e+01
    endloop
  endfacet
  facet normal -3.826834e-01 0.000000e+00 -9.238795e-01
    outer loop
      vertex   -5.915000e+01 -5.200000e+00 -1.852776e+01
      vertex   -5.956001e+01 -4.100000e+00 -1.835793e+01
      vertex   -5.915000e+01 -4.100000e+00 -1.852776e+01
    endloop
  endfacet
  facet normal -6.087614e-01 0.000000e+00 -7.933533e-01
    outer loop
      vertex   -5.915000e+01 -5.200000e+00 -1.852776e+01
      vertex   -5.915000e+01 -4.100000e+00 -1.852776e+01
      vertex   -5.879792e+01 -5.200000e+00 -1.879792e+01
    endloop
  endfacet
  facet normal -6.087614e-01 0.000000e+00 -7.933533e-01
    outer loop
      vertex   -5.879792e+01 -5.200000e+00 -1.879792e+01
      vertex   -5.915000e+01 -4.100000e+00 -1.852776e+01
      vertex   -5.879792e+01 -4.100000e+00 -1.879792e+01
    endloop
  endfacet
  facet normal -7.933533e-01 0.000000e+00 -6.087614e-01
    outer loop
      vertex   -5.879792e+01 -5.200000e+00 -1.879792e+01
      vertex   -5.879792e+01 -4.100000e+00 -1.879792e+01
      vertex   -5.852776e+01 -5.200000e+00 -1.915000e+01
    endloop
  endfacet
  facet normal -7.933533e-01 0.000000e+00 -6.087614e-01
    outer loop
      vertex   -5.852776e+01 -5.200000e+00 -1.915000e+01
      vertex   -5.879792e+01 -4.100000e+00 -1.879792e+01
      vertex   -5.852776e+01 -4.100000e+00 -1.915000e+01
    endloop
  endfacet
  facet normal -9.238795e-01 0.000000e+00 -3.826834e-01
    outer loop
      vertex   -5.852776e+01 -5.200000e+00 -1.915000e+01
      vertex   -5.852776e+01 -4.100000e+00 -1.915000e+01
      vertex   -5.835793e+01 -5.200000e+00 -1.956001e+01
    endloop
  endfacet
  facet normal -9.238795e-01 0.000000e+00 -3.826834e-01
    outer loop
      vertex   -5.835793e+01 -5.200000e+00 -1.956001e+01
      vertex   -5.852776e+01 -4.100000e+00 -1.915000e+01
      vertex   -5.835793e+01 -4.100000e+00 -1.956001e+01
    endloop
  endfacet
  facet normal -9.914449e-01 0.000000e+00 -1.305262e-01
    outer loop
      vertex   -5.835793e+01 -5.200000e+00 -1.956001e+01
      vertex   -5.835793e+01 -4.100000e+00 -1.956001e+01
      vertex   -5.830000e+01 -5.200000e+00 -2.000000e+01
    endloop
  endfacet
  facet normal -9.914449e-01 0.000000e+00 -1.305262e-01
    outer loop
      vertex   -5.830000e+01 -5.200000e+00 -2.000000e+01
      vertex   -5.835793e+01 -4.100000e+00 -1.956001e+01
      vertex   -5.830000e+01 -4.100000e+00 -2.000000e+01
    endloop
  endfacet
  facet normal -9.914449e-01 0.000000e+00 1.305262e-01
    outer loop
      vertex   -5.830000e+01 -5.200000e+00 -2.000000e+01
      vertex   -5.830000e+01 -4.100000e+00 -2.000000e+01
      vertex   -5.835793e+01 -5.200000e+00 -2.043999e+01
    endloop
  endfacet
  facet normal -9.914449e-01 0.000000e+00 1.305262e-01
    outer loop
      vertex   -5.835793e+01 -5.200000e+00 -2.043999e+01
      vertex   -5.830000e+01 -4.100000e+00 -2.000000e+01
      vertex   -5.835793e+01 -4.100000e+00 -2.043999e+01
    endloop
  endfacet
  facet normal -9.238795e-01 0.000000e+00 3.826834e-01
    outer loop
      vertex   -5.835793e+01 -5.200000e+00 -2.043999e+01
      vertex   -5.835793e+01 -4.100000e+00 -2.043999e+01
      vertex   -5.852776e+01 -5.200000e+00 -2.085000e+01
    endloop
  endfacet
  facet normal -9.238795e-01 0.000000e+00 3.826834e-01
    outer loop
      vertex   -5.852776e+01 -5.200000e+00 -2.085000e+01
      vertex   -5.835793e+01 -4.100000e+00 -2.043999e+01
      vertex   -5.852776e+01 -4.100000e+00 -2.085000e+01
    endloop
  endfacet
  facet normal -7.933533e-01 0.000000e+00 6.087614e-01
    outer loop
      vertex   -5.852776e+01 -5.200000e+00 -2.085000e+01
      vertex   -5.852776e+01 -4.100000e+00 -2.085000e+01
      vertex   -5.879792e+01 -5.200000e+00 -2.120208e+01
    endloop
  endfacet
  facet normal -7.933533e-01 0.000000e+00 6.087614e-01
    outer loop
      vertex   -5.879792e+01 -5.200000e+00 -2.120208e+01
      vertex   -5.852776e+01 -4.100000e+00 -2.085000e+01
      vertex   -5.879792e+01 -4.100000e+00 -2.120208e+01
    endloop
  endfacet
  facet normal -6.087614e-01 0.000000e+00 7.933533e-01
    outer loop
      vertex   -5.879792e+01 -5.200000e+00 -2.120208e+01
      vertex   -5.879792e+01 -4.100000e+00 -2.120208e+01
      vertex   -5.915000e+01 -5.200000e+00 -2.147224e+01
    endloop
  endfacet
  facet normal -6.087614e-01 0.000000e+00 7.933533e-01
    outer loop
      vertex   -5.915000e+01 -5.200000e+00 -2.147224e+01
      vertex   -5.879792e+01 -4.100000e+00 -2.120208e+01
      vertex   -5.915000e+01 -4.100000e+00 -2.147224e+01
    endloop
  endfacet
  facet normal -3.826834e-01 0.000000e+00 9.238795e-01
    outer loop
      vertex   -5.915000e+01 -5.200000e+00 -2.147224e+01
      vertex   -5.915000e+01 -4.100000e+00 -2.147224e+01
      vertex   -5.956001e+01 -5.200000e+00 -2.164207e+01
    endloop
  endfacet
  facet normal -3.826834e-01 0.000000e+00 9.238795e-01
    outer loop
      vertex   -5.956001e+01 -5.200000e+00 -2.164207e+01
      vertex   -5.915000e+01 -4.100000e+00 -2.147224e+01
      vertex   -5.956001e+01 -4.100000e+00 -2.164207e+01
    endloop
  endfacet
  facet normal -1.305262e-01 0.000000e+00 9.914449e-01
    outer loop
      vertex   -5.956001e+01 -5.200000e+00 -2.164207e+01
      vertex   -5.956001e+01 -4.100000e+00 -2.164207e+01
      vertex   -6.000000e+01 -5.200000e+00 -2.170000e+01
    endloop
  endfacet
  facet normal -1.305262e-01 0.000000e+00 9.914449e-01
    outer loop
      vertex   -6.000000e+01 -5.200000e+00 -2.170000e+01
      vertex   -5.956001e+01 -4.100000e+00 -2.164207e+01
      vertex   -6.000000e+01 -4.100000e+00 -2.170000e+01
    endloop
  endfacet
  facet normal 1.305262e-01 -0.000000e+00 9.914449e-01
    outer loop
      vertex   -6.000000e+01 -5.200000e+00 -2.170000e+01
      vertex   -6.000000e+01 -4.100000e+00 -2.170000e+01
      vertex   -6.043999e+01 -5.200000e+00 -2.164207e+01
    endloop
  endfacet
  facet normal 1.305262e-01 -0.000000e+00 9.914449e-01
    outer loop
      vertex   -6.043999e+01 -5.200000e+00 -2.164207e+01
      vertex   -6.000000e+01 -4.100000e+00 -2.170000e+01
      vertex   -6.043999e+01 -4.100000e+00 -2.164207e+01
    endloop
  endfacet
  facet normal 3.826834e-01 -0.000000e+00 9.238795e-01
    outer loop
      vertex   -6.043999e+01 -5.200000e+00 -2.164207e+01
      vertex   -6.043999e+01 -4.100000e+00 -2.164207e+01
      vertex   -6.085000e+01 -5.200000e+00 -2.147224e+01
    endloop
  endfacet
  facet normal 3.826834e-01 -0.000000e+00 9.238795e-01
    outer loop
      vertex   -6.085000e+01 -5.200000e+00 -2.147224e+01
      vertex   -6.043999e+01 -4.100000e+00 -2.164207e+01
      vertex   -6.085000e+01 -4.100000e+00 -2.147224e+01
    endloop
  endfacet
  facet normal 6.087614e-01 -0.000000e+00 7.933533e-01
    outer loop
      vertex   -6.085000e+01 -5.200000e+00 -2.147224e+01
      vertex   -6.085000e+01 -4.100000e+00 -2.147224e+01
      vertex   -6.120208e+01 -5.200000e+00 -2.120208e+01
    endloop
  endfacet
  facet normal 6.087614e-01 -0.000000e+00 7.933533e-01
    outer loop
      vertex   -6.120208e+01 -5.200000e+00 -2.120208e+01
      vertex   -6.085000e+01 -4.100000e+00 -2.147224e+01
      vertex   -6.120208e+01 -4.100000e+00 -2.120208e+01
    endloop
  endfacet
  facet normal 7.933533e-01 -0.000000e+00 6.087614e-01
    outer loop
      vertex   -6.120208e+01 -5.200000e+00 -2.120208e+01
      vertex   -6.120208e+01 -4.100000e+00 -2.120208e+01
      vertex   -6.147224e+01 -5.200000e+00 -2.085000e+01
    endloop
  endfacet
  facet normal 7.933533e-01 -0.000000e+00 6.087614e-01
    outer loop
      vertex   -6.147224e+01 -5.200000e+00 -2.085000e+01
      vertex   -6.120208e+01 -4.100000e+00 -2.120208e+01
      vertex   -6.147224e+01 -4.100000e+00 -2.085000e+01
    endloop
  endfacet
  facet normal 9.238795e-01 -0.000000e+00 3.826834e-01
    outer loop
      vertex   -6.147224e+01 -5.200000e+00 -2.085000e+01
      vertex   -6.147224e+01 -4.100000e+00 -2.085000e+01
      vertex   -6.164207e+01 -5.200000e+00 -2.043999e+01
    endloop
  endfacet
  facet normal 9.238795e-01 -0.000000e+00 3.826834e-01
    outer loop
      vertex   -6.164207e+01 -5.200000e+00 -2.043999e+01
      vertex   -6.147224e+01 -4.100000e+00 -2.085000e+01
      vertex   -6.164207e+01 -4.100000e+00 -2.043999e+01
    endloop
  endfacet
  facet normal 9.914449e-01 -0.000000e+00 1.305262e-01
    outer loop
      vertex   -2.164207e+01 -5.200000e+00 -4.043999e+01
      vertex   -2.164207e+01 -4.100000e+00 -4.043999e+01
      vertex   -2.170000e+01 -5.200000e+00 -4.000000e+01
    endloop
  endfacet
  facet normal 9.914449e-01 -0.000000e+00 1.305262e-01
    outer loop
      vertex   -2.170000e+01 -5.200000e+00 -4.000000e+01
      vertex   -2.164207e+01 -4.100000e+00 -4.043999e+01
      vertex   -2.170000e+01 -4.100000e+00 -4.000000e+01
    endloop
  endfacet
  facet normal 9.914449e-01 0.000000e+00 -1.305262e-01
    outer loop
      vertex   -2.170000e+01 -5.200000e+00 -4.000000e+01
      vertex   -2.170000e+01 -4.100000e+00 -4.000000e+01
      vertex   -2.164207e+01 -5.200000e+00 -3.956001e+01
    endloop
  endfacet
  facet normal 9.914449e-01 0.000000e+00 -1.305262e-01
    outer loop
      vertex   -2.164207e+01 -5.200000e+00 -3.956001e+01
      vertex   -2.170000e+01 -4.100000e+00 -4.000000e+01
      vertex   -2.164207e+01 -4.100000e+00 -3.956001e+01
    endloop
  endfacet
  facet normal 9.238795e-01 0.000000e+00 -3.826834e-01
    outer loop
      vertex   -2.164207e+01 -5.200000e+00 -3.956001e+01
      vertex   -2.164207e+01 -4.100000e+00 -3.956001e+01
      vertex   -2.147224e+01 -5.200000e+00 -3.915000e+01
    endloop
  endfacet
  facet normal 9.238795e-01 0.000000e+00 -3.826834e-01
    outer loop
      vertex   -2.147224e+01 -5.200000e+00 -3.915000e+01
      vertex   -2.164207e+01 -4.100000e+00 -3.956001e+01
      vertex   -2.147224e+01 -4.100000e+00 -3.915000e+01
    endloop
  endfacet
  facet normal 7.933533e-01 0.000000e+00 -6.087614e-01
    outer loop
      vertex   -2.147224e+01 -5.200000e+00 -3.915000e+01
      vertex   -2.147224e+01 -4.100000e+00 -3.915000e+01
      vertex   -2.120208e+01 -5.200000e+00 -3.879792e+01
    endloop
  endfacet
  facet normal 7.933533e-01 0.000000e+00 -6.087614e-01
    outer loop
      vertex   -2.120208e+01 -5.200000e+00 -3.879792e+01
      vertex   -2.147224e+01 -4.100000e+00 -3.915000e+01
      vertex   -2.120208e+01 -4.100000e+00 -3.879792e+01
    endloop
  endfacet
  facet normal 6.087614e-01 0.000000e+00 -7.933533e-01
    outer loop
      vertex   -2.120208e+01 -5.200000e+00 -3.879792e+01
      vertex   -2.120208e+01 -4.100000e+00 -3.879792e+01
      vertex   -2.085000e+01 -5.200000e+00 -3.852776e+01
    endloop
  endfacet
  facet normal 6.087614e-01 0.000000e+00 -7.933533e-01
    outer loop
      vertex   -2.085000e+01 -5.200000e+00 -3.852776e+01
      vertex   -2.120208e+01 -4.100000e+00 -3.879792e+01
      vertex   -2.085000e+01 -4.100000e+00 -3.852776e+01
    endloop
  endfacet
  facet normal 3.826834e-01 0.000000e+00 -9.238795e-01
    outer loop
      vertex   -2.085000e+01 -5.200000e+00 -3.852776e+01
      vertex   -2.085000e+01 -4.100000e+00 -3.852776e+01
      vertex   -2.043999e+01 -5.200000e+00 -3.835793e+01
    endloop
  endfacet
  facet normal 3.826834e-01 0.000000e+00 -9.238795e-01
    outer loop
      vertex   -2.043999e+01 -5.200000e+00 -3.835793e+01
      vertex   -2.085000e+01 -4.100000e+00 -3.852776e+01
      vertex   -2.043999e+01 -4.100000e+00 -3.835793e+01
    endloop
  endfacet
  facet normal 1.305262e-01 0.000000e+00 -9.914449e-01
    outer loop
      vertex   -2.043999e+01 -5.200000e+00 -3.835793e+01
      vertex   -2.043999e+01 -4.100000e+00 -3.835793e+01
      vertex   -2.000000e+01 -5.200000e+00 -3.830000e+01
    endloop
  endfacet
  facet normal 1.305262e-01 0.000000e+00 -9.914449e-01
    outer loop
      vertex   -2.000000e+01 -5.200000e+00 -3.830000e+01
      vertex   -2.043999e+01 -4.100000e+00 -3.835793e+01
      vertex   -2.000000e+01 -4.100000e+00 -3.830000e+01
    endloop
  endfacet
  facet normal -1.305262e-01 0.000000e+00 -9.914449e-01
    outer loop
      vertex   -2.000000e+01 -5.200000e+00 -3.830000e+01
      vertex   -2.000000e+01 -4.100000e+00 -3.830000e+01
      vertex   -1.956001e+01 -5.200000e+00 -3.835793e+01
    endloop
  endfacet
  facet normal -1.305262e-01 0.000000e+00 -9.914449e-01
    outer loop
      vertex   -1.956001e+01 -5.200000e+00 -3.835793e+01
      vertex   -2.000000e+01 -4.100000e+00 -3.830000e+01
      vertex   -1.956001e+01 -4.100000e+00 -3.835793e+01
    endloop
  endfacet
  facet normal -3.826834e-01 0.000000e+00 -9.238795e-01
    outer loop
      vertex   -1.956001e+01 -5.200000e+00 -3.835793e+01
      vertex   -1.956001e+01 -4.100000e+00 -3.835793e+01
      vertex   -1.915000e+01 -5.200000e+00 -3.852776e+01
    endloop
  endfacet
  facet normal -3.826834e-01 0.000000e+00 -9.238795e-01
    outer loop
      vertex   -1.915000e+01 -5.200000e+00 -3.852776e+01
      vertex   -1.956001e+01 -4.100000e+00 -3.835793e+01
      vertex   -1.915000e+01 -4.100000e+00 -3.852776e+01
    endloop
  endfacet
  facet normal -6.087614e-01 0.000000e+00 -7.933533e-01
    outer loop
      vertex   -1.915000e+01 -5.200000e+00 -3.852776e+01
      vertex   -1.915000e+01 -4.100000e+00 -3.852776e+01
      vertex   -1.879792e+01 -5.200000e+00 -3.879792e+01
    endloop
  endfacet
  facet normal -6.087614e-01 0.000000e+00 -7.933533e-01
    outer loop
      vertex   -1.879792e+01 -5.200000e+00 -3.879792e+01
      vertex   -1.915000e+01 -4.100000e+00 -3.852776e+01
      vertex   -1.879792e+01 -4.100000e+00 -3.879792e+01
    endloop
  endfacet
  facet normal -7.933533e-01 0.000000e+00 -6.087614e-01
    outer loop
      vertex   -1.879792e+01 -5.200000e+00 -3.879792e+01
      vertex   -1.879792e+01 -4.100000e+00 -3.879792e+01
      vertex   -1.852776e+01 -5.200000e+00 -3.915000e+01
    endloop
  endfacet
  facet normal -7.933533e-01 0.000000e+00 -6.087614e-01
    outer loop
      vertex   -1.852776e+01 -5.200000e+00 -3.915000e+01
      vertex   -1.879792e+01 -4.100000e+00 -3.879792e+01
      vertex   -1.852776e+01 -4.100000e+00 -3.915000e+01
    endloop
  endfacet
  facet normal -9.238795e-01 0.000000e+00 -3.826834e-01
    outer loop
      vertex   -1.852776e+01 -5.200000e+00 -3.915000e+01
      vertex   -1.852776e+01 -4.100000e+00 -3.915000e+01
      vertex   -1.835793e+01 -5.200000e+00 -3.956001e+01
    endloop
  endfacet
  facet normal -9.238795e-01 0.000000e+00 -3.826834e-01
    outer loop
      vertex   -1.835793e+01 -5.200000e+00 -3.956001e+01
      vertex   -1.852776e+01 -4.100000e+00 -3.915000e+01
      vertex   -1.835793e+01 -4.100000e+00 -3.956001e+01
    endloop
  endfacet
  facet normal -9.914449e-01 0.000000e+00 -1.305262e-01
    outer loop
      vertex   -1.835793e+01 -5.200000e+00 -3.956001e+01
      vertex   -1.835793e+01 -4.100000e+00 -3.956001e+01
      vertex   -1.830000e+01 -5.200000e+00 -4.000000e+01
    endloop
  endfacet
  facet normal -9.914449e-01 0.000000e+00 -1.305262e-01
    outer loop
      vertex   -1.830000e+01 -5.200000e+00 -4.000000e+01
      vertex   -1.835793e+01 -4.100000e+00 -3.956001e+01
      vertex   -1.830000e+01 -4.100000e+00 -4.000000e+01
    endloop
  endfacet
  facet normal -9.914449e-01 0.000000e+00 1.305262e-01
    outer loop
      vertex   -1.830000e+01 -5.200000e+00 -4.000000e+01
      vertex   -1.830000e+01 -4.100000e+00 -4.000000e+01
      vertex   -1.835793e+01 -5.200000e+00 -4.043999e+01
    endloop
  endfacet
  facet normal -9.914449e-01 0.000000e+00 1.305262e-01
    outer loop
      vertex   -1.835793e+01 -5.200000e+00 -4.043999e+01
      vertex   -1.830000e+01 -4.100000e+00 -4.000000e+01
      vertex   -1.835793e+01 -4.100000e+00 -4.043999e+01
    endloop
  endfacet
  facet normal -9.238795e-01 0.000000e+00 3.826834e-01
    outer loop
      vertex   -1.835793e+01 -5.200000e+00 -4.043999e+01
      vertex   -1.835793e+01 -4.100000e+00 -4.043999e+01
      vertex   -1.852776e+01 -5.200000e+00 -4.085000e+01
    endloop
  endfacet
  facet normal -9.238795e-01 0.000000e+00 3.826834e-01
    outer loop
      vertex   -1.852776e+01 -5.200000e+00 -4.085000e+01
      vertex   -1.835793e+01 -4.100000e+00 -4.043999e+01
      vertex   -1.852776e+01 -4.100000e+00 -4.085000e+01
    endloop
  endfacet
  facet normal -7.933533e-01 0.000000e+00 6.087614e-01
    outer loop
      vertex   -1.852776e+01 -5.200000e+00 -4.085000e+01
      vertex   -1.852776e+01 -4.100000e+00 -4.085000e+01
      vertex   -1.879792e+01 -5.200000e+00 -4.120208e+01
    endloop
  endfacet
  facet normal -7.933533e-01 0.000000e+00 6.087614e-01
    outer loop
      vertex   -1.879792e+01 -5.200000e+00 -4.120208e+01
      vertex   -1.852776e+01 -4.100000e+00 -4.085000e+01
      vertex   -1.879792e+01 -4.100000e+00 -4.120208e+01
    endloop
  endfacet
  facet normal -6.087614e-01 0.000000e+00 7.933533e-01
    outer loop
      vertex   -1.879792e+01 -5.200000e+00 -4.120208e+01
      vertex   -1.879792e+01 -4.100000e+00 -4.120208e+01
      vertex   -1.915000e+01 -5.200000e+00 -4.147224e+01
    endloop
  endfacet
  facet normal -6.087614e-01 0.000000e+00 7.933533e-01
    outer loop
      vertex   -1.915000e+01 -5.200000e+00 -4.147224e+01
      vertex   -1.879792e+01 -4.100000e+00 -4.120208e+01
      vertex   -1.915000e+01 -4.100000e+00 -4.147224e+01
    endloop
  endfacet
  facet normal -3.826834e-01 0.000000e+00 9.238795e-01
    outer loop
      vertex   -1.915000e+01 -5.200000e+00 -4.147224e+01
      vertex   -1.915000e+01 -4.100000e+00 -4.147224e+01
      vertex   -1.956001e+01 -5.200000e+00 -4.164207e+01
    endloop
  endfacet
  facet normal -3.826834e-01 0.000000e+00 9.238795e-01
    outer loop
      vertex   -1.956001e+01 -5.200000e+00 -4.164207e+01
      vertex   -1.915000e+01 -4.100000e+00 -4.147224e+01
      vertex   -1.956001e+01 -4.100000e+00 -4.164207e+01
    endloop
  endfacet
  facet normal -1.305262e-01 0.000000e+00 9.914449e-01
    outer loop
      vertex   -1.956001e+01 -5.200000e+00 -4.164207e+01
      vertex   -1.956001e+01 -4.100000e+00 -4.164207e+01
      vertex   -2.000000e+01 -5.200000e+00 -4.170000e+01
    endloop
  endfacet
  facet normal -1.305262e-01 0.000000e+00 9.914449e-01
    outer loop
      vertex   -2.000000e+01 -5.200000e+00 -4.170000e+01
      vertex   -1.956001e+01 -4.100000e+00 -4.164207e+01
      vertex   -2.000000e+01 -4.100000e+00 -4.170000e+01
    endloop
  endfacet
  facet normal 1.305262e-01 -0.000000e+00 9.914449e-01
    outer loop
      vertex   -2.000000e+01 -5.200000e+00 -4.170000e+01
      vertex   -2.000000e+01 -4.100000e+00 -4.170000e+01
      vertex   -2.043999e+01 -5.200000e+00 -4.164207e+01
    endloop
  endfacet
  facet normal 1.305262e-01 -0.000000e+00 9.914449e-01
    outer loop
      vertex   -2.043999e+01 -5.200000e+00 -4.164207e+01
      vertex   -2.000000e+01 -4.100000e+00 -4.170000e+01
      vertex   -2.043999e+01 -4.100000e+00 -4.164207e+01
    endloop
  endfacet
  facet normal 3.826834e-01 -0.000000e+00 9.238795e-01
    outer loop
      vertex   -2.043999e+01 -5.200000e+00 -4.164207e+01
      vertex   -2.043999e+01 -4.100000e+00 -4.164207e+01
      vertex   -2.085000e+01 -5.200000e+00 -4.147224e+01
    endloop
  endfacet
  facet normal 3.826834e-01 -0.000000e+00 9.238795e-01
    outer loop
      vertex   -2.085000e+01 -5.200000e+00 -4.147224e+01
      vertex   -2.043999e+01 -4.100000e+00 -4.164207e+01
      vertex   -2.085000e+01 -4.100000e+00 -4.147224e+01
    endloop
  endfacet
  facet normal 6.087614e-01 -0.000000e+00 7.933533e-01
    outer loop
      vertex   -2.085000e+01 -5.200000e+00 -4.147224e+01
      vertex   -2.085000e+01 -4.100000e+00 -4.147224e+01
      vertex   -2.120208e+01 -5.200000e+00 -4.120208e+01
    endloop
  endfacet
  facet normal 6.087614e-01 -0.000000e+00 7.933533e-01
    outer loop
      vertex   -2.120208e+01 -5.200000e+00 -4.120208e+01
      vertex   -2.085000e+01 -4.100000e+00 -4.147224e+01
      vertex   -2.120208e+01 -4.100000e+00 -4.120208e+01
    endloop
  endfacet
  facet normal 7.933533e-01 -0.000000e+00 6.087614e-01
    outer loop
      vertex   -2.120208e+01 -5.200000e+00 -4.120208e+01
      vertex   -2.120208e+01 -4.100000e+00 -4.120208e+01
      vertex   -2.147224e+01 -5.200000e+00 -4.085000e+01
    endloop
  endfacet
  facet normal 7.933533e-01 -0.000000e+00 6.087614e-01
    outer loop
      vertex   -2.147224e+01 -5.200000e+00 -4.085000e+01
      vertex   -2.120208e+01 -4.100000e+00 -4.120208e+01
      vertex   -2.147224e+01 -4.100000e+00 -4.085000e+01
    endloop
  endfacet
  facet normal 9.238795e-01 -0.000000e+00 3.826834e-01
    outer loop
      vertex   -2.147224e+01 -5.200000e+00 -4.085000e+01
      vertex   -2.147224e+01 -4.100000e+00 -4.085000e+01
      vertex   -2.164207e+01 -5.200000e+00 -4.043999e+01
    endloop
  endfacet
  facet normal 9.238795e-01 -0.000000e+00 3.826834e-01
    outer loop
      vertex   -2.164207e+01 -5.200000e+00 -4.043999e+01
      vertex   -2.147224e+01 -4.100000e+00 -4.085000e+01
      vertex   -2.164207e+01 -4.100000e+00 -4.043999e+01
    endloop
  endfacet
  facet normal 9.914449e-01 -0.000000e+00 1.305262e-01
    outer loop
      vertex   -8.164207e+01 -5.200000e+00 -4.043999e+01
      vertex   -8.164207e+01 -4.100000e+00 -4.043999e+01
      vertex   -8.170000e+01 -5.200000e+00 -4.000000e+01
    endloop
  endfacet
  facet normal 9.914449e-01 -0.000000e+00 1.305262e-01
    outer loop
      vertex   -8.170000e+01 -5.200000e+00 -4.000000e+01
      vertex   -8.164207e+01 -4.100000e+00 -4.043999e+01
      vertex   -8.170000e+01 -4.100000e+00 -4.000000e+01
    endloop
  endfacet
  facet normal 9.914449e-01 0.000000e+00 -1.305262e-01
    outer loop
      vertex   -8.170000e+01 -5.200000e+00 -4.000000e+01
      vertex   -8.170000e+01 -4.100000e+00 -4.000000e+01
      vertex   -8.164207e+01 -5.200000e+00 -3.956001e+01
    endloop
  endfacet
  facet normal 9.914449e-01 0.000000e+00 -1.305262e-01
    outer loop
      vertex   -8.164207e+01 -5.200000e+00 -3.956001e+01
      vertex   -8.170000e+01 -4.100000e+00 -4.000000e+01
      vertex   -8.164207e+01 -4.100000e+00 -3.956001e+01
    endloop
  endfacet
  facet normal 9.238795e-01 0.000000e+00 -3.826834e-01
    outer loop
      vertex   -8.164207e+01 -5.200000e+00 -3.956001e+01
      vertex   -8.164207e+01 -4.100000e+00 -3.956001e+01
      vertex   -8.147224e+01 -5.200000e+00 -3.915000e+01
    endloop
  endfacet
  facet normal 9.238795e-01 0.000000e+00 -3.826834e-01
    outer loop
      vertex   -8.147224e+01 -5.200000e+00 -3.915000e+01
      vertex   -8.164207e+01 -4.100000e+00 -3.956001e+01
      vertex   -8.147224e+01 -4.100000e+00 -3.915000e+01
    endloop
  endfacet
  facet normal 7.933533e-01 0.000000e+00 -6.087614e-01
    outer loop
      vertex   -8.147224e+01 -5.200000e+00 -3.915000e+01
      vertex   -8.147224e+01 -4.100000e+00 -3.915000e+01
      vertex   -8.120208e+01 -5.200000e+00 -3.879792e+01
    endloop
  endfacet
  facet normal 7.933533e-01 0.000000e+00 -6.087614e-01
    outer loop
      vertex   -8.120208e+01 -5.200000e+00 -3.879792e+01
      vertex   -8.147224e+01 -4.100000e+00 -3.915000e+01
      vertex   -8.120208e+01 -4.100000e+00 -3.879792e+01
    endloop
  endfacet
  facet normal 6.087614e-01 0.000000e+00 -7.933533e-01
    outer loop
      vertex   -8.120208e+01 -5.200000e+00 -3.879792e+01
      vertex   -8.120208e+01 -4.100000e+00 -3.879792e+01
      vertex   -8.085000e+01 -5.200000e+00 -3.852776e+01
    endloop
  endfacet
  facet normal 6.087614e-01 0.000000e+00 -7.933533e-01
    outer loop
      vertex   -8.085000e+01 -5.200000e+00 -3.852776e+01
      vertex   -8.120208e+01 -4.100000e+00 -3.879792e+01
      vertex   -8.085000e+01 -4.100000e+00 -3.852776e+01
    endloop
  endfacet
  facet normal 3.826834e-01 0.000000e+00 -9.238795e-01
    outer loop
      vertex   -8.085000e+01 -5.200000e+00 -3.852776e+01
      vertex   -8.085000e+01 -4.100000e+00 -3.852776e+01
      vertex   -8.043999e+01 -5.200000e+00 -3.835793e+01
    endloop
  endfacet
  facet normal 3.826834e-01 0.000000e+00 -9.238795e-01
    outer loop
      vertex   -8.043999e+01 -5.200000e+00 -3.835793e+01
      vertex   -8.085000e+01 -4.100000e+00 -3.852776e+01
      vertex   -8.043999e+01 -4.100000e+00 -3.835793e+01
    endloop
  endfacet
  facet normal 1.305262e-01 0.000000e+00 -9.914449e-01
    outer loop
      vertex   -8.043999e+01 -5.200000e+00 -3.835793e+01
      vertex   -8.043999e+01 -4.100000e+00 -3.835793e+01
      vertex   -8.000000e+01 -5.200000e+00 -3.830000e+01
    endloop
  endfacet
  facet normal 1.305262e-01 0.000000e+00 -9.914449e-01
    outer loop
      vertex   -8.000000e+01 -5.200000e+00 -3.830000e+01
      vertex   -8.043999e+01 -4.100000e+00 -3.835793e+01
      vertex   -8.000000e+01 -4.100000e+00 -3.830000e+01
    endloop
  endfacet
  facet normal -1.305262e-01 0.000000e+00 -9.914449e-01
    outer loop
      vertex   -8.000000e+01 -5.200000e+00 -3.830000e+01
      vertex   -8.000000e+01 -4.100000e+00 -3.830000e+01
      vertex   -7.956001e+01 -5.200000e+00 -3.835793e+01
    endloop
  endfacet
  facet normal -1.305262e-01 0.000000e+00 -9.914449e-01
    outer loop
      vertex   -7.956001e+01 -5.200000e+00 -3.835793e+01
      vertex   -8.000000e+01 -4.100000e+00 -3.830000e+01
      vertex   -7.956001e+01 -4.100000e+00 -3.835793e+01
    endloop
  endfacet
  facet normal -3.826834e-01 0.000000e+00 -9.238795e-01
    outer loop
      vertex   -7.956001e+01 -5.200000e+00 -3.835793e+01
      vertex   -7.956001e+01 -4.100000e+00 -3.835793e+01
      vertex   -7.915000e+01 -5.200000e+00 -3.852776e+01
    endloop
  endfacet
  facet normal -3.826834e-01 0.000000e+00 -9.238795e-01
    outer loop
      vertex   -7.915000e+01 -5.200000e+00 -3.852776e+01
      vertex   -7.956001e+01 -4.100000e+00 -3.835793e+01
      vertex   -7.915000e+01 -4.100000e+00 -3.852776e+01
    endloop
  endfacet
  facet normal -6.087614e-01 0.000000e+00 -7.933533e-01
    outer loop
      vertex   -7.915000e+01 -5.200000e+00 -3.852776e+01
      vertex   -7.915000e+01 -4.100000e+00 -3.852776e+01
      vertex   -7.879792e+01 -5.200000e+00 -3.879792e+01
    endloop
  endfacet
  facet normal -6.087614e-01 0.000000e+00 -7.933533e-01
    outer loop
      vertex   -7.879792e+01 -5.200000e+00 -3.879792e+01
      vertex   -7.915000e+01 -4.100000e+00 -3.852776e+01
      vertex   -7.879792e+01 -4.100000e+00 -3.879792e+01
    endloop
  endfacet
  facet normal -7.933533e-01 0.000000e+00 -6.087614e-01
    outer loop
      vertex   -7.879792e+01 -5.200000e+00 -3.879792e+01
      vertex   -7.879792e+01 -4.100000e+00 -3.879792e+01
      vertex   -7.852776e+01 -5.200000e+00 -3.915000e+01
    endloop
  endfacet
  facet normal -7.933533e-01 0.000000e+00 -6.087614e-01
    outer loop
      vertex   -7.852776e+01 -5.200000e+00 -3.915000e+01
      vertex   -7.879792e+01 -4.100000e+00 -3.879792e+01
      vertex   -7.852776e+01 -4.100000e+00 -3.915000e+01
    endloop
  endfacet
  facet normal -9.238795e-01 0.000000e+00 -3.826834e-01
    outer loop
      vertex   -7.852776e+01 -5.200000e+00 -3.915000e+01
      vertex   -7.852776e+01 -4.100000e+00 -3.915000e+01
      vertex   -7.835793e+01 -5.200000e+00 -3.956001e+01
    endloop
  endfacet
  facet normal -9.238795e-01 0.000000e+00 -3.826834e-01
    outer loop
      vertex   -7.835793e+01 -5.200000e+00 -3.956001e+01
      vertex   -7.852776e+01 -4.100000e+00 -3.915000e+01
      vertex   -7.835793e+01 -4.100000e+00 -3.956001e+01
    endloop
  endfacet
  facet normal -9.914449e-01 0.000000e+00 -1.305262e-01
    outer loop
      vertex   -7.835793e+01 -5.200000e+00 -3.956001e+01
      vertex   -7.835793e+01 -4.100000e+00 -3.956001e+01
      vertex   -7.830000e+01 -5.200000e+00 -4.000000e+01
    endloop
  endfacet
  facet normal -9.914449e-01 0.000000e+00 -1.305262e-01
    outer loop
      vertex   -7.830000e+01 -5.200000e+00 -4.000000e+01
      vertex   -7.835793e+01 -4.100000e+00 -3.956001e+01
      vertex   -7.830000e+01 -4.100000e+00 -4.000000e+01
    endloop
  endfacet
  facet normal -9.914449e-01 0.000000e+00 1.305262e-01
    outer loop
      vertex   -7.830000e+01 -5.200000e+00 -4.000000e+01
      vertex   -7.830000e+01 -4.100000e+00 -4.000000e+01
      vertex   -7.835793e+01 -5.200000e+00 -4.043999e+01
    endloop
  endfacet
  facet normal -9.914449e-01 0.000000e+00 1.305262e-01
    outer loop
      vertex   -7.835793e+01 -5.200000e+00 -4.043999e+01
      vertex   -7.830000e+01 -4.100000e+00 -4.000000e+01
      vertex   -7.835793e+01 -4.100000e+00 -4.043999e+01
    endloop
  endfacet
  facet normal -9.238795e-01 0.000000e+00 3.826834e-01
    outer loop
      vertex   -7.835793e+01 -5.200000e+00 -4.043999e+01
      vertex   -7.835793e+01 -4.100000e+00 -4.043999e+01
      vertex   -7.852776e+01 -5.200000e+00 -4.085000e+01
    endloop
  endfacet
  facet normal -9.238795e-01 0.000000e+00 3.826834e-01
    outer loop
      vertex   -7.852776e+01 -5.200000e+00 -4.085000e+01
      vertex   -7.835793e+01 -4.100000e+00 -4.043999e+01
      vertex   -7.852776e+01 -4.100000e+00 -4.085000e+01
    endloop
  endfacet
  facet normal -7.933533e-01 0.000000e+00 6.087614e-01
    outer loop
      vertex   -7.852776e+01 -5.200000e+00 -4.085000e+01
      vertex   -7.852776e+01 -4.100000e+00 -4.085000e+01
      vertex   -7.879792e+01 -5.200000e+00 -4.120208e+01
    endloop
  endfacet
  facet normal -7.933533e-01 0.000000e+00 6.087614e-01
    outer loop
      vertex   -7.879792e+01 -5.200000e+00 -4.120208e+01
      vertex   -7.852776e+01 -4.100000e+00 -4.085000e+01
      vertex   -7.879792e+01 -4.100000e+00 -4.120208e+01
    endloop
  endfacet
  facet normal -6.087614e-01 0.000000e+00 7.933533e-01
    outer loop
      vertex   -7.879792e+01 -5.200000e+00 -4.120208e+01
      vertex   -7.879792e+01 -4.100000e+00 -4.120208e+01
      vertex   -7.915000e+01 -5.200000e+00 -4.147224e+01
    endloop
  endfacet
  facet normal -6.087614e-01 0.000000e+00 7.933533e-01
    outer loop
      vertex   -7.915000e+01 -5.200000e+00 -4.147224e+01
      vertex   -7.879792e+01 -4.100000e+00 -4.120208e+01
      vertex   -7.915000e+01 -4.100000e+00 -4.147224e+01
    endloop
  endfacet
  facet normal -3.826834e-01 0.000000e+00 9.238795e-01
    outer loop
      vertex   -7.915000e+01 -5.200000e+00 -4.147224e+01
      vertex   -7.915000e+01 -4.100000e+00 -4.147224e+01
      vertex   -7.956001e+01 -5.200000e+00 -4.164207e+01
    endloop
  endfacet
  facet normal -3.826834e-01 0.000000e+00 9.238795e-01
    outer loop
      vertex   -7.956001e+01 -5.200000e+00 -4.164207e+01
      vertex   -7.915000e+01 -4.100000e+00 -4.147224e+01
      vertex   -7.956001e+01 -4.100000e+00 -4.164207e+01
    endloop
  endfacet
  facet normal -1.305262e-01 0.000000e+00 9.914449e-01
    outer loop
      vertex   -7.956001e+01 -5.200000e+00 -4.164207e+01
      vertex   -7.956001e+01 -4.100000e+00 -4.164207e+01
      vertex   -8.000000e+01 -5.200000e+00 -4.170000e+01
    endloop
  endfacet
  facet normal -1.305262e-01 0.000000e+00 9.914449e-01
    outer loop
      vertex   -8.000000e+01 -5.200000e+00 -4.170000e+01
      vertex   -7.956001e+01 -4.100000e+00 -4.164207e+01
      vertex   -8.000000e+01 -4.100000e+00 -4.170000e+01
    endloop
  endfacet
  facet normal 1.305262e-01 -0.000000e+00 9.914449e-01
    outer loop
      vertex   -8.000000e+01 -5.200000e+00 -4.170000e+01
      vertex   -8.000000e+01 -4.100000e+00 -4.170000e+01
      vertex   -8.043999e+01 -5.200000e+00 -4.164207e+01
    endloop
  endfacet
  facet normal 1.305262e-01 -0.000000e+00 9.914449e-01
    outer loop
      vertex   -8.043999e+01 -5.200000e+00 -4.164207e+01
      vertex   -8.000000e+01 -4.100000e+00 -4.170000e+01
      vertex   -8.043999e+01 -4.100000e+00 -4.164207e+01
    endloop
  endfacet
  facet normal 3.826834e-01 -0.000000e+00 9.238795e-01
    outer loop
      vertex   -8.043999e+01 -5.200000e+00 -4.164207e+01
      vertex   -8.043999e+01 -4.100000e+00 -4.164207e+01
      vertex   -8.085000e+01 -5.200000e+00 -4.147224e+01
    endloop
  endfacet
  facet normal 3.826834e-01 -0.000000e+00 9.238795e-01
    outer loop
      vertex   -8.085000e+01 -5.200000e+00 -4.147224e+01
      vertex   -8.043999e+01 -4.100000e+00 -4.164207e+01
      vertex   -8.085000e+01 -4.100000e+00 -4.147224e+01
    endloop
  endfacet
  facet normal 6.087614e-01 -0.000000e+00 7.933533e-01
    outer loop
      vertex   -8.085000e+01 -5.200000e+00 -4.147224e+01
      vertex   -8.085000e+01 -4.100000e+00 -4.147224e+01
      vertex   -8.120208e+01 -5.200000e+00 -4.120208e+01
    endloop
  endfacet
  facet normal 6.087614e-01 -0.000000e+00 7.933533e-01
    outer loop
      vertex   -8.120208e+01 -5.200000e+00 -4.120208e+01
      vertex   -8.085000e+01 -4.100000e+00 -4.147224e+01
      vertex   -8.120208e+01 -4.100000e+00 -4.120208e+01
    endloop
  endfacet
  facet normal 7.933533e-01 -0.000000e+00 6.087614e-01
    outer loop
      vertex   -8.120208e+01 -5.200000e+00 -4.120208e+01
      vertex   -8.120208e+01 -4.100000e+00 -4.120208e+01
      vertex   -8.147224e+01 -5.200000e+00 -4.085000e+01
    endloop
  endfacet
  facet normal 7.933533e-01 -0.000000e+00 6.087614e-01
    outer loop
      vertex   -8.147224e+01 -5.200000e+00 -4.085000e+01
      vertex   -8.120208e+01 -4.100000e+00 -4.120208e+01
      vertex   -8.147224e+01 -4.100000e+00 -4.085000e+01
    endloop
  endfacet
  facet normal 9.238795e-01 -0.000000e+00 3.826834e-01
    outer loop
      vertex   -8.147224e+01 -5.200000e+00 -4.085000e+01
      vertex   -8.147224e+01 -4.100000e+00 -4.085000e+01
      vertex   -8.164207e+01 -5.200000e+00 -4.043999e+01
    endloop
  endfacet
  facet normal 9.238795e-01 -0.000000e+00 3.826834e-01
    outer loop
      vertex   -8.164207e+01 -5.200000e+00 -4.043999e+01
      vertex   -8.147224e+01 -4.100000e+00 -4.085000e+01
      vertex   -8.164207e+01 -4.100000e+00 -4.043999e+01
    endloop
  endfacet
  facet normal 9.914449e-01 -0.000000e+00 1.305262e-01
    outer loop
      vertex   -1.642074e+00 -5.200000e+00 -4.399924e-01
      vertex   -1.642074e+00 -4.100000e+00 -4.399924e-01
      vertex   -1.700000e+00 -5.200000e+00 1.797176e-14
    endloop
  endfacet
  facet normal 9.914449e-01 4.940771e-17 1.305262e-01
    outer loop
      vertex   -1.700000e+00 -5.200000e+00 1.797176e-14
      vertex   -1.642074e+00 -4.100000e+00 -4.399924e-01
      vertex   -1.700000e+00 -4.100000e+00 1.755538e-14
    endloop
  endfacet
  facet normal 9.914449e-01 -4.940771e-17 -1.305262e-01
    outer loop
      vertex   -1.700000e+00 -5.200000e+00 1.797176e-14
      vertex   -1.700000e+00 -4.100000e+00 1.755538e-14
      vertex   -1.642074e+00 -5.200000e+00 4.399924e-01
    endloop
  endfacet
  facet normal 9.914449e-01 0.000000e+00 -1.305262e-01
    outer loop
      vertex   -1.642074e+00 -5.200000e+00 4.399924e-01
      vertex   -1.700000e+00 -4.100000e+00 1.755538e-14
      vertex   -1.642074e+00 -4.100000e+00 4.399924e-01
    endloop
  endfacet
  facet normal 9.238795e-01 0.000000e+00 -3.826834e-01
    outer loop
      vertex   -1.642074e+00 -5.200000e+00 4.399924e-01
      vertex   -1.642074e+00 -4.100000e+00 4.399924e-01
      vertex   -1.472243e+00 -5.200000e+00 8.500000e-01
    endloop
  endfacet
  facet normal 9.238795e-01 0.000000e+00 -3.826834e-01
    outer loop
      vertex   -1.472243e+00 -5.200000e+00 8.500000e-01
      vertex   -1.642074e+00 -4.100000e+00 4.399924e-01
      vertex   -1.472243e+00 -4.100000e+00 8.500000e-01
    endloop
  endfacet
  facet normal 7.933533e-01 0.000000e+00 -6.087614e-01
    outer loop
      vertex   -1.472243e+00 -5.200000e+00 8.500000e-01
      vertex   -1.472243e+00 -4.100000e+00 8.500000e-01
      vertex   -1.202082e+00 -5.200000e+00 1.202082e+00
    endloop
  endfacet
  facet normal 7.933533e-01 0.000000e+00 -6.087614e-01
    outer loop
      vertex   -1.202082e+00 -5.200000e+00 1.202082e+00
      vertex   -1.472243e+00 -4.100000e+00 8.500000e-01
      vertex   -1.202082e+00 -4.100000e+00 1.202082e+00
    endloop
  endfacet
  facet normal 6.087614e-01 0.000000e+00 -7.933533e-01
    outer loop
      vertex   -1.202082e+00 -5.200000e+00 1.202082e+00
      vertex   -1.202082e+00 -4.100000e+00 1.202082e+00
      vertex   -8.500000e-01 -5.200000e+00 1.472243e+00
    endloop
  endfacet
  facet normal 6.087614e-01 0.000000e+00 -7.933533e-01
    outer loop
      vertex   -8.500000e-01 -5.200000e+00 1.472243e+00
      vertex   -1.202082e+00 -4.100000e+00 1.202082e+00
      vertex   -8.500000e-01 -4.100000e+00 1.472243e+00
    endloop
  endfacet
  facet normal 3.826834e-01 0.000000e+00 -9.238795e-01
    outer loop
      vertex   -8.500000e-01 -5.200000e+00 1.472243e+00
      vertex   -8.500000e-01 -4.100000e+00 1.472243e+00
      vertex   -4.399924e-01 -5.200000e+00 1.642074e+00
    endloop
  endfacet
  facet normal 3.826834e-01 0.000000e+00 -9.238795e-01
    outer loop
      vertex   -4.399924e-01 -5.200000e+00 1.642074e+00
      vertex   -8.500000e-01 -4.100000e+00 1.472243e+00
      vertex   -4.399924e-01 -4.100000e+00 1.642074e+00
    endloop
  endfacet
  facet normal 1.305262e-01 0.000000e+00 -9.914449e-01
    outer loop
      vertex   -4.399924e-01 -5.200000e+00 1.642074e+00
      vertex   -4.399924e-01 -4.100000e+00 1.642074e+00
      vertex   -5.318661e-14 -5.200000e+00 1.700000e+00
    endloop
  endfacet
  facet normal 1.305262e-01 0.000000e+00 -9.914449e-01
    outer loop
      vertex   -5.318661e-14 -5.200000e+00 1.700000e+00
      vertex   -4.399924e-01 -4.100000e+00 1.642074e+00
      vertex   -5.318661e-14 -4.100000e+00 1.700000e+00
    endloop
  endfacet
  facet normal -1.305262e-01 0.000000e+00 -9.914449e-01
    outer loop
      vertex   -5.318661e-14 -5.200000e+00 1.700000e+00
      vertex   -5.318661e-14 -4.100000e+00 1.700000e+00
      vertex   4.399924e-01 -5.200000e+00 1.642074e+00
    endloop
  endfacet
  facet normal -1.305262e-01 0.000000e+00 -9.914449e-01
    outer loop
      vertex   4.399924e-01 -5.200000e+00 1.642074e+00
      vertex   -5.318661e-14 -4.100000e+00 1.700000e+00
      vertex   4.399924e-01 -4.100000e+00 1.642074e+00
    endloop
  endfacet
  facet normal -3.826834e-01 0.000000e+00 -9.238795e-01
    outer loop
      vertex   4.399924e-01 -5.200000e+00 1.642074e+00
      vertex   4.399924e-01 -4.100000e+00 1.642074e+00
      vertex   8.500000e-01 -5.200000e+00 1.472243e+00
    endloop
  endfacet
  facet normal -3.826834e-01 0.000000e+00 -9.238795e-01
    outer loop
      vertex   8.500000e-01 -5.200000e+00 1.472243e+00
      vertex   4.399924e-01 -4.100000e+00 1.642074e+00
      vertex   8.500000e-01 -4.100000e+00 1.472243e+00
    endloop
  endfacet
  facet normal -6.087614e-01 0.000000e+00 -7.933533e-01
    outer loop
      vertex   8.500000e-01 -5.200000e+00 1.472243e+00
      vertex   8.500000e-01 -4.100000e+00 1.472243e+00
      vertex   1.202082e+00 -5.200000e+00 1.202082e+00
    endloop
  endfacet
  facet normal -6.087614e-01 0.000000e+00 -7.933533e-01
    outer loop
      vertex   1.202082e+00 -5.200000e+00 1.202082e+00
      vertex   8.500000e-01 -4.100000e+00 1.472243e+00
      vertex   1.202082e+00 -4.100000e+00 1.202082e+00
    endloop
  endfacet
  facet normal -7.933533e-01 0.000000e+00 -6.087614e-01
    outer loop
      vertex   1.202082e+00 -5.200000e+00 1.202082e+00
      vertex   1.202082e+00 -4.100000e+00 1.202082e+00
      vertex   1.472243e+00 -5.200000e+00 8.500000e-01
    endloop
  endfacet
  facet normal -7.933533e-01 0.000000e+00 -6.087614e-01
    outer loop
      vertex   1.472243e+00 -5.200000e+00 8.500000e-01
      vertex   1.202082e+00 -4.100000e+00 1.202082e+00
      vertex   1.472243e+00 -4.100000e+00 8.500000e-01
    endloop
  endfacet
  facet normal -9.238795e-01 0.000000e+00 -3.826834e-01
    outer loop
      vertex   1.472243e+00 -5.200000e+00 8.500000e-01
      vertex   1.472243e+00 -4.100000e+00 8.500000e-01
      vertex   1.642074e+00 -5.200000e+00 4.399924e-01
    endloop
  endfacet
  facet normal -9.238795e-01 0.000000e+00 -3.826834e-01
    outer loop
      vertex   1.642074e+00 -5.200000e+00 4.399924e-01
      vertex   1.472243e+00 -4.100000e+00 8.500000e-01
      vertex   1.642074e+00 -4.100000e+00 4.399924e-01
    endloop
  endfacet
  facet normal -9.914449e-01 0.000000e+00 -1.305262e-01
    outer loop
      vertex   1.642074e+00 -5.200000e+00 4.399924e-01
      vertex   1.642074e+00 -4.100000e+00 4.399924e-01
      vertex   1.700000e+00 -5.200000e+00 1.776357e-14
    endloop
  endfacet
  facet normal -9.914449e-01 0.000000e+00 -1.305262e-01
    outer loop
      vertex   1.700000e+00 -5.200000e+00 1.776357e-14
      vertex   1.642074e+00 -4.100000e+00 4.399924e-01
      vertex   1.700000e+00 -4.100000e+00 1.776357e-14
    endloop
  endfacet
  facet normal -9.914449e-01 0.000000e+00 1.305262e-01
    outer loop
      vertex   1.700000e+00 -5.200000e+00 1.776357e-14
      vertex   1.700000e+00 -4.100000e+00 1.776357e-14
      vertex   1.642074e+00 -5.200000e+00 -4.399924e-01
    endloop
  endfacet
  facet normal -9.914449e-01 0.000000e+00 1.305262e-01
    outer loop
      vertex   1.642074e+00 -5.200000e+00 -4.399924e-01
      vertex   1.700000e+00 -4.100000e+00 1.776357e-14
      vertex   1.642074e+00 -4.100000e+00 -4.399924e-01
    endloop
  endfacet
  facet normal -9.238795e-01 0.000000e+00 3.826834e-01
    outer loop
      vertex   1.642074e+00 -5.200000e+00 -4.399924e-01
      vertex   1.642074e+00 -4.100000e+00 -4.399924e-01
      vertex   1.472243e+00 -5.200000e+00 -8.500000e-01
    endloop
  endfacet
  facet normal -9.238795e-01 0.000000e+00 3.826834e-01
    outer loop
      vertex   1.472243e+00 -5.200000e+00 -8.500000e-01
      vertex   1.642074e+00 -4.100000e+00 -4.399924e-01
      vertex   1.472243e+00 -4.100000e+00 -8.500000e-01
    endloop
  endfacet
  facet normal -7.933533e-01 0.000000e+00 6.087614e-01
    outer loop
      vertex   1.472243e+00 -5.200000e+00 -8.500000e-01
      vertex   1.472243e+00 -4.100000e+00 -8.500000e-01
      vertex   1.202082e+00 -5.200000e+00 -1.202082e+00
    endloop
  endfacet
  facet normal -7.933533e-01 0.000000e+00 6.087614e-01
    outer loop
      vertex   1.202082e+00 -5.200000e+00 -1.202082e+00
      vertex   1.472243e+00 -4.100000e+00 -8.500000e-01
      vertex   1.202082e+00 -4.100000e+00 -1.202082e+00
    endloop
  endfacet
  facet normal -6.087614e-01 0.000000e+00 7.933533e-01
    outer loop
      vertex   1.202082e+00 -5.200000e+00 -1.202082e+00
      vertex   1.202082e+00 -4.100000e+00 -1.202082e+00
      vertex   8.500000e-01 -5.200000e+00 -1.472243e+00
    endloop
  endfacet
  facet normal -6.087614e-01 0.000000e+00 7.933533e-01
    outer loop
      vertex   8.500000e-01 -5.200000e+00 -1.472243e+00
      vertex   1.202082e+00 -4.100000e+00 -1.202082e+00
      vertex   8.500000e-01 -4.100000e+00 -1.472243e+00
    endloop
  endfacet
  facet normal -3.826834e-01 0.000000e+00 9.238795e-01
    outer loop
      vertex   8.500000e-01 -5.200000e+00 -1.472243e+00
      vertex   8.500000e-01 -4.100000e+00 -1.472243e+00
      vertex   4.399924e-01 -5.200000e+00 -1.642074e+00
    endloop
  endfacet
  facet normal -3.826834e-01 0.000000e+00 9.238795e-01
    outer loop
      vertex   4.399924e-01 -5.200000e+00 -1.642074e+00
      vertex   8.500000e-01 -4.100000e+00 -1.472243e+00
      vertex   4.399924e-01 -4.100000e+00 -1.642074e+00
    endloop
  endfacet
  facet normal -1.305262e-01 0.000000e+00 9.914449e-01
    outer loop
      vertex   4.399924e-01 -5.200000e+00 -1.642074e+00
      vertex   4.399924e-01 -4.100000e+00 -1.642074e+00
      vertex   -5.318661e-14 -5.200000e+00 -1.700000e+00
    endloop
  endfacet
  facet normal -1.305262e-01 0.000000e+00 9.914449e-01
    outer loop
      vertex   -5.318661e-14 -5.200000e+00 -1.700000e+00
      vertex   4.399924e-01 -4.100000e+00 -1.642074e+00
      vertex   -5.318661e-14 -4.100000e+00 -1.700000e+00
    endloop
  endfacet
  facet normal 1.305262e-01 -0.000000e+00 9.914449e-01
    outer loop
      vertex   -5.318661e-14 -5.200000e+00 -1.700000e+00
      vertex   -5.318661e-14 -4.100000e+00 -1.700000e+00
      vertex   -4.399924e-01 -5.200000e+00 -1.642074e+00
    endloop
  endfacet
  facet normal 1.305262e-01 -0.000000e+00 9.914449e-01
    outer loop
      vertex   -4.399924e-01 -5.200000e+00 -1.642074e+00
      vertex   -5.318661e-14 -4.100000e+00 -1.700000e+00
      vertex   -4.399924e-01 -4.100000e+00 -1.642074e+00
    endloop
  endfacet
  facet normal 3.826834e-01 -0.000000e+00 9.238795e-01
    outer loop
      vertex   -4.399924e-01 -5.200000e+00 -1.642074e+00
      vertex   -4.399924e-01 -4.100000e+00 -1.642074e+00
      vertex   -8.500000e-01 -5.200000e+00 -1.472243e+00
    endloop
  endfacet
  facet normal 3.826834e-01 -0.000000e+00 9.238795e-01
    outer loop
      vertex   -8.500000e-01 -5.200000e+00 -1.472243e+00
      vertex   -4.399924e-01 -4.100000e+00 -1.642074e+00
      vertex   -8.500000e-01 -4.100000e+00 -1.472243e+00
    endloop
  endfacet
  facet normal 6.087614e-01 -0.000000e+00 7.933533e-01
    outer loop
      vertex   -8.500000e-01 -5.200000e+00 -1.472243e+00
      vertex   -8.500000e-01 -4.100000e+00 -1.472243e+00
      vertex   -1.202082e+00 -5.200000e+00 -1.202082e+00
    endloop
  endfacet
  facet normal 6.087614e-01 -0.000000e+00 7.933533e-01
    outer loop
      vertex   -1.202082e+00 -5.200000e+00 -1.202082e+00
      vertex   -8.500000e-01 -4.100000e+00 -1.472243e+00
      vertex   -1.202082e+00 -4.100000e+00 -1.202082e+00
    endloop
  endfacet
  facet normal 7.933533e-01 -0.000000e+00 6.087614e-01
    outer loop
      vertex   -1.202082e+00 -5.200000e+00 -1.202082e+00
      vertex   -1.202082e+00 -4.100000e+00 -1.202082e+00
      vertex   -1.472243e+00 -5.200000e+00 -8.500000e-01
    endloop
  endfacet
  facet normal 7.933533e-01 -0.000000e+00 6.087614e-01
    outer loop
      vertex   -1.472243e+00 -5.200000e+00 -8.500000e-01
      vertex   -1.202082e+00 -4.100000e+00 -1.202082e+00
      vertex   -1.472243e+00 -4.100000e+00 -8.500000e-01
    endloop
  endfacet
  facet normal 9.238795e-01 -0.000000e+00 3.826834e-01
    outer loop
      vertex   -1.472243e+00 -5.200000e+00 -8.500000e-01
      vertex   -1.472243e+00 -4.100000e+00 -8.500000e-01
      vertex   -1.642074e+00 -5.200000e+00 -4.399924e-01
    endloop
  endfacet
  facet normal 9.238795e-01 -0.000000e+00 3.826834e-01
    outer loop
      vertex   -1.642074e+00 -5.200000e+00 -4.399924e-01
      vertex   -1.472243e+00 -4.100000e+00 -8.500000e-01
      vertex   -1.642074e+00 -4.100000e+00 -4.399924e-01
    endloop
  endfacet
  facet normal -9.914449e-01 0.000000e+00 1.305262e-01
    outer loop
      vertex   5.000000e-01 -4.100000e+00 -6.000000e+01
      vertex   5.000000e-01 -1.600000e+00 -6.000000e+01
      vertex   4.829629e-01 -4.100000e+00 -6.012941e+01
    endloop
  endfacet
  facet normal -9.914449e-01 0.000000e+00 1.305262e-01
    outer loop
      vertex   4.829629e-01 -4.100000e+00 -6.012941e+01
      vertex   5.000000e-01 -1.600000e+00 -6.000000e+01
      vertex   4.829629e-01 -1.600000e+00 -6.012941e+01
    endloop
  endfacet
  facet normal -9.238795e-01 0.000000e+00 3.826834e-01
    outer loop
      vertex   4.829629e-01 -4.100000e+00 -6.012941e+01
      vertex   4.829629e-01 -1.600000e+00 -6.012941e+01
      vertex   4.330127e-01 -4.100000e+00 -6.025000e+01
    endloop
  endfacet
  facet normal -9.238795e-01 0.000000e+00 3.826834e-01
    outer loop
      vertex   4.330127e-01 -4.100000e+00 -6.025000e+01
      vertex   4.829629e-01 -1.600000e+00 -6.012941e+01
      vertex   4.330127e-01 -1.600000e+00 -6.025000e+01
    endloop
  endfacet
  facet normal -7.933533e-01 0.000000e+00 6.087614e-01
    outer loop
      vertex   4.330127e-01 -4.100000e+00 -6.025000e+01
      vertex   4.330127e-01 -1.600000e+00 -6.025000e+01
      vertex   3.535534e-01 -4.100000e+00 -6.035355e+01
    endloop
  endfacet
  facet normal -7.933533e-01 0.000000e+00 6.087614e-01
    outer loop
      vertex   3.535534e-01 -4.100000e+00 -6.035355e+01
      vertex   4.330127e-01 -1.600000e+00 -6.025000e+01
      vertex   3.535534e-01 -1.600000e+00 -6.035355e+01
    endloop
  endfacet
  facet normal -6.087614e-01 0.000000e+00 7.933533e-01
    outer loop
      vertex   3.535534e-01 -4.100000e+00 -6.035355e+01
      vertex   3.535534e-01 -1.600000e+00 -6.035355e+01
      vertex   2.500000e-01 -4.100000e+00 -6.043301e+01
    endloop
  endfacet
  facet normal -6.087614e-01 0.000000e+00 7.933533e-01
    outer loop
      vertex   2.500000e-01 -4.100000e+00 -6.043301e+01
      vertex   3.535534e-01 -1.600000e+00 -6.035355e+01
      vertex   2.500000e-01 -1.600000e+00 -6.043301e+01
    endloop
  endfacet
  facet normal -3.826834e-01 0.000000e+00 9.238795e-01
    outer loop
      vertex   2.500000e-01 -4.100000e+00 -6.043301e+01
      vertex   2.500000e-01 -1.600000e+00 -6.043301e+01
      vertex   1.294095e-01 -4.100000e+00 -6.048296e+01
    endloop
  endfacet
  facet normal -3.826834e-01 0.000000e+00 9.238795e-01
    outer loop
      vertex   1.294095e-01 -4.100000e+00 -6.048296e+01
      vertex   2.500000e-01 -1.600000e+00 -6.043301e+01
      vertex   1.294095e-01 -1.600000e+00 -6.048296e+01
    endloop
  endfacet
  facet normal -1.305262e-01 0.000000e+00 9.914449e-01
    outer loop
      vertex   1.294095e-01 -4.100000e+00 -6.048296e+01
      vertex   1.294095e-01 -1.600000e+00 -6.048296e+01
      vertex   0.000000e+00 -4.100000e+00 -6.050000e+01
    endloop
  endfacet
  facet normal -1.305262e-01 1.598485e-18 9.914449e-01
    outer loop
      vertex   0.000000e+00 -4.100000e+00 -6.050000e+01
      vertex   1.294095e-01 -1.600000e+00 -6.048296e+01
      vertex   3.061617e-17 -1.600000e+00 -6.050000e+01
    endloop
  endfacet
  facet normal 2.131628e-16 -2.610492e-33 1.000000e+00
    outer loop
      vertex   3.061617e-17 -1.600000e+00 -6.050000e+01
      vertex   -1.000000e+02 -1.600000e+00 -6.050000e+01
      vertex   0.000000e+00 -4.100000e+00 -6.050000e+01
    endloop
  endfacet
  facet normal 2.131628e-16 0.000000e+00 1.000000e+00
    outer loop
      vertex   0.000000e+00 -4.100000e+00 -6.050000e+01
      vertex   -1.000000e+02 -1.600000e+00 -6.050000e+01
      vertex   -1.000000e+02 -4.100000e+00 -6.050000e+01
    endloop
  endfacet
  facet normal 1.305262e-01 -0.000000e+00 9.914449e-01
    outer loop
      vertex   -1.000000e+02 -4.100000e+00 -6.050000e+01
      vertex   -1.000000e+02 -1.600000e+00 -6.050000e+01
      vertex   -1.001294e+02 -4.100000e+00 -6.048296e+01
    endloop
  endfacet
  facet normal 1.305262e-01 -0.000000e+00 9.914449e-01
    outer loop
      vertex   -1.001294e+02 -4.100000e+00 -6.048296e+01
      vertex   -1.000000e+02 -1.600000e+00 -6.050000e+01
      vertex   -1.001294e+02 -1.600000e+00 -6.048296e+01
    endloop
  endfacet
  facet normal 3.826834e-01 -0.000000e+00 9.238795e-01
    outer loop
      vertex   -1.001294e+02 -4.100000e+00 -6.048296e+01
      vertex   -1.001294e+02 -1.600000e+00 -6.048296e+01
      vertex   -1.002500e+02 -4.100000e+00 -6.043301e+01
    endloop
  endfacet
  facet normal 3.826834e-01 -0.000000e+00 9.238795e-01
    outer loop
      vertex   -1.002500e+02 -4.100000e+00 -6.043301e+01
      vertex   -1.001294e+02 -1.600000e+00 -6.048296e+01
      vertex   -1.002500e+02 -1.600000e+00 -6.043301e+01
    endloop
  endfacet
  facet normal 6.087614e-01 -0.000000e+00 7.933533e-01
    outer loop
      vertex   -1.002500e+02 -4.100000e+00 -6.043301e+01
      vertex   -1.002500e+02 -1.600000e+00 -6.043301e+01
      vertex   -1.003536e+02 -4.100000e+00 -6.035355e+01
    endloop
  endfacet
  facet normal 6.087614e-01 -0.000000e+00 7.933533e-01
    outer loop
      vertex   -1.003536e+02 -4.100000e+00 -6.035355e+01
      vertex   -1.002500e+02 -1.600000e+00 -6.043301e+01
      vertex   -1.003536e+02 -1.600000e+00 -6.035355e+01
    endloop
  endfacet
  facet normal 7.933533e-01 -0.000000e+00 6.087614e-01
    outer loop
      vertex   -1.003536e+02 -4.100000e+00 -6.035355e+01
      vertex   -1.003536e+02 -1.600000e+00 -6.035355e+01
      vertex   -1.004330e+02 -4.100000e+00 -6.025000e+01
    endloop
  endfacet
  facet normal 7.933533e-01 -0.000000e+00 6.087614e-01
    outer loop
      vertex   -1.004330e+02 -4.100000e+00 -6.025000e+01
      vertex   -1.003536e+02 -1.600000e+00 -6.035355e+01
      vertex   -1.004330e+02 -1.600000e+00 -6.025000e+01
    endloop
  endfacet
  facet normal 9.238795e-01 -0.000000e+00 3.826834e-01
    outer loop
      vertex   -1.004330e+02 -4.100000e+00 -6.025000e+01
      vertex   -1.004330e+02 -1.600000e+00 -6.025000e+01
      vertex   -1.004830e+02 -4.100000e+00 -6.012941e+01
    endloop
  endfacet
  facet normal 9.238795e-01 -0.000000e+00 3.826834e-01
    outer loop
      vertex   -1.004830e+02 -4.100000e+00 -6.012941e+01
      vertex   -1.004330e+02 -1.600000e+00 -6.025000e+01
      vertex   -1.004830e+02 -1.600000e+00 -6.012941e+01
    endloop
  endfacet
  facet normal 9.914449e-01 -0.000000e+00 1.305262e-01
    outer loop
      vertex   -1.004830e+02 -4.100000e+00 -6.012941e+01
      vertex   -1.004830e+02 -1.600000e+00 -6.012941e+01
      vertex   -1.005000e+02 -4.100000e+00 -6.000000e+01
    endloop
  endfacet
  facet normal 9.914449e-01 -0.000000e+00 1.305262e-01
    outer loop
      vertex   -1.005000e+02 -4.100000e+00 -6.000000e+01
      vertex   -1.004830e+02 -1.600000e+00 -6.012941e+01
      vertex   -1.005000e+02 -1.600000e+00 -6.000000e+01
    endloop
  endfacet
  facet normal 1.000000e+00 0.000000e+00 -0.000000e+00
    outer loop
      vertex   -1.005000e+02 -1.600000e+00 -6.000000e+01
      vertex   -1.005000e+02 -1.600000e+00 0.000000e+00
      vertex   -1.005000e+02 -4.100000e+00 -6.000000e+01
    endloop
  endfacet
  facet normal 1.000000e+00 0.000000e+00 0.000000e+00
    outer loop
      vertex   -1.005000e+02 -4.100000e+00 -6.000000e+01
      vertex   -1.005000e+02 -1.600000e+00 0.000000e+00
      vertex   -1.005000e+02 -4.100000e+00 0.000000e+00
    endloop
  endfacet
  facet normal 9.914449e-01 0.000000e+00 -1.305262e-01
    outer loop
      vertex   -1.005000e+02 -4.100000e+00 0.000000e+00
      vertex   -1.005000e+02 -1.600000e+00 0.000000e+00
      vertex   -1.004830e+02 -4.100000e+00 1.294095e-01
    endloop
  endfacet
  facet normal 9.914449e-01 0.000000e+00 -1.305262e-01
    outer loop
      vertex   -1.004830e+02 -4.100000e+00 1.294095e-01
      vertex   -1.005000e+02 -1.600000e+00 0.000000e+00
      vertex   -1.004830e+02 -1.600000e+00 1.294095e-01
    endloop
  endfacet
  facet normal 9.238795e-01 0.000000e+00 -3.826834e-01
    outer loop
      vertex   -1.004830e+02 -4.100000e+00 1.294095e-01
      vertex   -1.004830e+02 -1.600000e+00 1.294095e-01
      vertex   -1.004330e+02 -4.100000e+00 2.500000e-01
    endloop
  endfacet
  facet normal 9.238795e-01 0.000000e+00 -3.826834e-01
    outer loop
      vertex   -1.004330e+02 -4.100000e+00 2.500000e-01
      vertex   -1.004830e+02 -1.600000e+00 1.294095e-01
      vertex   -1.004330e+02 -1.600000e+00 2.500000e-01
    endloop
  endfacet
  facet normal 7.933533e-01 0.000000e+00 -6.087614e-01
    outer loop
      vertex   -1.004330e+02 -4.100000e+00 2.500000e-01
      vertex   -1.004330e+02 -1.600000e+00 2.500000e-01
      vertex   -1.003536e+02 -4.100000e+00 3.535534e-01
    endloop
  endfacet
  facet normal 7.933533e-01 0.000000e+00 -6.087614e-01
    outer loop
      vertex   -1.003536e+02 -4.100000e+00 3.535534e-01
      vertex   -1.004330e+02 -1.600000e+00 2.500000e-01
      vertex   -1.003536e+02 -1.600000e+00 3.535534e-01
    endloop
  endfacet
  facet normal 6.087614e-01 0.000000e+00 -7.933533e-01
    outer loop
      vertex   -1.003536e+02 -4.100000e+00 3.535534e-01
      vertex   -1.003536e+02 -1.600000e+00 3.535534e-01
      vertex   -1.002500e+02 -4.100000e+00 4.330127e-01
    endloop
  endfacet
  facet normal 6.087614e-01 0.000000e+00 -7.933533e-01
    outer loop
      vertex   -1.002500e+02 -4.100000e+00 4.330127e-01
      vertex   -1.003536e+02 -1.600000e+00 3.535534e-01
      vertex   -1.002500e+02 -1.600000e+00 4.330127e-01
    endloop
  endfacet
  facet normal 3.826834e-01 0.000000e+00 -9.238795e-01
    outer loop
      vertex   -1.002500e+02 -4.100000e+00 4.330127e-01
      vertex   -1.002500e+02 -1.600000e+00 4.330127e-01
      vertex   -1.001294e+02 -4.100000e+00 4.829629e-01
    endloop
  endfacet
  facet normal 3.826834e-01 0.000000e+00 -9.238795e-01
    outer loop
      vertex   -1.001294e+02 -4.100000e+00 4.829629e-01
      vertex   -1.002500e+02 -1.600000e+00 4.330127e-01
      vertex   -1.001294e+02 -1.600000e+00 4.829629e-01
    endloop
  endfacet
  facet normal 1.305262e-01 0.000000e+00 -9.914449e-01
    outer loop
      vertex   -1.001294e+02 -4.100000e+00 4.829629e-01
      vertex   -1.001294e+02 -1.600000e+00 4.829629e-01
      vertex   -1.000000e+02 -4.100000e+00 5.000000e-01
    endloop
  endfacet
  facet normal 1.305262e-01 0.000000e+00 -9.914449e-01
    outer loop
      vertex   -1.000000e+02 -4.100000e+00 5.000000e-01
      vertex   -1.001294e+02 -1.600000e+00 4.829629e-01
      vertex   -1.000000e+02 -1.600000e+00 5.000000e-01
    endloop
  endfacet
  facet normal 5.046468e-17 0.000000e+00 -1.000000e+00
    outer loop
      vertex   -1.000000e+02 -1.600000e+00 5.000000e-01
      vertex   -3.400000e+01 -1.600000e+00 5.000000e-01
      vertex   -1.000000e+02 -4.100000e+00 5.000000e-01
    endloop
  endfacet
  facet normal 6.728624e-17 -4.440892e-16 -1.000000e+00
    outer loop
      vertex   -1.000000e+02 -4.100000e+00 5.000000e-01
      vertex   -3.400000e+01 -1.600000e+00 5.000000e-01
      vertex   -3.400000e+01 -4.100000e+00 5.000000e-01
    endloop
  endfacet
  facet normal 8.715574e-02 -4.423993e-16 -9.961947e-01
    outer loop
      vertex   -3.400000e+01 -4.100000e+00 5.000000e-01
      vertex   -3.400000e+01 -1.600000e+00 5.000000e-01
      vertex   -3.339223e+01 -4.100000e+00 5.531729e-01
    endloop
  endfacet
  facet normal 8.715574e-02 0.000000e+00 -9.961947e-01
    outer loop
      vertex   -3.339223e+01 -4.100000e+00 5.531729e-01
      vertex   -3.400000e+01 -1.600000e+00 5.000000e-01
      vertex   -3.339223e+01 -1.600000e+00 5.531729e-01
    endloop
  endfacet
  facet normal 2.588190e-01 0.000000e+00 -9.659258e-01
    outer loop
      vertex   -3.339223e+01 -4.100000e+00 5.531729e-01
      vertex   -3.339223e+01 -1.600000e+00 5.531729e-01
      vertex   -3.280293e+01 -4.100000e+00 7.110758e-01
    endloop
  endfacet
  facet normal 2.588190e-01 0.000000e+00 -9.659258e-01
    outer loop
      vertex   -3.280293e+01 -4.100000e+00 7.110758e-01
      vertex   -3.339223e+01 -1.600000e+00 5.531729e-01
      vertex   -3.280293e+01 -1.600000e+00 7.110758e-01
    endloop
  endfacet
  facet normal 4.226183e-01 0.000000e+00 -9.063078e-01
    outer loop
      vertex   -3.280293e+01 -4.100000e+00 7.110758e-01
      vertex   -3.280293e+01 -1.600000e+00 7.110758e-01
      vertex   -3.225000e+01 -4.100000e+00 9.689111e-01
    endloop
  endfacet
  facet normal 4.226183e-01 0.000000e+00 -9.063078e-01
    outer loop
      vertex   -3.225000e+01 -4.100000e+00 9.689111e-01
      vertex   -3.280293e+01 -1.600000e+00 7.110758e-01
      vertex   -3.225000e+01 -1.600000e+00 9.689111e-01
    endloop
  endfacet
  facet normal 5.735764e-01 0.000000e+00 -8.191520e-01
    outer loop
      vertex   -3.225000e+01 -4.100000e+00 9.689111e-01
      vertex   -3.225000e+01 -1.600000e+00 9.689111e-01
      vertex   -3.175024e+01 -4.100000e+00 1.318844e+00
    endloop
  endfacet
  facet normal 5.735764e-01 0.000000e+00 -8.191520e-01
    outer loop
      vertex   -3.175024e+01 -4.100000e+00 1.318844e+00
      vertex   -3.225000e+01 -1.600000e+00 9.689111e-01
      vertex   -3.175024e+01 -1.600000e+00 1.318844e+00
    endloop
  endfacet
  facet normal 7.071068e-01 0.000000e+00 -7.071068e-01
    outer loop
      vertex   -3.175024e+01 -4.100000e+00 1.318844e+00
      vertex   -3.175024e+01 -1.600000e+00 1.318844e+00
      vertex   -3.131884e+01 -4.100000e+00 1.750243e+00
    endloop
  endfacet
  facet normal 7.071068e-01 0.000000e+00 -7.071068e-01
    outer loop
      vertex   -3.131884e+01 -4.100000e+00 1.750243e+00
      vertex   -3.175024e+01 -1.600000e+00 1.318844e+00
      vertex   -3.131884e+01 -1.600000e+00 1.750243e+00
    endloop
  endfacet
  facet normal 8.191520e-01 0.000000e+00 -5.735764e-01
    outer loop
      vertex   -3.131884e+01 -4.100000e+00 1.750243e+00
      vertex   -3.131884e+01 -1.600000e+00 1.750243e+00
      vertex   -3.096891e+01 -4.100000e+00 2.250000e+00
    endloop
  endfacet
  facet normal 8.191520e-01 0.000000e+00 -5.735764e-01
    outer loop
      vertex   -3.096891e+01 -4.100000e+00 2.250000e+00
      vertex   -3.131884e+01 -1.600000e+00 1.750243e+00
      vertex   -3.096891e+01 -1.600000e+00 2.250000e+00
    endloop
  endfacet
  facet normal 9.063078e-01 0.000000e+00 -4.226183e-01
    outer loop
      vertex   -3.096891e+01 -4.100000e+00 2.250000e+00
      vertex   -3.096891e+01 -1.600000e+00 2.250000e+00
      vertex   -3.071108e+01 -4.100000e+00 2.802929e+00
    endloop
  endfacet
  facet normal 9.063078e-01 0.000000e+00 -4.226183e-01
    outer loop
      vertex   -3.071108e+01 -4.100000e+00 2.802929e+00
      vertex   -3.096891e+01 -1.600000e+00 2.250000e+00
      vertex   -3.071108e+01 -1.600000e+00 2.802929e+00
    endloop
  endfacet
  facet normal 9.659258e-01 0.000000e+00 -2.588190e-01
    outer loop
      vertex   -3.071108e+01 -4.100000e+00 2.802929e+00
      vertex   -3.071108e+01 -1.600000e+00 2.802929e+00
      vertex   -3.055317e+01 -4.100000e+00 3.392231e+00
    endloop
  endfacet
  facet normal 9.659258e-01 0.000000e+00 -2.588190e-01
    outer loop
      vertex   -3.055317e+01 -4.100000e+00 3.392231e+00
      vertex   -3.071108e+01 -1.600000e+00 2.802929e+00
      vertex   -3.055317e+01 -1.600000e+00 3.392231e+00
    endloop
  endfacet
  facet normal 9.961947e-01 0.000000e+00 -8.715574e-02
    outer loop
      vertex   -3.055317e+01 -4.100000e+00 3.392231e+00
      vertex   -3.055317e+01 -1.600000e+00 3.392231e+00
      vertex   -3.050000e+01 -4.100000e+00 4.000000e+00
    endloop
  endfacet
  facet normal 9.961947e-01 0.000000e+00 -8.715574e-02
    outer loop
      vertex   -3.050000e+01 -4.100000e+00 4.000000e+00
      vertex   -3.055317e+01 -1.600000e+00 3.392231e+00
      vertex   -3.050000e+01 -1.600000e+00 4.000000e+00
    endloop
  endfacet
  facet normal 1.000000e+00 0.000000e+00 -0.000000e+00
    outer loop
      vertex   -3.050000e+01 -1.600000e+00 4.000000e+00
      vertex   -3.050000e+01 -1.600000e+00 2.200000e+01
      vertex   -3.050000e+01 -4.100000e+00 4.000000e+00
    endloop
  endfacet
  facet normal 1.000000e+00 0.000000e+00 0.000000e+00
    outer loop
      vertex   -3.050000e+01 -4.100000e+00 4.000000e+00
      vertex   -3.050000e+01 -1.600000e+00 2.200000e+01
      vertex   -3.050000e+01 -4.100000e+00 2.200000e+01
    endloop
  endfacet
  facet normal 9.914449e-01 0.000000e+00 -1.305262e-01
    outer loop
      vertex   -3.050000e+01 -4.100000e+00 2.200000e+01
      vertex   -3.050000e+01 -1.600000e+00 2.200000e+01
      vertex   -3.048296e+01 -4.100000e+00 2.212941e+01
    endloop
  endfacet
  facet normal 9.914449e-01 0.000000e+00 -1.305262e-01
    outer loop
      vertex   -3.048296e+01 -4.100000e+00 2.212941e+01
      vertex   -3.050000e+01 -1.600000e+00 2.200000e+01
      vertex   -3.048296e+01 -1.600000e+00 2.212941e+01
    endloop
  endfacet
  facet normal 9.238795e-01 0.000000e+00 -3.826834e-01
    outer loop
      vertex   -3.048296e+01 -4.100000e+00 2.212941e+01
      vertex   -3.048296e+01 -1.600000e+00 2.212941e+01
      vertex   -3.043301e+01 -4.100000e+00 2.225000e+01
    endloop
  endfacet
  facet normal 9.238795e-01 0.000000e+00 -3.826834e-01
    outer loop
      vertex   -3.043301e+01 -4.100000e+00 2.225000e+01
      vertex   -3.048296e+01 -1.600000e+00 2.212941e+01
      vertex   -3.043301e+01 -1.600000e+00 2.225000e+01
    endloop
  endfacet
  facet normal 7.933533e-01 0.000000e+00 -6.087614e-01
    outer loop
      vertex   -3.043301e+01 -4.100000e+00 2.225000e+01
      vertex   -3.043301e+01 -1.600000e+00 2.225000e+01
      vertex   -3.035355e+01 -4.100000e+00 2.235355e+01
    endloop
  endfacet
  facet normal 7.933533e-01 0.000000e+00 -6.087614e-01
    outer loop
      vertex   -3.035355e+01 -4.100000e+00 2.235355e+01
      vertex   -3.043301e+01 -1.600000e+00 2.225000e+01
      vertex   -3.035355e+01 -1.600000e+00 2.235355e+01
    endloop
  endfacet
  facet normal 6.087614e-01 0.000000e+00 -7.933533e-01
    outer loop
      vertex   -3.035355e+01 -4.100000e+00 2.235355e+01
      vertex   -3.035355e+01 -1.600000e+00 2.235355e+01
      vertex   -3.025000e+01 -4.100000e+00 2.243301e+01
    endloop
  endfacet
  facet normal 6.087614e-01 0.000000e+00 -7.933533e-01
    outer loop
      vertex   -3.025000e+01 -4.100000e+00 2.243301e+01
      vertex   -3.035355e+01 -1.600000e+00 2.235355e+01
      vertex   -3.025000e+01 -1.600000e+00 2.243301e+01
    endloop
  endfacet
  facet normal 3.826834e-01 0.000000e+00 -9.238795e-01
    outer loop
      vertex   -3.025000e+01 -4.100000e+00 2.243301e+01
      vertex   -3.025000e+01 -1.600000e+00 2.243301e+01
      vertex   -3.012941e+01 -4.100000e+00 2.248296e+01
    endloop
  endfacet
  facet normal 3.826834e-01 0.000000e+00 -9.238795e-01
    outer loop
      vertex   -3.012941e+01 -4.100000e+00 2.248296e+01
      vertex   -3.025000e+01 -1.600000e+00 2.243301e+01
      vertex   -3.012941e+01 -1.600000e+00 2.248296e+01
    endloop
  endfacet
  facet normal 1.305262e-01 0.000000e+00 -9.914449e-01
    outer loop
      vertex   -3.012941e+01 -4.100000e+00 2.248296e+01
      vertex   -3.012941e+01 -1.600000e+00 2.248296e+01
      vertex   -3.000000e+01 -4.100000e+00 2.250000e+01
    endloop
  endfacet
  facet normal 1.305262e-01 1.408928e-15 -9.914449e-01
    outer loop
      vertex   -3.000000e+01 -4.100000e+00 2.250000e+01
      vertex   -3.012941e+01 -1.600000e+00 2.248296e+01
      vertex   -3.000000e+01 -1.600000e+00 2.250000e+01
    endloop
  endfacet
  facet normal 0.000000e+00 1.421085e-15 -1.000000e+00
    outer loop
      vertex   -3.000000e+01 -1.600000e+00 2.250000e+01
      vertex   3.000000e+01 -1.600000e+00 2.250000e+01
      vertex   -3.000000e+01 -4.100000e+00 2.250000e+01
    endloop
  endfacet
  facet normal 0.000000e+00 1.421085e-15 -1.000000e+00
    outer loop
      vertex   -3.000000e+01 -4.100000e+00 2.250000e+01
      vertex   3.000000e+01 -1.600000e+00 2.250000e+01
      vertex   3.000000e+01 -4.100000e+00 2.250000e+01
    endloop
  endfacet
  facet normal -1.305262e-01 1.408928e-15 -9.914449e-01
    outer loop
      vertex   3.000000e+01 -4.100000e+00 2.250000e+01
      vertex   3.000000e+01 -1.600000e+00 2.250000e+01
      vertex   3.012941e+01 -4.100000e+00 2.248296e+01
    endloop
  endfacet
  facet normal -1.305262e-01 0.000000e+00 -9.914449e-01
    outer loop
      vertex   3.012941e+01 -4.100000e+00 2.248296e+01
      vertex   3.000000e+01 -1.600000e+00 2.250000e+01
      vertex   3.012941e+01 -1.600000e+00 2.248296e+01
    endloop
  endfacet
  facet normal -3.826834e-01 0.000000e+00 -9.238795e-01
    outer loop
      vertex   3.012941e+01 -4.100000e+00 2.248296e+01
      vertex   3.012941e+01 -1.600000e+00 2.248296e+01
      vertex   3.025000e+01 -4.100000e+00 2.243301e+01
    endloop
  endfacet
  facet normal -3.826834e-01 0.000000e+00 -9.238795e-01
    outer loop
      vertex   3.025000e+01 -4.100000e+00 2.243301e+01
      vertex   3.012941e+01 -1.600000e+00 2.248296e+01
      vertex   3.025000e+01 -1.600000e+00 2.243301e+01
    endloop
  endfacet
  facet normal -6.087614e-01 0.000000e+00 -7.933533e-01
    outer loop
      vertex   3.025000e+01 -4.100000e+00 2.243301e+01
      vertex   3.025000e+01 -1.600000e+00 2.243301e+01
      vertex   3.035355e+01 -4.100000e+00 2.235355e+01
    endloop
  endfacet
  facet normal -6.087614e-01 0.000000e+00 -7.933533e-01
    outer loop
      vertex   3.035355e+01 -4.100000e+00 2.235355e+01
      vertex   3.025000e+01 -1.600000e+00 2.243301e+01
      vertex   3.035355e+01 -1.600000e+00 2.235355e+01
    endloop
  endfacet
  facet normal -7.933533e-01 0.000000e+00 -6.087614e-01
    outer loop
      vertex   3.035355e+01 -4.100000e+00 2.235355e+01
      vertex   3.035355e+01 -1.600000e+00 2.235355e+01
      vertex   3.043301e+01 -4.100000e+00 2.225000e+01
    endloop
  endfacet
  facet normal -7.933533e-01 0.000000e+00 -6.087614e-01
    outer loop
      vertex   3.043301e+01 -4.100000e+00 2.225000e+01
      vertex   3.035355e+01 -1.600000e+00 2.235355e+01
      vertex   3.043301e+01 -1.600000e+00 2.225000e+01
    endloop
  endfacet
  facet normal -9.238795e-01 0.000000e+00 -3.826834e-01
    outer loop
      vertex   3.043301e+01 -4.100000e+00 2.225000e+01
      vertex   3.043301e+01 -1.600000e+00 2.225000e+01
      vertex   3.048296e+01 -4.100000e+00 2.212941e+01
    endloop
  endfacet
  facet normal -9.238795e-01 0.000000e+00 -3.826834e-01
    outer loop
      vertex   3.048296e+01 -4.100000e+00 2.212941e+01
      vertex   3.043301e+01 -1.600000e+00 2.225000e+01
      vertex   3.048296e+01 -1.600000e+00 2.212941e+01
    endloop
  endfacet
  facet normal -9.914449e-01 0.000000e+00 -1.305262e-01
    outer loop
      vertex   3.048296e+01 -4.100000e+00 2.212941e+01
      vertex   3.048296e+01 -1.600000e+00 2.212941e+01
      vertex   3.050000e+01 -4.100000e+00 2.200000e+01
    endloop
  endfacet
  facet normal -9.914449e-01 0.000000e+00 -1.305262e-01
    outer loop
      vertex   3.050000e+01 -4.100000e+00 2.200000e+01
      vertex   3.048296e+01 -1.600000e+00 2.212941e+01
      vertex   3.050000e+01 -1.600000e+00 2.200000e+01
    endloop
  endfacet
  facet normal -9.914449e-01 0.000000e+00 1.305262e-01
    outer loop
      vertex   3.050000e+01 -4.100000e+00 -3.350000e+01
      vertex   3.050000e+01 -1.600000e+00 -3.350000e+01
      vertex   3.048296e+01 -4.100000e+00 -3.362941e+01
    endloop
  endfacet
  facet normal -9.914449e-01 0.000000e+00 1.305262e-01
    outer loop
      vertex   3.048296e+01 -4.100000e+00 -3.362941e+01
      vertex   3.050000e+01 -1.600000e+00 -3.350000e+01
      vertex   3.048296e+01 -1.600000e+00 -3.362941e+01
    endloop
  endfacet
  facet normal -9.238795e-01 0.000000e+00 3.826834e-01
    outer loop
      vertex   3.048296e+01 -4.100000e+00 -3.362941e+01
      vertex   3.048296e+01 -1.600000e+00 -3.362941e+01
      vertex   3.043301e+01 -4.100000e+00 -3.375000e+01
    endloop
  endfacet
  facet normal -9.238795e-01 0.000000e+00 3.826834e-01
    outer loop
      vertex   3.043301e+01 -4.100000e+00 -3.375000e+01
      vertex   3.048296e+01 -1.600000e+00 -3.362941e+01
      vertex   3.043301e+01 -1.600000e+00 -3.375000e+01
    endloop
  endfacet
  facet normal -7.933533e-01 0.000000e+00 6.087614e-01
    outer loop
      vertex   3.043301e+01 -4.100000e+00 -3.375000e+01
      vertex   3.043301e+01 -1.600000e+00 -3.375000e+01
      vertex   3.035355e+01 -4.100000e+00 -3.385355e+01
    endloop
  endfacet
  facet normal -7.933533e-01 0.000000e+00 6.087614e-01
    outer loop
      vertex   3.035355e+01 -4.100000e+00 -3.385355e+01
      vertex   3.043301e+01 -1.600000e+00 -3.375000e+01
      vertex   3.035355e+01 -1.600000e+00 -3.385355e+01
    endloop
  endfacet
  facet normal -6.087614e-01 0.000000e+00 7.933533e-01
    outer loop
      vertex   3.035355e+01 -4.100000e+00 -3.385355e+01
      vertex   3.035355e+01 -1.600000e+00 -3.385355e+01
      vertex   3.025000e+01 -4.100000e+00 -3.393301e+01
    endloop
  endfacet
  facet normal -6.087614e-01 0.000000e+00 7.933533e-01
    outer loop
      vertex   3.025000e+01 -4.100000e+00 -3.393301e+01
      vertex   3.035355e+01 -1.600000e+00 -3.385355e+01
      vertex   3.025000e+01 -1.600000e+00 -3.393301e+01
    endloop
  endfacet
  facet normal -3.826834e-01 0.000000e+00 9.238795e-01
    outer loop
      vertex   3.025000e+01 -4.100000e+00 -3.393301e+01
      vertex   3.025000e+01 -1.600000e+00 -3.393301e+01
      vertex   3.012941e+01 -4.100000e+00 -3.398296e+01
    endloop
  endfacet
  facet normal -3.826834e-01 0.000000e+00 9.238795e-01
    outer loop
      vertex   3.012941e+01 -4.100000e+00 -3.398296e+01
      vertex   3.025000e+01 -1.600000e+00 -3.393301e+01
      vertex   3.012941e+01 -1.600000e+00 -3.398296e+01
    endloop
  endfacet
  facet normal -1.305262e-01 0.000000e+00 9.914449e-01
    outer loop
      vertex   3.012941e+01 -4.100000e+00 -3.398296e+01
      vertex   3.012941e+01 -1.600000e+00 -3.398296e+01
      vertex   3.000000e+01 -4.100000e+00 -3.400000e+01
    endloop
  endfacet
  facet normal -1.305262e-01 0.000000e+00 9.914449e-01
    outer loop
      vertex   3.000000e+01 -4.100000e+00 -3.400000e+01
      vertex   3.012941e+01 -1.600000e+00 -3.398296e+01
      vertex   3.000000e+01 -1.600000e+00 -3.400000e+01
    endloop
  endfacet
  facet normal -2.273737e-15 -5.465713e-15 1.000000e+00
    outer loop
      vertex   7.125000e+00 -1.600000e+00 -3.400000e+01
      vertex   4.000000e+00 -1.600000e+00 -3.400000e+01
      vertex   7.125000e+00 -2.900000e+00 -3.400000e+01
    endloop
  endfacet
  facet normal 0.000000e+00 0.000000e+00 1.000000e+00
    outer loop
      vertex   7.125000e+00 -2.900000e+00 -3.400000e+01
      vertex   4.000000e+00 -1.600000e+00 -3.400000e+01
      vertex   4.000000e+00 -4.100000e+00 -3.400000e+01
    endloop
  endfacet
  facet normal -4.003058e-16 1.042463e-15 1.000000e+00
    outer loop
      vertex   7.125000e+00 -2.900000e+00 -3.400000e+01
      vertex   4.000000e+00 -4.100000e+00 -3.400000e+01
      vertex   2.487500e+01 -2.900000e+00 -3.400000e+01
    endloop
  endfacet
  facet normal 0.000000e+00 -5.921189e-15 1.000000e+00
    outer loop
      vertex   2.487500e+01 -2.900000e+00 -3.400000e+01
      vertex   4.000000e+00 -4.100000e+00 -3.400000e+01
      vertex   3.000000e+01 -4.100000e+00 -3.400000e+01
    endloop
  endfacet
  facet normal 1.386425e-15 0.000000e+00 1.000000e+00
    outer loop
      vertex   2.487500e+01 -2.900000e+00 -3.400000e+01
      vertex   3.000000e+01 -4.100000e+00 -3.400000e+01
      vertex   3.000000e+01 -1.600000e+00 -3.400000e+01
    endloop
  endfacet
  facet normal 1.386425e-15 0.000000e+00 1.000000e+00
    outer loop
      vertex   3.000000e+01 -1.600000e+00 -3.400000e+01
      vertex   2.487500e+01 -1.600000e+00 -3.400000e+01
      vertex   2.487500e+01 -2.900000e+00 -3.400000e+01
    endloop
  endfacet
  facet normal -8.715574e-02 0.000000e+00 9.961947e-01
    outer loop
      vertex   4.000000e+00 -4.100000e+00 -3.400000e+01
      vertex   4.000000e+00 -1.600000e+00 -3.400000e+01
      vertex   3.392231e+00 -4.100000e+00 -3.405317e+01
    endloop
  endfacet
  facet normal -8.715574e-02 0.000000e+00 9.961947e-01
    outer loop
      vertex   3.392231e+00 -4.100000e+00 -3.405317e+01
      vertex   4.000000e+00 -1.600000e+00 -3.400000e+01
      vertex   3.392231e+00 -1.600000e+00 -3.405317e+01
    endloop
  endfacet
  facet normal -2.588190e-01 0.000000e+00 9.659258e-01
    outer loop
      vertex   3.392231e+00 -4.100000e+00 -3.405317e+01
      vertex   3.392231e+00 -1.600000e+00 -3.405317e+01
      vertex   2.802929e+00 -4.100000e+00 -3.421108e+01
    endloop
  endfacet
  facet normal -2.588190e-01 0.000000e+00 9.659258e-01
    outer loop
      vertex   2.802929e+00 -4.100000e+00 -3.421108e+01
      vertex   3.392231e+00 -1.600000e+00 -3.405317e+01
      vertex   2.802929e+00 -1.600000e+00 -3.421108e+01
    endloop
  endfacet
  facet normal -4.226183e-01 0.000000e+00 9.063078e-01
    outer loop
      vertex   2.802929e+00 -4.100000e+00 -3.421108e+01
      vertex   2.802929e+00 -1.600000e+00 -3.421108e+01
      vertex   2.250000e+00 -4.100000e+00 -3.446891e+01
    endloop
  endfacet
  facet normal -4.226183e-01 0.000000e+00 9.063078e-01
    outer loop
      vertex   2.250000e+00 -4.100000e+00 -3.446891e+01
      vertex   2.802929e+00 -1.600000e+00 -3.421108e+01
      vertex   2.250000e+00 -1.600000e+00 -3.446891e+01
    endloop
  endfacet
  facet normal -5.735764e-01 0.000000e+00 8.191520e-01
    outer loop
      vertex   2.250000e+00 -4.100000e+00 -3.446891e+01
      vertex   2.250000e+00 -1.600000e+00 -3.446891e+01
      vertex   1.750243e+00 -4.100000e+00 -3.481884e+01
    endloop
  endfacet
  facet normal -5.735764e-01 0.000000e+00 8.191520e-01
    outer loop
      vertex   1.750243e+00 -4.100000e+00 -3.481884e+01
      vertex   2.250000e+00 -1.600000e+00 -3.446891e+01
      vertex   1.750243e+00 -1.600000e+00 -3.481884e+01
    endloop
  endfacet
  facet normal -7.071068e-01 0.000000e+00 7.071068e-01
    outer loop
      vertex   1.750243e+00 -4.100000e+00 -3.481884e+01
      vertex   1.750243e+00 -1.600000e+00 -3.481884e+01
      vertex   1.318844e+00 -4.100000e+00 -3.525024e+01
    endloop
  endfacet
  facet normal -7.071068e-01 0.000000e+00 7.071068e-01
    outer loop
      vertex   1.318844e+00 -4.100000e+00 -3.525024e+01
      vertex   1.750243e+00 -1.600000e+00 -3.481884e+01
      vertex   1.318844e+00 -1.600000e+00 -3.525024e+01
    endloop
  endfacet
  facet normal -8.191520e-01 0.000000e+00 5.735764e-01
    outer loop
      vertex   1.318844e+00 -4.100000e+00 -3.525024e+01
      vertex   1.318844e+00 -1.600000e+00 -3.525024e+01
      vertex   9.689111e-01 -4.100000e+00 -3.575000e+01
    endloop
  endfacet
  facet normal -8.191520e-01 0.000000e+00 5.735764e-01
    outer loop
      vertex   9.689111e-01 -4.100000e+00 -3.575000e+01
      vertex   1.318844e+00 -1.600000e+00 -3.525024e+01
      vertex   9.689111e-01 -1.600000e+00 -3.575000e+01
    endloop
  endfacet
  facet normal -9.063078e-01 0.000000e+00 4.226183e-01
    outer loop
      vertex   9.689111e-01 -4.100000e+00 -3.575000e+01
      vertex   9.689111e-01 -1.600000e+00 -3.575000e+01
      vertex   7.110758e-01 -4.100000e+00 -3.630293e+01
    endloop
  endfacet
  facet normal -9.063078e-01 0.000000e+00 4.226183e-01
    outer loop
      vertex   7.110758e-01 -4.100000e+00 -3.630293e+01
      vertex   9.689111e-01 -1.600000e+00 -3.575000e+01
      vertex   7.110758e-01 -1.600000e+00 -3.630293e+01
    endloop
  endfacet
  facet normal -9.659258e-01 0.000000e+00 2.588190e-01
    outer loop
      vertex   7.110758e-01 -4.100000e+00 -3.630293e+01
      vertex   7.110758e-01 -1.600000e+00 -3.630293e+01
      vertex   5.531729e-01 -4.100000e+00 -3.689223e+01
    endloop
  endfacet
  facet normal -9.659258e-01 0.000000e+00 2.588190e-01
    outer loop
      vertex   5.531729e-01 -4.100000e+00 -3.689223e+01
      vertex   7.110758e-01 -1.600000e+00 -3.630293e+01
      vertex   5.531729e-01 -1.600000e+00 -3.689223e+01
    endloop
  endfacet
  facet normal -9.961947e-01 0.000000e+00 8.715574e-02
    outer loop
      vertex   5.531729e-01 -4.100000e+00 -3.689223e+01
      vertex   5.531729e-01 -1.600000e+00 -3.689223e+01
      vertex   5.000000e-01 -4.100000e+00 -3.750000e+01
    endloop
  endfacet
  facet normal -9.961947e-01 0.000000e+00 8.715574e-02
    outer loop
      vertex   5.000000e-01 -4.100000e+00 -3.750000e+01
      vertex   5.531729e-01 -1.600000e+00 -3.689223e+01
      vertex   5.000000e-01 -1.600000e+00 -3.750000e+01
    endloop
  endfacet
  facet normal -1.000000e+00 -0.000000e+00 -0.000000e+00
    outer loop
      vertex   5.000000e-01 -1.600000e+00 -3.750000e+01
      vertex   5.000000e-01 -1.600000e+00 -6.000000e+01
      vertex   5.000000e-01 -4.100000e+00 -3.750000e+01
    endloop
  endfacet
  facet normal -1.000000e+00 0.000000e+00 0.000000e+00
    outer loop
      vertex   5.000000e-01 -4.100000e+00 -3.750000e+01
      vertex   5.000000e-01 -1.600000e+00 -6.000000e+01
      vertex   5.000000e-01 -4.100000e+00 -6.000000e+01
    endloop
  endfacet
  facet normal 0.000000e+00 1.000000e+00 0.000000e+00
    outer loop
      vertex   1.300000e+01 -4.100000e+00 -2.304657e+01
      vertex   2.802929e+00 -4.100000e+00 -3.421108e+01
      vertex   1.300000e+01 -4.100000e+00 -2.104657e+01
    endloop
  endfacet
  facet normal 0.000000e+00 1.000000e+00 0.000000e+00
    outer loop
      vertex   1.300000e+01 -4.100000e+00 -2.104657e+01
      vertex   2.802929e+00 -4.100000e+00 -3.421108e+01
      vertex   2.250000e+00 -4.100000e+00 -3.446891e+01
    endloop
  endfacet
  facet normal 0.000000e+00 1.000000e+00 0.000000e+00
    outer loop
      vertex   1.300000e+01 -4.100000e+00 -2.104657e+01
      vertex   2.250000e+00 -4.100000e+00 -3.446891e+01
      vertex   -2.000000e+01 -4.100000e+00 -3.830000e+01
    endloop
  endfacet
  facet normal -0.000000e+00 1.000000e+00 0.000000e+00
    outer loop
      vertex   -2.000000e+01 -4.100000e+00 -3.830000e+01
      vertex   2.250000e+00 -4.100000e+00 -3.446891e+01
      vertex   -1.956001e+01 -4.100000e+00 -3.835793e+01
    endloop
  endfacet
  facet normal 0.000000e+00 1.000000e+00 0.000000e+00
    outer loop
      vertex   -1.956001e+01 -4.100000e+00 -3.835793e+01
      vertex   2.250000e+00 -4.100000e+00 -3.446891e+01
      vertex   1.750243e+00 -4.100000e+00 -3.481884e+01
    endloop
  endfacet
  facet normal 0.000000e+00 1.000000e+00 0.000000e+00
    outer loop
      vertex   -1.956001e+01 -4.100000e+00 -3.835793e+01
      vertex   1.750243e+00 -4.100000e+00 -3.481884e+01
      vertex   1.318844e+00 -4.100000e+00 -3.525024e+01
    endloop
  endfacet
  facet normal 0.000000e+00 1.000000e+00 0.000000e+00
    outer loop
      vertex   1.300000e+01 -4.100000e+00 -2.304657e+01
      vertex   1.305014e+01 -4.100000e+00 -2.349161e+01
      vertex   2.802929e+00 -4.100000e+00 -3.421108e+01
    endloop
  endfacet
  facet normal 0.000000e+00 1.000000e+00 0.000000e+00
    outer loop
      vertex   2.802929e+00 -4.100000e+00 -3.421108e+01
      vertex   1.305014e+01 -4.100000e+00 -2.349161e+01
      vertex   3.392231e+00 -4.100000e+00 -3.405317e+01
    endloop
  endfacet
  facet normal 0.000000e+00 1.000000e+00 0.000000e+00
    outer loop
      vertex   3.392231e+00 -4.100000e+00 -3.405317e+01
      vertex   1.305014e+01 -4.100000e+00 -2.349161e+01
      vertex   1.319806e+01 -4.100000e+00 -2.391434e+01
    endloop
  endfacet
  facet normal 0.000000e+00 1.000000e+00 0.000000e+00
    outer loop
      vertex   3.392231e+00 -4.100000e+00 -3.405317e+01
      vertex   1.319806e+01 -4.100000e+00 -2.391434e+01
      vertex   4.000000e+00 -4.100000e+00 -3.400000e+01
    endloop
  endfacet
  facet normal 0.000000e+00 1.000000e+00 0.000000e+00
    outer loop
      vertex   4.000000e+00 -4.100000e+00 -3.400000e+01
      vertex   1.319806e+01 -4.100000e+00 -2.391434e+01
      vertex   1.343634e+01 -4.100000e+00 -2.429355e+01
    endloop
  endfacet
  facet normal 0.000000e+00 1.000000e+00 0.000000e+00
    outer loop
      vertex   4.000000e+00 -4.100000e+00 -3.400000e+01
      vertex   1.343634e+01 -4.100000e+00 -2.429355e+01
      vertex   1.375302e+01 -4.100000e+00 -2.461023e+01
    endloop
  endfacet
  facet normal 0.000000e+00 1.000000e+00 0.000000e+00
    outer loop
      vertex   1.375302e+01 -4.100000e+00 -2.461023e+01
      vertex   1.413223e+01 -4.100000e+00 -2.484851e+01
      vertex   4.000000e+00 -4.100000e+00 -3.400000e+01
    endloop
  endfacet
  facet normal 0.000000e+00 1.000000e+00 0.000000e+00
    outer loop
      vertex   4.000000e+00 -4.100000e+00 -3.400000e+01
      vertex   1.413223e+01 -4.100000e+00 -2.484851e+01
      vertex   1.455496e+01 -4.100000e+00 -2.499643e+01
    endloop
  endfacet
  facet normal 0.000000e+00 1.000000e+00 0.000000e+00
    outer loop
      vertex   4.000000e+00 -4.100000e+00 -3.400000e+01
      vertex   1.455496e+01 -4.100000e+00 -2.499643e+01
      vertex   1.500000e+01 -4.100000e+00 -2.504657e+01
    endloop
  endfacet
  facet normal 0.000000e+00 1.000000e+00 0.000000e+00
    outer loop
      vertex   1.500000e+01 -4.100000e+00 -2.504657e+01
      vertex   1.700000e+01 -4.100000e+00 -2.504657e+01
      vertex   4.000000e+00 -4.100000e+00 -3.400000e+01
    endloop
  endfacet
  facet normal 0.000000e+00 1.000000e+00 0.000000e+00
    outer loop
      vertex   4.000000e+00 -4.100000e+00 -3.400000e+01
      vertex   1.700000e+01 -4.100000e+00 -2.504657e+01
      vertex   3.000000e+01 -4.100000e+00 -3.400000e+01
    endloop
  endfacet
  facet normal 0.000000e+00 1.000000e+00 0.000000e+00
    outer loop
      vertex   3.000000e+01 -4.100000e+00 -3.400000e+01
      vertex   1.700000e+01 -4.100000e+00 -2.504657e+01
      vertex   1.744504e+01 -4.100000e+00 -2.499643e+01
    endloop
  endfacet
  facet normal 0.000000e+00 1.000000e+00 -0.000000e+00
    outer loop
      vertex   3.000000e+01 -4.100000e+00 -3.400000e+01
      vertex   1.744504e+01 -4.100000e+00 -2.499643e+01
      vertex   3.050000e+01 -4.100000e+00 -3.350000e+01
    endloop
  endfacet
  facet normal 0.000000e+00 1.000000e+00 0.000000e+00
    outer loop
      vertex   3.050000e+01 -4.100000e+00 -3.350000e+01
      vertex   1.744504e+01 -4.100000e+00 -2.499643e+01
      vertex   1.786777e+01 -4.100000e+00 -2.484851e+01
    endloop
  endfacet
  facet normal 0.000000e+00 1.000000e+00 0.000000e+00
    outer loop
      vertex   3.050000e+01 -4.100000e+00 -3.350000e+01
      vertex   1.786777e+01 -4.100000e+00 -2.484851e+01
      vertex   1.824698e+01 -4.100000e+00 -2.461023e+01
    endloop
  endfacet
  facet normal -0.000000e+00 1.000000e+00 0.000000e+00
    outer loop
      vertex   1.824698e+01 -4.100000e+00 -2.461023e+01
      vertex   1.856366e+01 -4.100000e+00 -2.429355e+01
      vertex   3.050000e+01 -4.100000e+00 -3.350000e+01
    endloop
  endfacet
  facet normal 0.000000e+00 1.000000e+00 0.000000e+00
    outer loop
      vertex   3.050000e+01 -4.100000e+00 -3.350000e+01
      vertex   1.856366e+01 -4.100000e+00 -2.429355e+01
      vertex   1.880194e+01 -4.100000e+00 -2.391434e+01
    endloop
  endfacet
  facet normal 0.000000e+00 1.000000e+00 0.000000e+00
    outer loop
      vertex   3.050000e+01 -4.100000e+00 -3.350000e+01
      vertex   1.880194e+01 -4.100000e+00 -2.391434e+01
      vertex   1.894986e+01 -4.100000e+00 -2.349161e+01
    endloop
  endfacet
  facet normal -0.000000e+00 1.000000e+00 0.000000e+00
    outer loop
      vertex   1.894986e+01 -4.100000e+00 -2.349161e+01
      vertex   1.900000e+01 -4.100000e+00 -2.304657e+01
      vertex   3.050000e+01 -4.100000e+00 -3.350000e+01
    endloop
  endfacet
  facet normal 0.000000e+00 1.000000e+00 0.000000e+00
    outer loop
      vertex   3.050000e+01 -4.100000e+00 -3.350000e+01
      vertex   1.900000e+01 -4.100000e+00 -2.304657e+01
      vertex   1.900000e+01 -4.100000e+00 -2.104657e+01
    endloop
  endfacet
  facet normal 0.000000e+00 1.000000e+00 0.000000e+00
    outer loop
      vertex   3.050000e+01 -4.100000e+00 -3.350000e+01
      vertex   1.900000e+01 -4.100000e+00 -2.104657e+01
      vertex   1.894986e+01 -4.100000e+00 -2.060153e+01
    endloop
  endfacet
  facet normal -0.000000e+00 1.000000e+00 -0.000000e+00
    outer loop
      vertex   1.894986e+01 -4.100000e+00 -2.060153e+01
      vertex   1.880194e+01 -4.100000e+00 -2.017880e+01
      vertex   3.050000e+01 -4.100000e+00 -3.350000e+01
    endloop
  endfacet
  facet normal 0.000000e+00 1.000000e+00 0.000000e+00
    outer loop
      vertex   3.050000e+01 -4.100000e+00 -3.350000e+01
      vertex   1.880194e+01 -4.100000e+00 -2.017880e+01
      vertex   3.050000e+01 -4.100000e+00 2.200000e+01
    endloop
  endfacet
  facet normal 0.000000e+00 1.000000e+00 0.000000e+00
    outer loop
      vertex   3.050000e+01 -4.100000e+00 2.200000e+01
      vertex   1.880194e+01 -4.100000e+00 -2.017880e+01
      vertex   1.856366e+01 -4.100000e+00 -1.979959e+01
    endloop
  endfacet
  facet normal 0.000000e+00 1.000000e+00 0.000000e+00
    outer loop
      vertex   3.050000e+01 -4.100000e+00 2.200000e+01
      vertex   1.856366e+01 -4.100000e+00 -1.979959e+01
      vertex   1.824698e+01 -4.100000e+00 -1.948291e+01
    endloop
  endfacet
  facet normal 0.000000e+00 1.000000e+00 -0.000000e+00
    outer loop
      vertex   1.824698e+01 -4.100000e+00 -1.948291e+01
      vertex   1.786777e+01 -4.100000e+00 -1.924463e+01
      vertex   3.050000e+01 -4.100000e+00 2.200000e+01
    endloop
  endfacet
  facet normal 0.000000e+00 1.000000e+00 0.000000e+00
    outer loop
      vertex   3.050000e+01 -4.100000e+00 2.200000e+01
      vertex   1.786777e+01 -4.100000e+00 -1.924463e+01
      vertex   1.700000e+00 -4.100000e+00 1.776357e-14
    endloop
  endfacet
  facet normal 0.000000e+00 1.000000e+00 0.000000e+00
    outer loop
      vertex   3.050000e+01 -4.100000e+00 2.200000e+01
      vertex   1.700000e+00 -4.100000e+00 1.776357e-14
      vertex   1.642074e+00 -4.100000e+00 4.399924e-01
    endloop
  endfacet
  facet normal 0.000000e+00 1.000000e+00 0.000000e+00
    outer loop
      vertex   1.700000e+00 -4.100000e+00 1.776357e-14
      vertex   1.786777e+01 -4.100000e+00 -1.924463e+01
      vertex   1.642074e+00 -4.100000e+00 -4.399924e-01
    endloop
  endfacet
  facet normal 0.000000e+00 1.000000e+00 0.000000e+00
    outer loop
      vertex   1.642074e+00 -4.100000e+00 -4.399924e-01
      vertex   1.786777e+01 -4.100000e+00 -1.924463e+01
      vertex   1.744504e+01 -4.100000e+00 -1.909672e+01
    endloop
  endfacet
  facet normal 0.000000e+00 1.000000e+00 0.000000e+00
    outer loop
      vertex   1.642074e+00 -4.100000e+00 -4.399924e-01
      vertex   1.744504e+01 -4.100000e+00 -1.909672e+01
      vertex   1.472243e+00 -4.100000e+00 -8.500000e-01
    endloop
  endfacet
  facet normal 0.000000e+00 1.000000e+00 0.000000e+00
    outer loop
      vertex   1.472243e+00 -4.100000e+00 -8.500000e-01
      vertex   1.744504e+01 -4.100000e+00 -1.909672e+01
      vertex   1.700000e+01 -4.100000e+00 -1.904657e+01
    endloop
  endfacet
  facet normal 0.000000e+00 1.000000e+00 0.000000e+00
    outer loop
      vertex   1.472243e+00 -4.100000e+00 -8.500000e-01
      vertex   1.700000e+01 -4.100000e+00 -1.904657e+01
      vertex   1.202082e+00 -4.100000e+00 -1.202082e+00
    endloop
  endfacet
  facet normal 0.000000e+00 1.000000e+00 0.000000e+00
    outer loop
      vertex   1.202082e+00 -4.100000e+00 -1.202082e+00
      vertex   1.700000e+01 -4.100000e+00 -1.904657e+01
      vertex   1.500000e+01 -4.100000e+00 -1.904657e+01
    endloop
  endfacet
  facet normal 0.000000e+00 1.000000e+00 0.000000e+00
    outer loop
      vertex   1.202082e+00 -4.100000e+00 -1.202082e+00
      vertex   1.500000e+01 -4.100000e+00 -1.904657e+01
      vertex   8.500000e-01 -4.100000e+00 -1.472243e+00
    endloop
  endfacet
  facet normal 0.000000e+00 1.000000e+00 0.000000e+00
    outer loop
      vertex   8.500000e-01 -4.100000e+00 -1.472243e+00
      vertex   1.500000e+01 -4.100000e+00 -1.904657e+01
      vertex   1.455496e+01 -4.100000e+00 -1.909672e+01
    endloop
  endfacet
  facet normal 0.000000e+00 1.000000e+00 0.000000e+00
    outer loop
      vertex   8.500000e-01 -4.100000e+00 -1.472243e+00
      vertex   1.455496e+01 -4.100000e+00 -1.909672e+01
      vertex   4.399924e-01 -4.100000e+00 -1.642074e+00
    endloop
  endfacet
  facet normal 0.000000e+00 1.000000e+00 0.000000e+00
    outer loop
      vertex   4.399924e-01 -4.100000e+00 -1.642074e+00
      vertex   1.455496e+01 -4.100000e+00 -1.909672e+01
      vertex   1.413223e+01 -4.100000e+00 -1.924463e+01
    endloop
  endfacet
  facet normal 0.000000e+00 1.000000e+00 0.000000e+00
    outer loop
      vertex   4.399924e-01 -4.100000e+00 -1.642074e+00
      vertex   1.413223e+01 -4.100000e+00 -1.924463e+01
      vertex   -5.318661e-14 -4.100000e+00 -1.700000e+00
    endloop
  endfacet
  facet normal 0.000000e+00 1.000000e+00 0.000000e+00
    outer loop
      vertex   -5.318661e-14 -4.100000e+00 -1.700000e+00
      vertex   1.413223e+01 -4.100000e+00 -1.924463e+01
      vertex   1.375302e+01 -4.100000e+00 -1.948291e+01
    endloop
  endfacet
  facet normal 0.000000e+00 1.000000e+00 0.000000e+00
    outer loop
      vertex   -5.318661e-14 -4.100000e+00 -1.700000e+00
      vertex   1.375302e+01 -4.100000e+00 -1.948291e+01
      vertex   1.343634e+01 -4.100000e+00 -1.979959e+01
    endloop
  endfacet
  facet normal 0.000000e+00 1.000000e+00 0.000000e+00
    outer loop
      vertex   -5.318661e-14 -4.100000e+00 -1.700000e+00
      vertex   1.343634e+01 -4.100000e+00 -1.979959e+01
      vertex   -4.399924e-01 -4.100000e+00 -1.642074e+00
    endloop
  endfacet
  facet normal 0.000000e+00 1.000000e+00 0.000000e+00
    outer loop
      vertex   -4.399924e-01 -4.100000e+00 -1.642074e+00
      vertex   1.343634e+01 -4.100000e+00 -1.979959e+01
      vertex   1.319806e+01 -4.100000e+00 -2.017880e+01
    endloop
  endfacet
  facet normal 0.000000e+00 1.000000e+00 0.000000e+00
    outer loop
      vertex   -4.399924e-01 -4.100000e+00 -1.642074e+00
      vertex   1.319806e+01 -4.100000e+00 -2.017880e+01
      vertex   1.305014e+01 -4.100000e+00 -2.060153e+01
    endloop
  endfacet
  facet normal 0.000000e+00 1.000000e+00 -0.000000e+00
    outer loop
      vertex   1.300000e+01 -4.100000e+00 -2.104657e+01
      vertex   -2.000000e+01 -4.100000e+00 -3.830000e+01
      vertex   1.305014e+01 -4.100000e+00 -2.060153e+01
    endloop
  endfacet
  facet normal 0.000000e+00 1.000000e+00 0.000000e+00
    outer loop
      vertex   1.305014e+01 -4.100000e+00 -2.060153e+01
      vertex   -2.000000e+01 -4.100000e+00 -3.830000e+01
      vertex   -8.500000e-01 -4.100000e+00 -1.472243e+00
    endloop
  endfacet
  facet normal 0.000000e+00 1.000000e+00 0.000000e+00
    outer loop
      vertex   1.305014e+01 -4.100000e+00 -2.060153e+01
      vertex   -8.500000e-01 -4.100000e+00 -1.472243e+00
      vertex   -4.399924e-01 -4.100000e+00 -1.642074e+00
    endloop
  endfacet
  facet normal 0.000000e+00 1.000000e+00 0.000000e+00
    outer loop
      vertex   -6.164207e+01 -4.100000e+00 -2.043999e+01
      vertex   -8.043999e+01 -4.100000e+00 -3.835793e+01
      vertex   -6.170000e+01 -4.100000e+00 -2.000000e+01
    endloop
  endfacet
  facet normal 0.000000e+00 1.000000e+00 0.000000e+00
    outer loop
      vertex   -6.170000e+01 -4.100000e+00 -2.000000e+01
      vertex   -8.043999e+01 -4.100000e+00 -3.835793e+01
      vertex   -1.005000e+02 -4.100000e+00 0.000000e+00
    endloop
  endfacet
  facet normal 0.000000e+00 1.000000e+00 -0.000000e+00
    outer loop
      vertex   -6.170000e+01 -4.100000e+00 -2.000000e+01
      vertex   -1.005000e+02 -4.100000e+00 0.000000e+00
      vertex   -6.164207e+01 -4.100000e+00 -1.956001e+01
    endloop
  endfacet
  facet normal 0.000000e+00 1.000000e+00 -0.000000e+00
    outer loop
      vertex   -6.164207e+01 -4.100000e+00 -1.956001e+01
      vertex   -1.005000e+02 -4.100000e+00 0.000000e+00
      vertex   -6.147224e+01 -4.100000e+00 -1.915000e+01
    endloop
  endfacet
  facet normal 0.000000e+00 1.000000e+00 -0.000000e+00
    outer loop
      vertex   -6.147224e+01 -4.100000e+00 -1.915000e+01
      vertex   -1.005000e+02 -4.100000e+00 0.000000e+00
      vertex   -6.120208e+01 -4.100000e+00 -1.879792e+01
    endloop
  endfacet
  facet normal 0.000000e+00 1.000000e+00 -0.000000e+00
    outer loop
      vertex   -6.120208e+01 -4.100000e+00 -1.879792e+01
      vertex   -1.005000e+02 -4.100000e+00 0.000000e+00
      vertex   -6.085000e+01 -4.100000e+00 -1.852776e+01
    endloop
  endfacet
  facet normal 0.000000e+00 1.000000e+00 0.000000e+00
    outer loop
      vertex   -6.085000e+01 -4.100000e+00 -1.852776e+01
      vertex   -1.005000e+02 -4.100000e+00 0.000000e+00
      vertex   -1.000000e+02 -4.100000e+00 5.000000e-01
    endloop
  endfacet
  facet normal 0.000000e+00 1.000000e+00 -0.000000e+00
    outer loop
      vertex   -6.085000e+01 -4.100000e+00 -1.852776e+01
      vertex   -1.000000e+02 -4.100000e+00 5.000000e-01
      vertex   -6.043999e+01 -4.100000e+00 -1.835793e+01
    endloop
  endfacet
  facet normal 0.000000e+00 1.000000e+00 -0.000000e+00
    outer loop
      vertex   -6.043999e+01 -4.100000e+00 -1.835793e+01
      vertex   -1.000000e+02 -4.100000e+00 5.000000e-01
      vertex   -3.400000e+01 -4.100000e+00 5.000000e-01
    endloop
  endfacet
  facet normal 0.000000e+00 1.000000e+00 0.000000e+00
    outer loop
      vertex   -6.043999e+01 -4.100000e+00 -1.835793e+01
      vertex   -3.400000e+01 -4.100000e+00 5.000000e-01
      vertex   -6.000000e+01 -4.100000e+00 -1.830000e+01
    endloop
  endfacet
  facet normal -0.000000e+00 1.000000e+00 0.000000e+00
    outer loop
      vertex   -6.000000e+01 -4.100000e+00 -1.830000e+01
      vertex   -3.400000e+01 -4.100000e+00 5.000000e-01
      vertex   -5.956001e+01 -4.100000e+00 -1.835793e+01
    endloop
  endfacet
  facet normal -0.000000e+00 1.000000e+00 0.000000e+00
    outer loop
      vertex   -5.956001e+01 -4.100000e+00 -1.835793e+01
      vertex   -3.400000e+01 -4.100000e+00 5.000000e-01
      vertex   -5.915000e+01 -4.100000e+00 -1.852776e+01
    endloop
  endfacet
  facet normal -0.000000e+00 1.000000e+00 0.000000e+00
    outer loop
      vertex   -5.915000e+01 -4.100000e+00 -1.852776e+01
      vertex   -3.400000e+01 -4.100000e+00 5.000000e-01
      vertex   -5.879792e+01 -4.100000e+00 -1.879792e+01
    endloop
  endfacet
  facet normal -0.000000e+00 1.000000e+00 0.000000e+00
    outer loop
      vertex   -5.879792e+01 -4.100000e+00 -1.879792e+01
      vertex   -3.400000e+01 -4.100000e+00 5.000000e-01
      vertex   -5.852776e+01 -4.100000e+00 -1.915000e+01
    endloop
  endfacet
  facet normal -0.000000e+00 1.000000e+00 0.000000e+00
    outer loop
      vertex   -5.852776e+01 -4.100000e+00 -1.915000e+01
      vertex   -3.400000e+01 -4.100000e+00 5.000000e-01
      vertex   -5.835793e+01 -4.100000e+00 -1.956001e+01
    endloop
  endfacet
  facet normal 0.000000e+00 1.000000e+00 0.000000e+00
    outer loop
      vertex   -5.835793e+01 -4.100000e+00 -1.956001e+01
      vertex   -3.400000e+01 -4.100000e+00 5.000000e-01
      vertex   -3.339223e+01 -4.100000e+00 5.531729e-01
    endloop
  endfacet
  facet normal -0.000000e+00 1.000000e+00 0.000000e+00
    outer loop
      vertex   -5.835793e+01 -4.100000e+00 -1.956001e+01
      vertex   -3.339223e+01 -4.100000e+00 5.531729e-01
      vertex   -5.830000e+01 -4.100000e+00 -2.000000e+01
    endloop
  endfacet
  facet normal -0.000000e+00 1.000000e+00 0.000000e+00
    outer loop
      vertex   -5.830000e+01 -4.100000e+00 -2.000000e+01
      vertex   -3.339223e+01 -4.100000e+00 5.531729e-01
      vertex   -2.043999e+01 -4.100000e+00 -3.835793e+01
    endloop
  endfacet
  facet normal 0.000000e+00 1.000000e+00 0.000000e+00
    outer loop
      vertex   -5.830000e+01 -4.100000e+00 -2.000000e+01
      vertex   -2.043999e+01 -4.100000e+00 -3.835793e+01
      vertex   -5.835793e+01 -4.100000e+00 -2.043999e+01
    endloop
  endfacet
  facet normal 0.000000e+00 1.000000e+00 0.000000e+00
    outer loop
      vertex   -5.835793e+01 -4.100000e+00 -2.043999e+01
      vertex   -2.043999e+01 -4.100000e+00 -3.835793e+01
      vertex   -5.852776e+01 -4.100000e+00 -2.085000e+01
    endloop
  endfacet
  facet normal 0.000000e+00 1.000000e+00 0.000000e+00
    outer loop
      vertex   -5.852776e+01 -4.100000e+00 -2.085000e+01
      vertex   -2.043999e+01 -4.100000e+00 -3.835793e+01
      vertex   -2.085000e+01 -4.100000e+00 -3.852776e+01
    endloop
  endfacet
  facet normal 0.000000e+00 1.000000e+00 0.000000e+00
    outer loop
      vertex   -5.852776e+01 -4.100000e+00 -2.085000e+01
      vertex   -2.085000e+01 -4.100000e+00 -3.852776e+01
      vertex   -5.879792e+01 -4.100000e+00 -2.120208e+01
    endloop
  endfacet
  facet normal 0.000000e+00 1.000000e+00 0.000000e+00
    outer loop
      vertex   -5.879792e+01 -4.100000e+00 -2.120208e+01
      vertex   -2.085000e+01 -4.100000e+00 -3.852776e+01
      vertex   -2.120208e+01 -4.100000e+00 -3.879792e+01
    endloop
  endfacet
  facet normal 0.000000e+00 1.000000e+00 0.000000e+00
    outer loop
      vertex   -5.879792e+01 -4.100000e+00 -2.120208e+01
      vertex   -2.120208e+01 -4.100000e+00 -3.879792e+01
      vertex   -5.915000e+01 -4.100000e+00 -2.147224e+01
    endloop
  endfacet
  facet normal 0.000000e+00 1.000000e+00 0.000000e+00
    outer loop
      vertex   -5.915000e+01 -4.100000e+00 -2.147224e+01
      vertex   -2.120208e+01 -4.100000e+00 -3.879792e+01
      vertex   -2.147224e+01 -4.100000e+00 -3.915000e+01
    endloop
  endfacet
  facet normal 0.000000e+00 1.000000e+00 0.000000e+00
    outer loop
      vertex   -5.915000e+01 -4.100000e+00 -2.147224e+01
      vertex   -2.147224e+01 -4.100000e+00 -3.915000e+01
      vertex   -5.956001e+01 -4.100000e+00 -2.164207e+01
    endloop
  endfacet
  facet normal 0.000000e+00 1.000000e+00 0.000000e+00
    outer loop
      vertex   -5.956001e+01 -4.100000e+00 -2.164207e+01
      vertex   -2.147224e+01 -4.100000e+00 -3.915000e+01
      vertex   -2.164207e+01 -4.100000e+00 -3.956001e+01
    endloop
  endfacet
  facet normal 0.000000e+00 1.000000e+00 0.000000e+00
    outer loop
      vertex   -5.956001e+01 -4.100000e+00 -2.164207e+01
      vertex   -2.164207e+01 -4.100000e+00 -3.956001e+01
      vertex   -2.170000e+01 -4.100000e+00 -4.000000e+01
    endloop
  endfacet
  facet normal 0.000000e+00 1.000000e+00 0.000000e+00
    outer loop
      vertex   -8.043999e+01 -4.100000e+00 -3.835793e+01
      vertex   -6.164207e+01 -4.100000e+00 -2.043999e+01
      vertex   -8.000000e+01 -4.100000e+00 -3.830000e+01
    endloop
  endfacet
  facet normal 0.000000e+00 1.000000e+00 0.000000e+00
    outer loop
      vertex   -8.000000e+01 -4.100000e+00 -3.830000e+01
      vertex   -6.164207e+01 -4.100000e+00 -2.043999e+01
      vertex   -6.147224e+01 -4.100000e+00 -2.085000e+01
    endloop
  endfacet
  facet normal 0.000000e+00 1.000000e+00 0.000000e+00
    outer loop
      vertex   -8.000000e+01 -4.100000e+00 -3.830000e+01
      vertex   -6.147224e+01 -4.100000e+00 -2.085000e+01
      vertex   -6.120208e+01 -4.100000e+00 -2.120208e+01
    endloop
  endfacet
  facet normal -0.000000e+00 1.000000e+00 0.000000e+00
    outer loop
      vertex   -8.000000e+01 -4.100000e+00 -3.830000e+01
      vertex   -6.120208e+01 -4.100000e+00 -2.120208e+01
      vertex   -7.956001e+01 -4.100000e+00 -3.835793e+01
    endloop
  endfacet
  facet normal 0.000000e+00 1.000000e+00 0.000000e+00
    outer loop
      vertex   -7.956001e+01 -4.100000e+00 -3.835793e+01
      vertex   -6.120208e+01 -4.100000e+00 -2.120208e+01
      vertex   -6.085000e+01 -4.100000e+00 -2.147224e+01
    endloop
  endfacet
  facet normal -0.000000e+00 1.000000e+00 0.000000e+00
    outer loop
      vertex   -7.956001e+01 -4.100000e+00 -3.835793e+01
      vertex   -6.085000e+01 -4.100000e+00 -2.147224e+01
      vertex   -7.915000e+01 -4.100000e+00 -3.852776e+01
    endloop
  endfacet
  facet normal 0.000000e+00 1.000000e+00 0.000000e+00
    outer loop
      vertex   -7.915000e+01 -4.100000e+00 -3.852776e+01
      vertex   -6.085000e+01 -4.100000e+00 -2.147224e+01
      vertex   -6.043999e+01 -4.100000e+00 -2.164207e+01
    endloop
  endfacet
  facet normal -0.000000e+00 1.000000e+00 0.000000e+00
    outer loop
      vertex   -7.915000e+01 -4.100000e+00 -3.852776e+01
      vertex   -6.043999e+01 -4.100000e+00 -2.164207e+01
      vertex   -7.879792e+01 -4.100000e+00 -3.879792e+01
    endloop
  endfacet
  facet normal 0.000000e+00 1.000000e+00 0.000000e+00
    outer loop
      vertex   -7.879792e+01 -4.100000e+00 -3.879792e+01
      vertex   -6.043999e+01 -4.100000e+00 -2.164207e+01
      vertex   -6.000000e+01 -4.100000e+00 -2.170000e+01
    endloop
  endfacet
  facet normal -0.000000e+00 1.000000e+00 0.000000e+00
    outer loop
      vertex   -7.879792e+01 -4.100000e+00 -3.879792e+01
      vertex   -6.000000e+01 -4.100000e+00 -2.170000e+01
      vertex   -7.852776e+01 -4.100000e+00 -3.915000e+01
    endloop
  endfacet
  facet normal -0.000000e+00 1.000000e+00 0.000000e+00
    outer loop
      vertex   -7.852776e+01 -4.100000e+00 -3.915000e+01
      vertex   -6.000000e+01 -4.100000e+00 -2.170000e+01
      vertex   -7.835793e+01 -4.100000e+00 -3.956001e+01
    endloop
  endfacet
  facet normal 0.000000e+00 1.000000e+00 0.000000e+00
    outer loop
      vertex   -7.835793e+01 -4.100000e+00 -3.956001e+01
      vertex   -6.000000e+01 -4.100000e+00 -2.170000e+01
      vertex   -5.956001e+01 -4.100000e+00 -2.164207e+01
    endloop
  endfacet
  facet normal -0.000000e+00 1.000000e+00 0.000000e+00
    outer loop
      vertex   -7.835793e+01 -4.100000e+00 -3.956001e+01
      vertex   -5.956001e+01 -4.100000e+00 -2.164207e+01
      vertex   -7.830000e+01 -4.100000e+00 -4.000000e+01
    endloop
  endfacet
  facet normal 0.000000e+00 1.000000e+00 0.000000e+00
    outer loop
      vertex   -7.830000e+01 -4.100000e+00 -4.000000e+01
      vertex   -5.956001e+01 -4.100000e+00 -2.164207e+01
      vertex   -2.170000e+01 -4.100000e+00 -4.000000e+01
    endloop
  endfacet
  facet normal -0.000000e+00 1.000000e+00 0.000000e+00
    outer loop
      vertex   -7.830000e+01 -4.100000e+00 -4.000000e+01
      vertex   -2.170000e+01 -4.100000e+00 -4.000000e+01
      vertex   -7.835793e+01 -4.100000e+00 -4.043999e+01
    endloop
  endfacet
  facet normal 0.000000e+00 1.000000e+00 0.000000e+00
    outer loop
      vertex   -7.835793e+01 -4.100000e+00 -4.043999e+01
      vertex   -2.170000e+01 -4.100000e+00 -4.000000e+01
      vertex   -2.164207e+01 -4.100000e+00 -4.043999e+01
    endloop
  endfacet
  facet normal -0.000000e+00 1.000000e+00 0.000000e+00
    outer loop
      vertex   -7.835793e+01 -4.100000e+00 -4.043999e+01
      vertex   -2.164207e+01 -4.100000e+00 -4.043999e+01
      vertex   -7.852776e+01 -4.100000e+00 -4.085000e+01
    endloop
  endfacet
  facet normal 0.000000e+00 1.000000e+00 0.000000e+00
    outer loop
      vertex   -7.852776e+01 -4.100000e+00 -4.085000e+01
      vertex   -2.164207e+01 -4.100000e+00 -4.043999e+01
      vertex   -2.147224e+01 -4.100000e+00 -4.085000e+01
    endloop
  endfacet
  facet normal -0.000000e+00 1.000000e+00 0.000000e+00
    outer loop
      vertex   -7.852776e+01 -4.100000e+00 -4.085000e+01
      vertex   -2.147224e+01 -4.100000e+00 -4.085000e+01
      vertex   -7.879792e+01 -4.100000e+00 -4.120208e+01
    endloop
  endfacet
  facet normal 0.000000e+00 1.000000e+00 0.000000e+00
    outer loop
      vertex   -7.879792e+01 -4.100000e+00 -4.120208e+01
      vertex   -2.147224e+01 -4.100000e+00 -4.085000e+01
      vertex   -2.120208e+01 -4.100000e+00 -4.120208e+01
    endloop
  endfacet
  facet normal -0.000000e+00 1.000000e+00 0.000000e+00
    outer loop
      vertex   -7.879792e+01 -4.100000e+00 -4.120208e+01
      vertex   -2.120208e+01 -4.100000e+00 -4.120208e+01
      vertex   -7.915000e+01 -4.100000e+00 -4.147224e+01
    endloop
  endfacet
  facet normal 0.000000e+00 1.000000e+00 0.000000e+00
    outer loop
      vertex   -7.915000e+01 -4.100000e+00 -4.147224e+01
      vertex   -2.120208e+01 -4.100000e+00 -4.120208e+01
      vertex   -2.085000e+01 -4.100000e+00 -4.147224e+01
    endloop
  endfacet
  facet normal -0.000000e+00 1.000000e+00 0.000000e+00
    outer loop
      vertex   -7.915000e+01 -4.100000e+00 -4.147224e+01
      vertex   -2.085000e+01 -4.100000e+00 -4.147224e+01
      vertex   -1.000000e+02 -4.100000e+00 -6.050000e+01
    endloop
  endfacet
  facet normal -0.000000e+00 1.000000e+00 0.000000e+00
    outer loop
      vertex   -1.000000e+02 -4.100000e+00 -6.050000e+01
      vertex   -2.085000e+01 -4.100000e+00 -4.147224e+01
      vertex   0.000000e+00 -4.100000e+00 -6.050000e+01
    endloop
  endfacet
  facet normal 0.000000e+00 1.000000e+00 0.000000e+00
    outer loop
      vertex   0.000000e+00 -4.100000e+00 -6.050000e+01
      vertex   -2.085000e+01 -4.100000e+00 -4.147224e+01
      vertex   -2.043999e+01 -4.100000e+00 -4.164207e+01
    endloop
  endfacet
  facet normal 0.000000e+00 1.000000e+00 0.000000e+00
    outer loop
      vertex   0.000000e+00 -4.100000e+00 -6.050000e+01
      vertex   -2.043999e+01 -4.100000e+00 -4.164207e+01
      vertex   -2.000000e+01 -4.100000e+00 -4.170000e+01
    endloop
  endfacet
  facet normal 0.000000e+00 1.000000e+00 -0.000000e+00
    outer loop
      vertex   0.000000e+00 -4.100000e+00 -6.050000e+01
      vertex   -2.000000e+01 -4.100000e+00 -4.170000e+01
      vertex   5.000000e-01 -4.100000e+00 -6.000000e+01
    endloop
  endfacet
  facet normal 0.000000e+00 1.000000e+00 0.000000e+00
    outer loop
      vertex   5.000000e-01 -4.100000e+00 -6.000000e+01
      vertex   -2.000000e+01 -4.100000e+00 -4.170000e+01
      vertex   -1.956001e+01 -4.100000e+00 -4.164207e+01
    endloop
  endfacet
  facet normal 0.000000e+00 1.000000e+00 0.000000e+00
    outer loop
      vertex   5.000000e-01 -4.100000e+00 -6.000000e+01
      vertex   -1.956001e+01 -4.100000e+00 -4.164207e+01
      vertex   -1.915000e+01 -4.100000e+00 -4.147224e+01
    endloop
  endfacet
  facet normal -0.000000e+00 1.000000e+00 0.000000e+00
    outer loop
      vertex   -1.915000e+01 -4.100000e+00 -4.147224e+01
      vertex   -1.879792e+01 -4.100000e+00 -4.120208e+01
      vertex   5.000000e-01 -4.100000e+00 -6.000000e+01
    endloop
  endfacet
  facet normal 0.000000e+00 1.000000e+00 -0.000000e+00
    outer loop
      vertex   5.000000e-01 -4.100000e+00 -6.000000e+01
      vertex   -1.879792e+01 -4.100000e+00 -4.120208e+01
      vertex   5.000000e-01 -4.100000e+00 -3.750000e+01
    endloop
  endfacet
  facet normal 0.000000e+00 1.000000e+00 0.000000e+00
    outer loop
      vertex   5.000000e-01 -4.100000e+00 -3.750000e+01
      vertex   -1.879792e+01 -4.100000e+00 -4.120208e+01
      vertex   -1.852776e+01 -4.100000e+00 -4.085000e+01
    endloop
  endfacet
  facet normal 0.000000e+00 1.000000e+00 0.000000e+00
    outer loop
      vertex   5.000000e-01 -4.100000e+00 -3.750000e+01
      vertex   -1.852776e+01 -4.100000e+00 -4.085000e+01
      vertex   -1.835793e+01 -4.100000e+00 -4.043999e+01
    endloop
  endfacet
  facet normal 0.000000e+00 1.000000e+00 0.000000e+00
    outer loop
      vertex   -1.835793e+01 -4.100000e+00 -4.043999e+01
      vertex   -1.830000e+01 -4.100000e+00 -4.000000e+01
      vertex   5.000000e-01 -4.100000e+00 -3.750000e+01
    endloop
  endfacet
  facet normal 0.000000e+00 1.000000e+00 0.000000e+00
    outer loop
      vertex   5.000000e-01 -4.100000e+00 -3.750000e+01
      vertex   -1.830000e+01 -4.100000e+00 -4.000000e+01
      vertex   -1.835793e+01 -4.100000e+00 -3.956001e+01
    endloop
  endfacet
  facet normal 0.000000e+00 1.000000e+00 0.000000e+00
    outer loop
      vertex   5.000000e-01 -4.100000e+00 -3.750000e+01
      vertex   -1.835793e+01 -4.100000e+00 -3.956001e+01
      vertex   -1.852776e+01 -4.100000e+00 -3.915000e+01
    endloop
  endfacet
  facet normal 0.000000e+00 1.000000e+00 -0.000000e+00
    outer loop
      vertex   5.000000e-01 -4.100000e+00 -3.750000e+01
      vertex   -1.852776e+01 -4.100000e+00 -3.915000e+01
      vertex   5.531729e-01 -4.100000e+00 -3.689223e+01
    endloop
  endfacet
  facet normal 0.000000e+00 1.000000e+00 0.000000e+00
    outer loop
      vertex   5.531729e-01 -4.100000e+00 -3.689223e+01
      vertex   -1.852776e+01 -4.100000e+00 -3.915000e+01
      vertex   -1.879792e+01 -4.100000e+00 -3.879792e+01
    endloop
  endfacet
  facet normal 0.000000e+00 1.000000e+00 -0.000000e+00
    outer loop
      vertex   5.531729e-01 -4.100000e+00 -3.689223e+01
      vertex   -1.879792e+01 -4.100000e+00 -3.879792e+01
      vertex   7.110758e-01 -4.100000e+00 -3.630293e+01
    endloop
  endfacet
  facet normal 0.000000e+00 1.000000e+00 0.000000e+00
    outer loop
      vertex   7.110758e-01 -4.100000e+00 -3.630293e+01
      vertex   -1.879792e+01 -4.100000e+00 -3.879792e+01
      vertex   -1.915000e+01 -4.100000e+00 -3.852776e+01
    endloop
  endfacet
  facet normal 0.000000e+00 1.000000e+00 -0.000000e+00
    outer loop
      vertex   7.110758e-01 -4.100000e+00 -3.630293e+01
      vertex   -1.915000e+01 -4.100000e+00 -3.852776e+01
      vertex   9.689111e-01 -4.100000e+00 -3.575000e+01
    endloop
  endfacet
  facet normal 0.000000e+00 1.000000e+00 -0.000000e+00
    outer loop
      vertex   9.689111e-01 -4.100000e+00 -3.575000e+01
      vertex   -1.915000e+01 -4.100000e+00 -3.852776e+01
      vertex   1.318844e+00 -4.100000e+00 -3.525024e+01
    endloop
  endfacet
  facet normal 0.000000e+00 1.000000e+00 0.000000e+00
    outer loop
      vertex   1.318844e+00 -4.100000e+00 -3.525024e+01
      vertex   -1.915000e+01 -4.100000e+00 -3.852776e+01
      vertex   -1.956001e+01 -4.100000e+00 -3.835793e+01
    endloop
  endfacet
  facet normal 0.000000e+00 1.000000e+00 -0.000000e+00
    outer loop
      vertex   -2.043999e+01 -4.100000e+00 -3.835793e+01
      vertex   -3.339223e+01 -4.100000e+00 5.531729e-01
      vertex   -2.000000e+01 -4.100000e+00 -3.830000e+01
    endloop
  endfacet
  facet normal 0.000000e+00 1.000000e+00 0.000000e+00
    outer loop
      vertex   -2.000000e+01 -4.100000e+00 -3.830000e+01
      vertex   -3.339223e+01 -4.100000e+00 5.531729e-01
      vertex   -3.280293e+01 -4.100000e+00 7.110758e-01
    endloop
  endfacet
  facet normal 0.000000e+00 1.000000e+00 -0.000000e+00
    outer loop
      vertex   -2.000000e+01 -4.100000e+00 -3.830000e+01
      vertex   -3.280293e+01 -4.100000e+00 7.110758e-01
      vertex   -8.500000e-01 -4.100000e+00 -1.472243e+00
    endloop
  endfacet
  facet normal 0.000000e+00 1.000000e+00 0.000000e+00
    outer loop
      vertex   -8.500000e-01 -4.100000e+00 -1.472243e+00
      vertex   -3.280293e+01 -4.100000e+00 7.110758e-01
      vertex   -3.225000e+01 -4.100000e+00 9.689111e-01
    endloop
  endfacet
  facet normal 0.000000e+00 1.000000e+00 0.000000e+00
    outer loop
      vertex   -8.500000e-01 -4.100000e+00 -1.472243e+00
      vertex   -3.225000e+01 -4.100000e+00 9.689111e-01
      vertex   -1.202082e+00 -4.100000e+00 -1.202082e+00
    endloop
  endfacet
  facet normal 0.000000e+00 1.000000e+00 0.000000e+00
    outer loop
      vertex   -1.202082e+00 -4.100000e+00 -1.202082e+00
      vertex   -3.225000e+01 -4.100000e+00 9.689111e-01
      vertex   -3.175024e+01 -4.100000e+00 1.318844e+00
    endloop
  endfacet
  facet normal 0.000000e+00 1.000000e+00 0.000000e+00
    outer loop
      vertex   -1.202082e+00 -4.100000e+00 -1.202082e+00
      vertex   -3.175024e+01 -4.100000e+00 1.318844e+00
      vertex   -1.472243e+00 -4.100000e+00 -8.500000e-01
    endloop
  endfacet
  facet normal 0.000000e+00 1.000000e+00 0.000000e+00
    outer loop
      vertex   -1.472243e+00 -4.100000e+00 -8.500000e-01
      vertex   -3.175024e+01 -4.100000e+00 1.318844e+00
      vertex   -3.131884e+01 -4.100000e+00 1.750243e+00
    endloop
  endfacet
  facet normal 0.000000e+00 1.000000e+00 0.000000e+00
    outer loop
      vertex   -1.472243e+00 -4.100000e+00 -8.500000e-01
      vertex   -3.131884e+01 -4.100000e+00 1.750243e+00
      vertex   -1.642074e+00 -4.100000e+00 -4.399924e-01
    endloop
  endfacet
  facet normal 0.000000e+00 1.000000e+00 0.000000e+00
    outer loop
      vertex   -1.642074e+00 -4.100000e+00 -4.399924e-01
      vertex   -3.131884e+01 -4.100000e+00 1.750243e+00
      vertex   -3.096891e+01 -4.100000e+00 2.250000e+00
    endloop
  endfacet
  facet normal 0.000000e+00 1.000000e+00 0.000000e+00
    outer loop
      vertex   -1.642074e+00 -4.100000e+00 -4.399924e-01
      vertex   -3.096891e+01 -4.100000e+00 2.250000e+00
      vertex   -1.700000e+00 -4.100000e+00 1.755538e-14
    endloop
  endfacet
  facet normal 0.000000e+00 1.000000e+00 0.000000e+00
    outer loop
      vertex   -1.700000e+00 -4.100000e+00 1.755538e-14
      vertex   -3.096891e+01 -4.100000e+00 2.250000e+00
      vertex   -3.071108e+01 -4.100000e+00 2.802929e+00
    endloop
  endfacet
  facet normal 0.000000e+00 1.000000e+00 -0.000000e+00
    outer loop
      vertex   -1.700000e+00 -4.100000e+00 1.755538e-14
      vertex   -3.071108e+01 -4.100000e+00 2.802929e+00
      vertex   -1.642074e+00 -4.100000e+00 4.399924e-01
    endloop
  endfacet
  facet normal 0.000000e+00 1.000000e+00 0.000000e+00
    outer loop
      vertex   -1.642074e+00 -4.100000e+00 4.399924e-01
      vertex   -3.071108e+01 -4.100000e+00 2.802929e+00
      vertex   -3.055317e+01 -4.100000e+00 3.392231e+00
    endloop
  endfacet
  facet normal 0.000000e+00 1.000000e+00 -0.000000e+00
    outer loop
      vertex   -1.642074e+00 -4.100000e+00 4.399924e-01
      vertex   -3.055317e+01 -4.100000e+00 3.392231e+00
      vertex   -1.472243e+00 -4.100000e+00 8.500000e-01
    endloop
  endfacet
  facet normal 0.000000e+00 1.000000e+00 0.000000e+00
    outer loop
      vertex   -1.472243e+00 -4.100000e+00 8.500000e-01
      vertex   -3.055317e+01 -4.100000e+00 3.392231e+00
      vertex   -3.050000e+01 -4.100000e+00 4.000000e+00
    endloop
  endfacet
  facet normal 0.000000e+00 1.000000e+00 -0.000000e+00
    outer loop
      vertex   -1.472243e+00 -4.100000e+00 8.500000e-01
      vertex   -3.050000e+01 -4.100000e+00 4.000000e+00
      vertex   -1.202082e+00 -4.100000e+00 1.202082e+00
    endloop
  endfacet
  facet normal 0.000000e+00 1.000000e+00 -0.000000e+00
    outer loop
      vertex   -1.202082e+00 -4.100000e+00 1.202082e+00
      vertex   -3.050000e+01 -4.100000e+00 4.000000e+00
      vertex   -8.500000e-01 -4.100000e+00 1.472243e+00
    endloop
  endfacet
  facet normal 0.000000e+00 1.000000e+00 0.000000e+00
    outer loop
      vertex   -8.500000e-01 -4.100000e+00 1.472243e+00
      vertex   -3.050000e+01 -4.100000e+00 4.000000e+00
      vertex   -3.050000e+01 -4.100000e+00 2.200000e+01
    endloop
  endfacet
  facet normal 0.000000e+00 1.000000e+00 -0.000000e+00
    outer loop
      vertex   -8.500000e-01 -4.100000e+00 1.472243e+00
      vertex   -3.050000e+01 -4.100000e+00 2.200000e+01
      vertex   -4.399924e-01 -4.100000e+00 1.642074e+00
    endloop
  endfacet
  facet normal 0.000000e+00 1.000000e+00 0.000000e+00
    outer loop
      vertex   -4.399924e-01 -4.100000e+00 1.642074e+00
      vertex   -3.050000e+01 -4.100000e+00 2.200000e+01
      vertex   -3.000000e+01 -4.100000e+00 2.250000e+01
    endloop
  endfacet
  facet normal 0.000000e+00 1.000000e+00 -0.000000e+00
    outer loop
      vertex   -4.399924e-01 -4.100000e+00 1.642074e+00
      vertex   -3.000000e+01 -4.100000e+00 2.250000e+01
      vertex   -5.318661e-14 -4.100000e+00 1.700000e+00
    endloop
  endfacet
  facet normal 0.000000e+00 1.000000e+00 -0.000000e+00
    outer loop
      vertex   -5.318661e-14 -4.100000e+00 1.700000e+00
      vertex   -3.000000e+01 -4.100000e+00 2.250000e+01
      vertex   3.000000e+01 -4.100000e+00 2.250000e+01
    endloop
  endfacet
  facet normal -0.000000e+00 1.000000e+00 0.000000e+00
    outer loop
      vertex   -5.318661e-14 -4.100000e+00 1.700000e+00
      vertex   3.000000e+01 -4.100000e+00 2.250000e+01
      vertex   4.399924e-01 -4.100000e+00 1.642074e+00
    endloop
  endfacet
  facet normal 0.000000e+00 1.000000e+00 0.000000e+00
    outer loop
      vertex   4.399924e-01 -4.100000e+00 1.642074e+00
      vertex   3.000000e+01 -4.100000e+00 2.250000e+01
      vertex   3.050000e+01 -4.100000e+00 2.200000e+01
    endloop
  endfacet
  facet normal -0.000000e+00 1.000000e+00 0.000000e+00
    outer loop
      vertex   4.399924e-01 -4.100000e+00 1.642074e+00
      vertex   3.050000e+01 -4.100000e+00 2.200000e+01
      vertex   8.500000e-01 -4.100000e+00 1.472243e+00
    endloop
  endfacet
  facet normal -0.000000e+00 1.000000e+00 0.000000e+00
    outer loop
      vertex   8.500000e-01 -4.100000e+00 1.472243e+00
      vertex   3.050000e+01 -4.100000e+00 2.200000e+01
      vertex   1.202082e+00 -4.100000e+00 1.202082e+00
    endloop
  endfacet
  facet normal -0.000000e+00 1.000000e+00 0.000000e+00
    outer loop
      vertex   1.202082e+00 -4.100000e+00 1.202082e+00
      vertex   3.050000e+01 -4.100000e+00 2.200000e+01
      vertex   1.472243e+00 -4.100000e+00 8.500000e-01
    endloop
  endfacet
  facet normal -0.000000e+00 1.000000e+00 0.000000e+00
    outer loop
      vertex   1.472243e+00 -4.100000e+00 8.500000e-01
      vertex   3.050000e+01 -4.100000e+00 2.200000e+01
      vertex   1.642074e+00 -4.100000e+00 4.399924e-01
    endloop
  endfacet
  facet normal 0.000000e+00 1.000000e+00 0.000000e+00
    outer loop
      vertex   -8.164207e+01 -4.100000e+00 -3.956001e+01
      vertex   -8.170000e+01 -4.100000e+00 -4.000000e+01
      vertex   -1.005000e+02 -4.100000e+00 -6.000000e+01
    endloop
  endfacet
  facet normal 0.000000e+00 1.000000e+00 0.000000e+00
    outer loop
      vertex   -1.005000e+02 -4.100000e+00 -6.000000e+01
      vertex   -8.170000e+01 -4.100000e+00 -4.000000e+01
      vertex   -8.164207e+01 -4.100000e+00 -4.043999e+01
    endloop
  endfacet
  facet normal 0.000000e+00 1.000000e+00 0.000000e+00
    outer loop
      vertex   -1.005000e+02 -4.100000e+00 -6.000000e+01
      vertex   -8.164207e+01 -4.100000e+00 -4.043999e+01
      vertex   -8.147224e+01 -4.100000e+00 -4.085000e+01
    endloop
  endfacet
  facet normal 0.000000e+00 1.000000e+00 0.000000e+00
    outer loop
      vertex   -8.147224e+01 -4.100000e+00 -4.085000e+01
      vertex   -8.120208e+01 -4.100000e+00 -4.120208e+01
      vertex   -1.005000e+02 -4.100000e+00 -6.000000e+01
    endloop
  endfacet
  facet normal 0.000000e+00 1.000000e+00 0.000000e+00
    outer loop
      vertex   -1.005000e+02 -4.100000e+00 -6.000000e+01
      vertex   -8.120208e+01 -4.100000e+00 -4.120208e+01
      vertex   -8.085000e+01 -4.100000e+00 -4.147224e+01
    endloop
  endfacet
  facet normal 0.000000e+00 1.000000e+00 0.000000e+00
    outer loop
      vertex   -1.005000e+02 -4.100000e+00 -6.000000e+01
      vertex   -8.085000e+01 -4.100000e+00 -4.147224e+01
      vertex   -8.043999e+01 -4.100000e+00 -4.164207e+01
    endloop
  endfacet
  facet normal 0.000000e+00 1.000000e+00 0.000000e+00
    outer loop
      vertex   -8.043999e+01 -4.100000e+00 -4.164207e+01
      vertex   -8.000000e+01 -4.100000e+00 -4.170000e+01
      vertex   -1.005000e+02 -4.100000e+00 -6.000000e+01
    endloop
  endfacet
  facet normal -0.000000e+00 1.000000e+00 0.000000e+00
    outer loop
      vertex   -1.005000e+02 -4.100000e+00 -6.000000e+01
      vertex   -8.000000e+01 -4.100000e+00 -4.170000e+01
      vertex   -1.000000e+02 -4.100000e+00 -6.050000e+01
    endloop
  endfacet
  facet normal 0.000000e+00 1.000000e+00 0.000000e+00
    outer loop
      vertex   -1.005000e+02 -4.100000e+00 -6.000000e+01
      vertex   -1.000000e+02 -4.100000e+00 -6.050000e+01
      vertex   -1.004830e+02 -4.100000e+00 -6.012941e+01
    endloop
  endfacet
  facet normal 0.000000e+00 1.000000e+00 0.000000e+00
    outer loop
      vertex   -1.004830e+02 -4.100000e+00 -6.012941e+01
      vertex   -1.000000e+02 -4.100000e+00 -6.050000e+01
      vertex   -1.004330e+02 -4.100000e+00 -6.025000e+01
    endloop
  endfacet
  facet normal 0.000000e+00 1.000000e+00 0.000000e+00
    outer loop
      vertex   -1.004330e+02 -4.100000e+00 -6.025000e+01
      vertex   -1.000000e+02 -4.100000e+00 -6.050000e+01
      vertex   -1.003536e+02 -4.100000e+00 -6.035355e+01
    endloop
  endfacet
  facet normal 0.000000e+00 1.000000e+00 0.000000e+00
    outer loop
      vertex   -1.003536e+02 -4.100000e+00 -6.035355e+01
      vertex   -1.000000e+02 -4.100000e+00 -6.050000e+01
      vertex   -1.002500e+02 -4.100000e+00 -6.043301e+01
    endloop
  endfacet
  facet normal 0.000000e+00 1.000000e+00 0.000000e+00
    outer loop
      vertex   -1.002500e+02 -4.100000e+00 -6.043301e+01
      vertex   -1.000000e+02 -4.100000e+00 -6.050000e+01
      vertex   -1.001294e+02 -4.100000e+00 -6.048296e+01
    endloop
  endfacet
  facet normal -0.000000e+00 1.000000e+00 0.000000e+00
    outer loop
      vertex   -8.000000e+01 -4.100000e+00 -4.170000e+01
      vertex   -7.956001e+01 -4.100000e+00 -4.164207e+01
      vertex   -1.000000e+02 -4.100000e+00 -6.050000e+01
    endloop
  endfacet
  facet normal 0.000000e+00 1.000000e+00 0.000000e+00
    outer loop
      vertex   -1.000000e+02 -4.100000e+00 -6.050000e+01
      vertex   -7.956001e+01 -4.100000e+00 -4.164207e+01
      vertex   -7.915000e+01 -4.100000e+00 -4.147224e+01
    endloop
  endfacet
  facet normal 0.000000e+00 1.000000e+00 0.000000e+00
    outer loop
      vertex   -8.043999e+01 -4.100000e+00 -3.835793e+01
      vertex   -8.085000e+01 -4.100000e+00 -3.852776e+01
      vertex   -1.005000e+02 -4.100000e+00 0.000000e+00
    endloop
  endfacet
  facet normal 0.000000e+00 1.000000e+00 0.000000e+00
    outer loop
      vertex   -1.005000e+02 -4.100000e+00 0.000000e+00
      vertex   -8.085000e+01 -4.100000e+00 -3.852776e+01
      vertex   -8.120208e+01 -4.100000e+00 -3.879792e+01
    endloop
  endfacet
  facet normal 0.000000e+00 1.000000e+00 0.000000e+00
    outer loop
      vertex   -1.005000e+02 -4.100000e+00 0.000000e+00
      vertex   -8.120208e+01 -4.100000e+00 -3.879792e+01
      vertex   -8.147224e+01 -4.100000e+00 -3.915000e+01
    endloop
  endfacet
  facet normal 0.000000e+00 1.000000e+00 0.000000e+00
    outer loop
      vertex   -8.147224e+01 -4.100000e+00 -3.915000e+01
      vertex   -8.164207e+01 -4.100000e+00 -3.956001e+01
      vertex   -1.005000e+02 -4.100000e+00 0.000000e+00
    endloop
  endfacet
  facet normal 0.000000e+00 1.000000e+00 0.000000e+00
    outer loop
      vertex   -1.005000e+02 -4.100000e+00 0.000000e+00
      vertex   -8.164207e+01 -4.100000e+00 -3.956001e+01
      vertex   -1.005000e+02 -4.100000e+00 -6.000000e+01
    endloop
  endfacet
  facet normal 0.000000e+00 1.000000e+00 0.000000e+00
    outer loop
      vertex   5.000000e-01 -4.100000e+00 -6.000000e+01
      vertex   4.829629e-01 -4.100000e+00 -6.012941e+01
      vertex   0.000000e+00 -4.100000e+00 -6.050000e+01
    endloop
  endfacet
  facet normal 0.000000e+00 1.000000e+00 0.000000e+00
    outer loop
      vertex   0.000000e+00 -4.100000e+00 -6.050000e+01
      vertex   4.829629e-01 -4.100000e+00 -6.012941e+01
      vertex   4.330127e-01 -4.100000e+00 -6.025000e+01
    endloop
  endfacet
  facet normal 0.000000e+00 1.000000e+00 0.000000e+00
    outer loop
      vertex   0.000000e+00 -4.100000e+00 -6.050000e+01
      vertex   4.330127e-01 -4.100000e+00 -6.025000e+01
      vertex   3.535534e-01 -4.100000e+00 -6.035355e+01
    endloop
  endfacet
  facet normal 0.000000e+00 1.000000e+00 0.000000e+00
    outer loop
      vertex   3.535534e-01 -4.100000e+00 -6.035355e+01
      vertex   2.500000e-01 -4.100000e+00 -6.043301e+01
      vertex   0.000000e+00 -4.100000e+00 -6.050000e+01
    endloop
  endfacet
  facet normal 0.000000e+00 1.000000e+00 0.000000e+00
    outer loop
      vertex   0.000000e+00 -4.100000e+00 -6.050000e+01
      vertex   2.500000e-01 -4.100000e+00 -6.043301e+01
      vertex   1.294095e-01 -4.100000e+00 -6.048296e+01
    endloop
  endfacet
  facet normal 0.000000e+00 1.000000e+00 0.000000e+00
    outer loop
      vertex   -1.005000e+02 -4.100000e+00 0.000000e+00
      vertex   -1.004830e+02 -4.100000e+00 1.294095e-01
      vertex   -1.000000e+02 -4.100000e+00 5.000000e-01
    endloop
  endfacet
  facet normal 0.000000e+00 1.000000e+00 0.000000e+00
    outer loop
      vertex   -1.000000e+02 -4.100000e+00 5.000000e-01
      vertex   -1.004830e+02 -4.100000e+00 1.294095e-01
      vertex   -1.004330e+02 -4.100000e+00 2.500000e-01
    endloop
  endfacet
  facet normal 0.000000e+00 1.000000e+00 0.000000e+00
    outer loop
      vertex   -1.000000e+02 -4.100000e+00 5.000000e-01
      vertex   -1.004330e+02 -4.100000e+00 2.500000e-01
      vertex   -1.003536e+02 -4.100000e+00 3.535534e-01
    endloop
  endfacet
  facet normal 0.000000e+00 1.000000e+00 0.000000e+00
    outer loop
      vertex   -1.003536e+02 -4.100000e+00 3.535534e-01
      vertex   -1.002500e+02 -4.100000e+00 4.330127e-01
      vertex   -1.000000e+02 -4.100000e+00 5.000000e-01
    endloop
  endfacet
  facet normal 0.000000e+00 1.000000e+00 0.000000e+00
    outer loop
      vertex   -1.000000e+02 -4.100000e+00 5.000000e-01
      vertex   -1.002500e+02 -4.100000e+00 4.330127e-01
      vertex   -1.001294e+02 -4.100000e+00 4.829629e-01
    endloop
  endfacet
  facet normal 0.000000e+00 1.000000e+00 0.000000e+00
    outer loop
      vertex   -3.050000e+01 -4.100000e+00 2.200000e+01
      vertex   -3.048296e+01 -4.100000e+00 2.212941e+01
      vertex   -3.000000e+01 -4.100000e+00 2.250000e+01
    endloop
  endfacet
  facet normal 0.000000e+00 1.000000e+00 0.000000e+00
    outer loop
      vertex   -3.000000e+01 -4.100000e+00 2.250000e+01
      vertex   -3.048296e+01 -4.100000e+00 2.212941e+01
      vertex   -3.043301e+01 -4.100000e+00 2.225000e+01
    endloop
  endfacet
  facet normal 0.000000e+00 1.000000e+00 0.000000e+00
    outer loop
      vertex   -3.000000e+01 -4.100000e+00 2.250000e+01
      vertex   -3.043301e+01 -4.100000e+00 2.225000e+01
      vertex   -3.035355e+01 -4.100000e+00 2.235355e+01
    endloop
  endfacet
  facet normal 0.000000e+00 1.000000e+00 0.000000e+00
    outer loop
      vertex   -3.035355e+01 -4.100000e+00 2.235355e+01
      vertex   -3.025000e+01 -4.100000e+00 2.243301e+01
      vertex   -3.000000e+01 -4.100000e+00 2.250000e+01
    endloop
  endfacet
  facet normal 0.000000e+00 1.000000e+00 0.000000e+00
    outer loop
      vertex   -3.000000e+01 -4.100000e+00 2.250000e+01
      vertex   -3.025000e+01 -4.100000e+00 2.243301e+01
      vertex   -3.012941e+01 -4.100000e+00 2.248296e+01
    endloop
  endfacet
  facet normal 0.000000e+00 1.000000e+00 0.000000e+00
    outer loop
      vertex   3.012941e+01 -4.100000e+00 2.248296e+01
      vertex   3.025000e+01 -4.100000e+00 2.243301e+01
      vertex   3.000000e+01 -4.100000e+00 2.250000e+01
    endloop
  endfacet
  facet normal 0.000000e+00 1.000000e+00 0.000000e+00
    outer loop
      vertex   3.000000e+01 -4.100000e+00 2.250000e+01
      vertex   3.025000e+01 -4.100000e+00 2.243301e+01
      vertex   3.035355e+01 -4.100000e+00 2.235355e+01
    endloop
  endfacet
  facet normal 0.000000e+00 1.000000e+00 0.000000e+00
    outer loop
      vertex   3.000000e+01 -4.100000e+00 2.250000e+01
      vertex   3.035355e+01 -4.100000e+00 2.235355e+01
      vertex   3.043301e+01 -4.100000e+00 2.225000e+01
    endloop
  endfacet
  facet normal 0.000000e+00 1.000000e+00 0.000000e+00
    outer loop
      vertex   3.043301e+01 -4.100000e+00 2.225000e+01
      vertex   3.048296e+01 -4.100000e+00 2.212941e+01
      vertex   3.000000e+01 -4.100000e+00 2.250000e+01
    endloop
  endfacet
  facet normal 0.000000e+00 1.000000e+00 0.000000e+00
    outer loop
      vertex   3.000000e+01 -4.100000e+00 2.250000e+01
      vertex   3.048296e+01 -4.100000e+00 2.212941e+01
      vertex   3.050000e+01 -4.100000e+00 2.200000e+01
    endloop
  endfacet
  facet normal 0.000000e+00 1.000000e+00 0.000000e+00
    outer loop
      vertex   3.050000e+01 -4.100000e+00 -3.350000e+01
      vertex   3.048296e+01 -4.100000e+00 -3.362941e+01
      vertex   3.000000e+01 -4.100000e+00 -3.400000e+01
    endloop
  endfacet
  facet normal 0.000000e+00 1.000000e+00 0.000000e+00
    outer loop
      vertex   3.000000e+01 -4.100000e+00 -3.400000e+01
      vertex   3.048296e+01 -4.100000e+00 -3.362941e+01
      vertex   3.043301e+01 -4.100000e+00 -3.375000e+01
    endloop
  endfacet
  facet normal 0.000000e+00 1.000000e+00 0.000000e+00
    outer loop
      vertex   3.000000e+01 -4.100000e+00 -3.400000e+01
      vertex   3.043301e+01 -4.100000e+00 -3.375000e+01
      vertex   3.035355e+01 -4.100000e+00 -3.385355e+01
    endloop
  endfacet
  facet normal 0.000000e+00 1.000000e+00 0.000000e+00
    outer loop
      vertex   3.035355e+01 -4.100000e+00 -3.385355e+01
      vertex   3.025000e+01 -4.100000e+00 -3.393301e+01
      vertex   3.000000e+01 -4.100000e+00 -3.400000e+01
    endloop
  endfacet
  facet normal 0.000000e+00 1.000000e+00 0.000000e+00
    outer loop
      vertex   3.000000e+01 -4.100000e+00 -3.400000e+01
      vertex   3.025000e+01 -4.100000e+00 -3.393301e+01
      vertex   3.012941e+01 -4.100000e+00 -3.398296e+01
    endloop
  endfacet
  facet normal -2.691450e-16 0.000000e+00 1.000000e+00
    outer loop
      vertex   -1.000000e+02 -5.900000e+00 2.000000e+00
      vertex   -3.400000e+01 -5.900000e+00 2.000000e+00
      vertex   -1.000000e+02 -1.600000e+00 2.000000e+00
    endloop
  endfacet
  facet normal -2.691450e-16 0.000000e+00 1.000000e+00
    outer loop
      vertex   -1.000000e+02 -1.600000e+00 2.000000e+00
      vertex   -3.400000e+01 -5.900000e+00 2.000000e+00
      vertex   -3.400000e+01 -1.600000e+00 2.000000e+00
    endloop
  endfacet
  facet normal -1.119645e-01 0.000000e+00 9.937122e-01
    outer loop
      vertex   -3.400000e+01 -1.600000e+00 2.000000e+00
      vertex   -3.400000e+01 -5.900000e+00 2.000000e+00
      vertex   -3.355496e+01 -1.600000e+00 2.050144e+00
    endloop
  endfacet
  facet normal -1.119645e-01 0.000000e+00 9.937122e-01
    outer loop
      vertex   -3.355496e+01 -1.600000e+00 2.050144e+00
      vertex   -3.400000e+01 -5.900000e+00 2.000000e+00
      vertex   -3.355496e+01 -5.900000e+00 2.050144e+00
    endloop
  endfacet
  facet normal -3.302791e-01 0.000000e+00 9.438833e-01
    outer loop
      vertex   -3.355496e+01 -1.600000e+00 2.050144e+00
      vertex   -3.355496e+01 -5.900000e+00 2.050144e+00
      vertex   -3.313223e+01 -1.600000e+00 2.198062e+00
    endloop
  endfacet
  facet normal -3.302791e-01 0.000000e+00 9.438833e-01
    outer loop
      vertex   -3.313223e+01 -1.600000e+00 2.198062e+00
      vertex   -3.355496e+01 -5.900000e+00 2.050144e+00
      vertex   -3.313223e+01 -5.900000e+00 2.198062e+00
    endloop
  endfacet
  facet normal -5.320321e-01 0.000000e+00 8.467242e-01
    outer loop
      vertex   -3.313223e+01 -1.600000e+00 2.198062e+00
      vertex   -3.313223e+01 -5.900000e+00 2.198062e+00
      vertex   -3.275302e+01 -1.600000e+00 2.436337e+00
    endloop
  endfacet
  facet normal -5.320321e-01 0.000000e+00 8.467242e-01
    outer loop
      vertex   -3.275302e+01 -1.600000e+00 2.436337e+00
      vertex   -3.313223e+01 -5.900000e+00 2.198062e+00
      vertex   -3.275302e+01 -5.900000e+00 2.436337e+00
    endloop
  endfacet
  facet normal -7.071068e-01 0.000000e+00 7.071068e-01
    outer loop
      vertex   -3.275302e+01 -1.600000e+00 2.436337e+00
      vertex   -3.275302e+01 -5.900000e+00 2.436337e+00
      vertex   -3.243634e+01 -1.600000e+00 2.753020e+00
    endloop
  endfacet
  facet normal -7.071068e-01 0.000000e+00 7.071068e-01
    outer loop
      vertex   -3.243634e+01 -1.600000e+00 2.753020e+00
      vertex   -3.275302e+01 -5.900000e+00 2.436337e+00
      vertex   -3.243634e+01 -5.900000e+00 2.753020e+00
    endloop
  endfacet
  facet normal -8.467242e-01 0.000000e+00 5.320321e-01
    outer loop
      vertex   -3.243634e+01 -1.600000e+00 2.753020e+00
      vertex   -3.243634e+01 -5.900000e+00 2.753020e+00
      vertex   -3.219806e+01 -1.600000e+00 3.132233e+00
    endloop
  endfacet
  facet normal -8.467242e-01 0.000000e+00 5.320321e-01
    outer loop
      vertex   -3.219806e+01 -1.600000e+00 3.132233e+00
      vertex   -3.243634e+01 -5.900000e+00 2.753020e+00
      vertex   -3.219806e+01 -5.900000e+00 3.132233e+00
    endloop
  endfacet
  facet normal -9.438833e-01 0.000000e+00 3.302791e-01
    outer loop
      vertex   -3.219806e+01 -1.600000e+00 3.132233e+00
      vertex   -3.219806e+01 -5.900000e+00 3.132233e+00
      vertex   -3.205014e+01 -1.600000e+00 3.554958e+00
    endloop
  endfacet
  facet normal -9.438833e-01 0.000000e+00 3.302791e-01
    outer loop
      vertex   -3.205014e+01 -1.600000e+00 3.554958e+00
      vertex   -3.219806e+01 -5.900000e+00 3.132233e+00
      vertex   -3.205014e+01 -5.900000e+00 3.554958e+00
    endloop
  endfacet
  facet normal -9.937122e-01 0.000000e+00 1.119645e-01
    outer loop
      vertex   -3.205014e+01 -1.600000e+00 3.554958e+00
      vertex   -3.205014e+01 -5.900000e+00 3.554958e+00
      vertex   -3.200000e+01 -1.600000e+00 4.000000e+00
    endloop
  endfacet
  facet normal -9.937122e-01 0.000000e+00 1.119645e-01
    outer loop
      vertex   -3.200000e+01 -1.600000e+00 4.000000e+00
      vertex   -3.205014e+01 -5.900000e+00 3.554958e+00
      vertex   -3.200000e+01 -5.900000e+00 4.000000e+00
    endloop
  endfacet
  facet normal -1.000000e+00 0.000000e+00 0.000000e+00
    outer loop
      vertex   -3.200000e+01 -5.900000e+00 4.000000e+00
      vertex   -3.200000e+01 -5.900000e+00 2.200000e+01
      vertex   -3.200000e+01 -1.600000e+00 4.000000e+00
    endloop
  endfacet
  facet normal -1.000000e+00 0.000000e+00 0.000000e+00
    outer loop
      vertex   -3.200000e+01 -1.600000e+00 4.000000e+00
      vertex   -3.200000e+01 -5.900000e+00 2.200000e+01
      vertex   -3.200000e+01 -1.600000e+00 2.200000e+01
    endloop
  endfacet
  facet normal -9.937122e-01 0.000000e+00 1.119645e-01
    outer loop
      vertex   -3.200000e+01 -1.600000e+00 2.200000e+01
      vertex   -3.200000e+01 -5.900000e+00 2.200000e+01
      vertex   -3.194986e+01 -1.600000e+00 2.244504e+01
    endloop
  endfacet
  facet normal -9.937122e-01 0.000000e+00 1.119645e-01
    outer loop
      vertex   -3.194986e+01 -1.600000e+00 2.244504e+01
      vertex   -3.200000e+01 -5.900000e+00 2.200000e+01
      vertex   -3.194986e+01 -5.900000e+00 2.244504e+01
    endloop
  endfacet
  facet normal -9.438833e-01 0.000000e+00 3.302791e-01
    outer loop
      vertex   -3.194986e+01 -1.600000e+00 2.244504e+01
      vertex   -3.194986e+01 -5.900000e+00 2.244504e+01
      vertex   -3.180194e+01 -1.600000e+00 2.286777e+01
    endloop
  endfacet
  facet normal -9.438833e-01 0.000000e+00 3.302791e-01
    outer loop
      vertex   -3.180194e+01 -1.600000e+00 2.286777e+01
      vertex   -3.194986e+01 -5.900000e+00 2.244504e+01
      vertex   -3.180194e+01 -5.900000e+00 2.286777e+01
    endloop
  endfacet
  facet normal -8.467242e-01 0.000000e+00 5.320321e-01
    outer loop
      vertex   -3.180194e+01 -1.600000e+00 2.286777e+01
      vertex   -3.180194e+01 -5.900000e+00 2.286777e+01
      vertex   -3.156366e+01 -1.600000e+00 2.324698e+01
    endloop
  endfacet
  facet normal -8.467242e-01 0.000000e+00 5.320321e-01
    outer loop
      vertex   -3.156366e+01 -1.600000e+00 2.324698e+01
      vertex   -3.180194e+01 -5.900000e+00 2.286777e+01
      vertex   -3.156366e+01 -5.900000e+00 2.324698e+01
    endloop
  endfacet
  facet normal -7.071068e-01 0.000000e+00 7.071068e-01
    outer loop
      vertex   -3.156366e+01 -1.600000e+00 2.324698e+01
      vertex   -3.156366e+01 -5.900000e+00 2.324698e+01
      vertex   -3.124698e+01 -1.600000e+00 2.356366e+01
    endloop
  endfacet
  facet normal -7.071068e-01 0.000000e+00 7.071068e-01
    outer loop
      vertex   -3.124698e+01 -1.600000e+00 2.356366e+01
      vertex   -3.156366e+01 -5.900000e+00 2.324698e+01
      vertex   -3.124698e+01 -5.900000e+00 2.356366e+01
    endloop
  endfacet
  facet normal -5.320321e-01 0.000000e+00 8.467242e-01
    outer loop
      vertex   -3.124698e+01 -1.600000e+00 2.356366e+01
      vertex   -3.124698e+01 -5.900000e+00 2.356366e+01
      vertex   -3.086777e+01 -1.600000e+00 2.380194e+01
    endloop
  endfacet
  facet normal -5.320321e-01 0.000000e+00 8.467242e-01
    outer loop
      vertex   -3.086777e+01 -1.600000e+00 2.380194e+01
      vertex   -3.124698e+01 -5.900000e+00 2.356366e+01
      vertex   -3.086777e+01 -5.900000e+00 2.380194e+01
    endloop
  endfacet
  facet normal -3.302791e-01 0.000000e+00 9.438833e-01
    outer loop
      vertex   -3.086777e+01 -1.600000e+00 2.380194e+01
      vertex   -3.086777e+01 -5.900000e+00 2.380194e+01
      vertex   -3.044504e+01 -1.600000e+00 2.394986e+01
    endloop
  endfacet
  facet normal -3.302791e-01 0.000000e+00 9.438833e-01
    outer loop
      vertex   -3.044504e+01 -1.600000e+00 2.394986e+01
      vertex   -3.086777e+01 -5.900000e+00 2.380194e+01
      vertex   -3.044504e+01 -5.900000e+00 2.394986e+01
    endloop
  endfacet
  facet normal -1.119645e-01 0.000000e+00 9.937122e-01
    outer loop
      vertex   -3.044504e+01 -1.600000e+00 2.394986e+01
      vertex   -3.044504e+01 -5.900000e+00 2.394986e+01
      vertex   -3.000000e+01 -1.600000e+00 2.400000e+01
    endloop
  endfacet
  facet normal -1.119645e-01 0.000000e+00 9.937122e-01
    outer loop
      vertex   -3.000000e+01 -1.600000e+00 2.400000e+01
      vertex   -3.044504e+01 -5.900000e+00 2.394986e+01
      vertex   -3.000000e+01 -5.900000e+00 2.400000e+01
    endloop
  endfacet
  facet normal 0.000000e+00 0.000000e+00 1.000000e+00
    outer loop
      vertex   -3.000000e+01 -5.900000e+00 2.400000e+01
      vertex   3.000000e+01 -5.900000e+00 2.400000e+01
      vertex   -3.000000e+01 -1.600000e+00 2.400000e+01
    endloop
  endfacet
  facet normal -0.000000e+00 0.000000e+00 1.000000e+00
    outer loop
      vertex   -3.000000e+01 -1.600000e+00 2.400000e+01
      vertex   3.000000e+01 -5.900000e+00 2.400000e+01
      vertex   3.000000e+01 -1.600000e+00 2.400000e+01
    endloop
  endfacet
  facet normal 1.119645e-01 0.000000e+00 9.937122e-01
    outer loop
      vertex   3.000000e+01 -1.600000e+00 2.400000e+01
      vertex   3.000000e+01 -5.900000e+00 2.400000e+01
      vertex   3.044504e+01 -1.600000e+00 2.394986e+01
    endloop
  endfacet
  facet normal 1.119645e-01 0.000000e+00 9.937122e-01
    outer loop
      vertex   3.044504e+01 -1.600000e+00 2.394986e+01
      vertex   3.000000e+01 -5.900000e+00 2.400000e+01
      vertex   3.044504e+01 -5.900000e+00 2.394986e+01
    endloop
  endfacet
  facet normal 3.302791e-01 0.000000e+00 9.438833e-01
    outer loop
      vertex   3.044504e+01 -1.600000e+00 2.394986e+01
      vertex   3.044504e+01 -5.900000e+00 2.394986e+01
      vertex   3.086777e+01 -1.600000e+00 2.380194e+01
    endloop
  endfacet
  facet normal 3.302791e-01 0.000000e+00 9.438833e-01
    outer loop
      vertex   3.086777e+01 -1.600000e+00 2.380194e+01
      vertex   3.044504e+01 -5.900000e+00 2.394986e+01
      vertex   3.086777e+01 -5.900000e+00 2.380194e+01
    endloop
  endfacet
  facet normal 5.320321e-01 0.000000e+00 8.467242e-01
    outer loop
      vertex   3.086777e+01 -1.600000e+00 2.380194e+01
      vertex   3.086777e+01 -5.900000e+00 2.380194e+01
      vertex   3.124698e+01 -1.600000e+00 2.356366e+01
    endloop
  endfacet
  facet normal 5.320321e-01 0.000000e+00 8.467242e-01
    outer loop
      vertex   3.124698e+01 -1.600000e+00 2.356366e+01
      vertex   3.086777e+01 -5.900000e+00 2.380194e+01
      vertex   3.124698e+01 -5.900000e+00 2.356366e+01
    endloop
  endfacet
  facet normal 7.071068e-01 0.000000e+00 7.071068e-01
    outer loop
      vertex   3.124698e+01 -1.600000e+00 2.356366e+01
      vertex   3.124698e+01 -5.900000e+00 2.356366e+01
      vertex   3.156366e+01 -1.600000e+00 2.324698e+01
    endloop
  endfacet
  facet normal 7.071068e-01 0.000000e+00 7.071068e-01
    outer loop
      vertex   3.156366e+01 -1.600000e+00 2.324698e+01
      vertex   3.124698e+01 -5.900000e+00 2.356366e+01
      vertex   3.156366e+01 -5.900000e+00 2.324698e+01
    endloop
  endfacet
  facet normal 8.467242e-01 0.000000e+00 5.320321e-01
    outer loop
      vertex   3.156366e+01 -1.600000e+00 2.324698e+01
      vertex   3.156366e+01 -5.900000e+00 2.324698e+01
      vertex   3.180194e+01 -1.600000e+00 2.286777e+01
    endloop
  endfacet
  facet normal 8.467242e-01 0.000000e+00 5.320321e-01
    outer loop
      vertex   3.180194e+01 -1.600000e+00 2.286777e+01
      vertex   3.156366e+01 -5.900000e+00 2.324698e+01
      vertex   3.180194e+01 -5.900000e+00 2.286777e+01
    endloop
  endfacet
  facet normal 9.438833e-01 0.000000e+00 3.302791e-01
    outer loop
      vertex   3.180194e+01 -1.600000e+00 2.286777e+01
      vertex   3.180194e+01 -5.900000e+00 2.286777e+01
      vertex   3.194986e+01 -1.600000e+00 2.244504e+01
    endloop
  endfacet
  facet normal 9.438833e-01 0.000000e+00 3.302791e-01
    outer loop
      vertex   3.194986e+01 -1.600000e+00 2.244504e+01
      vertex   3.180194e+01 -5.900000e+00 2.286777e+01
      vertex   3.194986e+01 -5.900000e+00 2.244504e+01
    endloop
  endfacet
  facet normal 9.937122e-01 0.000000e+00 1.119645e-01
    outer loop
      vertex   3.194986e+01 -1.600000e+00 2.244504e+01
      vertex   3.194986e+01 -5.900000e+00 2.244504e+01
      vertex   3.200000e+01 -1.600000e+00 2.200000e+01
    endloop
  endfacet
  facet normal 9.937122e-01 0.000000e+00 1.119645e-01
    outer loop
      vertex   3.200000e+01 -1.600000e+00 2.200000e+01
      vertex   3.194986e+01 -5.900000e+00 2.244504e+01
      vertex   3.200000e+01 -5.900000e+00 2.200000e+01
    endloop
  endfacet
  facet normal 1.000000e+00 0.000000e+00 -0.000000e+00
    outer loop
      vertex   3.200000e+01 -1.600000e+00 -1.300049e+01
      vertex   3.200000e+01 -1.600000e+00 -9.751526e+00
      vertex   3.200000e+01 -3.500000e+00 -1.300049e+01
    endloop
  endfacet
  facet normal 1.000000e+00 0.000000e+00 0.000000e+00
    outer loop
      vertex   3.200000e+01 -3.500000e+00 -1.300049e+01
      vertex   3.200000e+01 -1.600000e+00 -9.751526e+00
      vertex   3.200000e+01 -3.500000e+00 -9.751526e+00
    endloop
  endfacet
  facet normal 1.000000e+00 0.000000e+00 -0.000000e+00
    outer loop
      vertex   3.200000e+01 -3.500000e+00 -1.300049e+01
      vertex   3.200000e+01 -3.500000e+00 -9.751526e+00
      vertex   3.200000e+01 -5.900000e+00 -3.350000e+01
    endloop
  endfacet
  facet normal 1.000000e+00 -3.800519e-15 3.840772e-16
    outer loop
      vertex   3.200000e+01 -5.900000e+00 -3.350000e+01
      vertex   3.200000e+01 -3.500000e+00 -9.751526e+00
      vertex   3.200000e+01 -5.900000e+00 2.200000e+01
    endloop
  endfacet
  facet normal 1.000000e+00 -8.881784e-15 -1.546786e-31
    outer loop
      vertex   3.200000e+01 -5.900000e+00 2.200000e+01
      vertex   3.200000e+01 -3.500000e+00 -9.751526e+00
      vertex   3.200000e+01 -3.500000e+00 -1.251526e+00
    endloop
  endfacet
  facet normal 1.000000e+00 -0.000000e+00 9.167692e-16
    outer loop
      vertex   3.200000e+01 -5.900000e+00 2.200000e+01
      vertex   3.200000e+01 -3.500000e+00 -1.251526e+00
      vertex   3.200000e+01 -1.600000e+00 2.200000e+01
    endloop
  endfacet
  facet normal 1.000000e+00 -5.714067e-31 9.167692e-16
    outer loop
      vertex   3.200000e+01 -1.600000e+00 2.200000e+01
      vertex   3.200000e+01 -3.500000e+00 -1.251526e+00
      vertex   3.200000e+01 -1.600000e+00 -1.251526e+00
    endloop
  endfacet
  facet normal 1.000000e+00 0.000000e+00 0.000000e+00
    outer loop
      vertex   3.200000e+01 -3.500000e+00 -1.300049e+01
      vertex   3.200000e+01 -5.900000e+00 -3.350000e+01
      vertex   3.200000e+01 -3.500000e+00 -1.900049e+01
    endloop
  endfacet
  facet normal 1.000000e+00 0.000000e+00 0.000000e+00
    outer loop
      vertex   3.200000e+01 -3.500000e+00 -1.900049e+01
      vertex   3.200000e+01 -5.900000e+00 -3.350000e+01
      vertex   3.200000e+01 -1.600000e+00 -3.350000e+01
    endloop
  endfacet
  facet normal 1.000000e+00 -0.000000e+00 0.000000e+00
    outer loop
      vertex   3.200000e+01 -3.500000e+00 -1.900049e+01
      vertex   3.200000e+01 -1.600000e+00 -3.350000e+01
      vertex   3.200000e+01 -1.600000e+00 -1.900049e+01
    endloop
  endfacet
  facet normal 9.937122e-01 0.000000e+00 -1.119645e-01
    outer loop
      vertex   3.200000e+01 -1.600000e+00 -3.350000e+01
      vertex   3.200000e+01 -5.900000e+00 -3.350000e+01
      vertex   3.194986e+01 -1.600000e+00 -3.394504e+01
    endloop
  endfacet
  facet normal 9.937122e-01 0.000000e+00 -1.119645e-01
    outer loop
      vertex   3.194986e+01 -1.600000e+00 -3.394504e+01
      vertex   3.200000e+01 -5.900000e+00 -3.350000e+01
      vertex   3.194986e+01 -5.900000e+00 -3.394504e+01
    endloop
  endfacet
  facet normal 9.438833e-01 0.000000e+00 -3.302791e-01
    outer loop
      vertex   3.194986e+01 -1.600000e+00 -3.394504e+01
      vertex   3.194986e+01 -5.900000e+00 -3.394504e+01
      vertex   3.180194e+01 -1.600000e+00 -3.436777e+01
    endloop
  endfacet
  facet normal 9.438833e-01 0.000000e+00 -3.302791e-01
    outer loop
      vertex   3.180194e+01 -1.600000e+00 -3.436777e+01
      vertex   3.194986e+01 -5.900000e+00 -3.394504e+01
      vertex   3.180194e+01 -5.900000e+00 -3.436777e+01
    endloop
  endfacet
  facet normal 8.467242e-01 0.000000e+00 -5.320321e-01
    outer loop
      vertex   3.180194e+01 -1.600000e+00 -3.436777e+01
      vertex   3.180194e+01 -5.900000e+00 -3.436777e+01
      vertex   3.156366e+01 -1.600000e+00 -3.474698e+01
    endloop
  endfacet
  facet normal 8.467242e-01 0.000000e+00 -5.320321e-01
    outer loop
      vertex   3.156366e+01 -1.600000e+00 -3.474698e+01
      vertex   3.180194e+01 -5.900000e+00 -3.436777e+01
      vertex   3.156366e+01 -5.900000e+00 -3.474698e+01
    endloop
  endfacet
  facet normal 7.071068e-01 0.000000e+00 -7.071068e-01
    outer loop
      vertex   3.156366e+01 -1.600000e+00 -3.474698e+01
      vertex   3.156366e+01 -5.900000e+00 -3.474698e+01
      vertex   3.124698e+01 -1.600000e+00 -3.506366e+01
    endloop
  endfacet
  facet normal 7.071068e-01 0.000000e+00 -7.071068e-01
    outer loop
      vertex   3.124698e+01 -1.600000e+00 -3.506366e+01
      vertex   3.156366e+01 -5.900000e+00 -3.474698e+01
      vertex   3.124698e+01 -5.900000e+00 -3.506366e+01
    endloop
  endfacet
  facet normal 5.320321e-01 0.000000e+00 -8.467242e-01
    outer loop
      vertex   3.124698e+01 -1.600000e+00 -3.506366e+01
      vertex   3.124698e+01 -5.900000e+00 -3.506366e+01
      vertex   3.086777e+01 -1.600000e+00 -3.530194e+01
    endloop
  endfacet
  facet normal 5.320321e-01 0.000000e+00 -8.467242e-01
    outer loop
      vertex   3.086777e+01 -1.600000e+00 -3.530194e+01
      vertex   3.124698e+01 -5.900000e+00 -3.506366e+01
      vertex   3.086777e+01 -5.900000e+00 -3.530194e+01
    endloop
  endfacet
  facet normal 3.302791e-01 0.000000e+00 -9.438833e-01
    outer loop
      vertex   3.086777e+01 -1.600000e+00 -3.530194e+01
      vertex   3.086777e+01 -5.900000e+00 -3.530194e+01
      vertex   3.044504e+01 -1.600000e+00 -3.544986e+01
    endloop
  endfacet
  facet normal 3.302791e-01 0.000000e+00 -9.438833e-01
    outer loop
      vertex   3.044504e+01 -1.600000e+00 -3.544986e+01
      vertex   3.086777e+01 -5.900000e+00 -3.530194e+01
      vertex   3.044504e+01 -5.900000e+00 -3.544986e+01
    endloop
  endfacet
  facet normal 1.119645e-01 0.000000e+00 -9.937122e-01
    outer loop
      vertex   3.044504e+01 -1.600000e+00 -3.544986e+01
      vertex   3.044504e+01 -5.900000e+00 -3.544986e+01
      vertex   3.000000e+01 -1.600000e+00 -3.550000e+01
    endloop
  endfacet
  facet normal 1.119645e-01 0.000000e+00 -9.937122e-01
    outer loop
      vertex   3.000000e+01 -1.600000e+00 -3.550000e+01
      vertex   3.044504e+01 -5.900000e+00 -3.544986e+01
      vertex   3.000000e+01 -5.900000e+00 -3.550000e+01
    endloop
  endfacet
endsolid
